domain,label,source,domain_age_days
airtel-merchants.in,Phishing,training_set,440
airtelrecharge.co.in,Phishing,training_set,441
airtelmerchant.in,Phishing,training_set,407
airtelinternetserviceprovider.co.in,Phishing,training_set,399
airtelpoint.top,Phishing,training_set,-1
airtela.sbs,Phishing,training_set,354
airtelairfiberkarnataka.xyz,Phishing,training_set,270
airtelbroadbandbangalore.xyz,Phishing,training_set,270
airteldthconnectionbengaluru.xyz,Phishing,training_set,270
airtelwificonnectiontumakuru.xyz,Phishing,training_set,270
airtel365.com,Suspected,training_set,446
airtel-merchants.site,Suspected,training_set,437
airtelmerchnat.in,Suspected,training_set,430
airtel.club,Suspected,training_set,-1
airtel121co.in,Suspected,training_set,398
airtelfin.in,Suspected,training_set,-1
airtelmerchants.in,Suspected,training_set,399
airtelwifi.in,Suspected,training_set,-1
airtel-5g.top,Suspected,training_set,389
airtele.xyz,Suspected,training_set,383
airtelericsson.in,Suspected,training_set,377
airtelrechargeplan.com,Suspected,training_set,369
airtelspacex.in,Suspected,training_set,363
airtel.cloud,Suspected,training_set,-1
airtelrdc.shop,Suspected,training_set,-1
airtelhd.biz,Suspected,training_set,332
airtelmerchnats.net,Suspected,training_set,335
airteldataloan.in,Suspected,training_set,322
airtel-merchants.shop,Suspected,training_set,-1
airtelpay.world,Phishing,training_set,-1
airtel-quickrecharge.world,Phishing,training_set,-1
airtelstream.in,Suspected,training_set,-1
bhartiairtelnet.in,Suspected,training_set,561
airtel121.in,Suspected,training_set,58
airtel-merchant.co.in,Suspected,training_set,-1
airtel-5g.net,Suspected,training_set,-1
airtel-ug.info,Suspected,training_set,-1
airteliqalerts.in,Suspected,training_set,-1
airteliqmail.in,Suspected,training_set,-1
airtelinfotel.in,Suspected,training_set,-1
airtelretailer.in,Suspected,training_set,-1
airtel.org.in,Suspected,training_set,15
bhartiairtel.live,Suspected,training_set,-1
bhartiairtel.online,Suspected,training_set,-1
airtelconnect.com,Suspected,training_set,-1
airtelstore.co.in,Suspected,training_set,-1
airteldtd.in,Suspected,training_set,-1
airtel.website,Suspected,training_set,-1
airtelprize.in,Suspected,training_set,-1
airtelapp.xyz,Suspected,training_set,-1
airtelcare.net,Suspected,training_set,-1
airtel-merchants.net,Suspected,training_set,-1
postpaidairtel.in,Suspected,training_set,412
airtel.exchange,Suspected,training_set,-1
airtelpayment.online,Suspected,training_set,-1
airtel-5gg.top,Suspected,training_set,-1
airtelmerchnat.co.in,Suspected,training_set,373
airtel-ericsson.com,Suspected,training_set,377
airtel-broadband-plans.today,Suspected,training_set,-1
airtel-broadband-plans-near-you.sbs,Suspected,training_set,362
airtelstarlink.org,Suspected,training_set,361
airtelstarlinks.in,Suspected,training_set,-1
airtellink.com,Suspected,training_set,360
airtel.firm.in,Suspected,training_set,334
airtelfiber.in,Suspected,training_set,-1
airtelxtream.co.in,Suspected,training_set,321
bhartairtel.co.in,Suspected,training_set,-1
airtelairfiber.in,Suspected,training_set,300
airtelxtreamonline.in,Suspected,training_set,-1
bhartiairtelfoundation.co.in,Suspected,training_set,301
airtelvb.top,Suspected,training_set,287
airtelonebroadband.top,Suspected,training_set,285
airtel-merchants.services,Suspected,training_set,-1
bankofbarodabank.in,Suspected,training_set,396
bankofbarodafin.in,Suspected,training_set,394
bankofbarodaworld.co.in,Suspected,training_set,397
1bankofbaroda.co.in,Suspected,training_set,-1
thebankofbaroda.in,Suspected,training_set,567
bankofbarodaa.co.in,Suspected,training_set,-1
bankofbaroda0.co.in,Suspected,training_set,413
bankofbarodarewa.co.in,Suspected,training_set,-1
dc-crsorgi-gov.site,Phishing,training_set,-1
crsverifycertificate.in,Phishing,training_set,-1
dc.crsorge.in,Phishing,training_set,-1
dc.crsorgi.gov.in.crs.vievvcert.info,Phishing,training_set,-1
crsor-go.shop,Phishing,training_set,-1
crsorgi-gov.xyz,Phishing,training_set,382
janma-mrityutathya.shop,Phishing,training_set,-1
csrorgi-gov.shop,Phishing,training_set,-1
www.dc.crsorgi.gov.in.verifycertificate.shop,Phishing,training_set,-1
www.dc.crsorgi.gov.in.web.index.php.apnaqafila.shop,Phishing,training_set,-1
www.acadmey.mange.project.indaxs.in,Phishing,training_set,432
birth.giantechnical.in,Phishing,training_set,405
verificagovv.xyz,Phishing,training_set,321
www.service.findapi.info,Phishing,training_set,-1
error404.remgoerrocount.xyz,Phishing,training_set,-1
dc.crsorgi.gov.in.verifyc.xyz,Phishing,training_set,-1
onlineservice.shop,Phishing,training_set,-1
dc.crsorgi.govi.ltd,Phishing,training_set,-1
my.babaprint1.xyz,Phishing,training_set,-1
dc.crsorgi.gov.in.webi.ltd,Phishing,training_set,-1
dc.crsorgi.gov.in.index-view.shop,Phishing,training_set,-1
dc.crsorgi.gov.in.tech-site.info,Phishing,training_set,-1
dc.pgoneindia.shop,Phishing,training_set,-1
crsorgi.gov.in.verifycertificate.shop,Phishing,training_set,-1
dc.crsorgi.gov.in.adverify.in,Phishing,training_set,-1
dcrsorgi.store,Phishing,training_set,-1
dc.birth.dccrsorgi-govv.live,Phishing,training_set,-1
dc.crsorgi.gov.in.viewcard.in,Phishing,training_set,1073
verifycertificate.cloud,Phishing,training_set,260
crsorginewindex.store,Suspected,training_set,-1
adharprint.dccrsorgi-govv.live,Suspected,training_set,-1
crsorgi.gov.in.viewcard.in,Suspected,training_set,1073
crsorgi.gov.in.w.viewcard.in,Suspected,training_set,1073
crsorgi.gov.in.web.index.php.viewcard.in,Suspected,training_set,1073
dc.crsorgi.gov.in.crovimng.online,Suspected,training_set,-1
passportt.dccrsorgi-govv.live,Suspected,training_set,-1
rtps.dccrsorgi-govv.live,Suspected,training_set,-1
ucl.dccrsorgi-govv.live,Suspected,training_set,-1
crsgov.click,Suspected,training_set,437
crsorgigob.xyz,Suspected,training_set,-1
crsorgigovbirth.info,Suspected,training_set,-1
dccrsorgigov-in.in,Suspected,training_set,-1
crsgovbirth.xyz,Suspected,training_set,-1
crsorgiportal.com,Suspected,training_set,448
dc.crs-orgi.com,Suspected,training_set,-1
dc.crsorgi.gov.logln.in,Suspected,training_set,393
www.birth.ypuclportala.xyz,Suspected,training_set,-1
www.dc.crsorgi.gov.in.index.viewscrit.org,Suspected,training_set,-1
yashcrsportal.site,Suspected,training_set,-1
crsorg.xyz,Suspected,training_set,-1
dc-crs-org-gov.xyz,Suspected,training_set,389
dc-crsorgi-gov.shop,Suspected,training_set,-1
dc-crsorgive-gov.xyz,Suspected,training_set,394
dccrsorgi.shop,Suspected,training_set,-1
crsorgi-gov-in.store,Suspected,training_set,-1
dc-crsorgi-gov.xyz,Suspected,training_set,366
dc-crsorgi.co.in,Suspected,training_set,354
dccrsorgigovinverficrs.in,Suspected,training_set,-1
dc.crsorgi-gov.xyz,Suspected,training_set,-1
www.dc.crsorgi.gov.in.verifyinfo.xyz,Suspected,training_set,-1
www.dc.crsorgi.gov.in.web.dc-crsorgi.shop,Suspected,training_set,-1
dccrsorgi-govv.live,Suspected,training_set,-1
crs.verifycertificatecrs.live,Suspected,training_set,-1
dcinfinityorg.site,Suspected,training_set,339
crsorg-dccertificate.sbs,Suspected,training_set,-1
crsorgi-gout.in,Suspected,training_set,336
dccrsorgionline.in,Suspected,training_set,335
dccrsorgigovin.website,Suspected,training_set,-1
crsorgi-birh.in,Suspected,training_set,-1
dc-verifycertificate.org.in,Suspected,training_set,320
dc.crsorgi-gov.live,Suspected,training_set,-1
dc.crsorgi.gov.in.verifycertificate.fun,Suspected,training_set,-1
dc.crsorgi.gov.in.crs.verifycertificate.org,Suspected,training_set,-1
dc.crsorgi.gov.in.techdc.shop,Suspected,training_set,-1
deluxonlineservice.shop,Suspected,training_set,-1
crsorgi.gov.in.govi.ltd,Suspected,training_set,-1
dc.crsorgi.gov.in.pgoneindia.shop,Suspected,training_set,-1
dc.crsorgi.gov.in.web.lndax.xyz,Suspected,training_set,-1
dc.crsorgi.gov.in.web.php.lndax.xyz,Suspected,training_set,-1
dc.crsorgi.gov.in.web.phpii.site,Suspected,training_set,-1
dcc.crsorgi.gov.in.viewall.in,Suspected,training_set,622
www.dc.crsorgi.gov.in.crs.xpsdigi.solutions,Suspected,training_set,-1
www.dc.crsorgi.gov.in.indxn.xyz,Suspected,training_set,-1
crsorgi.net,Suspected,training_set,754
dccrsorgi-gov-in.shop,Phishing,training_set,-1
dccrsorgi-gov-in.today,Phishing,training_set,-1
dccrsorgi.in,Phishing,training_set,62
dccrsorg.xyz,Phishing,training_set,-1
crsorgigovdc.shop,Phishing,training_set,-1
crsorgin.fun,Phishing,training_set,-1
crsorgigov.xyz,Phishing,training_set,-1
crsorgi-gvo.tech,Phishing,training_set,-1
dc-crsorg.in,Phishing,training_set,-1
crsorgibirth.shop,Phishing,training_set,-1
crsapi.cloud,Suspected,training_set,-1
crs-api.com,Suspected,training_set,-1
crsapi.vip,Suspected,training_set,-1
crsapi.xyz,Suspected,training_set,173
crsorggi.xyz,Suspected,training_set,-1
crsorgigov.cloud,Suspected,training_set,-1
crsorgigove.fun,Suspected,training_set,-1
crsorgigove.shop,Suspected,training_set,-1
crsorgi-goverment.online,Suspected,training_set,-1
crsorgigovi.shop,Suspected,training_set,-1
crsorgi-gov-in.digital,Suspected,training_set,-1
crs-orgi-govment.online,Suspected,training_set,-1
crsorgi-in.org,Suspected,training_set,-1
crsorgov.com,Suspected,training_set,-1
crsroigov.online,Suspected,training_set,-1
crcorgi-gov.online,Suspected,training_set,-1
crseoigov.online,Suspected,training_set,-1
crsergov.online,Suspected,training_set,-1
crsgovgov.online,Suspected,training_set,-1
crsgovi.tech,Suspected,training_set,-1
crsgoviiorg.site,Suspected,training_set,-1
crsgovlive.xyz,Suspected,training_set,-1
crsorg.space,Suspected,training_set,-1
crsorg-gov.life,Suspected,training_set,-1
crsorggov.tech,Suspected,training_set,607
crsorgib-gov.xyz,Suspected,training_set,-1
crsorgiclick.cloud,Suspected,training_set,-1
crsorgiegov.com,Suspected,training_set,-1
crsorgi--gov.live,Suspected,training_set,-1
crsorgigov.org,Suspected,training_set,-1
crsorgigovein.website,Suspected,training_set,-1
crsorgigovi.store,Suspected,training_set,-1
crsorgigovin.online,Suspected,training_set,-1
crsorgii.online,Suspected,training_set,-1
crsorginet.site,Suspected,training_set,-1
crsorgovin.org,Suspected,training_set,615
dc-crsorgi-gov-in.info,Suspected,training_set,-1
dc-crsorgi.online,Suspected,training_set,-1
dccrsorggov.xyz,Suspected,training_set,-1
dccrsorggovin.xyz,Suspected,training_set,-1
dccrsorgi-gov-in.live,Suspected,training_set,-1
crsorgi.info,Suspected,training_set,-1
crsorgi.org.in,Suspected,training_set,0
crsorgi-gov1.in,Suspected,training_set,-1
crsorgii.in,Suspected,training_set,-1
crsorgiisite.co.in,Suspected,training_set,-1
crsorgs.in,Suspected,training_set,-1
csrogir-gov.online,Suspected,training_set,-1
dc-crsorg.co.in,Suspected,training_set,-1
dccrsorgg.in,Suspected,training_set,-1
crsorgigoovi.live,Suspected,training_set,-1
crsorgi-gov-in.buzz,Suspected,training_set,-1
crsorgi-gov-in-web.online,Suspected,training_set,-1
crsorgigovt.xyz,Suspected,training_set,126
crsorgio.online,Suspected,training_set,-1
dccrsorgi.live,Suspected,training_set,-1
rgdccrsorgi.xyz,Suspected,training_set,-1
crsgov-in.shop,Suspected,training_set,-1
crsorgigoov.info,Suspected,training_set,-1
crsorgi-gov-in-index-web.shop,Suspected,training_set,-1
crsorgi-gov-in-viawcert.site,Suspected,training_set,-1
acscrsorgi.in,Suspected,training_set,-1
crsgov-co.in,Suspected,training_set,-1
crsorgigovs.co.in,Suspected,training_set,-1
crsorgovs.in,Suspected,training_set,-1
dccrsorgi.co.in,Suspected,training_set,546
crsorggi.co.in,Suspected,training_set,-1
crsorgi-gov-in-index.online,Suspected,training_set,-1
crsgovorg.in,Suspected,training_set,-1
auths.info,Suspected,training_set,-1
dcindex.xyz,Suspected,training_set,-1
inbex.info,Suspected,training_set,-1
workfast.in,Suspected,training_set,430
verifycertificatecrs.live,Suspected,training_set,-1
crsorgi-gov-in.live,Suspected,training_set,-1
crsorgigov-in.online,Suspected,training_set,-1
dc-crsorgii-gov.online,Suspected,training_set,-1
dc-crsorgii-goiv.in,Suspected,training_set,-1
dccrsorgigoov.in,Suspected,training_set,-1
crsorgi-gov-in-index.site,Suspected,training_set,-1
crsorg.fun,Suspected,training_set,-1
crsorgigo.site,Suspected,training_set,-1
csrorgi.info,Suspected,training_set,-1
crsorgiio.store,Suspected,training_set,-1
crsorgonlinebirthdeth.in,Suspected,training_set,-1
crsorgi-gove.shop,Suspected,training_set,-1
dccrsorggovrk.xyz,Suspected,training_set,-1
dccrsorgigov.shop,Suspected,training_set,-1
crsorgigovv.xyz,Suspected,training_set,-1
crsorg.buzz,Suspected,training_set,-1
crsorgigov-certificate.xyz,Suspected,training_set,-1
crsorgonline.xyz,Suspected,training_set,-1
dc-crsorgi-gov.online,Suspected,training_set,429
crsorgi-gov-xyz.in,Suspected,training_set,-1
crsorgie.org.in,Suspected,training_set,-1
crsorgi-gov.online,Suspected,training_set,-1
crsorgig.org.in,Suspected,training_set,415
dc-crsorgi-in.site,Suspected,training_set,-1
crsgovernment.tech,Suspected,training_set,-1
crsorgii.store,Suspected,training_set,-1
dc-crsorgie-gov.xyz,Suspected,training_set,403
dc-crsorgii-gov.xyz,Suspected,training_set,407
crsogi-gov-in.website,Suspected,training_set,402
acadmey.mange.project.indaxs.in,Suspected,training_set,432
dc-crsorgi-gov-in.ja-ai.shop,Suspected,training_set,-1
dc.crsorgi.gov-in.live,Suspected,training_set,-1
dc.crsorgi.gov.in.lndex.pl,Suspected,training_set,-1
mail.dc.crsorgi.gov.in.web.phpii.site,Suspected,training_set,-1
ww25.cpanel.crsorgi.gov.in.index.php.recidenceup.xyz,Suspected,training_set,-1
ww25.crsorgi.gov.in.bdvr.co,Suspected,training_set,-1
www.dc.crsorgi.gov.in.sevamaster.shop,Suspected,training_set,-1
www.dcr.crsorgi.gov.in.viewall.in,Suspected,training_set,622
crsorgi-govs.in,Suspected,training_set,524
crsorgidc.co.in,Suspected,training_set,519
crsorgigoov.co.in,Suspected,training_set,-1
crsorgii-govi.in,Suspected,training_set,-1
hdfcl.in,Suspected,training_set,-1
hdfcbanklogin.com,Phishing,training_set,395
myhdfccard.com,Phishing,training_set,395
hdfcardcare.com,Phishing,training_set,369
hdrewardcard.com,Phishing,training_set,262
hdfcbank.red,Suspected,training_set,-1
hdfcbank.city,Suspected,training_set,-1
hdfcbanks.live,Suspected,training_set,-1
hdfcbd.com,Suspected,training_set,-1
hdfcrewardz.in,Suspected,training_set,-1
myhdfc.in,Suspected,training_set,423
hdfc-home-loan-538066002.today,Suspected,training_set,-1
hdfcvg.com,Suspected,training_set,-1
hdfcsec.co.in,Suspected,training_set,370
hdfcbank.services,Suspected,training_set,-1
hdfccredilaloan.net,Suspected,training_set,332
hdfc-home-253888985.click,Suspected,training_set,308
hdfc-home-336577138.click,Suspected,training_set,308
hdfcsupport.info,Suspected,training_set,-1
hdfc-bank-internet-banking.cfd,Suspected,training_set,301
hdfc-sif.in,Suspected,training_set,298
hdfcsif.in,Suspected,training_set,298
hdfc-bank.cfd,Suspected,training_set,275
hd23-df3.firebaseapp.com,Phishing,training_set,-1
hd09-fc98.firebaseapp.com,Phishing,training_set,-1
hd5h-mk5.firebaseapp.com,Phishing,training_set,-1
ewew-b4d13.firebaseapp.com,Phishing,training_set,-1
hd15-nmh1.firebaseapp.com,Phishing,training_set,-1
h-11av.firebaseapp.com,Phishing,training_set,-1
hdiy-3a.firebaseapp.com,Phishing,training_set,-1
bfse-5378c.firebaseapp.com,Phishing,training_set,-1
hd-1fa.firebaseapp.com,Phishing,training_set,-1
hd2-fy.firebaseapp.com,Phishing,training_set,-1
hdfccapital.net,Phishing,training_set,-1
hdfcbankvyapar.com,Phishing,training_set,980
hdfcbankdinersclub.in,Suspected,training_set,-1
hdfcmutualfund.co.in,Suspected,training_set,589
hdfcmutualfunds.co.in,Suspected,training_set,589
hdfcbankabslitraining.in,Suspected,training_set,-1
hdfcalerts.in,Suspected,training_set,-1
hdfcpay.in,Suspected,training_set,-1
hdfcmfsipsaheli.in,Suspected,training_set,579
ahdfcy.com,Suspected,training_set,512
hdfc-bank.in,Suspected,training_set,-1
hdfcbank.app,Suspected,training_set,-1
hdfcbank.ninja,Suspected,training_set,-1
hdfcbank.pink,Suspected,training_set,-1
hdfcbank.science,Suspected,training_set,-1
hdfcbank.sale,Suspected,training_set,-1
hdfcbank.bet,Suspected,training_set,-1
hdfcbank.bingo,Suspected,training_set,-1
hdfcbank.black,Suspected,training_set,-1
hdfcbank.business,Suspected,training_set,-1
hdfcbank.buzz,Suspected,training_set,-1
hdfcbank.cash,Suspected,training_set,-1
hdfcbank.chat,Suspected,training_set,-1
hdfcbank.cheap,Suspected,training_set,-1
hdfcbank.construction,Suspected,training_set,-1
hdfcbank.directory,Suspected,training_set,-1
hdfcbank.florist,Suspected,training_set,-1
hdfcbank.furniture,Suspected,training_set,-1
hdfcbank.gifts,Suspected,training_set,-1
hdfcbank.golf,Suspected,training_set,-1
hdfcbank.industries,Suspected,training_set,-1
hdfcbank.institute,Suspected,training_set,-1
hdfcbank.marketing,Suspected,training_set,-1
hdfcbank.news,Suspected,training_set,-1
hdfcbank.camp,Suspected,training_set,-1
hdfcbank.careers,Suspected,training_set,-1
hdfcbank.contact,Suspected,training_set,-1
hdfcbank.engineer,Suspected,training_set,-1
hdfcbank.live,Suspected,training_set,-1
hdfcbank.coach,Suspected,training_set,-1
hdfcbank.computer,Suspected,training_set,-1
hdfcbank.events,Suspected,training_set,-1
hdfcbank.clinic,Suspected,training_set,-1
hdfcbank.delivery,Suspected,training_set,-1
hdfcbank.faith,Suspected,training_set,-1
hdfcbank.football,Suspected,training_set,-1
hdfcbank.fund,Suspected,training_set,-1
hdfcbank.irish,Suspected,training_set,-1
hdfcbank.kaufen,Suspected,training_set,-1
hdfcbank.markets,Suspected,training_set,-1
hdfcbank.media,Suspected,training_set,-1
hdfcbank.solar,Suspected,training_set,-1
hdfcbank.singles,Suspected,training_set,-1
hdfcbank.party,Suspected,training_set,-1
hdfcbank.pizza,Suspected,training_set,-1
hdfcbank.school,Suspected,training_set,-1
hdfcbank-ypb.in,Suspected,training_set,554
hdfcbankfinance.net,Suspected,training_set,558
hdfcsecurities.in,Suspected,training_set,530
hdfcorg.co.in,Suspected,training_set,532
yyhdfcci.shop,Suspected,training_set,-1
hdfcai.net,Suspected,training_set,-1
hdfcbank.today,Suspected,training_set,-1
hdfconline.co.in,Suspected,training_set,-1
hdfc-story.xyz,Suspected,training_set,-1
hdfcbankinfo.co.in,Suspected,training_set,-1
hdfc-banking.co.in,Suspected,training_set,-1
hdfcco.co.in,Suspected,training_set,-1
hdfc-loans.in,Suspected,training_set,-1
hdfcbank.store,Suspected,training_set,-1
hdfc.net.in,Suspected,training_set,300
hdfcm.com,Suspected,training_set,499
alerts-hdfcbank.net,Suspected,training_set,-1
thehdfc.co.in,Suspected,training_set,-1
thehdfc.net.in,Suspected,training_set,-1
thehdfc.in,Suspected,training_set,-1
hffcbank.com,Suspected,training_set,7264
hdfcbank.poker,Suspected,training_set,-1
hdfcbanknet.info,Suspected,training_set,-1
hdfcpolicy.in,Suspected,training_set,-1
dchdfcbank.com,Suspected,training_set,-1
hdfcbank.games,Suspected,training_set,-1
hdfcbank.support,Suspected,training_set,-1
hdfbank.com,Suspected,training_set,65
hdfcbak.com,Suspected,training_set,7951
hdfcbani.com,Suspected,training_set,-1
hdfcbank.ltd,Suspected,training_set,-1
hdfcbank.uk,Suspected,training_set,-1
hdfcbanki.com,Suspected,training_set,-1
hdfcbanl.com,Suspected,training_set,7879
hdfcbsnk.com,Suspected,training_set,-1
hdfcbwnk.com,Suspected,training_set,-1
hdfcnank.com,Suspected,training_set,2010
hdfcergopolicyrenewalinsurances.in,Suspected,training_set,-1
hdfcbankonline.in,Suspected,training_set,-1
hdfc.ind.in,Suspected,training_set,-1
hdfcbankltd.in,Suspected,training_set,-1
hdfcsa1es.co.in,Suspected,training_set,-1
loginhdfc.in,Suspected,training_set,-1
mycardhdfc.in,Suspected,training_set,-1
hdfcodes.site,Suspected,training_set,429
hdfcretail.in,Suspected,training_set,428
hdfcsales.info,Suspected,training_set,-1
hdfchousingfinance.com,Suspected,training_set,415
hdfcbank.netportall.com,Suspected,training_set,-1
hdfccareer.in,Suspected,training_set,384
hdfc.com.in,Suspected,training_set,389
hdfcergorenewal.in,Suspected,training_set,-1
hdfcsecurities.co.in,Suspected,training_set,388
myaccounthdfclife.co.in,Suspected,training_set,-1
hdfcbankloan.in,Suspected,training_set,379
hdfcbankcreditcard.in,Suspected,training_set,-1
hdfcincrase.today,Suspected,training_set,-1
hdfcbanking.org,Suspected,training_set,374
hdfcergoinsurancerenewal.in,Suspected,training_set,-1
workonlinehdfcbank.com,Suspected,training_set,404
xhdfc.com,Suspected,training_set,360
hdfc-bonus.cfd,Suspected,training_set,273
hd94-fc67.firebaseapp.com,Phishing,training_set,-1
whsh01-ksj18.firebaseapp.com,Phishing,training_set,-1
hcfc-b6a51.firebaseapp.com,Phishing,training_set,-1
sks08-akwo22.firebaseapp.com,Phishing,training_set,-1
hdx6-hdr6.firebaseapp.com,Phishing,training_set,-1
hdsxd1.firebaseapp.com,Phishing,training_set,-1
hda18-ms1.firebaseapp.com,Phishing,training_set,-1
hd31-md1.firebaseapp.com,Phishing,training_set,-1
hd22-mu2x.firebaseapp.com,Phishing,training_set,-1
hd21-mkw1.firebaseapp.com,Phishing,training_set,-1
hd4s-kp4d.firebaseapp.com,Phishing,training_set,-1
hd3s-kour4.firebaseapp.com,Phishing,training_set,-1
hdec-f13ed.firebaseapp.com,Phishing,training_set,-1
jsjjs09-d097e.firebaseapp.com,Phishing,training_set,-1
hd1-mka1.firebaseapp.com,Phishing,training_set,-1
hd2a-mkae2.firebaseapp.com,Phishing,training_set,-1
hd1-mkd1.firebaseapp.com,Phishing,training_set,-1
hbcd-f016c.firebaseapp.com,Phishing,training_set,-1
hd-mkf24.firebaseapp.com,Phishing,training_set,-1
hd4w-kfd4.firebaseapp.com,Phishing,training_set,-1
hd8r-mkfd8s.firebaseapp.com,Phishing,training_set,-1
hd6-ms6d.firebaseapp.com,Phishing,training_set,-1
hd4-mfh4d.firebaseapp.com,Phishing,training_set,-1
hd3-md3x.firebaseapp.com,Phishing,training_set,-1
hxz-55yt.firebaseapp.com,Phishing,training_set,-1
trde-bef50.firebaseapp.com,Phishing,training_set,-1
aaaqq-89cae.firebaseapp.com,Phishing,training_set,-1
hd-1wi.firebaseapp.com,Phishing,training_set,-1
hdasw-44086.firebaseapp.com,Phishing,training_set,-1
hyt-1fa.firebaseapp.com,Phishing,training_set,-1
yuhh-b49cd.firebaseapp.com,Phishing,training_set,-1
awsz-81822.firebaseapp.com,Phishing,training_set,-1
ljhy-128fd.firebaseapp.com,Phishing,training_set,-1
nmcv-5cc34.firebaseapp.com,Phishing,training_set,-1
dfkjd-b7601.firebaseapp.com,Phishing,training_set,-1
hgjk-7354f.firebaseapp.com,Phishing,training_set,-1
kilik-eb4d5.firebaseapp.com,Phishing,training_set,-1
dfjf-b29b1.firebaseapp.com,Phishing,training_set,-1
mnjde-b2973.firebaseapp.com,Phishing,training_set,-1
fekjre-df4e4.firebaseapp.com,Phishing,training_set,-1
fyyu-3f1de.firebaseapp.com,Phishing,training_set,-1
ewkw-a4ef1.firebaseapp.com,Phishing,training_set,-1
erwe-3b3d0.firebaseapp.com,Phishing,training_set,-1
dfkdd-b3641.firebaseapp.com,Phishing,training_set,-1
jai-amma.firebaseapp.com,Phishing,training_set,-1
radhe--jai.firebaseapp.com,Phishing,training_set,-1
ukfr-c5da9.firebaseapp.com,Phishing,training_set,-1
shya-pjt9.firebaseapp.com,Phishing,training_set,-1
hd-ujfc1.firebaseapp.com,Phishing,training_set,-1
dfg-kmn.firebaseapp.com,Phishing,training_set,-1
rane-1d1ee.firebaseapp.com,Phishing,training_set,-1
hdfcergoinsurancerenewpolicy.in,Suspected,training_set,-1
hdfcergorenewhealthinsurancepolicy.in,Suspected,training_set,-1
hdfcergohealthinsurancerenewyourpolicyhere.in,Suspected,training_set,-1
hdfcergogeneralhealthinsurance.in,Suspected,training_set,-1
hdfcergopolicyrenewhere.in,Suspected,training_set,-1
hdfcergopolicyrenewinsurances.in,Suspected,training_set,-1
hdfcergorenewinsurancehere.in,Suspected,training_set,-1
hdfcergorenewalpolicy.in,Suspected,training_set,-1
hdfcergopolicyrenewalinsurance.in,Phishing,training_set,-1
el-hdfclife.in,Suspected,training_set,-1
hdfclife-el.in,Suspected,training_set,-1
el-hdfclife.co.in,Suspected,training_set,290
loginicici.com,Phishing,training_set,395
icici-india.com,Phishing,training_set,395
icicilogin.com,Phishing,training_set,395
country3.icicibank.adobecqms.net,Phishing,training_set,-1
icicibctk.icu,Phishing,training_set,-1
icicibank-coin.buzz,Phishing,training_set,341
icicibank-coin.top,Phishing,training_set,341
icicincion.top,Phishing,training_set,341
icicibank-nwnb.top,Phishing,training_set,-1
icici-paypoint.cfd,Phishing,training_set,-1
icici-paypoint.sbs,Phishing,training_set,-1
icici-paypoint.top,Phishing,training_set,-1
icici-paypoints.cfd,Phishing,training_set,-1
icici-paypoints.sbs,Phishing,training_set,-1
icici-paylink.cfd,Phishing,training_set,306
icici-paylink.xyz,Phishing,training_set,306
imobileservices.online,Phishing,training_set,-1
country1.icicibank.adobecqms.net,Phishing,training_set,-1
icicibahnk.com,Suspected,training_set,-1
icicibajnk.com,Suspected,training_set,-1
icicibanc.com,Suspected,training_set,-1
icicibasnk.com,Suspected,training_set,247
icicibamnk.com,Suspected,training_set,247
iciciappstore.in,Suspected,training_set,436
icicicardapp.co.in,Suspected,training_set,423
icicidirectfin.in,Suspected,training_set,394
icicifin.in,Suspected,training_set,396
icicibank.tech,Suspected,training_set,-1
iciciinfor.website,Suspected,training_set,372
icicicoins.sbs,Suspected,training_set,331
icici-game.in,Suspected,training_set,330
icicichest.in,Suspected,training_set,-1
icicicarloans.in,Suspected,training_set,319
icici-paylink.sbs,Suspected,training_set,306
icicib.co.in,Suspected,training_set,306
iciciback.top,Suspected,training_set,309
icicibank.online,Suspected,training_set,311
icicibank.website,Suspected,training_set,311
icicibazk.top,Suspected,training_set,308
icicibxek.shop,Suspected,training_set,-1
icicibxsak.shop,Suspected,training_set,-1
icicibxsek.shop,Suspected,training_set,-1
icicibxsrk.shop,Suspected,training_set,-1
iciciibank.top,Suspected,training_set,-1
icici.homes,Suspected,training_set,666
icicibankcareer.xyz,Suspected,training_set,301
icicibankpersonalloan.xyz,Suspected,training_set,301
points-icici.cfd,Suspected,training_set,301
points-icici.click,Suspected,training_set,301
points-icici.top,Suspected,training_set,301
points-icici.xyz,Suspected,training_set,301
icici.xyz,Suspected,training_set,-1
icicimua520.xyz,Suspected,training_set,287
imobile.services,Suspected,training_set,-1
icicilbank.vip,Suspected,training_set,282
icicillbank.vip,Suspected,training_set,282
iciciibank.vip,Suspected,training_set,280
icicibanka.sbs,Suspected,training_set,354
icicirewardspro.in,Phishing,training_set,-1
icicibak.com,Phishing,training_set,7515
icicirewardstore.in,Suspected,training_set,-1
icicipruamc.co.in,Suspected,training_set,-1
icicicreditcards.in,Suspected,training_set,-1
mycardicici.in,Suspected,training_set,-1
icicipruamc.in,Suspected,training_set,573
icicicard.xyz,Suspected,training_set,-1
iciciapp.in,Suspected,training_set,-1
mycardicici.co.in,Suspected,training_set,-1
icici-bank.org.in,Suspected,training_set,-1
icicibankstatement.co.in,Suspected,training_set,-1
iciciapp.co.in,Suspected,training_set,-1
iciciicard.in,Suspected,training_set,-1
cardiciciapply.co.in,Suspected,training_set,-1
icicibankcarrers.in,Suspected,training_set,-1
icicimyrewards.net,Suspected,training_set,4934
icicisavingsreward.net,Suspected,training_set,4934
icicibank.auction,Suspected,training_set,-1
icicibank.boutique,Suspected,training_set,-1
icicibank.buzz,Suspected,training_set,350
icici.direct,Suspected,training_set,-1
icicibank.chat,Suspected,training_set,-1
icicibank.florist,Suspected,training_set,-1
infoicicibank.xyz,Suspected,training_set,-1
icicidemafinance.in,Suspected,training_set,-1
icicico.in,Suspected,training_set,-1
icicidemat.co.in,Suspected,training_set,-1
icici-demat-168169687.click,Suspected,training_set,-1
theicici.co.in,Suspected,training_set,-1
icicibank.bingo,Suspected,training_set,-1
icicibank.bond,Suspected,training_set,-1
icicibank.college,Suspected,training_set,-1
icicibank.download,Suspected,training_set,-1
icicibank.engineer,Suspected,training_set,-1
icicibank.events,Suspected,training_set,-1
icicibank.football,Suspected,training_set,-1
icicibank.furniture,Suspected,training_set,-1
icicibank.gifts,Suspected,training_set,-1
icicibank.global,Suspected,training_set,-1
icicibank.golf,Suspected,training_set,-1
icicibank.group,Suspected,training_set,-1
icicibank.hockey,Suspected,training_set,-1
icicibank.homes,Suspected,training_set,351
icicibank.industries,Suspected,training_set,-1
icicibank.institute,Suspected,training_set,-1
icicibank.kaufen,Suspected,training_set,-1
icicibank.mba,Suspected,training_set,-1
icicibank.plumbing,Suspected,training_set,-1
icicibank.sbs,Suspected,training_set,395
icicibank.singles,Suspected,training_set,-1
icicibank.media,Suspected,training_set,-1
icicibank.men,Suspected,training_set,-1
icicibank.rentals,Suspected,training_set,-1
icicibank.run,Suspected,training_set,-1
icicibank.sale,Suspected,training_set,-1
icicibank.solar,Suspected,training_set,-1
icicibank.studio,Suspected,training_set,-1
icicibank.taxi,Suspected,training_set,-1
icicibank.team,Suspected,training_set,-1
icicibank.tools,Suspected,training_set,-1
icicibank.vin,Suspected,training_set,-1
icicibank.voyage,Suspected,training_set,-1
icicibank.works,Suspected,training_set,-1
icicibank.zone,Suspected,training_set,-1
icicibamk.com,Suspected,training_set,7859
icici.today,Suspected,training_set,-1
icicbank.com,Suspected,training_set,-1
icicibanj.com,Suspected,training_set,-1
icicibank.live,Suspected,training_set,-1
icicibannk.com,Suspected,training_set,7446
icicipank.com,Suspected,training_set,-1
iicicibank.com,Suspected,training_set,7629
icicibank.poker,Suspected,training_set,-1
icici.cash,Suspected,training_set,-1
icicidirect.shop,Suspected,training_set,-1
icicidirect.website,Suspected,training_set,-1
iciciamc.in,Suspected,training_set,466
iciciloan.ltd,Suspected,training_set,-1
icicinetbanking.in,Suspected,training_set,-1
rewardicicimobile.in,Suspected,training_set,-1
icicistoreapp.in,Suspected,training_set,-1
icici-services.co.in,Suspected,training_set,-1
icicibvank.com,Suspected,training_set,-1
icicibwnk.com,Suspected,training_set,-1
icicikbank.com,Suspected,training_set,-1
iciciubank.com,Suspected,training_set,-1
licicibank.com,Suspected,training_set,-1
iciciprolife.com,Suspected,training_set,-1
icicispor.in,Suspected,training_set,439
icicibank.ind.in,Suspected,training_set,428
icicicreditcard.com,Suspected,training_set,431
icicifastag.co.in,Suspected,training_set,-1
icicifastag.in,Suspected,training_set,432
theicicirwd.co.in,Suspected,training_set,419
icici.online,Suspected,training_set,385
icicistoreapp.co.in,Suspected,training_set,389
icici-direct.info,Suspected,training_set,-1
icicipru.in,Suspected,training_set,364
icicipru-amc.in,Suspected,training_set,364
icici-bank.sbs,Suspected,training_set,-1
icici-direct.in,Suspected,training_set,362
icicisecurities.org.in,Suspected,training_set,362
icicibank-coin.cfd,Suspected,training_set,341
icicibank-in.homes,Suspected,training_set,-1
icicibzak.shop,Suspected,training_set,-1
icici-linkpoint.cfd,Suspected,training_set,302
icici-linkpoint.click,Suspected,training_set,302
icici-linkpoint.lol,Suspected,training_set,302
icici-linkpoint.top,Suspected,training_set,302
icici-linkpoint.xyz,Suspected,training_set,302
iciciinbank.cfd,Suspected,training_set,285
0613iconnect.online,Suspected,training_set,283
icicibankbg.cfd,Suspected,training_set,-1
icicibankbg.sbs,Suspected,training_set,-1
icicilbank.cfd,Suspected,training_set,281
icicibank.xyz,Suspected,training_set,273
icicilombard.xxx,Suspected,training_set,961
iciciprulife-online.co.in,Suspected,training_set,-1
ioclinfo.in,Suspected,training_set,574
tpilpgiocl.in,Suspected,training_set,-1
indianiocl.top,Suspected,training_set,-1
ioclsja.icu,Suspected,training_set,-1
iocl.app,Suspected,training_set,-1
iocllpg.in,Suspected,training_set,-1
ioclghfd.top,Phishing,training_set,-1
iocllinp.top,Phishing,training_set,-1
ioclpwts.top,Phishing,training_set,-1
ioclshwe.top,Phishing,training_set,-1
ioclshwg.top,Phishing,training_set,-1
ioclshwhx.top,Phishing,training_set,-1
ioclshwsg.top,Phishing,training_set,-1
ioclsiuy.top,Phishing,training_set,-1
ioclsptrwa.top,Phishing,training_set,-1
ioclxgsw.top,Phishing,training_set,-1
ioclywts.top,Phishing,training_set,-1
ioclsgwfg.top,Phishing,training_set,-1
iocllumding.co.in,Phishing,training_set,342
ioclsywt.top,Phishing,training_set,-1
ioclgwag.top,Phishing,training_set,-1
ioclshywtas.top,Phishing,training_set,-1
indianioclpts.top,Phishing,training_set,-1
ioclapply.co.in,Suspected,training_set,293
ioclhgtx.top,Suspected,training_set,-1
ioclindn.icu,Suspected,training_set,-1
iocliurz.fun,Suspected,training_set,-1
i8cl.com,Suspected,training_set,295
iiocl.com,Suspected,training_set,308
ioclapply.net,Suspected,training_set,-1
irctc.corover.ai,Phishing,training_set,-1
irctc.ind.in,Suspected,training_set,-1
aeludi.cyou,Phishing,training_set,393
inludi.cyou,Phishing,training_set,393
kavachsafety.in,Suspected,training_set,-1
kavachrail.in,Suspected,training_set,490
kavach-ai.in,Suspected,training_set,480
rudrakavach.in,Suspected,training_set,-1
kavachonline.in,Suspected,training_set,431
email-govs.click,Phishing,training_set,397
twilight-glade-76955.pktriot.net,Phishing,training_set,-1
email.gov.in.drdosurvey.info,Suspected,training_set,-1
zohidsindia.com,Phishing,training_set,315
email.gov.in.avtzyu.store,Suspected,training_set,-1
email.gov.in.briefcases.email,Suspected,training_set,-1
email.gov.in.defenceindia.ltd,Suspected,training_set,-1
email.gov.in.departmentofdefence.de,Suspected,training_set,-1
email.gov.in.departmentofspace.info,Suspected,training_set,-1
email.gov.in.indiangov.site,Suspected,training_set,-1
email.gov.in.modindia.link,Suspected,training_set,373
emailindia.in,Suspected,training_set,296
kavach360.in,Suspected,training_set,298
kavach.biz,Suspected,training_set,282
accounts.mgovcloud.in.cloudshare.digital,Suspected,training_set,-1
accounts.mgovcloud.in.virtualeoffice.cloud,Suspected,training_set,295
email.gov.in.gov.in.ihws.co.in,Suspected,training_set,2545
email.gov.in.ihws.co.in,Suspected,training_set,2545
email.gov.in.leadadmin.in,Suspected,training_set,-1
email.gov.in.mygov.pw,Suspected,training_set,-1
email-info.dev,Suspected,training_set,-1
email-info.xyz,Suspected,training_set,274
nic-in.net,Suspected,training_set,280
email-govs.in,Suspected,training_set,1837
nicemail.in,Suspected,training_set,3915
nic-mails.in,Suspected,training_set,1197
gov-email.com,Suspected,training_set,462
kavachh.co.in,Suspected,training_set,-1
nic-tech.top,Suspected,training_set,334
nicmail.top,Suspected,training_set,326
red-surf-08881.pktriot.net,Suspected,training_set,-1
email.gov.in.ministryofdefenceindia.org,Suspected,training_set,-1
email-gov.icu,Suspected,training_set,397
mail.e-gov.in.ua,Suspected,training_set,-1
gov-nicz.cfd,Suspected,training_set,-1
nicemail.xyz,Suspected,training_set,273
helppnbindia.in,Suspected,training_set,-1
pnbmail.co.in,Suspected,training_set,-1
loginsbicard.in,Suspected,training_set,-1
onlinesbicard.in,Suspected,training_set,-1
onlineplanssbilife.co.in,Suspected,training_set,553
onlinesbilifeinsurance.co.in,Suspected,training_set,553
sbilifefinance.in,Suspected,training_set,553
sbilifeinsurancequote.co.in,Suspected,training_set,553
sbilifeinsurancequote.in,Suspected,training_set,553
sbilifeinsurancequote.net,Suspected,training_set,553
sbilifeinsuranceservices.co.in,Suspected,training_set,553
sbilifeinsuranceservices.in,Suspected,training_set,553
sbilifeinsuranceservices.net,Suspected,training_set,553
sbilifeonlineplans.co.in,Suspected,training_set,553
sbilifeonlineplans.in,Suspected,training_set,553
sbilifeonlineplans.net,Suspected,training_set,553
sbilifeplans.co.in,Suspected,training_set,553
sbilifeplans.in,Suspected,training_set,553
sbilifeplans.live,Suspected,training_set,-1
sbilifeplans.net,Suspected,training_set,553
sbilifepolicy.co.in,Suspected,training_set,553
onlinesbilifeinsurance.in,Suspected,training_set,553
onlinesbilifeinsurance.net,Suspected,training_set,553
sbiinsurance.in,Suspected,training_set,553
sbiinsurance.net,Suspected,training_set,553
sbilifefinance.net,Suspected,training_set,553
sbilifeinsurance.co.in,Suspected,training_set,553
sbilifeinsurance.net,Suspected,training_set,553
sbilifeinsuranceonline.co.in,Suspected,training_set,553
sbilifeinsuranceonline.in,Suspected,training_set,553
sbilifeinsuranceonline.net,Suspected,training_set,553
sbilifepolicy.in,Suspected,training_set,553
sbibankcorp.co.in,Phishing,training_set,-1
mysbibank.co.in,Suspected,training_set,593
alert-sbi.co.in,Suspected,training_set,-1
sbistatement.co.in,Suspected,training_set,88
loginsbi.in,Suspected,training_set,-1
sbicardshr.in,Suspected,training_set,-1
updatessbi.co.in,Suspected,training_set,-1
sbifm.in,Suspected,training_set,577
sbicardlogin.in,Suspected,training_set,-1
sbifashascholarship.in,Suspected,training_set,573
sbifashascholarship.co.in,Suspected,training_set,573
sbigrahaksevakendranet.co.in,Suspected,training_set,573
sbi01-bank.co.in,Suspected,training_set,-1
wbsbi.co.in,Suspected,training_set,571
sbionlinehelp.in,Suspected,training_set,-1
sbibroker.in,Suspected,training_set,-1
noeticsbiotech.co.in,Suspected,training_set,547
alerts-sbi.net,Suspected,training_set,565
esbi.in,Suspected,training_set,554
esbi-informer.info,Suspected,training_set,-1
loanfinancesbi.co.in,Suspected,training_set,-1
onlinesbi.digital,Suspected,training_set,-1
sbibank.ind.in,Suspected,training_set,-1
sbiloanapply.in,Suspected,training_set,-1
sbirewardcard.in,Suspected,training_set,-1
csb1.lat,Suspected,training_set,-1
00674sbi.co.in,Suspected,training_set,-1
msbi.in,Suspected,training_set,-1
sbi13355cbs.co.in,Suspected,training_set,421
sbifin.in,Suspected,training_set,396
sbinbank.in,Suspected,training_set,396
sbicard.website,Suspected,training_set,387
sbilife.website,Suspected,training_set,387
18sbip04.shop,Suspected,training_set,-1
sbiin.in,Suspected,training_set,-1
cybersupportsbi.co.in,Suspected,training_set,414
sbi-alerts.co.in,Suspected,training_set,392
sbicardservice.in,Suspected,training_set,417
sbiindia.in,Suspected,training_set,418
sbindustries.org.in,Suspected,training_set,417
sbinps.org,Suspected,training_set,418
usbi.top,Suspected,training_set,-1
accounts-sbi.co.in,Suspected,training_set,309
esbi.co.in,Suspected,training_set,-1
transactions-sbi.co.in,Suspected,training_set,312
sbicmsbanglore.in,Suspected,training_set,303
zonalsbi.co.in,Suspected,training_set,-1
sbico.net,Suspected,training_set,297
noreplysbi.in,Suspected,training_set,295
mysbi-co.net,Suspected,training_set,299
sbi-updatb.xyz,Suspected,training_set,-1
sbi-update.cfd,Suspected,training_set,-1
sbi-update.top,Suspected,training_set,-1
sbi-update.xyz,Suspected,training_set,-1
sbi-updats.top,Suspected,training_set,-1
sbi-updats.xyz,Suspected,training_set,-1
sbi-updaty.top,Suspected,training_set,-1
sbi-updaty.xyz,Suspected,training_set,-1
sbiverify-jp.cfd,Suspected,training_set,-1
moli-bai.pages.dev,Phishing,training_set,-1
ogf.pages.dev,Phishing,training_set,-1
erftgj.pages.dev,Phishing,training_set,-1
jhctth.pages.dev,Phishing,training_set,-1
bee4.pages.dev,Phishing,training_set,-1
pqvoy.pages.dev,Phishing,training_set,-1
lkvgt.pages.dev,Phishing,training_set,-1
wqoy.pages.dev,Phishing,training_set,-1
sbikyc-5g4.pages.dev,Phishing,training_set,-1
jkfnlk.pages.dev,Phishing,training_set,-1
sav1h4da.vercel.app,Phishing,training_set,-1
bczxx.vercel.app,Phishing,training_set,-1
czsei.vercel.app,Phishing,training_set,-1
sahc1d1yta.vercel.app,Phishing,training_set,-1
lkjbb.vercel.app,Phishing,training_set,-1
sagv1ctd.vercel.app,Phishing,training_set,-1
rdcvb.vercel.app,Phishing,training_set,-1
kloii.vercel.app,Phishing,training_set,-1
satydh7va.vercel.app,Phishing,training_set,-1
satysv5aj.vercel.app,Phishing,training_set,-1
rsbi.online,Suspected,training_set,2
sbibilisim.online,Suspected,training_set,418
sbii.co.in,Suspected,training_set,305
sbi-oiddasdeq.cfd,Suspected,training_set,264
sbi-oiderweq.cfd,Suspected,training_set,264
sbi-help.top,Suspected,training_set,-1
sbi-help.xyz,Suspected,training_set,-1
sun1-3pr.pages.dev,Phishing,training_set,-1
gtcgl.pages.dev,Phishing,training_set,-1
tgw8t54r.pages.dev,Phishing,training_set,-1
ciyk.pages.dev,Phishing,training_set,-1
djal.pages.dev,Phishing,training_set,-1
rewardsbi.pages.dev,Phishing,training_set,-1
dcvtd.pages.dev,Phishing,training_set,-1
ktfju-21n.pages.dev,Phishing,training_set,-1
quxe.pages.dev,Phishing,training_set,-1
zirvjj.pages.dev,Phishing,training_set,-1
zoebo.pages.dev,Phishing,training_set,-1
vfhtlk.pages.dev,Phishing,training_set,-1
qotgj.pages.dev,Phishing,training_set,-1
yehiv.pages.dev,Phishing,training_set,-1
fri9-4v8.pages.dev,Phishing,training_set,-1
fri7.pages.dev,Phishing,training_set,-1
fri2.pages.dev,Phishing,training_set,-1
jazgy.pages.dev,Phishing,training_set,-1
qpmz.pages.dev,Phishing,training_set,-1
rew-czs.pages.dev,Phishing,training_set,-1
qausb.pages.dev,Phishing,training_set,-1
aqgcyj.pages.dev,Phishing,training_set,-1
iskvno.pages.dev,Phishing,training_set,-1
aurji.pages.dev,Phishing,training_set,-1
payebm.pages.dev,Phishing,training_set,-1
sx2.pages.dev,Phishing,training_set,-1
yuiii.pages.dev,Phishing,training_set,-1
tg765rftf.pages.dev,Phishing,training_set,-1
ifsjab.pages.dev,Phishing,training_set,-1
jtdubb.pages.dev,Phishing,training_set,-1
zieviv.pages.dev,Phishing,training_set,-1
prip.pages.dev,Phishing,training_set,-1
gttt.pages.dev,Phishing,training_set,-1
pevox.pages.dev,Phishing,training_set,-1
sbikyc-4g.pages.dev,Phishing,training_set,-1
sbi-kyc.pages.dev,Phishing,training_set,-1
a-2-6ua.pages.dev,Phishing,training_set,-1
sbikyc-dy1.pages.dev,Phishing,training_set,-1
biyuthj.pages.dev,Phishing,training_set,-1
pqgib.pages.dev,Phishing,training_set,-1
aklp.pages.dev,Phishing,training_set,-1
prcobl.pages.dev,Phishing,training_set,-1
zzraz.pages.dev,Phishing,training_set,-1
ump11.pages.dev,Phishing,training_set,-1
ump3.pages.dev,Phishing,training_set,-1
qhuvp.pages.dev,Phishing,training_set,-1
tripal-a.pages.dev,Phishing,training_set,-1
yaegcu.pages.dev,Phishing,training_set,-1
orvkb.pages.dev,Phishing,training_set,-1
tyftrk.pages.dev,Phishing,training_set,-1
prcibn.pages.dev,Phishing,training_set,-1
apk5.pages.dev,Phishing,training_set,-1
kilpzcmk.pages.dev,Phishing,training_set,-1
kop-3b3.pages.dev,Phishing,training_set,-1
sdf-89v.pages.dev,Phishing,training_set,-1
gooa.pages.dev,Phishing,training_set,-1
ierbk.pages.dev,Phishing,training_set,-1
usehcs.pages.dev,Phishing,training_set,-1
ifbib.pages.dev,Phishing,training_set,-1
irhvj.pages.dev,Phishing,training_set,-1
usjbo.pages.dev,Phishing,training_set,-1
idobog.pages.dev,Phishing,training_set,-1
yvys.pages.dev,Phishing,training_set,-1
edho.pages.dev,Phishing,training_set,-1
iehjjj.pages.dev,Phishing,training_set,-1
udyhji.pages.dev,Phishing,training_set,-1
itjibj.pages.dev,Phishing,training_set,-1
ysibih.pages.dev,Phishing,training_set,-1
vmk.pages.dev,Phishing,training_set,-1
usijop.pages.dev,Phishing,training_set,-1
yshhvk.pages.dev,Phishing,training_set,-1
rewarsdsbi.pages.dev,Phishing,training_set,-1
sah1v1bt.vercel.app,Phishing,training_set,-1
mals.vercel.app,Phishing,training_set,-1
savchg8d.vercel.app,Phishing,training_set,-1
sacdyu3a.vercel.app,Phishing,training_set,-1
savc4hdty.vercel.app,Phishing,training_set,-1
sagcd8af.vercel.app,Phishing,training_set,-1
youn-delta.vercel.app,Phishing,training_set,-1
sah5dyva.vercel.app,Phishing,training_set,-1
sagdy6tcv.vercel.app,Phishing,training_set,-1
sa3adtyv.vercel.app,Phishing,training_set,-1
sahcd1j3a.vercel.app,Phishing,training_set,-1
saays5dvty.vercel.app,Phishing,training_set,-1
sacd1otyac.vercel.app,Phishing,training_set,-1
sahd6jat.vercel.app,Phishing,training_set,-1
sahcd7ya.vercel.app,Phishing,training_set,-1
sah1vd2nty.vercel.app,Phishing,training_set,-1
say1uvga.vercel.app,Phishing,training_set,-1
shaidty8dv.vercel.app,Phishing,training_set,-1
vndns.vercel.app,Phishing,training_set,-1
sav6ftyuj.vercel.app,Phishing,training_set,-1
syeh2vfty.vercel.app,Phishing,training_set,-1
kldss.vercel.app,Phishing,training_set,-1
shab3vta.vercel.app,Phishing,training_set,-1
syertv2aj.vercel.app,Phishing,training_set,-1
shaty7dv.vercel.app,Phishing,training_set,-1
shgav5ya.vercel.app,Phishing,training_set,-1
svaswer1.vercel.app,Phishing,training_set,-1
shay1ucv.vercel.app,Phishing,training_set,-1
syajd1ga.vercel.app,Phishing,training_set,-1
shaj3dy.vercel.app,Phishing,training_set,-1
sha2yeva.vercel.app,Phishing,training_set,-1
sahjj3vdy.vercel.app,Phishing,training_set,-1
sjab7vdt.vercel.app,Phishing,training_set,-1
styvsais.vercel.app,Phishing,training_set,-1
sakd3yvha.vercel.app,Phishing,training_set,-1
sua4ydha.vercel.app,Phishing,training_set,-1
ssft2yb.vercel.app,Phishing,training_set,-1
shay9ua.vercel.app,Phishing,training_set,-1
sajv3dny.vercel.app,Phishing,training_set,-1
syuc1ia.vercel.app,Phishing,training_set,-1
sja2bvr.vercel.app,Phishing,training_set,-1
fresh-self-chi.vercel.app,Phishing,training_set,-1
ahsh.vercel.app,Phishing,training_set,-1
sdzxxs.vercel.app,Phishing,training_set,-1
vssa-silk.vercel.app,Phishing,training_set,-1
s1srahb.vercel.app,Phishing,training_set,-1
lioou.vercel.app,Phishing,training_set,-1
thiol.vercel.app,Phishing,training_set,-1
new-contact.vercel.app,Phishing,training_set,-1
new-contect-del.vercel.app,Phishing,training_set,-1
um-ten.vercel.app,Phishing,training_set,-1
devdm.vercel.app,Phishing,training_set,-1
nxms.vercel.app,Phishing,training_set,-1
sahj5dvty.vercel.app,Phishing,training_set,-1
mkloi.vercel.app,Phishing,training_set,-1
hgfhjk-khfx.vercel.app,Phishing,training_set,-1
bvcdm.vercel.app,Phishing,training_set,-1
hgfhjk-wour.vercel.app,Phishing,training_set,-1
dagsa.vercel.app,Phishing,training_set,-1
srthgjh-6576.vercel.app,Phishing,training_set,-1
ndjs-lovat.vercel.app,Phishing,training_set,-1
vbhg.vercel.app,Phishing,training_set,-1
sbveel-tyr6798i.vercel.app,Phishing,training_set,-1
sbitu-87uyt.vercel.app,Phishing,training_set,-1
sbl-re56.vercel.app,Phishing,training_set,-1
egahs.vercel.app,Phishing,training_set,-1
ashqd.vercel.app,Phishing,training_set,-1
sbbi-nctg.vercel.app,Phishing,training_set,-1
mjikl.vercel.app,Phishing,training_set,-1
okiut.vercel.app,Phishing,training_set,-1
sbbi.vercel.app,Phishing,training_set,-1
vcxd.vercel.app,Phishing,training_set,-1
nvcdf.vercel.app,Phishing,training_set,-1
yjau.vercel.app,Phishing,training_set,-1
aswrt.vercel.app,Phishing,training_set,-1
yhaga.vercel.app,Phishing,training_set,-1
aswrr.vercel.app,Phishing,training_set,-1
bnaqq.vercel.app,Phishing,training_set,-1
nndaq.vercel.app,Phishing,training_set,-1
hgaqw.vercel.app,Phishing,training_set,-1
thhg.vercel.app,Phishing,training_set,-1
my-next-app-silk-gamma.vercel.app,Phishing,training_set,-1
agsw.vercel.app,Phishing,training_set,-1
cahq.vercel.app,Phishing,training_set,-1
nminv.vercel.app,Phishing,training_set,-1
eiol.vercel.app,Phishing,training_set,-1
niooi.vercel.app,Phishing,training_set,-1
sbik3.vercel.app,Phishing,training_set,-1
sbei.vercel.app,Phishing,training_set,-1
australianvisainfo.com,Phishing,mock_Mock_Data_01_08_2025.xlsx,6907
sparkpostmail.com,Phishing,mock_Mock_Data_01_08_2025.xlsx,4180
wetransfer.com,Phishing,mock_Mock_Data_01_08_2025.xlsx,6661
empresas.icicicbank.com,Phishing,mock_Mock_Data_01_08_2025.xlsx,-1
mycardreward.in,Phishing,mock_Mock_Data_01_08_2025.xlsx,223
hrzkmo.icicicbank.com,Phishing,mock_Mock_Data_01_08_2025.xlsx,-1
v.icicibank.in,Phishing,mock_Mock_Data_01_08_2025.xlsx,5321
db2.icicicbank.com,Phishing,mock_Mock_Data_01_08_2025.xlsx,-1
iccifund.com,Phishing,mock_Mock_Data_01_08_2025.xlsx,224
icicpsomtng.top,Phishing,mock_Mock_Data_01_08_2025.xlsx,224
icicadisfurnishseveries.monster,Phishing,mock_Mock_Data_01_08_2025.xlsx,225
niloonline.shop,Phishing,mock_Mock_Data_01_08_2025.xlsx,-1
savingsaccount.store,Phishing,mock_Mock_Data_01_08_2025.xlsx,225
icicmm.com,Phishing,mock_Mock_Data_01_08_2025.xlsx,225
iciciworkflow1.com,Phishing,mock_Mock_Data_01_08_2025.xlsx,225
icicinc.top,Phishing,mock_Mock_Data_01_08_2025.xlsx,-1
onesource.run,Phishing,mock_Mock_Data_01_08_2025.xlsx,-1
gpvpn.icicibanbk.com,Phishing,mock_Mock_Data_01_08_2025.xlsx,-1
mta-sts.smtp3.iciciprulife.co,Phishing,mock_Mock_Data_01_08_2025.xlsx,-1
mta-sts.salescrm.icicibamk.com,Phishing,mock_Mock_Data_01_08_2025.xlsx,-1
theholw6.icicibamk.com,Phishing,mock_Mock_Data_01_08_2025.xlsx,-1
9d9a28c3-ca42-43e2-b578-78b49bf03843.random.iciciprulife.co,Phishing,mock_Mock_Data_01_08_2025.xlsx,-1
7fb3673b-ec46-430b-8f68-880513a8294e.random.iciciprulife.co,Phishing,mock_Mock_Data_01_08_2025.xlsx,-1
ww7.icicicareer.com,Phishing,mock_Mock_Data_01_08_2025.xlsx,-1
resolver1.icicibamnk.com,Phishing,mock_Mock_Data_01_08_2025.xlsx,-1
mta-sts.test.icicibamk.com,Phishing,mock_Mock_Data_01_08_2025.xlsx,-1
doh.icicibamnk.com,Phishing,mock_Mock_Data_01_08_2025.xlsx,-1
mta-sts.notexistsicicibank.carreer.com,Phishing,mock_Mock_Data_01_08_2025.xlsx,-1
omwzeriyadww25.beta.icicibamk.com,Phishing,mock_Mock_Data_01_08_2025.xlsx,-1
icicicardonline.info,Phishing,mock_Mock_Data_01_08_2025.xlsx,-1
icici-inr.top,Phishing,mock_Mock_Data_01_08_2025.xlsx,-1
icicio.top,Phishing,mock_Mock_Data_01_08_2025.xlsx,-1
mta-sts.docs.iciciprulife.co,Phishing,mock_Mock_Data_01_08_2025.xlsx,-1
mta-sts.vpn.iciciproperties.com,Phishing,mock_Mock_Data_01_08_2025.xlsx,-1
dienstleistungsrichtlinie.icicicbank.com,Phishing,mock_Mock_Data_01_08_2025.xlsx,-1
988a3cf0-88de-435e-90fe-ef14229bee3b.random.iciciprulife.co,Phishing,mock_Mock_Data_01_08_2025.xlsx,-1
members.icicicbank.com,Phishing,mock_Mock_Data_01_08_2025.xlsx,-1
mta-sts.forums.icicibamk.com,Phishing,mock_Mock_Data_01_08_2025.xlsx,-1
ww38.secure.iciciditect.com,Phishing,mock_Mock_Data_01_08_2025.xlsx,-1
ere-nova.icicicbank.com,Phishing,mock_Mock_Data_01_08_2025.xlsx,-1
iciciv.com,Phishing,mock_Mock_Data_01_08_2025.xlsx,229
icicicc.com,Phishing,mock_Mock_Data_01_08_2025.xlsx,229
imobile.icicibasnk.com,Phishing,mock_Mock_Data_01_08_2025.xlsx,-1
ww38.infinitynxt.icicibank.site,Phishing,mock_Mock_Data_01_08_2025.xlsx,-1
icicibank.msy169.xyz,Phishing,mock_Mock_Data_01_08_2025.xlsx,-1
mta-sts.icicibank-staging.alardah.com,Phishing,mock_Mock_Data_01_08_2025.xlsx,-1
server.icicibannk.com,Phishing,mock_Mock_Data_01_08_2025.xlsx,-1
ww38.store.iciciprulifeinsurance.com,Phishing,mock_Mock_Data_01_08_2025.xlsx,-1
store.acqweb.icicicbank.com,Phishing,mock_Mock_Data_01_08_2025.xlsx,-1
www.buy.icicibanlk.com,Phishing,mock_Mock_Data_01_08_2025.xlsx,-1
www.store.icicicdirect.com,Phishing,mock_Mock_Data_01_08_2025.xlsx,-1
fortivpn.iciciprulife.co,Phishing,mock_Mock_Data_01_08_2025.xlsx,-1
zafpshvx.icici.app,Phishing,mock_Mock_Data_01_08_2025.xlsx,-1
www.uat.icici.app,Phishing,mock_Mock_Data_01_08_2025.xlsx,-1
aic1c1.vip,Phishing,mock_Mock_Data_01_08_2025.xlsx,231
iccici.com,Phishing,mock_Mock_Data_01_08_2025.xlsx,172
iciinsurance.online,Phishing,mock_Mock_Data_01_08_2025.xlsx,231
l2n2uhji85.icicibasnk.com,Phishing,mock_Mock_Data_01_08_2025.xlsx,-1
icicle1.com,Phishing,mock_Mock_Data_01_08_2025.xlsx,232
icici.care.co.in,Phishing,mock_Mock_Data_01_08_2025.xlsx,3517
test.icicibank.live,Phishing,mock_Mock_Data_01_08_2025.xlsx,-1
viyionline.com,Phishing,mock_Mock_Data_01_08_2025.xlsx,232
imenonline.com,Phishing,mock_Mock_Data_01_08_2025.xlsx,2061
stg.icici.app,Phishing,mock_Mock_Data_01_08_2025.xlsx,-1
email.icicicbank.com,Phishing,mock_Mock_Data_01_08_2025.xlsx,-1
www.job-in-bank-icici.today,Phishing,mock_Mock_Data_01_08_2025.xlsx,-1
icicci.top,Phishing,mock_Mock_Data_01_08_2025.xlsx,-1
ficicilarnesine.xyz,Phishing,mock_Mock_Data_01_08_2025.xlsx,233
icicbgroups.online,Phishing,mock_Mock_Data_01_08_2025.xlsx,265
www.icicihomel.oan.com,Phishing,mock_Mock_Data_01_08_2025.xlsx,-1
icicn.top,Phishing,mock_Mock_Data_01_08_2025.xlsx,-1
icicin.top,Phishing,mock_Mock_Data_01_08_2025.xlsx,-1
icicibankpersonalloaninchennai.in,Phishing,mock_Mock_Data_01_08_2025.xlsx,-1
icicibankcreditcards.in,Phishing,mock_Mock_Data_01_08_2025.xlsx,-1
cicicici.cn,Phishing,mock_Mock_Data_01_08_2025.xlsx,-1
cicici.cc,Phishing,mock_Mock_Data_01_08_2025.xlsx,-1
icici.nanorep.co,Phishing,mock_Mock_Data_01_08_2025.xlsx,-1
jicici.cn,Phishing,mock_Mock_Data_01_08_2025.xlsx,-1
xcicicicici.com,Phishing,mock_Mock_Data_01_08_2025.xlsx,-1
picici.tk,Phishing,mock_Mock_Data_01_08_2025.xlsx,-1
lilicici.cn,Phishing,mock_Mock_Data_01_08_2025.xlsx,-1
icicimagos.tk,Phishing,mock_Mock_Data_01_08_2025.xlsx,-1
okicici.com,Phishing,mock_Mock_Data_01_08_2025.xlsx,77
wicici.com,Phishing,mock_Mock_Data_01_08_2025.xlsx,-1
cicici.wang,Phishing,mock_Mock_Data_01_08_2025.xlsx,-1
cicici.it,Phishing,mock_Mock_Data_01_08_2025.xlsx,-1
icici-learningmatrix.co.uk,Phishing,mock_Mock_Data_01_08_2025.xlsx,-1
cicicici.ml,Phishing,mock_Mock_Data_01_08_2025.xlsx,-1
iconicicing.com.au,Phishing,mock_Mock_Data_01_08_2025.xlsx,-1
komuzicici.ga,Phishing,mock_Mock_Data_01_08_2025.xlsx,-1
picicizylu.cf,Phishing,mock_Mock_Data_01_08_2025.xlsx,-1
icicic.me,Phishing,mock_Mock_Data_01_08_2025.xlsx,-1
idicici.com,Phishing,mock_Mock_Data_01_08_2025.xlsx,-1
icicim.com,Phishing,mock_Mock_Data_01_08_2025.xlsx,-1
cicicitv.xyz,Phishing,mock_Mock_Data_01_08_2025.xlsx,-1
icicinps.com,Phishing,mock_Mock_Data_01_08_2025.xlsx,-1
bicicionline.net,Phishing,mock_Mock_Data_01_08_2025.xlsx,-1
belicicil.com,Phishing,mock_Mock_Data_01_08_2025.xlsx,-1
bificiciriqi.cf,Phishing,mock_Mock_Data_01_08_2025.xlsx,-1
qibimicici.cf,Phishing,mock_Mock_Data_01_08_2025.xlsx,-1
cicici.se,Phishing,mock_Mock_Data_01_08_2025.xlsx,-1
wicicixusa.tk,Phishing,mock_Mock_Data_01_08_2025.xlsx,-1
yicicibuxiangh.top,Phishing,mock_Mock_Data_01_08_2025.xlsx,-1
uriciciposuz.tk,Phishing,mock_Mock_Data_01_08_2025.xlsx,-1
cicici.fun,Phishing,mock_Mock_Data_01_08_2025.xlsx,-1
modicici.com,Phishing,mock_Mock_Data_01_08_2025.xlsx,-1
yvicicid.tk,Phishing,mock_Mock_Data_01_08_2025.xlsx,-1
vicicimuxy.tk,Phishing,mock_Mock_Data_01_08_2025.xlsx,-1
ricicioterpu.cf,Phishing,mock_Mock_Data_01_08_2025.xlsx,-1
kobicici.ga,Phishing,mock_Mock_Data_01_08_2025.xlsx,-1
weicici.com,Phishing,mock_Mock_Data_01_08_2025.xlsx,-1
icicinev.gq,Phishing,mock_Mock_Data_01_08_2025.xlsx,-1
icicinabk.com,Phishing,mock_Mock_Data_01_08_2025.xlsx,-1
citcibank.com,Phishing,mock_Mock_Data_01_08_2025.xlsx,420
icicivil.net.au,Phishing,mock_Mock_Data_01_08_2025.xlsx,-1
cicicicekcilik.com,Phishing,mock_Mock_Data_01_08_2025.xlsx,-1
ulicicibop.cf,Phishing,mock_Mock_Data_01_08_2025.xlsx,-1
bicici.ml,Phishing,mock_Mock_Data_01_08_2025.xlsx,-1
dicicip.com,Phishing,mock_Mock_Data_01_08_2025.xlsx,2262
iturcicici.ml,Phishing,mock_Mock_Data_01_08_2025.xlsx,-1
micici.cn,Phishing,mock_Mock_Data_01_08_2025.xlsx,698
avicicirean.com,Phishing,mock_Mock_Data_01_08_2025.xlsx,2147
icicivcs.co.in,Phishing,mock_Mock_Data_01_08_2025.xlsx,2360
icici.banklocationmaps.com,Phishing,mock_Mock_Data_01_08_2025.xlsx,-1
clicicililmardi.tk,Phishing,mock_Mock_Data_01_08_2025.xlsx,-1
kirazbicici.com,Phishing,mock_Mock_Data_01_08_2025.xlsx,1850
antitoxicicity.com,Phishing,mock_Mock_Data_01_08_2025.xlsx,1842
tricicidsi.cf,Phishing,mock_Mock_Data_01_08_2025.xlsx,-1
cicici.cz,Phishing,mock_Mock_Data_01_08_2025.xlsx,-1
didicici.com,Phishing,mock_Mock_Data_01_08_2025.xlsx,1799
biciciti.es,Phishing,mock_Mock_Data_01_08_2025.xlsx,-1
lechicicingcookie.com,Phishing,mock_Mock_Data_01_08_2025.xlsx,1741
icicinstitute.in,Phishing,mock_Mock_Data_01_08_2025.xlsx,-1
apps.cicink.com,Phishing,mock_Mock_Data_01_08_2025.xlsx,-1
icicicareers.co.ca,Phishing,mock_Mock_Data_01_08_2025.xlsx,-1
cicicicici.com,Phishing,mock_Mock_Data_01_08_2025.xlsx,47
ipartnerext.cicilombard.com,Phishing,mock_Mock_Data_01_08_2025.xlsx,-1
icicibank.com.mcas-gov.ms,Phishing,mock_Mock_Data_01_08_2025.xlsx,-1
icicibankltd.com.admin-mcas-gov.ms,Phishing,mock_Mock_Data_01_08_2025.xlsx,-1
icicibankltd.com.mcas-gov.ms,Phishing,mock_Mock_Data_01_08_2025.xlsx,-1
icicidirect.com.admin-mcas-gov.ms,Phishing,mock_Mock_Data_01_08_2025.xlsx,-1
icicidirect.com.mcas-gov.ms,Phishing,mock_Mock_Data_01_08_2025.xlsx,-1
icicifoundation-connect.org,Phishing,mock_Mock_Data_01_08_2025.xlsx,-1
icici.autonetic.com,Phishing,mock_Mock_Data_01_08_2025.xlsx,-1
icici.sreeannaijewels.in,Phishing,mock_Mock_Data_01_08_2025.xlsx,4367
icici.trademantri.in,Phishing,mock_Mock_Data_01_08_2025.xlsx,1101
bk.icicibank.top,Phishing,mock_Mock_Data_01_08_2025.xlsx,-1
es.icicibank.cn,Phishing,mock_Mock_Data_01_08_2025.xlsx,-1
icicilombardhealthcare.com,Phishing,mock_Mock_Data_01_08_2025.xlsx,5695
app.icicibank.top,Phishing,mock_Mock_Data_01_08_2025.xlsx,-1
icici.ezcred.in,Phishing,mock_Mock_Data_01_08_2025.xlsx,3431
icicibank.customlinks.appsflyer.com,Phishing,mock_Mock_Data_01_08_2025.xlsx,-1
icicibank.ru,Phishing,mock_Mock_Data_01_08_2025.xlsx,3016
icicihfc.ph,Phishing,mock_Mock_Data_01_08_2025.xlsx,-1
icicihfc.vg,Phishing,mock_Mock_Data_01_08_2025.xlsx,-1
icicihfc.watches,Phishing,mock_Mock_Data_01_08_2025.xlsx,-1
icicici.in,Phishing,mock_Mock_Data_01_08_2025.xlsx,-1
cicici.co,Phishing,mock_Mock_Data_01_08_2025.xlsx,-1
cicici.site,Phishing,mock_Mock_Data_01_08_2025.xlsx,1624
chicicity.co.uk,Phishing,mock_Mock_Data_01_08_2025.xlsx,-1
tricicinexpo.tk,Phishing,mock_Mock_Data_01_08_2025.xlsx,-1
ww1.cictbank.com,Phishing,mock_Mock_Data_01_08_2025.xlsx,-1
iciciland.com,Phishing,mock_Mock_Data_01_08_2025.xlsx,-1
yicici.space,Phishing,mock_Mock_Data_01_08_2025.xlsx,1560
wiicicir.gq,Phishing,mock_Mock_Data_01_08_2025.xlsx,-1
ucicicillf.ga,Phishing,mock_Mock_Data_01_08_2025.xlsx,-1
ricici.cn,Phishing,mock_Mock_Data_01_08_2025.xlsx,-1
cicici.com,Phishing,mock_Mock_Data_01_08_2025.xlsx,4281
viciciv.com,Phishing,mock_Mock_Data_01_08_2025.xlsx,-1
icici.ru,Phishing,mock_Mock_Data_01_08_2025.xlsx,2814
icicihizins.de,Phishing,mock_Mock_Data_01_08_2025.xlsx,-1
dodicicicli.it,Phishing,mock_Mock_Data_01_08_2025.xlsx,4485
icicine.cm,Phishing,mock_Mock_Data_01_08_2025.xlsx,2055
uzdrowiciciel.pl,Phishing,mock_Mock_Data_01_08_2025.xlsx,-1
apiicici.com,Phishing,mock_Mock_Data_01_08_2025.xlsx,1454
bibicici.it,Phishing,mock_Mock_Data_01_08_2025.xlsx,5005
icicisapawixa.gq,Phishing,mock_Mock_Data_01_08_2025.xlsx,-1
ixacicicig.ga,Phishing,mock_Mock_Data_01_08_2025.xlsx,-1
lelicicisi.tk,Phishing,mock_Mock_Data_01_08_2025.xlsx,-1
lycicicimivi.cf,Phishing,mock_Mock_Data_01_08_2025.xlsx,-1
micicixasilaje.cf,Phishing,mock_Mock_Data_01_08_2025.xlsx,-1
bicici.eu,Phishing,mock_Mock_Data_01_08_2025.xlsx,-1
picici.ro,Phishing,mock_Mock_Data_01_08_2025.xlsx,-1
adicicisig.gq,Phishing,mock_Mock_Data_01_08_2025.xlsx,-1
chicicitira.monster,Phishing,mock_Mock_Data_01_08_2025.xlsx,-1
cicicircular.eu,Phishing,mock_Mock_Data_01_08_2025.xlsx,-1
dicici.ml,Phishing,mock_Mock_Data_01_08_2025.xlsx,-1
ficicilar.com.tr,Phishing,mock_Mock_Data_01_08_2025.xlsx,-1
kikicici.com,Phishing,mock_Mock_Data_01_08_2025.xlsx,6118
itumicicitnan.cf,Phishing,mock_Mock_Data_01_08_2025.xlsx,-1
riciciu.ml,Phishing,mock_Mock_Data_01_08_2025.xlsx,-1
jicicidu.cf,Phishing,mock_Mock_Data_01_08_2025.xlsx,-1
apiliciviciciki.cf,Phishing,mock_Mock_Data_01_08_2025.xlsx,-1
ijicicipylid.ga,Phishing,mock_Mock_Data_01_08_2025.xlsx,-1
sicicilsym.gq,Phishing,mock_Mock_Data_01_08_2025.xlsx,-1
zicici.ml,Phishing,mock_Mock_Data_01_08_2025.xlsx,-1
bybiciciniqa.ga,Phishing,mock_Mock_Data_01_08_2025.xlsx,-1
quicicisoun.tk,Phishing,mock_Mock_Data_01_08_2025.xlsx,-1
geltticicilwi.tk,Phishing,mock_Mock_Data_01_08_2025.xlsx,-1
clicicictan.ml,Phishing,mock_Mock_Data_01_08_2025.xlsx,-1
zekicici.com,Phishing,mock_Mock_Data_01_08_2025.xlsx,-1
medicicircle.com,Phishing,mock_Mock_Data_01_08_2025.xlsx,3104
bilalbicici.com.tr,Phishing,mock_Mock_Data_01_08_2025.xlsx,-1
clicici.ca,Phishing,mock_Mock_Data_01_08_2025.xlsx,-1
bicicleta-lujo.com,Phishing,mock_Mock_Data_01_08_2025.xlsx,-1
bicicletas.xyz,Phishing,mock_Mock_Data_01_08_2025.xlsx,-1
ns1.ciclope.net,Phishing,mock_Mock_Data_01_08_2025.xlsx,-1
ilciciftligi.com.tr,Phishing,mock_Mock_Data_01_08_2025.xlsx,-1
minicici.cn,Phishing,mock_Mock_Data_01_08_2025.xlsx,-1
icicin.gq,Phishing,mock_Mock_Data_01_08_2025.xlsx,-1
atproficicicna.tk,Phishing,mock_Mock_Data_01_08_2025.xlsx,-1
ticici.cf,Phishing,mock_Mock_Data_01_08_2025.xlsx,-1
ciccciciciccicicccii.ga,Phishing,mock_Mock_Data_01_08_2025.xlsx,-1
cicicicicici.com,Phishing,mock_Mock_Data_01_08_2025.xlsx,-1
icicledid.com,Phishing,mock_Mock_Data_01_08_2025.xlsx,130
miciclo.com,Phishing,mock_Mock_Data_01_08_2025.xlsx,2160
tipici.club,Phishing,mock_Mock_Data_01_08_2025.xlsx,2056
i-cicle.com,Phishing,mock_Mock_Data_01_08_2025.xlsx,-1
ns01.bicicletasuperprestigio.com,Phishing,mock_Mock_Data_01_08_2025.xlsx,-1
ns02.bicicletesportocolom.com,Phishing,mock_Mock_Data_01_08_2025.xlsx,-1
ns01.ciclosteo.com,Phishing,mock_Mock_Data_01_08_2025.xlsx,-1
bicicletasushuaia.com,Phishing,mock_Mock_Data_01_08_2025.xlsx,-1
ns01.bicicletastribiker.com,Phishing,mock_Mock_Data_01_08_2025.xlsx,-1
ns01.bicicletasmundopedal.com,Phishing,mock_Mock_Data_01_08_2025.xlsx,-1
biciclasificados.com,Phishing,mock_Mock_Data_01_08_2025.xlsx,-1
ns01.bicicletastope.com,Phishing,mock_Mock_Data_01_08_2025.xlsx,-1
bicicletachopper.com,Phishing,mock_Mock_Data_01_08_2025.xlsx,-1
lcicllc.com,Phishing,mock_Mock_Data_01_08_2025.xlsx,3315
bicicletasbosqueysalud.com,Phishing,mock_Mock_Data_01_08_2025.xlsx,-1
aicici.cn,Phishing,mock_Mock_Data_01_08_2025.xlsx,-1
uicici.com,Phishing,mock_Mock_Data_01_08_2025.xlsx,-1
labicicleta.co.uk,Phishing,mock_Mock_Data_01_08_2025.xlsx,-1
bicicleta-electrica-usada.store,Phishing,mock_Mock_Data_01_08_2025.xlsx,-1
bicicletas-electricas.online,Phishing,mock_Mock_Data_01_08_2025.xlsx,-1
bicicleta-electrica-segunda-mano.online,Phishing,mock_Mock_Data_01_08_2025.xlsx,-1
bicicims.com,Phishing,mock_Mock_Data_01_08_2025.xlsx,-1
riciclidea.org,Phishing,mock_Mock_Data_01_08_2025.xlsx,1259
cixibank.cn,Phishing,mock_Mock_Data_01_08_2025.xlsx,-1
cicicici.org,Phishing,mock_Mock_Data_01_08_2025.xlsx,141
cicici.org,Phishing,mock_Mock_Data_01_08_2025.xlsx,141
ezgificici.com,Phishing,mock_Mock_Data_01_08_2025.xlsx,-1
bicici.gen.tr,Phishing,mock_Mock_Data_01_08_2025.xlsx,-1
ciciba.info,Phishing,mock_Mock_Data_01_08_2025.xlsx,-1
cicifosilcici.shop,Phishing,mock_Mock_Data_01_08_2025.xlsx,-1
ciibank.pl,Phishing,mock_Mock_Data_01_08_2025.xlsx,-1
jicici.com,Phishing,mock_Mock_Data_01_08_2025.xlsx,-1
micici.fr,Phishing,mock_Mock_Data_01_08_2025.xlsx,-1
dicici.com,Phishing,mock_Mock_Data_01_08_2025.xlsx,1175
cicici.store,Phishing,mock_Mock_Data_01_08_2025.xlsx,-1
micicipi.com,Phishing,mock_Mock_Data_01_08_2025.xlsx,-1
micicipii.com,Phishing,mock_Mock_Data_01_08_2025.xlsx,-1
yenigibicici.com,Phishing,mock_Mock_Data_01_08_2025.xlsx,-1
kiciciap.shop,Phishing,mock_Mock_Data_01_08_2025.xlsx,-1
yenigibicici.xyz,Phishing,mock_Mock_Data_01_08_2025.xlsx,-1
bnpparibasbicici.com,Phishing,mock_Mock_Data_01_08_2025.xlsx,-1
icicipi.top,Phishing,mock_Mock_Data_01_08_2025.xlsx,132
makasicici.com,Phishing,mock_Mock_Data_01_08_2025.xlsx,-1
cicici.id,Phishing,mock_Mock_Data_01_08_2025.xlsx,-1
mimicicicaketng.com,Phishing,mock_Mock_Data_01_08_2025.xlsx,1142
tistdetelicici.tk,Phishing,mock_Mock_Data_01_08_2025.xlsx,-1
falicici.online,Phishing,mock_Mock_Data_01_08_2025.xlsx,-1
undiciclo.com,Phishing,mock_Mock_Data_01_08_2025.xlsx,1788
iciclestraw.com,Phishing,mock_Mock_Data_01_08_2025.xlsx,-1
riciclamente.com,Phishing,mock_Mock_Data_01_08_2025.xlsx,-1
gokcebicici.com,Phishing,mock_Mock_Data_01_08_2025.xlsx,-1
iciciea.com,Phishing,mock_Mock_Data_01_08_2025.xlsx,-1
bicici.online,Phishing,mock_Mock_Data_01_08_2025.xlsx,-1
bicici.net,Phishing,mock_Mock_Data_01_08_2025.xlsx,8720
aicicia.se,Phishing,mock_Mock_Data_01_08_2025.xlsx,1111
aicicia.com,Phishing,mock_Mock_Data_01_08_2025.xlsx,1111
aicicia.art,Phishing,mock_Mock_Data_01_08_2025.xlsx,-1
juicici.campsite.bio,Phishing,mock_Mock_Data_01_08_2025.xlsx,-1
uwicicis.myhostpoint.ch,Phishing,mock_Mock_Data_01_08_2025.xlsx,-1
aicicicici.repl.co,Phishing,mock_Mock_Data_01_08_2025.xlsx,-1
citicicifulworl.tk,Phishing,mock_Mock_Data_01_08_2025.xlsx,-1
hepsicici.com.polkaconnect.com,Phishing,mock_Mock_Data_01_08_2025.xlsx,-1
spiciciden.ga,Phishing,mock_Mock_Data_01_08_2025.xlsx,-1
otticicio.com,Phishing,mock_Mock_Data_01_08_2025.xlsx,5515
icbank.net,Phishing,mock_Mock_Data_01_08_2025.xlsx,1080
cibcbank.net,Phishing,mock_Mock_Data_01_08_2025.xlsx,-1
artebicicitytours.com,Phishing,mock_Mock_Data_01_08_2025.xlsx,-1
versdicici.gq,Phishing,mock_Mock_Data_01_08_2025.xlsx,-1
simplicicity.de,Phishing,mock_Mock_Data_01_08_2025.xlsx,-1
arcticicicles.com,Phishing,mock_Mock_Data_01_08_2025.xlsx,2878
juicici.store,Phishing,mock_Mock_Data_01_08_2025.xlsx,-1
tunaicicilan.com,Phishing,mock_Mock_Data_01_08_2025.xlsx,-1
nesibebicici.com,Phishing,mock_Mock_Data_01_08_2025.xlsx,-1
prodottitipiciciociari.it,Phishing,mock_Mock_Data_01_08_2025.xlsx,-1
ticicity.com,Phishing,mock_Mock_Data_01_08_2025.xlsx,-1
omicicintufar.tk,Phishing,mock_Mock_Data_01_08_2025.xlsx,-1
dicic.link,Phishing,mock_Mock_Data_01_08_2025.xlsx,-1
bicicletaspara.info,Phishing,mock_Mock_Data_01_08_2025.xlsx,-1
lokvicici.hippocamp.eu,Phishing,mock_Mock_Data_01_08_2025.xlsx,-1
tranaficicil.tk,Phishing,mock_Mock_Data_01_08_2025.xlsx,-1
8maysite2-ozficici.me,Phishing,mock_Mock_Data_01_08_2025.xlsx,-1
mimicicicake.com,Phishing,mock_Mock_Data_01_08_2025.xlsx,3493
mimicicicake.com.kueulangtahunbogor.com,Phishing,mock_Mock_Data_01_08_2025.xlsx,-1
cicicircular.com,Phishing,mock_Mock_Data_01_08_2025.xlsx,-1
licicis.com,Phishing,mock_Mock_Data_01_08_2025.xlsx,-1
onariciciftci.com,Phishing,mock_Mock_Data_01_08_2025.xlsx,-1
meokicicit.tk,Phishing,mock_Mock_Data_01_08_2025.xlsx,-1
quicicidi.cf,Phishing,mock_Mock_Data_01_08_2025.xlsx,-1
iciciconverse.byteprophecy.accenture.com,Phishing,mock_Mock_Data_01_08_2025.xlsx,-1
ww01.citibank.com.in,Phishing,mock_Mock_Data_01_08_2025.xlsx,1498
micicipi.ir,Phishing,mock_Mock_Data_01_08_2025.xlsx,-1
custmail.icicibank.com.mcas.ms,Phishing,mock_Mock_Data_01_08_2025.xlsx,-1
cvicicizralok.com,Phishing,mock_Mock_Data_01_08_2025.xlsx,-1
iciciacs.com,Phishing,mock_Mock_Data_01_08_2025.xlsx,875
autoconfig.ciciprulife.com,Phishing,mock_Mock_Data_01_08_2025.xlsx,-1
cicicity.com,Phishing,mock_Mock_Data_01_08_2025.xlsx,7291
firstdataicici.magecomp.org,Phishing,mock_Mock_Data_01_08_2025.xlsx,-1
bankicici.wuaze.com,Phishing,mock_Mock_Data_01_08_2025.xlsx,-1
blicicil.app,Phishing,mock_Mock_Data_01_08_2025.xlsx,-1
yurticicicekcilik.online,Phishing,mock_Mock_Data_01_08_2025.xlsx,-1
drvelicicimen.com,Phishing,mock_Mock_Data_01_08_2025.xlsx,280
argold-icici.aerele.in,Phishing,mock_Mock_Data_01_08_2025.xlsx,2552
icicibudgeting.magitt.com,Phishing,mock_Mock_Data_01_08_2025.xlsx,-1
nesibebiciciart.com,Phishing,mock_Mock_Data_01_08_2025.xlsx,1057
icici-lombardhelpdocs.cogdam.com,Phishing,mock_Mock_Data_01_08_2025.xlsx,-1
yurticicicekcilik.com,Phishing,mock_Mock_Data_01_08_2025.xlsx,7024
icbank.cc,Phishing,mock_Mock_Data_01_08_2025.xlsx,-1
themusicicityaccball.org,Phishing,mock_Mock_Data_01_08_2025.xlsx,795
ww01.cidibank.com,Phishing,mock_Mock_Data_01_08_2025.xlsx,-1
uaticici.aalroot.com,Phishing,mock_Mock_Data_01_08_2025.xlsx,-1
umanerficicin.tk,Phishing,mock_Mock_Data_01_08_2025.xlsx,-1
dicici.net,Phishing,mock_Mock_Data_01_08_2025.xlsx,-1
cicici.vip,Phishing,mock_Mock_Data_01_08_2025.xlsx,-1
ccbank.online,Phishing,mock_Mock_Data_01_08_2025.xlsx,269
vaicicigroup.net,Phishing,mock_Mock_Data_01_08_2025.xlsx,-1
centriacusticicisento.it,Phishing,mock_Mock_Data_01_08_2025.xlsx,1611
dev-icici.pantheonsite.io,Phishing,mock_Mock_Data_01_08_2025.xlsx,-1
infinity.icicibank.com.mcas.ms,Phishing,mock_Mock_Data_01_08_2025.xlsx,-1
biciciotomotivkonya.com,Phishing,mock_Mock_Data_01_08_2025.xlsx,762
icici.creditmonitor.info,Phishing,mock_Mock_Data_01_08_2025.xlsx,-1
icici.bank.co.in,Phishing,mock_Mock_Data_01_08_2025.xlsx,7692
ricici.com,Phishing,mock_Mock_Data_01_08_2025.xlsx,3619
janicici.com,Phishing,mock_Mock_Data_01_08_2025.xlsx,-1
dodicicilindri.com,Phishing,mock_Mock_Data_01_08_2025.xlsx,721
idicicihe.shop,Phishing,mock_Mock_Data_01_08_2025.xlsx,-1
jidicicicixidiiddi.one,Phishing,mock_Mock_Data_01_08_2025.xlsx,-1
quizsilver.com,Phishing,mock_Mock_Data_01_08_2025.xlsx,2351
uicicifmre.ewefvo.homes,Phishing,mock_Mock_Data_01_08_2025.xlsx,-1
icici.sworks.co.in,Phishing,mock_Mock_Data_01_08_2025.xlsx,3729
weicicizhuan.com,Phishing,mock_Mock_Data_01_08_2025.xlsx,-1
pipicici.com,Phishing,mock_Mock_Data_01_08_2025.xlsx,1027
oembrand.com,Phishing,mock_Mock_Data_01_08_2025.xlsx,8230
icicis.cis.asu.edu.eg,Phishing,mock_Mock_Data_01_08_2025.xlsx,-1
dicicilaja.info,Phishing,mock_Mock_Data_01_08_2025.xlsx,-1
cicici.altervista.org,Phishing,mock_Mock_Data_01_08_2025.xlsx,-1
mimicici-qc.direct.quickconnect.to,Phishing,mock_Mock_Data_01_08_2025.xlsx,4481
lvicicira.shop,Phishing,mock_Mock_Data_01_08_2025.xlsx,-1
shicici.com,Phishing,mock_Mock_Data_01_08_2025.xlsx,-1
bodhicici.com,Phishing,mock_Mock_Data_01_08_2025.xlsx,-1
aicicill.com,Phishing,mock_Mock_Data_01_08_2025.xlsx,1952
xicici.cn,Phishing,mock_Mock_Data_01_08_2025.xlsx,676
klicici.com,Phishing,mock_Mock_Data_01_08_2025.xlsx,-1
bicicihukuk.com,Phishing,mock_Mock_Data_01_08_2025.xlsx,114
eticicibebe.com,Phishing,mock_Mock_Data_01_08_2025.xlsx,-1
cicicil.sbs,Phishing,mock_Mock_Data_01_08_2025.xlsx,-1
iciciyvao.shop,Phishing,mock_Mock_Data_01_08_2025.xlsx,-1
mybicici.com,Phishing,mock_Mock_Data_01_08_2025.xlsx,-1
apartmenticici.com,Phishing,mock_Mock_Data_01_08_2025.xlsx,-1
leoagarbatti.icicirud.com,Phishing,mock_Mock_Data_01_08_2025.xlsx,-1
micicipi.ruk.eug.store.mx0.edushophk.com,Phishing,mock_Mock_Data_01_08_2025.xlsx,-1
ficicioglu.de,Phishing,mock_Mock_Data_01_08_2025.xlsx,-1
denicici.direct.quickconnect.to,Phishing,mock_Mock_Data_01_08_2025.xlsx,4481
dramaiciciari.com,Phishing,mock_Mock_Data_01_08_2025.xlsx,4113
credit-auto-bicici.com,Phishing,mock_Mock_Data_01_08_2025.xlsx,-1
lokvicici.iptvsmart.eu,Phishing,mock_Mock_Data_01_08_2025.xlsx,-1
micicipi.top,Phishing,mock_Mock_Data_01_08_2025.xlsx,-1
de.xixizizicici.store,Phishing,mock_Mock_Data_01_08_2025.xlsx,-1
chickibank.au,Phishing,mock_Mock_Data_01_08_2025.xlsx,-1
democraticicivici.it,Phishing,mock_Mock_Data_01_08_2025.xlsx,-1
nam.simntit.nicici.adata.in,Phishing,mock_Mock_Data_01_08_2025.xlsx,2613
polatbicici.com,Phishing,mock_Mock_Data_01_08_2025.xlsx,-1
polatbicici.online,Phishing,mock_Mock_Data_01_08_2025.xlsx,-1
polatbicici.xyz,Phishing,mock_Mock_Data_01_08_2025.xlsx,204
kwikid.kyc.priv.icici.getkwikid.com,Phishing,mock_Mock_Data_01_08_2025.xlsx,-1
ycfguneskiricicit.com,Phishing,mock_Mock_Data_01_08_2025.xlsx,-1
cicicici.direct.quickconnect.to,Phishing,mock_Mock_Data_01_08_2025.xlsx,4481
bicici.croatia.topdestination.it,Phishing,mock_Mock_Data_01_08_2025.xlsx,-1
icicrts.in,Phishing,mock_Mock_Data_01_08_2025.xlsx,-1
geciktiricici.palgat.com,Phishing,mock_Mock_Data_01_08_2025.xlsx,-1
daodaocicicishang2866.top,Phishing,mock_Mock_Data_01_08_2025.xlsx,-1
gameicicie.com,Phishing,mock_Mock_Data_01_08_2025.xlsx,581
iddia-bicici-be.arolitec.com,Phishing,mock_Mock_Data_01_08_2025.xlsx,-1
wicicio1.pro,Phishing,mock_Mock_Data_01_08_2025.xlsx,-1
icbcbank.ru,Phishing,mock_Mock_Data_01_08_2025.xlsx,575
cacibank.com,Phishing,mock_Mock_Data_01_08_2025.xlsx,-1
bicicimum.com.tr,Phishing,mock_Mock_Data_01_08_2025.xlsx,-1
zicicip-157-89.df.gov.br,Phishing,mock_Mock_Data_01_08_2025.xlsx,-1
lokvicici.travellove.eu,Phishing,mock_Mock_Data_01_08_2025.xlsx,-1
bicici.croatia.topdestination.de,Phishing,mock_Mock_Data_01_08_2025.xlsx,-1
suryaticici32.erwinnila123.my.id,Phishing,mock_Mock_Data_01_08_2025.xlsx,-1
optifiiicicidev.betadelivery.com,Phishing,mock_Mock_Data_01_08_2025.xlsx,-1
kiciciuchy.pl,Phishing,mock_Mock_Data_01_08_2025.xlsx,-1
cibcbank.me,Phishing,mock_Mock_Data_01_08_2025.xlsx,-1
icbcbank.top,Phishing,mock_Mock_Data_01_08_2025.xlsx,-1
icicity.com,Phishing,mock_Mock_Data_01_08_2025.xlsx,6959
my.micicipi.ru,Phishing,mock_Mock_Data_01_08_2025.xlsx,-1
ciciciciciic.altervista.org,Phishing,mock_Mock_Data_01_08_2025.xlsx,-1
imap.egicici.com,Phishing,mock_Mock_Data_01_08_2025.xlsx,-1
bicicita.bitlen.com,Phishing,mock_Mock_Data_01_08_2025.xlsx,-1
www.icichfc.com,Phishing,mock_Mock_Data_01_08_2025.xlsx,-1
ww16.pujicicixu.suplikasro.cz,Phishing,mock_Mock_Data_01_08_2025.xlsx,-1
labicicicletta.ch,Phishing,mock_Mock_Data_01_08_2025.xlsx,-1
articicial-grass.click,Phishing,mock_Mock_Data_01_08_2025.xlsx,-1
milicicity.forumh.net,Phishing,mock_Mock_Data_01_08_2025.xlsx,-1
icicibankbizcircle.raovat9s.com,Phishing,mock_Mock_Data_01_08_2025.xlsx,-1
delicici.com,Phishing,mock_Mock_Data_01_08_2025.xlsx,1477
epicicious.com,Phishing,mock_Mock_Data_01_08_2025.xlsx,2673
closdevicici.crm8.dynaics.com,Phishing,mock_Mock_Data_01_08_2025.xlsx,-1
icicib.com.mintvalley.com,Phishing,mock_Mock_Data_01_08_2025.xlsx,-1
licici.cn,Phishing,mock_Mock_Data_01_08_2025.xlsx,3674
portal.cicidirect.com,Phishing,mock_Mock_Data_01_08_2025.xlsx,-1
icbcbank.com.cn,Phishing,mock_Mock_Data_01_08_2025.xlsx,-1
bicicita.greenhub.es,Phishing,mock_Mock_Data_01_08_2025.xlsx,-1
ilicicimpiesnertz.online,Phishing,mock_Mock_Data_01_08_2025.xlsx,442
ecanivicici.arab-spam.com,Phishing,mock_Mock_Data_01_08_2025.xlsx,-1
mimicici-qc.direct.quickconnect.cn,Phishing,mock_Mock_Data_01_08_2025.xlsx,-1
la.dicicion.mia.es,Phishing,mock_Mock_Data_01_08_2025.xlsx,-1
mengzhicici.5ddd.com,Phishing,mock_Mock_Data_01_08_2025.xlsx,-1
a.mx.icicibank.in,Phishing,mock_Mock_Data_01_08_2025.xlsx,5321
uaticicifadminapi.mgrant.in,Phishing,mock_Mock_Data_01_08_2025.xlsx,1583
miglioribicicitta.altervista.org,Phishing,mock_Mock_Data_01_08_2025.xlsx,-1
caricicijitu.store,Phishing,mock_Mock_Data_01_08_2025.xlsx,-1
caricicijitu.xyz,Phishing,mock_Mock_Data_01_08_2025.xlsx,-1
spicicisma.com,Phishing,mock_Mock_Data_01_08_2025.xlsx,410
icici-tourism.com,Phishing,mock_Mock_Data_01_08_2025.xlsx,4687
crmapi.icicirise.com,Phishing,mock_Mock_Data_01_08_2025.xlsx,-1
dodicicinque.com,Phishing,mock_Mock_Data_01_08_2025.xlsx,405
pejuangjpgacor.vip.prediksicici.xyz,Phishing,mock_Mock_Data_01_08_2025.xlsx,-1
icici-ecollect-prod.flamingotravels.co.in,Phishing,mock_Mock_Data_01_08_2025.xlsx,7321
lokvicici.hr,Phishing,mock_Mock_Data_01_08_2025.xlsx,3381
cicici.ggff.net,Phishing,mock_Mock_Data_01_08_2025.xlsx,-1
bogazicicimento.com,Phishing,mock_Mock_Data_01_08_2025.xlsx,383
plasticicicles.com,Phishing,mock_Mock_Data_01_08_2025.xlsx,-1
ld-icici.toss4u.com,Phishing,mock_Mock_Data_01_08_2025.xlsx,-1
ficicilar.com,Phishing,mock_Mock_Data_01_08_2025.xlsx,358
icicipointin.sbs,Phishing,mock_Mock_Data_01_08_2025.xlsx,-1
alicici.cn,Phishing,mock_Mock_Data_01_08_2025.xlsx,143
biciciclismo.com,Phishing,mock_Mock_Data_01_08_2025.xlsx,6656
icicirtgsbcob.bhagyodayabank.com,Phishing,mock_Mock_Data_01_08_2025.xlsx,-1
pinarficici.xyz,Phishing,mock_Mock_Data_01_08_2025.xlsx,327
iciciapi.lyra-network.in,Phishing,mock_Mock_Data_01_08_2025.xlsx,925
pinarficici.com.tr,Phishing,mock_Mock_Data_01_08_2025.xlsx,-1
chuaicici.cn,Phishing,mock_Mock_Data_01_08_2025.xlsx,-1
bogaziciciftlik.com,Phishing,mock_Mock_Data_01_08_2025.xlsx,2115
onicici.info,Phishing,mock_Mock_Data_01_08_2025.xlsx,-1
viveplata.com.huicicilagold.com,Phishing,mock_Mock_Data_01_08_2025.xlsx,-1
cicicici.synology.me,Phishing,mock_Mock_Data_01_08_2025.xlsx,-1
icicic.carreers.com,Phishing,mock_Mock_Data_01_08_2025.xlsx,-1
poshn-icici-uat-stage.poshn.app,Phishing,mock_Mock_Data_01_08_2025.xlsx,-1
icicivd.xyzb.netww.22fd810e.nip.io,Phishing,mock_Mock_Data_01_08_2025.xlsx,-1
bicicinet.gslb-off.wealthmanagement.cz,Phishing,mock_Mock_Data_01_08_2025.xlsx,-1
testicicipg.store,Phishing,mock_Mock_Data_01_08_2025.xlsx,-1
bicici.bmm.in,Phishing,mock_Mock_Data_01_08_2025.xlsx,7140
icicimov.rents.ws,Phishing,mock_Mock_Data_01_08_2025.xlsx,-1
ww25.icici.myclassbord.com,Phishing,mock_Mock_Data_01_08_2025.xlsx,-1
cicici.dpdns.org,Phishing,mock_Mock_Data_01_08_2025.xlsx,-1
ozficici.com,Phishing,mock_Mock_Data_01_08_2025.xlsx,7833
picicipo.hu,Phishing,mock_Mock_Data_01_08_2025.xlsx,425
jogroun-0.weicici.net,Phishing,mock_Mock_Data_01_08_2025.xlsx,-1
aricicichi.direct.quickconnect.to,Phishing,mock_Mock_Data_01_08_2025.xlsx,4481
aricicichi.synology.me,Phishing,mock_Mock_Data_01_08_2025.xlsx,-1
bmwicici.de,Phishing,mock_Mock_Data_01_08_2025.xlsx,-1
icicic.jp,Phishing,mock_Mock_Data_01_08_2025.xlsx,2829
lericicittacreativa.it,Phishing,mock_Mock_Data_01_08_2025.xlsx,1747
gjergjicici.johndoegroup.de,Phishing,mock_Mock_Data_01_08_2025.xlsx,-1
cicici.vskkl.com,Phishing,mock_Mock_Data_01_08_2025.xlsx,-1
cicicilento.de,Phishing,mock_Mock_Data_01_08_2025.xlsx,-1
ivanlovricici.us1.hostry.host,Phishing,mock_Mock_Data_01_08_2025.xlsx,-1
www.iciuser.co.in,Phishing,mock_Mock_Data_01_08_2025.xlsx,416
kikicici.cn,Phishing,mock_Mock_Data_01_08_2025.xlsx,719
notexistsicici.careeers.com,Phishing,mock_Mock_Data_01_08_2025.xlsx,-1
omerbicici.direct.quickconnect.to,Phishing,mock_Mock_Data_01_08_2025.xlsx,4481
rusticiciclecows.mylearndash.com,Phishing,mock_Mock_Data_01_08_2025.xlsx,-1
isidicici.store,Phishing,mock_Mock_Data_01_08_2025.xlsx,288
aicicinnovative.com,Phishing,mock_Mock_Data_01_08_2025.xlsx,2581
ww1.ciitbank.com,Phishing,mock_Mock_Data_01_08_2025.xlsx,-1
picicicik.startporno.hu,Phishing,mock_Mock_Data_01_08_2025.xlsx,-1
giavicici.asia,Phishing,mock_Mock_Data_01_08_2025.xlsx,-1
lfotpicicibank.coj.me,Phishing,mock_Mock_Data_01_08_2025.xlsx,-1
ww1.ciitbank.co.in,Phishing,mock_Mock_Data_01_08_2025.xlsx,3393
nicicita.ch,Phishing,mock_Mock_Data_01_08_2025.xlsx,-1
pinfo.icici.grop.com,Phishing,mock_Mock_Data_01_08_2025.xlsx,-1
uang-pangkal-bisa-dicicil.depressiond.com,Phishing,mock_Mock_Data_01_08_2025.xlsx,-1
ticici.direct.quickconnect.to,Phishing,mock_Mock_Data_01_08_2025.xlsx,4481
panificicialoni.it,Phishing,mock_Mock_Data_01_08_2025.xlsx,1638
clicici.chateauduvice.com,Phishing,mock_Mock_Data_01_08_2025.xlsx,-1
batuhanficici.com,Phishing,mock_Mock_Data_01_08_2025.xlsx,-1
dicicipua.cdnapp.net,Phishing,mock_Mock_Data_01_08_2025.xlsx,-1
console.icici.buildint.co,Phishing,mock_Mock_Data_01_08_2025.xlsx,-1
levgreen.com.ua,Phishing,mock_Mock_Data_01_08_2025.xlsx,-1
icicibanktitaniumcard.in,Phishing,mock_Mock_Data_01_08_2025.xlsx,-1
myicicibank.in,Phishing,mock_Mock_Data_01_08_2025.xlsx,-1
icicibankhomeloan.in,Phishing,mock_Mock_Data_01_08_2025.xlsx,-1
hicicie.com,Phishing,mock_Mock_Data_01_08_2025.xlsx,-1
icicibanksip.in,Phishing,mock_Mock_Data_01_08_2025.xlsx,-1
icicicardoffer.info,Phishing,mock_Mock_Data_01_08_2025.xlsx,-1
iciinnovations.org,Phishing,mock_Mock_Data_01_08_2025.xlsx,238
hvkn4feaq6ic1cihhbg80ncmghh58116.com,Phishing,mock_Mock_Data_01_08_2025.xlsx,-1
icicta.com,Phishing,mock_Mock_Data_01_08_2025.xlsx,239
onicici.com,Phishing,mock_Mock_Data_01_08_2025.xlsx,239
icicibanking.org,Phishing,mock_Mock_Data_01_08_2025.xlsx,239
lclclbank.ng,Phishing,mock_Mock_Data_01_08_2025.xlsx,-1
icicapitalllc.com,Phishing,mock_Mock_Data_01_08_2025.xlsx,239
icic.bet,Phishing,mock_Mock_Data_01_08_2025.xlsx,-1
www.sandbox-superset.iciciprulife.co,Phishing,mock_Mock_Data_01_08_2025.xlsx,-1
icicic.org,Phishing,mock_Mock_Data_01_08_2025.xlsx,-1
icici-world.com,Phishing,mock_Mock_Data_01_08_2025.xlsx,246
icicipersonalloan.doodlekit.com,Phishing,mock_Mock_Data_01_08_2025.xlsx,-1
safimoneytransfer.com,Phishing,mock_Mock_Data_01_08_2025.xlsx,247
57e0d8d2686c.mail.iciciprulife.co,Phishing,mock_Mock_Data_01_08_2025.xlsx,-1
iciciloans.com,Phishing,mock_Mock_Data_01_08_2025.xlsx,248
iciciconcepts.com,Phishing,mock_Mock_Data_01_08_2025.xlsx,248
icicbet.com,Phishing,mock_Mock_Data_01_08_2025.xlsx,249
icicisecurities.vip,Phishing,mock_Mock_Data_01_08_2025.xlsx,-1
icici-investment.com,Phishing,mock_Mock_Data_01_08_2025.xlsx,250
selma-bicici.net,Phishing,mock_Mock_Data_01_08_2025.xlsx,258
selma-bicici.com,Phishing,mock_Mock_Data_01_08_2025.xlsx,-1
dolmetscher-bicici.com,Phishing,mock_Mock_Data_01_08_2025.xlsx,258
ccicicilod.com,Phishing,mock_Mock_Data_01_08_2025.xlsx,268
cicicicicici.cn,Phishing,mock_Mock_Data_01_08_2025.xlsx,269
icicilbank.sbs,Phishing,mock_Mock_Data_01_08_2025.xlsx,281
icicillbank.cc,Phishing,mock_Mock_Data_01_08_2025.xlsx,282
icicibanlk.com,Phishing,mock_Mock_Data_01_08_2025.xlsx,251
aaadvantage.io,Phishing,mock_Mock_Data_01_08_2025.xlsx,292
scifidubai.com,Phishing,mock_Mock_Data_01_08_2025.xlsx,252
iiainfotech.com,Phishing,mock_Mock_Data_01_08_2025.xlsx,-1
rcipromotions.com,Phishing,mock_Mock_Data_01_08_2025.xlsx,-1
dmpromotion.com,Phishing,mock_Mock_Data_01_08_2025.xlsx,253
lalpuricicibank.com,Phishing,mock_Mock_Data_01_08_2025.xlsx,252
icici.crediwatch.org,Phishing,mock_Mock_Data_01_08_2025.xlsx,-1
icicibanksales.in,Phishing,mock_Mock_Data_01_08_2025.xlsx,-1
800e3e8e5b30.ngrok.io,Phishing,mock_Mock_Data_01_08_2025.xlsx,-1
ici.cibank.com,Phishing,mock_Mock_Data_01_08_2025.xlsx,-1
icic.ibank.com,Phishing,mock_Mock_Data_01_08_2025.xlsx,-1
icici.bank.com,Phishing,mock_Mock_Data_01_08_2025.xlsx,-1
iciciba.nk.com,Phishing,mock_Mock_Data_01_08_2025.xlsx,-1
icicimoney2india.com,Phishing,mock_Mock_Data_01_08_2025.xlsx,7607
bank-icici.cyou,Phishing,mock_Mock_Data_01_08_2025.xlsx,-1
cicbank.finance,Phishing,mock_Mock_Data_01_08_2025.xlsx,-1
mx7.icicibanklogin.com,Phishing,mock_Mock_Data_01_08_2025.xlsx,-1
videokyc.icicibsnk.com,Phishing,mock_Mock_Data_01_08_2025.xlsx,-1
icicin.net,Phishing,mock_Mock_Data_01_08_2025.xlsx,254
icicin.ch,Phishing,mock_Mock_Data_01_08_2025.xlsx,-1
iciclo.com,Phishing,mock_Mock_Data_01_08_2025.xlsx,258
cicici.xin,Phishing,mock_Mock_Data_01_08_2025.xlsx,-1
4ward25.com,Phishing,mock_Mock_Data_01_08_2025.xlsx,-1
zicici.com,Phishing,mock_Mock_Data_01_08_2025.xlsx,2485
www.moviez.ml,Phishing,mock_Mock_Data_01_08_2025.xlsx,-1
iciciaccount.com,Phishing,mock_Mock_Data_01_08_2025.xlsx,-1
icicibankestatement.com,Phishing,mock_Mock_Data_01_08_2025.xlsx,-1
icicibankmerchant.com,Phishing,mock_Mock_Data_01_08_2025.xlsx,-1
icicibanknriservices.com,Phishing,mock_Mock_Data_01_08_2025.xlsx,-1
icicihfcfd.com,Phishing,mock_Mock_Data_01_08_2025.xlsx,-1
onlineicicibank.com,Phishing,mock_Mock_Data_01_08_2025.xlsx,-1
icico.xyz,Phishing,mock_Mock_Data_01_08_2025.xlsx,254
icicin.org,Phishing,mock_Mock_Data_01_08_2025.xlsx,254
icicin.biz,Phishing,mock_Mock_Data_01_08_2025.xlsx,254
bit.ly,Phishing,mock_Mock_Data_01_08_2025.xlsx,6506
icici.candlesrider.com,Phishing,mock_Mock_Data_01_08_2025.xlsx,-1
icicin.eu,Phishing,mock_Mock_Data_01_08_2025.xlsx,-1
icici.figo.in,Phishing,mock_Mock_Data_01_08_2025.xlsx,3558
icicingenieria.com,Phishing,mock_Mock_Data_01_08_2025.xlsx,1817
cicici.cn,Phishing,mock_Mock_Data_01_08_2025.xlsx,272
icicicarrier.com,Phishing,mock_Mock_Data_01_08_2025.xlsx,-1
icici.securehostdns.com,Phishing,mock_Mock_Data_01_08_2025.xlsx,-1
cicici.ci,Phishing,mock_Mock_Data_01_08_2025.xlsx,1798
icicic.cn,Phishing,mock_Mock_Data_01_08_2025.xlsx,240
icici.sbi.au,Phishing,mock_Mock_Data_01_08_2025.xlsx,-1
xn--ccbank-2vabb.com,Phishing,mock_Mock_Data_01_08_2025.xlsx,-1
xn--ccbank-h8abb.com,Phishing,mock_Mock_Data_01_08_2025.xlsx,-1
xn--ccbank-vvabb.com,Phishing,mock_Mock_Data_01_08_2025.xlsx,-1
loginindusinds.com,Phishing,mock_Mock_Data_01_08_2025.xlsx,-1
indusindslogin.com,Phishing,mock_Mock_Data_01_08_2025.xlsx,-1
icicidirect.finux.com,Phishing,mock_Mock_Data_01_08_2025.xlsx,-1
spocto360-icici.smartcollect.digital,Phishing,mock_Mock_Data_01_08_2025.xlsx,-1
icici.carriers.in,Phishing,mock_Mock_Data_01_08_2025.xlsx,3668
icici.billpro.online,Phishing,mock_Mock_Data_01_08_2025.xlsx,-1
icicirewardspro.in.ultimacare.in,Phishing,mock_Mock_Data_01_08_2025.xlsx,-1
icici.toll.cust.it,Phishing,mock_Mock_Data_01_08_2025.xlsx,-1
kyc-icicimpocket3385-f6f3ab.online,Phishing,mock_Mock_Data_01_08_2025.xlsx,-1
apps.iciciprupms.com,Phishing,mock_Mock_Data_01_08_2025.xlsx,-1
apicici.com,Phishing,mock_Mock_Data_01_08_2025.xlsx,-1
icicibank.reliablegroupindia.com,Phishing,mock_Mock_Data_01_08_2025.xlsx,-1
icicibank.inifinity.com,Phishing,mock_Mock_Data_01_08_2025.xlsx,-1
iciciservices.fasteasy.in,Phishing,mock_Mock_Data_01_08_2025.xlsx,2332
icici.wrms.com,Phishing,mock_Mock_Data_01_08_2025.xlsx,-1
icici.fastage.com,Phishing,mock_Mock_Data_01_08_2025.xlsx,-1
managecredit.in,Phishing,mock_Mock_Data_01_08_2025.xlsx,-1
icicibank.comvanguard.com,Phishing,mock_Mock_Data_01_08_2025.xlsx,-1
icici-preprod-analytics.thewitslab.com,Phishing,mock_Mock_Data_01_08_2025.xlsx,-1
sklep-detal.elgon.pl,Phishing,mock_Mock_Data_01_08_2025.xlsx,-1
icicin.online,Phishing,mock_Mock_Data_01_08_2025.xlsx,254
icicin.info,Phishing,mock_Mock_Data_01_08_2025.xlsx,-1
iciclo.com.br,Phishing,mock_Mock_Data_01_08_2025.xlsx,-1
pop.icicbank.com,Phishing,mock_Mock_Data_01_08_2025.xlsx,-1
ilmds.icicilombard.com.us.cas.ms,Phishing,mock_Mock_Data_01_08_2025.xlsx,-1
ilmds.icicilombard.com.mcas.ms,Phishing,mock_Mock_Data_01_08_2025.xlsx,-1
mailout.ext.icicbank.com,Phishing,mock_Mock_Data_01_08_2025.xlsx,-1
posta.ext.icicbank.com,Phishing,mock_Mock_Data_01_08_2025.xlsx,-1
icici.hmi-tech.in,Phishing,mock_Mock_Data_01_08_2025.xlsx,4607
gpvpn.icicicbank.com,Phishing,mock_Mock_Data_01_08_2025.xlsx,-1
ww25.eazypayicicibank.com,Phishing,mock_Mock_Data_01_08_2025.xlsx,-1
icici.pertsol.com,Phishing,mock_Mock_Data_01_08_2025.xlsx,-1
icici.nexusi.in,Phishing,mock_Mock_Data_01_08_2025.xlsx,4854
icicibank.rf.gd,Phishing,mock_Mock_Data_01_08_2025.xlsx,-1
bicicimimarlik.com,Phishing,mock_Mock_Data_01_08_2025.xlsx,-1
biciciyapi.com,Phishing,mock_Mock_Data_01_08_2025.xlsx,-1
icicibanklimitedindia.com,Phishing,mock_Mock_Data_01_08_2025.xlsx,-1
iccebank.com,Phishing,mock_Mock_Data_01_08_2025.xlsx,-1
icicicustomercare.in,Phishing,mock_Mock_Data_01_08_2025.xlsx,164
gpvpn.icicibannk.com,Phishing,mock_Mock_Data_01_08_2025.xlsx,-1
www.icicibank-personalloan-bangalore.digiloan.in,Phishing,mock_Mock_Data_01_08_2025.xlsx,339
acqweb.iciciank.com,Phishing,mock_Mock_Data_01_08_2025.xlsx,-1
ww25.icici.myclassboard.co,Phishing,mock_Mock_Data_01_08_2025.xlsx,-1
icici.flg.in,Phishing,mock_Mock_Data_01_08_2025.xlsx,5594
tw.icicbank.com,Phishing,mock_Mock_Data_01_08_2025.xlsx,-1
alumni.icicbank.com,Phishing,mock_Mock_Data_01_08_2025.xlsx,-1
icici.five.in,Phishing,mock_Mock_Data_01_08_2025.xlsx,7692
mail.comune.icici-bank.com,Phishing,mock_Mock_Data_01_08_2025.xlsx,-1
ww35.icicibannk.com,Phishing,mock_Mock_Data_01_08_2025.xlsx,-1
com.ext.icicbank.com,Phishing,mock_Mock_Data_01_08_2025.xlsx,-1
icicibank.co.in.familytiessc.com,Phishing,mock_Mock_Data_01_08_2025.xlsx,-1
icicibankaccounts.com,Phishing,mock_Mock_Data_01_08_2025.xlsx,-1
bk.icicibanklogin.com,Phishing,mock_Mock_Data_01_08_2025.xlsx,-1
bnk-en.icicibanklogin.com,Phishing,mock_Mock_Data_01_08_2025.xlsx,-1
dgw.icicibanklogin.com,Phishing,mock_Mock_Data_01_08_2025.xlsx,-1
ww17.w.icicibanklogin.com,Phishing,mock_Mock_Data_01_08_2025.xlsx,-1
ww25.autodiscover.icicibank.co,Phishing,mock_Mock_Data_01_08_2025.xlsx,-1
www.icicibankpersonalloanbangalore.digitloan.in,Phishing,mock_Mock_Data_01_08_2025.xlsx,1843
iccank.net,Phishing,mock_Mock_Data_01_08_2025.xlsx,543
icici.dev.sharajman.com,Phishing,mock_Mock_Data_01_08_2025.xlsx,-1
icicicic.cn,Phishing,mock_Mock_Data_01_08_2025.xlsx,175
icici.kudosfinance.in,Phishing,mock_Mock_Data_01_08_2025.xlsx,5828
icici.cdotbihar.org,Phishing,mock_Mock_Data_01_08_2025.xlsx,-1
icicibank.nu,Phishing,mock_Mock_Data_01_08_2025.xlsx,-1
cici.city,Phishing,mock_Mock_Data_01_08_2025.xlsx,-1
cicici.net,Phishing,mock_Mock_Data_01_08_2025.xlsx,-1
icicibankltd.ph,Phishing,mock_Mock_Data_01_08_2025.xlsx,-1
demo.icicihfc.gravithy.com,Phishing,mock_Mock_Data_01_08_2025.xlsx,-1
foreveryoung.vip,Phishing,mock_Mock_Data_01_08_2025.xlsx,3556
advantage.finance,Phishing,mock_Mock_Data_01_08_2025.xlsx,-1
icicibank-data.pilotlogistics.com,Phishing,mock_Mock_Data_01_08_2025.xlsx,-1
nlnlkicicibank-staging.kaluga24.tv,Phishing,mock_Mock_Data_01_08_2025.xlsx,-1
icicci.com,Phishing,mock_Mock_Data_01_08_2025.xlsx,257
iciclient.com,Phishing,mock_Mock_Data_01_08_2025.xlsx,633
icicibnk.ae,Phishing,mock_Mock_Data_01_08_2025.xlsx,-1
icic.r.top,Phishing,mock_Mock_Data_01_08_2025.xlsx,-1
icici-lombard.fm,Phishing,mock_Mock_Data_01_08_2025.xlsx,-1
icici-lombard.la,Phishing,mock_Mock_Data_01_08_2025.xlsx,-1
icicudirect.co,Phishing,mock_Mock_Data_01_08_2025.xlsx,-1
icicidirect.me,Phishing,mock_Mock_Data_01_08_2025.xlsx,-1
icividirect.com,Phishing,mock_Mock_Data_01_08_2025.xlsx,-1
icicldirect.co,Phishing,mock_Mock_Data_01_08_2025.xlsx,-1
iclcidirect.co,Phishing,mock_Mock_Data_01_08_2025.xlsx,-1
ivicidirect.com,Phishing,mock_Mock_Data_01_08_2025.xlsx,-1
icicidireft.co,Phishing,mock_Mock_Data_01_08_2025.xlsx,-1
dsaicicibank.com,Phishing,mock_Mock_Data_01_08_2025.xlsx,-1
foreveryoung.recipes,Phishing,mock_Mock_Data_01_08_2025.xlsx,-1
qkns-icici-prod1-centralindia-01.regional.azure-api.net,Phishing,mock_Mock_Data_01_08_2025.xlsx,-1
qkns-icici-prod1.configuration.azure-api.net,Phishing,mock_Mock_Data_01_08_2025.xlsx,-1
icicilombardgeneral.com,Phishing,mock_Mock_Data_01_08_2025.xlsx,2037
qkns-icici-prod1.management.azure-api.net,Phishing,mock_Mock_Data_01_08_2025.xlsx,-1
qkns-icici-prod1.portal.azure-api.net,Phishing,mock_Mock_Data_01_08_2025.xlsx,-1
qkns-icici-prod1.scm.azure-api.net,Phishing,mock_Mock_Data_01_08_2025.xlsx,-1
qkns-icici-prod1.unique.azure-api.net,Phishing,mock_Mock_Data_01_08_2025.xlsx,-1
qkns-icici-prod1.unique.developer.azure-api.net,Phishing,mock_Mock_Data_01_08_2025.xlsx,-1
eiciciportal.loginsupport.in,Phishing,mock_Mock_Data_01_08_2025.xlsx,1240
universal-api-dot-icicibank-c4m.appspot.com,Phishing,mock_Mock_Data_01_08_2025.xlsx,-1
icicibankconnect.co,Phishing,mock_Mock_Data_01_08_2025.xlsx,2177
icicilombardoverseastravelinsurance.ooo,Phishing,mock_Mock_Data_01_08_2025.xlsx,1750
icicilombard24x7.ooo,Phishing,mock_Mock_Data_01_08_2025.xlsx,1750
icicibankonnect.in,Phishing,mock_Mock_Data_01_08_2025.xlsx,2177
icici.cc,Phishing,mock_Mock_Data_01_08_2025.xlsx,1031
icici.manjusree.com,Phishing,mock_Mock_Data_01_08_2025.xlsx,-1
icicibanksales.com,Phishing,mock_Mock_Data_01_08_2025.xlsx,258
icicihfc.foxboxrewards.com,Phishing,mock_Mock_Data_01_08_2025.xlsx,-1
icicibanknet.com,Phishing,mock_Mock_Data_01_08_2025.xlsx,-1
icicibankpaytm.com,Phishing,mock_Mock_Data_01_08_2025.xlsx,-1
icicibank.bo,Phishing,mock_Mock_Data_01_08_2025.xlsx,-1
hussam22icici.website,Phishing,mock_Mock_Data_01_08_2025.xlsx,-1
icicicorporatebanking.co.in,Phishing,mock_Mock_Data_01_08_2025.xlsx,-1
encryption-icicibank.snnhbdwfk.ru,Phishing,mock_Mock_Data_01_08_2025.xlsx,-1
icicimaster.kittybloger.strutlearning.com,Phishing,mock_Mock_Data_01_08_2025.xlsx,-1
icicibank.cardservice.in,Phishing,mock_Mock_Data_01_08_2025.xlsx,-1
cicibnk.online,Phishing,mock_Mock_Data_01_08_2025.xlsx,-1
icicilombardtravel.com,Phishing,mock_Mock_Data_01_08_2025.xlsx,6616
icici.git.gitlab.git.git.winetrove.co.uk,Phishing,mock_Mock_Data_01_08_2025.xlsx,-1
icici.platinum.cc,Phishing,mock_Mock_Data_01_08_2025.xlsx,-1
icici.indiafilings.com,Phishing,mock_Mock_Data_01_08_2025.xlsx,-1
accounts.icici.eximfiles.io,Phishing,mock_Mock_Data_01_08_2025.xlsx,-1
icici.bankifsccode.finance,Phishing,mock_Mock_Data_01_08_2025.xlsx,-1
assets.icicibank.com.mcas.ms,Phishing,mock_Mock_Data_01_08_2025.xlsx,-1
assets.icicibank.com.admin-mcas.ms,Phishing,mock_Mock_Data_01_08_2025.xlsx,-1
icici-icici-stagingproxy.cloud.sitefinity.com,Phishing,mock_Mock_Data_01_08_2025.xlsx,-1
iciciservices.dspfastrecharge.com,Phishing,mock_Mock_Data_01_08_2025.xlsx,-1
bk.ciibank.de,Phishing,mock_Mock_Data_01_08_2025.xlsx,-1
icici.luxindustries.com,Phishing,mock_Mock_Data_01_08_2025.xlsx,-1
icici.fanz.in,Phishing,mock_Mock_Data_01_08_2025.xlsx,2014
icicibank-staging.kinokong.cc,Phishing,mock_Mock_Data_01_08_2025.xlsx,-1
howtoredeemicicicreditcardrewardpointsonline.ml,Phishing,mock_Mock_Data_01_08_2025.xlsx,-1
eest.in,Phishing,mock_Mock_Data_01_08_2025.xlsx,6269
www.surcation.com,Phishing,mock_Mock_Data_01_08_2025.xlsx,-1
icicit.cn,Phishing,mock_Mock_Data_01_08_2025.xlsx,2677
oticicith.ml,Phishing,mock_Mock_Data_01_08_2025.xlsx,-1
iscconline.com,Phishing,mock_Mock_Data_01_08_2025.xlsx,259
mobileicicibank.com,Phishing,mock_Mock_Data_01_08_2025.xlsx,-1
comicicidirect.com,Phishing,mock_Mock_Data_01_08_2025.xlsx,-1
iciciauction.com,Phishing,mock_Mock_Data_01_08_2025.xlsx,-1
icicit.net,Phishing,mock_Mock_Data_01_08_2025.xlsx,2677
icicivehichleinsurance.com,Phishing,mock_Mock_Data_01_08_2025.xlsx,-1
icicibankhyd.com,Phishing,mock_Mock_Data_01_08_2025.xlsx,-1
icibank.org,Phishing,mock_Mock_Data_01_08_2025.xlsx,-1
2icicibank.com,Phishing,mock_Mock_Data_01_08_2025.xlsx,-1
clicici.net,Phishing,mock_Mock_Data_01_08_2025.xlsx,2614
icicibank-vip.top,Phishing,mock_Mock_Data_01_08_2025.xlsx,259
icici.cn,Phishing,mock_Mock_Data_01_08_2025.xlsx,89
icicigroup.com.cn,Phishing,mock_Mock_Data_01_08_2025.xlsx,-1
icicigroup.cn,Phishing,mock_Mock_Data_01_08_2025.xlsx,-1
aicici.org,Phishing,mock_Mock_Data_01_08_2025.xlsx,2104
icicilombardmails.com,Phishing,mock_Mock_Data_01_08_2025.xlsx,2091
icici3a.xyz,Phishing,mock_Mock_Data_01_08_2025.xlsx,-1
icicismartcard.com,Phishing,mock_Mock_Data_01_08_2025.xlsx,-1
icicibankstatements.in,Phishing,mock_Mock_Data_01_08_2025.xlsx,-1
icicibank.infonity.com,Phishing,mock_Mock_Data_01_08_2025.xlsx,-1
iciciba.comk.com,Phishing,mock_Mock_Data_01_08_2025.xlsx,-1
icici.evolvewebinfo.in,Phishing,mock_Mock_Data_01_08_2025.xlsx,4323
icicibank.razorpa.com,Phishing,mock_Mock_Data_01_08_2025.xlsx,-1
icici.squareoffbots.com,Phishing,mock_Mock_Data_01_08_2025.xlsx,-1
icici.masterpay.pro,Phishing,mock_Mock_Data_01_08_2025.xlsx,-1
icici.gatisofttech.com,Phishing,mock_Mock_Data_01_08_2025.xlsx,-1
icicibank.dev.test4wd.com,Phishing,mock_Mock_Data_01_08_2025.xlsx,-1
icici.infomedha.in,Phishing,mock_Mock_Data_01_08_2025.xlsx,-1
icicibank.infomedha.in,Phishing,mock_Mock_Data_01_08_2025.xlsx,-1
icici.ariticapp.com,Phishing,mock_Mock_Data_01_08_2025.xlsx,-1
icici.nom.za,Phishing,mock_Mock_Data_01_08_2025.xlsx,-1
iciciadcampagin.dhanyogis.com,Phishing,mock_Mock_Data_01_08_2025.xlsx,-1
visiticici.com,Phishing,mock_Mock_Data_01_08_2025.xlsx,2628
nearshopicici.nearshopping.org,Phishing,mock_Mock_Data_01_08_2025.xlsx,-1
customercareicicibank.in,Phishing,mock_Mock_Data_01_08_2025.xlsx,-1
icicilombard.tw,Phishing,mock_Mock_Data_01_08_2025.xlsx,-1
cic-bank.com,Phishing,mock_Mock_Data_01_08_2025.xlsx,6897
mail-icicibank.co.in,Phishing,mock_Mock_Data_01_08_2025.xlsx,-1
cicicim.com,Phishing,mock_Mock_Data_01_08_2025.xlsx,1328
iciciloan.ubona.com,Phishing,mock_Mock_Data_01_08_2025.xlsx,-1
www.icicibank-staging.la2-univer.ru,Phishing,mock_Mock_Data_01_08_2025.xlsx,-1
icicibank.mytruebank.com,Phishing,mock_Mock_Data_01_08_2025.xlsx,-1
icicibankhome.in,Phishing,mock_Mock_Data_01_08_2025.xlsx,-1
icicibankindia.co.in,Phishing,mock_Mock_Data_01_08_2025.xlsx,-1
icici.pro,Phishing,mock_Mock_Data_01_08_2025.xlsx,-1
campaign-icicibanksmartech-54938-583899-16329857-raghavendra.dm,Phishing,mock_Mock_Data_01_08_2025.xlsx,-1
icicibankfinance.co.in,Phishing,mock_Mock_Data_01_08_2025.xlsx,-1
icicibank.solutions,Phishing,mock_Mock_Data_01_08_2025.xlsx,-1
vultrtechnologies.com,Phishing,mock_Mock_Data_01_08_2025.xlsx,2399
cappicicipi.my.id,Phishing,mock_Mock_Data_01_08_2025.xlsx,-1
gohighlevel.blog,Phishing,mock_Mock_Data_01_08_2025.xlsx,822
staging.cicd.iciciprulife.co,Phishing,mock_Mock_Data_01_08_2025.xlsx,-1
m.api.icicicdirect.com,Phishing,mock_Mock_Data_01_08_2025.xlsx,-1
ilmuse.icicilombard.co,Phishing,mock_Mock_Data_01_08_2025.xlsx,-1
test.ams.iciciprulife.co,Phishing,mock_Mock_Data_01_08_2025.xlsx,-1
diciciy.com,Phishing,mock_Mock_Data_01_08_2025.xlsx,421
icici.banklocationmaps.fr,Phishing,mock_Mock_Data_01_08_2025.xlsx,-1
ccbank.xyz,Phishing,mock_Mock_Data_01_08_2025.xlsx,-1
icici20241104.nbupaymentsvendorcerts.com,Phishing,mock_Mock_Data_01_08_2025.xlsx,-1
myicicilombard.zapto.xyz,Phishing,mock_Mock_Data_01_08_2025.xlsx,-1
obuk-api-iciciuk.macroiglobal.co.uk,Phishing,mock_Mock_Data_01_08_2025.xlsx,-1
icicibank.com.co,Phishing,mock_Mock_Data_01_08_2025.xlsx,417
icibank.in,Phishing,mock_Mock_Data_01_08_2025.xlsx,-1
icicilombard-smr.in.anandvanresidency.com,Phishing,mock_Mock_Data_01_08_2025.xlsx,-1
findresultsonline.com,Phishing,mock_Mock_Data_01_08_2025.xlsx,3343
icici.ttus.co.in,Phishing,mock_Mock_Data_01_08_2025.xlsx,-1
iyfbodn.com,Phishing,mock_Mock_Data_01_08_2025.xlsx,1995
icicipg.ms,Phishing,mock_Mock_Data_01_08_2025.xlsx,-1
payicici.royalstarglobaltrust.com,Phishing,mock_Mock_Data_01_08_2025.xlsx,-1
cicicici.direct.quickconnect.cn,Phishing,mock_Mock_Data_01_08_2025.xlsx,-1
ww25.careericici.com,Phishing,mock_Mock_Data_01_08_2025.xlsx,-1
www.myrewardscredit.in,Phishing,mock_Mock_Data_01_08_2025.xlsx,-1
icici.next.co.in,Phishing,mock_Mock_Data_01_08_2025.xlsx,1039
cicici.us.kg,Phishing,mock_Mock_Data_01_08_2025.xlsx,-1
icici-retail.hod.life,Phishing,mock_Mock_Data_01_08_2025.xlsx,-1
test.app.icicibamk.com,Phishing,mock_Mock_Data_01_08_2025.xlsx,-1
ww17.api.icicibamk.com,Phishing,mock_Mock_Data_01_08_2025.xlsx,-1
dev.admin.iciciproperties.com,Phishing,mock_Mock_Data_01_08_2025.xlsx,-1
gisinfotech.net,Phishing,mock_Mock_Data_01_08_2025.xlsx,-1
cicici.autocode.gg,Phishing,mock_Mock_Data_01_08_2025.xlsx,-1
cicicicicici.direct.quickconnect.to,Phishing,mock_Mock_Data_01_08_2025.xlsx,4481
icici.dsi.dev,Phishing,mock_Mock_Data_01_08_2025.xlsx,-1
fficici.payuat.com,Phishing,mock_Mock_Data_01_08_2025.xlsx,-1
returnicici.qtechsoftware.com,Phishing,mock_Mock_Data_01_08_2025.xlsx,-1
tmcicici.com,Phishing,mock_Mock_Data_01_08_2025.xlsx,1076
beicicimagto.ml,Phishing,mock_Mock_Data_01_08_2025.xlsx,-1
rewardsclaim.in,Phishing,mock_Mock_Data_01_08_2025.xlsx,327
icicidirect.blogspot.tw,Phishing,mock_Mock_Data_01_08_2025.xlsx,-1
icici-upi.1automations.com,Phishing,mock_Mock_Data_01_08_2025.xlsx,-1
icicibank.career.ca,Phishing,mock_Mock_Data_01_08_2025.xlsx,-1
icici.billingbooster.com,Phishing,mock_Mock_Data_01_08_2025.xlsx,-1
icici.storyloyalty.com,Phishing,mock_Mock_Data_01_08_2025.xlsx,-1
icicihealth.com,Phishing,mock_Mock_Data_01_08_2025.xlsx,673
hostmaster.icicicareer.com,Phishing,mock_Mock_Data_01_08_2025.xlsx,-1
icici.digitify.app,Phishing,mock_Mock_Data_01_08_2025.xlsx,-1
ucjdficicibank3820.molly.gpinfo.eu,Phishing,mock_Mock_Data_01_08_2025.xlsx,-1
icicibankltd.masterjp-thebest.shop,Phishing,mock_Mock_Data_01_08_2025.xlsx,-1
icici.banklocationmaps.in,Phishing,mock_Mock_Data_01_08_2025.xlsx,-1
icici.bank.cariar.com,Phishing,mock_Mock_Data_01_08_2025.xlsx,-1
icici-share-login.loginiiportal.com,Phishing,mock_Mock_Data_01_08_2025.xlsx,-1
ww11.icicibankbizcircle.taolu.lol,Phishing,mock_Mock_Data_01_08_2025.xlsx,-1
icici.foudation.org,Phishing,mock_Mock_Data_01_08_2025.xlsx,-1
icici.com.es,Phishing,mock_Mock_Data_01_08_2025.xlsx,-1
icici-uat.goldbee.in,Phishing,mock_Mock_Data_01_08_2025.xlsx,977
icici.carer.com,Phishing,mock_Mock_Data_01_08_2025.xlsx,-1
icici.exam.org,Phishing,mock_Mock_Data_01_08_2025.xlsx,-1
icicibankk.cc,Phishing,mock_Mock_Data_01_08_2025.xlsx,275
icicibankclaimreward-icicibank.eservicemoi-govkw.com,Phishing,mock_Mock_Data_01_08_2025.xlsx,-1
icicisecurities.in-com.org,Phishing,mock_Mock_Data_01_08_2025.xlsx,-1
icicibankltd-my.sharepoint.com,Phishing,mock_Mock_Data_01_08_2025.xlsx,-1
icicibankltd.sharepoint.com,Phishing,mock_Mock_Data_01_08_2025.xlsx,-1
campaign-icicibanksmartech-54938-581889-53729628-dayanand.th,Phishing,mock_Mock_Data_01_08_2025.xlsx,-1
campaign-icicibanksmartech-54938-581889-16329857-raghavendra.dm,Phishing,mock_Mock_Data_01_08_2025.xlsx,-1
icicibank.om,Phishing,mock_Mock_Data_01_08_2025.xlsx,-1
api.abha.iciciprulife.co,Phishing,mock_Mock_Data_01_08_2025.xlsx,-1
icicibank-staging.govjobfinder.com,Phishing,mock_Mock_Data_01_08_2025.xlsx,-1
icicibank.c1neon.com,Phishing,mock_Mock_Data_01_08_2025.xlsx,-1
icicilifeinsurance.com,Phishing,mock_Mock_Data_01_08_2025.xlsx,233
icici-api.complyment.com,Phishing,mock_Mock_Data_01_08_2025.xlsx,-1
iciciapi.omnistrate.com,Phishing,mock_Mock_Data_01_08_2025.xlsx,-1
iciciservices.shristype.com,Phishing,mock_Mock_Data_01_08_2025.xlsx,-1
iciciservices.takeitec.in,Phishing,mock_Mock_Data_01_08_2025.xlsx,4175
iciciservices.extraincome.org.in,Phishing,mock_Mock_Data_01_08_2025.xlsx,2078
iciciservices.trusteasy.in,Phishing,mock_Mock_Data_01_08_2025.xlsx,-1
icicidirects.co,Phishing,mock_Mock_Data_01_08_2025.xlsx,-1
icicitrading.co,Phishing,mock_Mock_Data_01_08_2025.xlsx,-1
icici.qdegrees.com,Phishing,mock_Mock_Data_01_08_2025.xlsx,-1
iciciservices.otavamnr.co,Phishing,mock_Mock_Data_01_08_2025.xlsx,-1
icicinri.com,Phishing,mock_Mock_Data_01_08_2025.xlsx,-1
icicitoken.ledgers.cloud,Phishing,mock_Mock_Data_01_08_2025.xlsx,3167
icici.carrer.in,Phishing,mock_Mock_Data_01_08_2025.xlsx,4240
icicibank.fbmlive.com,Phishing,mock_Mock_Data_01_08_2025.xlsx,-1
icici.woho.in,Phishing,mock_Mock_Data_01_08_2025.xlsx,1874
icicibank.carreer.com,Phishing,mock_Mock_Data_01_08_2025.xlsx,-1
icicifake.000webhostapp.com,Phishing,mock_Mock_Data_01_08_2025.xlsx,-1
icicipru.amc.in,Phishing,mock_Mock_Data_01_08_2025.xlsx,2505
iciciint.cubehighways.com,Phishing,mock_Mock_Data_01_08_2025.xlsx,-1
icicicj.shop,Phishing,mock_Mock_Data_01_08_2025.xlsx,-1
api-admin-icici-bap-preprod.bharatvyapaar.com,Phishing,mock_Mock_Data_01_08_2025.xlsx,-1
iciciprulife-evl.onignio.com,Phishing,mock_Mock_Data_01_08_2025.xlsx,-1
it.icici.asset.com,Phishing,mock_Mock_Data_01_08_2025.xlsx,-1
icicipru.co,Phishing,mock_Mock_Data_01_08_2025.xlsx,-1
icici.birect.com,Phishing,mock_Mock_Data_01_08_2025.xlsx,-1
icicibank.giftz.ai,Phishing,mock_Mock_Data_01_08_2025.xlsx,-1
icicihdfc.com,Phishing,mock_Mock_Data_01_08_2025.xlsx,262
foreveryoung.enterprises,Phishing,mock_Mock_Data_01_08_2025.xlsx,-1
foreveryoung.luxury,Phishing,mock_Mock_Data_01_08_2025.xlsx,263
foreveryoungrp.com,Phishing,mock_Mock_Data_01_08_2025.xlsx,263
cs-iciciprulife.com,Phishing,mock_Mock_Data_01_08_2025.xlsx,264
www.my.bicici.com,Phishing,mock_Mock_Data_01_08_2025.xlsx,-1
ww51.icicicibank.com,Phishing,mock_Mock_Data_01_08_2025.xlsx,-1
add.icicici.com,Phishing,mock_Mock_Data_01_08_2025.xlsx,-1
www.ww.icicidirct.com,Phishing,mock_Mock_Data_01_08_2025.xlsx,-1
content.icicidirect.co,Phishing,mock_Mock_Data_01_08_2025.xlsx,-1
kaanficici.com,Phishing,mock_Mock_Data_01_08_2025.xlsx,-1
ww38.icicibankcareer.xyz,Phishing,mock_Mock_Data_01_08_2025.xlsx,-1
ww38.icicibankpersonalloan.xyz,Phishing,mock_Mock_Data_01_08_2025.xlsx,-1
www.app.icicibankcreditcard.com,Phishing,mock_Mock_Data_01_08_2025.xlsx,-1
hostmaster.www.icicibankcreditcard.com,Phishing,mock_Mock_Data_01_08_2025.xlsx,-1
www.in.icicibankcreditcard.com,Phishing,mock_Mock_Data_01_08_2025.xlsx,-1
www.old.icicibankcreditcard.com,Phishing,mock_Mock_Data_01_08_2025.xlsx,-1
www.www.metric.icicibankcreditcard.com,Phishing,mock_Mock_Data_01_08_2025.xlsx,-1
www.icicibank.icicilombart.com,Phishing,mock_Mock_Data_01_08_2025.xlsx,-1
forums.icicibankcreditcard.com,Phishing,mock_Mock_Data_01_08_2025.xlsx,-1
reports.icicibankcreditcard.com,Phishing,mock_Mock_Data_01_08_2025.xlsx,-1
mail.icicibankco.com,Phishing,mock_Mock_Data_01_08_2025.xlsx,-1
catalog.eazypayicicibank.com,Phishing,mock_Mock_Data_01_08_2025.xlsx,-1
checkmypersonalloanstatusicicibank.com.cialisonla.com,Phishing,mock_Mock_Data_01_08_2025.xlsx,-1
ebrubicici.com,Phishing,mock_Mock_Data_01_08_2025.xlsx,-1
admin.wwwicicibank.com,Phishing,mock_Mock_Data_01_08_2025.xlsx,-1
icicibank.comndeed.com,Phishing,mock_Mock_Data_01_08_2025.xlsx,-1
acqweb.icicicibank.com,Phishing,mock_Mock_Data_01_08_2025.xlsx,-1
eazypayapp.icicibnk.com,Phishing,mock_Mock_Data_01_08_2025.xlsx,-1
icicidirectn.co,Phishing,mock_Mock_Data_01_08_2025.xlsx,-1
icicibankonnect.co,Phishing,mock_Mock_Data_01_08_2025.xlsx,2177
icicibank.newsfeedsmartapps.com,Phishing,mock_Mock_Data_01_08_2025.xlsx,-1
icicibankkonnect.co,Phishing,mock_Mock_Data_01_08_2025.xlsx,2177
icicibankbizcircle.rawranked.com,Phishing,mock_Mock_Data_01_08_2025.xlsx,-1
ns.icicidirectlogin.com,Phishing,mock_Mock_Data_01_08_2025.xlsx,-1
eazypay.icicibak.com,Phishing,mock_Mock_Data_01_08_2025.xlsx,-1
yoginicici.com,Phishing,mock_Mock_Data_01_08_2025.xlsx,1338
ww16.dns1.icicibank.sbs,Phishing,mock_Mock_Data_01_08_2025.xlsx,-1
icicibank.flatworldrewards.com,Phishing,mock_Mock_Data_01_08_2025.xlsx,-1
www.icicibank.comflowise.symptomsoflowoxygen.site,Phishing,mock_Mock_Data_01_08_2025.xlsx,-1
aiadvantage.info,Phishing,mock_Mock_Data_01_08_2025.xlsx,-1
moneyworld.top,Phishing,mock_Mock_Data_01_08_2025.xlsx,265
icicenter.org,Phishing,mock_Mock_Data_01_08_2025.xlsx,265
cclcinvestments.com,Phishing,mock_Mock_Data_01_08_2025.xlsx,267
rewardsicici.com,Phishing,mock_Mock_Data_01_08_2025.xlsx,267
icicibank.io,Phishing,mock_Mock_Data_01_08_2025.xlsx,270
clclcl.cloud,Phishing,mock_Mock_Data_01_08_2025.xlsx,-1
lclcldd.org,Phishing,mock_Mock_Data_01_08_2025.xlsx,270
icicl.icu,Phishing,mock_Mock_Data_01_08_2025.xlsx,272
moneymeals.app,Phishing,mock_Mock_Data_01_08_2025.xlsx,-1
icicnsg.com,Phishing,mock_Mock_Data_01_08_2025.xlsx,273
cicifinance.com,Phishing,mock_Mock_Data_01_08_2025.xlsx,273
seconline.com,Phishing,mock_Mock_Data_01_08_2025.xlsx,2114
ecicsinsurance.com,Phishing,mock_Mock_Data_01_08_2025.xlsx,273
iciciservices.online,Phishing,mock_Mock_Data_01_08_2025.xlsx,273
icicicareers.cloud,Phishing,mock_Mock_Data_01_08_2025.xlsx,273
foreveryong.lat,Phishing,mock_Mock_Data_01_08_2025.xlsx,-1
lclclcklc.xyz,Phishing,mock_Mock_Data_01_08_2025.xlsx,280
beattheheat.asia,Phishing,mock_Mock_Data_01_08_2025.xlsx,276
mekicici.fun,Phishing,mock_Mock_Data_01_08_2025.xlsx,277
sotericicients.shop,Phishing,mock_Mock_Data_01_08_2025.xlsx,-1
moneyworld.money,Phishing,mock_Mock_Data_01_08_2025.xlsx,-1
ww17.dashboards.icicicdirect.com,Phishing,mock_Mock_Data_01_08_2025.xlsx,-1
icici.icicilombart.com,Phishing,mock_Mock_Data_01_08_2025.xlsx,-1
icicibankgames.byethost.com,Phishing,mock_Mock_Data_01_08_2025.xlsx,-1
icicibanklearn.byethost.com,Phishing,mock_Mock_Data_01_08_2025.xlsx,-1
banklearn.blogspot.com,Phishing,mock_Mock_Data_01_08_2025.xlsx,-1
banklearn.byethost.com,Phishing,mock_Mock_Data_01_08_2025.xlsx,-1
57e0d8d2686c.dms.iciciprulife.co,Phishing,mock_Mock_Data_01_08_2025.xlsx,-1
57e0d8d2686c.healthclaims.iciciprulife.co,Phishing,mock_Mock_Data_01_08_2025.xlsx,-1
57e0d8d2686c.shikhileexed.iciciprulife.co,Phishing,mock_Mock_Data_01_08_2025.xlsx,-1
icicinribanking.byethost.com,Phishing,mock_Mock_Data_01_08_2025.xlsx,-1
icicibankfinancial.byethost.com,Phishing,mock_Mock_Data_01_08_2025.xlsx,-1
icicifinancial.byethost.com,Phishing,mock_Mock_Data_01_08_2025.xlsx,-1
iciciinsure.byethost.com,Phishing,mock_Mock_Data_01_08_2025.xlsx,-1
icicibankinsure.byethost.com,Phishing,mock_Mock_Data_01_08_2025.xlsx,-1
lclc1bank.byethost.com,Phishing,mock_Mock_Data_01_08_2025.xlsx,-1
lclcibank.byethost.com,Phishing,mock_Mock_Data_01_08_2025.xlsx,-1
icicitwowheelerloans.byethost.com,Phishing,mock_Mock_Data_01_08_2025.xlsx,-1
icicifunding.byethost.com,Phishing,mock_Mock_Data_01_08_2025.xlsx,-1
iciciassets.byethost.com,Phishing,mock_Mock_Data_01_08_2025.xlsx,-1
icicifund.byethost.com,Phishing,mock_Mock_Data_01_08_2025.xlsx,-1
icicistocks.byethost.com,Phishing,mock_Mock_Data_01_08_2025.xlsx,-1
icicibankstocks.byethost.com,Phishing,mock_Mock_Data_01_08_2025.xlsx,-1
icicibankcarinsurance.byethost.com,Phishing,mock_Mock_Data_01_08_2025.xlsx,-1
icicibankconsumerfinance.byethost.com,Phishing,mock_Mock_Data_01_08_2025.xlsx,-1
icicismartloans.byethost.com,Phishing,mock_Mock_Data_01_08_2025.xlsx,-1
icicibankcapitalmarkets.byethost.com,Phishing,mock_Mock_Data_01_08_2025.xlsx,-1
icicibankiplay.byethost.com,Phishing,mock_Mock_Data_01_08_2025.xlsx,-1
icicibankinstantgoldloan.byethost.com,Phishing,mock_Mock_Data_01_08_2025.xlsx,-1
icicibankflexicash.byethost.com,Phishing,mock_Mock_Data_01_08_2025.xlsx,-1
icicibankfdi.byethost.com,Phishing,mock_Mock_Data_01_08_2025.xlsx,-1
iciciholdinglimited.byethost.com,Phishing,mock_Mock_Data_01_08_2025.xlsx,-1
iciciholdingslimited.byethost.com,Phishing,mock_Mock_Data_01_08_2025.xlsx,-1
iciciholdingsltd.byethost.com,Phishing,mock_Mock_Data_01_08_2025.xlsx,-1
icicibankholding.byethost.com,Phishing,mock_Mock_Data_01_08_2025.xlsx,-1
icicibankholdings.byethost.com,Phishing,mock_Mock_Data_01_08_2025.xlsx,-1
iciciholdings.byethost.com,Phishing,mock_Mock_Data_01_08_2025.xlsx,-1
icicitrust.byethost.com,Phishing,mock_Mock_Data_01_08_2025.xlsx,-1
icicbnk.byethost.com,Phishing,mock_Mock_Data_01_08_2025.xlsx,-1
icicibnk.byethost.com,Phishing,mock_Mock_Data_01_08_2025.xlsx,-1
icicifundings.byethost.com,Phishing,mock_Mock_Data_01_08_2025.xlsx,-1
icicigroupcompanies.byethost.com,Phishing,mock_Mock_Data_01_08_2025.xlsx,-1
pruicicilife.byethost.com,Phishing,mock_Mock_Data_01_08_2025.xlsx,-1
icicibank.byethost.com,Phishing,mock_Mock_Data_01_08_2025.xlsx,-1
icicilbank.cc,Phishing,mock_Mock_Data_01_08_2025.xlsx,282
icicisky.com,Phishing,mock_Mock_Data_01_08_2025.xlsx,281
simplexins.com,Phishing,mock_Mock_Data_01_08_2025.xlsx,-1
icicibcsk.blog,Phishing,mock_Mock_Data_01_08_2025.xlsx,-1
electrica-bicicileta-br11.sbs,Phishing,mock_Mock_Data_01_08_2025.xlsx,303
isliciciea.shop,Phishing,mock_Mock_Data_01_08_2025.xlsx,-1
icicibonka.sbs,Phishing,mock_Mock_Data_01_08_2025.xlsx,319
radicicircolari.org,Phishing,mock_Mock_Data_01_08_2025.xlsx,326
radicicircolari.bio,Phishing,mock_Mock_Data_01_08_2025.xlsx,-1
iciciibank.cc,Phishing,mock_Mock_Data_01_08_2025.xlsx,-1
ffsandusr0vcarduaticicibank.ngo.za,Phishing,mock_Mock_Data_01_08_2025.xlsx,-1
icicilbank.bond,Phishing,mock_Mock_Data_01_08_2025.xlsx,-1
icicibankltd.karimnagarlive.in,Phishing,mock_Mock_Data_01_08_2025.xlsx,-1
icicibankbg.help.org,Phishing,mock_Mock_Data_01_08_2025.xlsx,-1
icicilibank.cc,Phishing,mock_Mock_Data_01_08_2025.xlsx,282
icbc-support.com,Phishing,mock_Mock_Data_01_08_2025.xlsx,282
ext.icicibnk.com,Phishing,mock_Mock_Data_01_08_2025.xlsx,-1
buy.icicibamk.com,Phishing,mock_Mock_Data_01_08_2025.xlsx,-1
crm.icicibamk.com,Phishing,mock_Mock_Data_01_08_2025.xlsx,-1
edbabhappy.icicibank.live,Phishing,mock_Mock_Data_01_08_2025.xlsx,-1
user.icici.de,Phishing,mock_Mock_Data_01_08_2025.xlsx,-1
icici-account.top,Phishing,mock_Mock_Data_01_08_2025.xlsx,-1
iccisupport.com,Phishing,mock_Mock_Data_01_08_2025.xlsx,-1
icicibankbg.help,Phishing,mock_Mock_Data_01_08_2025.xlsx,283
icicibankbg.top,Phishing,mock_Mock_Data_01_08_2025.xlsx,-1
ww38.icici.blog,Phishing,mock_Mock_Data_01_08_2025.xlsx,-1
iciciiibank.cc,Phishing,mock_Mock_Data_01_08_2025.xlsx,285
rd.icicibannk.com,Phishing,mock_Mock_Data_01_08_2025.xlsx,-1
iccgroup.partners,Phishing,mock_Mock_Data_01_08_2025.xlsx,-1
iciciinbank.sbs,Phishing,mock_Mock_Data_01_08_2025.xlsx,285
icicu.icu,Phishing,mock_Mock_Data_01_08_2025.xlsx,285
icic-gift.sbs,Phishing,mock_Mock_Data_01_08_2025.xlsx,-1
clclcls.site,Phishing,mock_Mock_Data_01_08_2025.xlsx,-1
ww38.random.iciciamc.com,Phishing,mock_Mock_Data_01_08_2025.xlsx,-1
licici.com,Phishing,mock_Mock_Data_01_08_2025.xlsx,287
icic-gift.cfd,Phishing,mock_Mock_Data_01_08_2025.xlsx,287
icicisupport.services,Phishing,mock_Mock_Data_01_08_2025.xlsx,-1
mx7.iciciprulife.co,Phishing,mock_Mock_Data_01_08_2025.xlsx,-1
icicibankiv.sbs,Phishing,mock_Mock_Data_01_08_2025.xlsx,-1
icicibankue.sbs,Phishing,mock_Mock_Data_01_08_2025.xlsx,-1
ww25.inzqdoapnext.icicibamk.com,Phishing,mock_Mock_Data_01_08_2025.xlsx,-1
money-world.online,Phishing,mock_Mock_Data_01_08_2025.xlsx,289
ww38.inprepaid.icicilogin.com,Phishing,mock_Mock_Data_01_08_2025.xlsx,-1
57e0d8d2686c.correo.iciciprulife.co,Phishing,mock_Mock_Data_01_08_2025.xlsx,-1
icici.carrers.com,Phishing,mock_Mock_Data_01_08_2025.xlsx,-1
57e0d8d2686c.remote.iciciprulife.co,Phishing,mock_Mock_Data_01_08_2025.xlsx,-1
oficicinati.it.com,Phishing,mock_Mock_Data_01_08_2025.xlsx,-1
icicestvrai.fr,Phishing,mock_Mock_Data_01_08_2025.xlsx,2181
icicarecrute.fr,Phishing,mock_Mock_Data_01_08_2025.xlsx,846
icicaplante.fr,Phishing,mock_Mock_Data_01_08_2025.xlsx,714
icicciaio.it,Phishing,mock_Mock_Data_01_08_2025.xlsx,497
eticicibebe.xxx,Phishing,mock_Mock_Data_01_08_2025.xlsx,5198
foreveryoung.cc,Phishing,mock_Mock_Data_01_08_2025.xlsx,43
foreveryoung.bio,Phishing,mock_Mock_Data_01_08_2025.xlsx,-1
icicibsnk.buzz,Phishing,mock_Mock_Data_01_08_2025.xlsx,-1
iciciaccount.top,Phishing,mock_Mock_Data_01_08_2025.xlsx,-1
icicibsnk.cfd,Phishing,mock_Mock_Data_01_08_2025.xlsx,-1
iciciaccount.cfd,Phishing,mock_Mock_Data_01_08_2025.xlsx,-1
icicibsnk.sbs,Phishing,mock_Mock_Data_01_08_2025.xlsx,-1
vpicicibank.com,Phishing,mock_Mock_Data_01_08_2025.xlsx,295
team-icicibank.com,Phishing,mock_Mock_Data_01_08_2025.xlsx,295
icicibankservices.com,Phishing,mock_Mock_Data_01_08_2025.xlsx,295
m.icici-bank.com,Phishing,mock_Mock_Data_01_08_2025.xlsx,-1
lclclc.lc,Phishing,mock_Mock_Data_01_08_2025.xlsx,-1
icici.autopay.co,Phishing,mock_Mock_Data_01_08_2025.xlsx,-1
icicbe.com,Phishing,mock_Mock_Data_01_08_2025.xlsx,298
iciholdings.com,Phishing,mock_Mock_Data_01_08_2025.xlsx,298
moneyworld.it.com,Phishing,mock_Mock_Data_01_08_2025.xlsx,-1
icbank-points.cfd,Phishing,mock_Mock_Data_01_08_2025.xlsx,299
iciholdings.online,Phishing,mock_Mock_Data_01_08_2025.xlsx,298
icici-prudential-mutualfund-dev.conspire.app,Phishing,mock_Mock_Data_01_08_2025.xlsx,-1
scsignatureliving.com,Phishing,mock_Mock_Data_01_08_2025.xlsx,300
8394bcb5-9c53-4215-b9c3-2c70b159ccfa.icici.de,Phishing,mock_Mock_Data_01_08_2025.xlsx,-1
iciciqiv.pages.dev,Phishing,mock_Mock_Data_01_08_2025.xlsx,-1
ww1.icicidierct.com,Phishing,mock_Mock_Data_01_08_2025.xlsx,-1
2084b156-25b2-4493-8565-c3a93c6a21ab.icicibank.live,Phishing,mock_Mock_Data_01_08_2025.xlsx,-1
cardsprotection.in,Phishing,mock_Mock_Data_01_08_2025.xlsx,-1
points-icici.sbs,Phishing,mock_Mock_Data_01_08_2025.xlsx,301
icici-linkpoint.sbs,Phishing,mock_Mock_Data_01_08_2025.xlsx,302
ww17.int.icicibamk.com,Phishing,mock_Mock_Data_01_08_2025.xlsx,-1
int.icicibamk.com,Phishing,mock_Mock_Data_01_08_2025.xlsx,-1
foreveryoung.click,Phishing,mock_Mock_Data_01_08_2025.xlsx,302
ww17.inrprepaid.icicibamk.com,Phishing,mock_Mock_Data_01_08_2025.xlsx,-1
ww25.bigdata.icicibamk.com,Phishing,mock_Mock_Data_01_08_2025.xlsx,-1
sitemap.secureicicidirect.com,Phishing,mock_Mock_Data_01_08_2025.xlsx,-1
ww25.service.icicibamk.com,Phishing,mock_Mock_Data_01_08_2025.xlsx,-1
ww25.fastagalogin.icicibamk.com,Phishing,mock_Mock_Data_01_08_2025.xlsx,-1
ww38.iihc.icicilomboard.com,Phishing,mock_Mock_Data_01_08_2025.xlsx,-1
account.icicisecurity.com,Phishing,mock_Mock_Data_01_08_2025.xlsx,-1
california.icicicdirect.com,Phishing,mock_Mock_Data_01_08_2025.xlsx,-1
ww38.i.icicilomboard.com,Phishing,mock_Mock_Data_01_08_2025.xlsx,-1
ww38.crm.icicilomboard.com,Phishing,mock_Mock_Data_01_08_2025.xlsx,-1
ww16.help.icicibamk.com,Phishing,mock_Mock_Data_01_08_2025.xlsx,-1
ww38.support.icicilomboard.com,Phishing,mock_Mock_Data_01_08_2025.xlsx,-1
ww38.demo.icicilomboard.com,Phishing,mock_Mock_Data_01_08_2025.xlsx,-1
ww38.dev.icicilomboard.com,Phishing,mock_Mock_Data_01_08_2025.xlsx,-1
ww25.staging.icicicdirect.com,Phishing,mock_Mock_Data_01_08_2025.xlsx,-1
ww38.sitemap.icicilomboard.com,Phishing,mock_Mock_Data_01_08_2025.xlsx,-1
ww38.administration.icicilomboard.com,Phishing,mock_Mock_Data_01_08_2025.xlsx,-1
ww38.user.icicilomboard.com,Phishing,mock_Mock_Data_01_08_2025.xlsx,-1
inrprepaid.icicibsnk.com,Phishing,mock_Mock_Data_01_08_2025.xlsx,-1
ww25.mobile.icicibamk.com,Phishing,mock_Mock_Data_01_08_2025.xlsx,-1
www.forum.icicicdirect.com,Phishing,mock_Mock_Data_01_08_2025.xlsx,-1
ww38.api.icicilomboard.com,Phishing,mock_Mock_Data_01_08_2025.xlsx,-1
ww38.icicilomboard.com,Phishing,mock_Mock_Data_01_08_2025.xlsx,-1
ww38.securesmtp.icicilomboard.com,Phishing,mock_Mock_Data_01_08_2025.xlsx,-1
ww38.smtp.icicilomboard.com,Phishing,mock_Mock_Data_01_08_2025.xlsx,-1
ww38.partner.icicilomboard.com,Phishing,mock_Mock_Data_01_08_2025.xlsx,-1
ww38.fastrack.icicilomboard.com,Phishing,mock_Mock_Data_01_08_2025.xlsx,-1
ww38.tickets.icicilomboard.com,Phishing,mock_Mock_Data_01_08_2025.xlsx,-1
ww25.collectionsapp.icicibamk.com,Phishing,mock_Mock_Data_01_08_2025.xlsx,-1
ww38.edison.icicilomboard.com,Phishing,mock_Mock_Data_01_08_2025.xlsx,-1
ww38.bi.icicilomboard.com,Phishing,mock_Mock_Data_01_08_2025.xlsx,-1
ww25.forum.icicicdirect.com,Phishing,mock_Mock_Data_01_08_2025.xlsx,-1
ww38.staging.icicilomboard.com,Phishing,mock_Mock_Data_01_08_2025.xlsx,-1
arcosdr.iciciprulife.co,Phishing,mock_Mock_Data_01_08_2025.xlsx,-1
ww25.autodiscover.icicilombard.co,Phishing,mock_Mock_Data_01_08_2025.xlsx,-1
ww17.fastaglogin.icicibamk.com,Phishing,mock_Mock_Data_01_08_2025.xlsx,-1
ww25.ww5.icicibamk.com,Phishing,mock_Mock_Data_01_08_2025.xlsx,-1
www.ilens.icicibamk.com,Phishing,mock_Mock_Data_01_08_2025.xlsx,-1
ww38.workflow.icicilomboard.com,Phishing,mock_Mock_Data_01_08_2025.xlsx,-1
ww25.notexistscollectionsapp.icicibamk.com,Phishing,mock_Mock_Data_01_08_2025.xlsx,-1
ww16.directlink.icicicdirect.com,Phishing,mock_Mock_Data_01_08_2025.xlsx,-1
ww17.help.icicibamk.com,Phishing,mock_Mock_Data_01_08_2025.xlsx,-1
ww25.backup.icicicdirect.com,Phishing,mock_Mock_Data_01_08_2025.xlsx,-1
ww25.log.icicibamk.com,Phishing,mock_Mock_Data_01_08_2025.xlsx,-1
ww38.nysa.iciciclombard.com,Phishing,mock_Mock_Data_01_08_2025.xlsx,-1
ww25.itasktrailportal.icicprulife.com,Phishing,mock_Mock_Data_01_08_2025.xlsx,-1
ww25.cmart.icicibamk.com,Phishing,mock_Mock_Data_01_08_2025.xlsx,-1
ww25.notexistsautodiscover.icicibamk.com,Phishing,mock_Mock_Data_01_08_2025.xlsx,-1
ww17.site1.icicibamk.com,Phishing,mock_Mock_Data_01_08_2025.xlsx,-1
ww16.shop.icicicdirect.com,Phishing,mock_Mock_Data_01_08_2025.xlsx,-1
ww38.uat.iciciclombard.com,Phishing,mock_Mock_Data_01_08_2025.xlsx,-1
vmsweb.icicibsnk.com,Phishing,mock_Mock_Data_01_08_2025.xlsx,-1
ww25.105e7afe-d35c-4f34-9773-887704acf9d1.icicibamk.com,Phishing,mock_Mock_Data_01_08_2025.xlsx,-1
vkyc.icicibannk.com,Phishing,mock_Mock_Data_01_08_2025.xlsx,-1
ww25.vpn.icicibamk.com,Phishing,mock_Mock_Data_01_08_2025.xlsx,-1
acqweb.icicibamk.com,Phishing,mock_Mock_Data_01_08_2025.xlsx,-1
ww16.help.icicicdirect.com,Phishing,mock_Mock_Data_01_08_2025.xlsx,-1
ww25.in.icicicdirect.com,Phishing,mock_Mock_Data_01_08_2025.xlsx,-1
ww25.forums.icicicdirect.com,Phishing,mock_Mock_Data_01_08_2025.xlsx,-1
ww17.demo.icicicdirect.com,Phishing,mock_Mock_Data_01_08_2025.xlsx,-1
ww25.temp.icicibamk.com,Phishing,mock_Mock_Data_01_08_2025.xlsx,-1
ww25.help.icicicdirect.com,Phishing,mock_Mock_Data_01_08_2025.xlsx,-1
ww17.wiki.icicibamk.com,Phishing,mock_Mock_Data_01_08_2025.xlsx,-1
ww17.icici.icicibamk.com,Phishing,mock_Mock_Data_01_08_2025.xlsx,-1
infinity.icicibbank.com,Phishing,mock_Mock_Data_01_08_2025.xlsx,-1
icicixltops.com,Phishing,mock_Mock_Data_01_08_2025.xlsx,335
www.safeicici.com.elite-investcapital.com,Phishing,mock_Mock_Data_01_08_2025.xlsx,-1
homeclub.shop,Phishing,mock_Mock_Data_01_08_2025.xlsx,-1
simplizi.fr,Phishing,mock_Mock_Data_01_08_2025.xlsx,306
icc-online.com,Phishing,mock_Mock_Data_01_08_2025.xlsx,305
foreveryoung.online,Phishing,mock_Mock_Data_01_08_2025.xlsx,305
icici-paylink.click,Phishing,mock_Mock_Data_01_08_2025.xlsx,306
icici-paylink.asia,Phishing,mock_Mock_Data_01_08_2025.xlsx,306
bkicici.com,Phishing,mock_Mock_Data_01_08_2025.xlsx,306
nclcinvestments.xyz,Phishing,mock_Mock_Data_01_08_2025.xlsx,307
icicibcxk.sbs,Phishing,mock_Mock_Data_01_08_2025.xlsx,-1
icic-oc.org,Phishing,mock_Mock_Data_01_08_2025.xlsx,-1
iciiinsurance.com,Phishing,mock_Mock_Data_01_08_2025.xlsx,307
icici.lat,Phishing,mock_Mock_Data_01_08_2025.xlsx,309
rnydaappdynamics.iciciprulife.co,Phishing,mock_Mock_Data_01_08_2025.xlsx,-1
imap2.iciciprulife.co,Phishing,mock_Mock_Data_01_08_2025.xlsx,-1
grsqlwebdisk.iciciprulife.co,Phishing,mock_Mock_Data_01_08_2025.xlsx,-1
57e0d8d2686c.mail10.iciciprulife.co,Phishing,mock_Mock_Data_01_08_2025.xlsx,-1
2df626a5-1a89-4150-92dd-eeaf90838345.random.iciciprulife.co,Phishing,mock_Mock_Data_01_08_2025.xlsx,-1
57e0d8d2686c.smx2.iciciprulife.co,Phishing,mock_Mock_Data_01_08_2025.xlsx,-1
57e0d8d2686c.notexistsrds1.iciciprulife.co,Phishing,mock_Mock_Data_01_08_2025.xlsx,-1
57e0d8d2686c.whatsapp.iciciprulife.co,Phishing,mock_Mock_Data_01_08_2025.xlsx,-1
4a17ec06-0f3f-4f59-b221-aa4f44d14059.random.iciciprulife.co,Phishing,mock_Mock_Data_01_08_2025.xlsx,-1
shop.icicibannk.com,Phishing,mock_Mock_Data_01_08_2025.xlsx,-1
ww25.3.icicibamk.com,Phishing,mock_Mock_Data_01_08_2025.xlsx,-1
ww25.dash.icicibamk.com,Phishing,mock_Mock_Data_01_08_2025.xlsx,-1
1c1c1c1c.xyz,Phishing,mock_Mock_Data_01_08_2025.xlsx,310
fasttaglogin.icicibannk.com,Phishing,mock_Mock_Data_01_08_2025.xlsx,-1
ww17.buy.icicibamk.com,Phishing,mock_Mock_Data_01_08_2025.xlsx,-1
www.icicigroup.shaerepoint.com,Phishing,mock_Mock_Data_01_08_2025.xlsx,-1
cemalcici.com,Phishing,mock_Mock_Data_01_08_2025.xlsx,312
janficici.com,Phishing,mock_Mock_Data_01_08_2025.xlsx,-1
cicbankfinance.com,Phishing,mock_Mock_Data_01_08_2025.xlsx,313
ww17.iviewnlbs.icicibamk.com,Phishing,mock_Mock_Data_01_08_2025.xlsx,-1
ww25.indtantforex.icicibamk.com,Phishing,mock_Mock_Data_01_08_2025.xlsx,-1
bentkkgntzww25.lead.icicibamk.com,Phishing,mock_Mock_Data_01_08_2025.xlsx,-1
ww25.easypaycollect.icicibamk.com,Phishing,mock_Mock_Data_01_08_2025.xlsx,-1
ww38.ext.icicibnk.com,Phishing,mock_Mock_Data_01_08_2025.xlsx,-1
icic-in.sbs,Phishing,mock_Mock_Data_01_08_2025.xlsx,226
www.bk-inc-1.xyz,Phishing,mock_Mock_Data_01_08_2025.xlsx,-1
bkinc1i.xyz,Phishing,mock_Mock_Data_01_08_2025.xlsx,-1
brkinc1s.xyz,Phishing,mock_Mock_Data_01_08_2025.xlsx,-1
icici-lms.gvmtechnologies.net,Phishing,mock_Mock_Data_01_08_2025.xlsx,-1
icici-securitiesgo.vip,Phishing,mock_Mock_Data_01_08_2025.xlsx,-1
13.232.20.241,Phishing,mock_Mock_Data_01_08_2025.xlsx,-1
indiapoinr.top,Phishing,mock_Mock_Data_01_08_2025.xlsx,-1
icpoinr.top,Phishing,mock_Mock_Data_01_08_2025.xlsx,-1
icic-in.icu,Phishing,mock_Mock_Data_01_08_2025.xlsx,-1
getyourgift.cfd,Phishing,mock_Mock_Data_01_08_2025.xlsx,259
iciciinsede.com,Phishing,mock_Mock_Data_01_08_2025.xlsx,-1
visagemstonecreditcards.attoinfotech.com,Phishing,mock_Mock_Data_01_08_2025.xlsx,-1
bkinc1y.xyz,Phishing,mock_Mock_Data_01_08_2025.xlsx,-1
bkinc1conline.xyz,Phishing,mock_Mock_Data_01_08_2025.xlsx,-1
inseebk1.xyz,Phishing,mock_Mock_Data_01_08_2025.xlsx,-1
inseebk.xyz,Phishing,mock_Mock_Data_01_08_2025.xlsx,-1
bkinseed1.xyz,Phishing,mock_Mock_Data_01_08_2025.xlsx,-1
bkinseed.xyz,Phishing,mock_Mock_Data_01_08_2025.xlsx,-1
iciciinseded.com,Phishing,mock_Mock_Data_01_08_2025.xlsx,-1
iciciinsedef.com,Phishing,mock_Mock_Data_01_08_2025.xlsx,-1
iciciinsedeb.com,Phishing,mock_Mock_Data_01_08_2025.xlsx,-1
iciciinsedes.com,Phishing,mock_Mock_Data_01_08_2025.xlsx,-1
iciciinsedee.com,Phishing,mock_Mock_Data_01_08_2025.xlsx,-1
icici-securitiesit.vip,Phishing,mock_Mock_Data_01_08_2025.xlsx,-1
icici-securitiesup.vip,Phishing,mock_Mock_Data_01_08_2025.xlsx,-1
icicistore.co.in,Phishing,mock_Mock_Data_01_08_2025.xlsx,236
icici-securitiesin.com,Phishing,mock_Mock_Data_01_08_2025.xlsx,-1
icici-securitiesit.com,Phishing,mock_Mock_Data_01_08_2025.xlsx,-1
icici-securitiesin.vip,Phishing,mock_Mock_Data_01_08_2025.xlsx,-1
icicibanksite.web.app,Phishing,mock_Mock_Data_01_08_2025.xlsx,-1
icicisecuritiesex.com,Phishing,mock_Mock_Data_01_08_2025.xlsx,-1
cardnetwork.in,Phishing,mock_Mock_Data_01_08_2025.xlsx,-1
icicisecuritiesin.com,Phishing,mock_Mock_Data_01_08_2025.xlsx,-1
icicisecuritiesindia.com,Phishing,mock_Mock_Data_01_08_2025.xlsx,-1
managemycardicici.in,Phishing,mock_Mock_Data_01_08_2025.xlsx,-1
icicistorepoint.in,Phishing,mock_Mock_Data_01_08_2025.xlsx,248
icici-securities.vip,Phishing,mock_Mock_Data_01_08_2025.xlsx,-1
icicservice.site,Phishing,mock_Mock_Data_01_08_2025.xlsx,-1
rewardspointicicibank.com,Phishing,mock_Mock_Data_01_08_2025.xlsx,257
icicilombard2024.samaaro.com,Phishing,mock_Mock_Data_01_08_2025.xlsx,-1
shopscnw77.github.io,Phishing,mock_Mock_Data_01_08_2025.xlsx,-1
icicilombard.nworx.app,Phishing,mock_Mock_Data_01_08_2025.xlsx,-1
icicloanservice.com,Phishing,mock_Mock_Data_01_08_2025.xlsx,266
redeemmyclaim.in,Phishing,mock_Mock_Data_01_08_2025.xlsx,265
icicibank-9020.zendesk.com,Phishing,mock_Mock_Data_01_08_2025.xlsx,-1
rewardsmyclaim.in,Phishing,mock_Mock_Data_01_08_2025.xlsx,273
icicidirect.willjini.com,Phishing,mock_Mock_Data_01_08_2025.xlsx,-1
servicescard.online,Phishing,mock_Mock_Data_01_08_2025.xlsx,-1
cardprotections.info,Phishing,mock_Mock_Data_01_08_2025.xlsx,-1
redeemspoints.in,Phishing,mock_Mock_Data_01_08_2025.xlsx,292
icici.mycardcare.in,Phishing,mock_Mock_Data_01_08_2025.xlsx,299
cpservice.online,Phishing,mock_Mock_Data_01_08_2025.xlsx,-1
icireward.com,Phishing,mock_Mock_Data_01_08_2025.xlsx,298
redeemsclaims.in,Phishing,mock_Mock_Data_01_08_2025.xlsx,298
redeemclaims.in,Phishing,mock_Mock_Data_01_08_2025.xlsx,298
rewardclaimapp.com,Phishing,mock_Mock_Data_01_08_2025.xlsx,356
www.pysdru.com,Phishing,mock_Mock_Data_01_08_2025.xlsx,-1
mycardbenifit.in,Phishing,mock_Mock_Data_01_08_2025.xlsx,-1
cppcard.online,Phishing,mock_Mock_Data_01_08_2025.xlsx,-1
icicirewardstore.com,Phishing,mock_Mock_Data_01_08_2025.xlsx,303
3e92692b-1692-43e1-a5a6-35313752fa49-00-wrefxn3i7fuk.pike.replit.dev,Phishing,mock_Mock_Data_01_08_2025.xlsx,-1
7ddccc4d-f6cb-4b23-ba8f-804627443bbf-00-3jlytvolrbk4u.pike.replit.dev,Phishing,mock_Mock_Data_01_08_2025.xlsx,-1
mycardsapp.in,Phishing,mock_Mock_Data_01_08_2025.xlsx,305
icicirewardonline.com,Phishing,mock_Mock_Data_01_08_2025.xlsx,306
www.krtdsr.com,Phishing,mock_Mock_Data_01_08_2025.xlsx,-1
81a8e64d-58d2-4d79-aff3-19ac624b530b-00-1nhchjvgh7knk.sisko.replit.dev,Phishing,mock_Mock_Data_01_08_2025.xlsx,-1
rewardicici.com,Phishing,mock_Mock_Data_01_08_2025.xlsx,309
applyonline-sarvise.online,Phishing,mock_Mock_Data_01_08_2025.xlsx,-1
icicireward.com,Phishing,mock_Mock_Data_01_08_2025.xlsx,313
iciccbevk.shop,Phishing,mock_Mock_Data_01_08_2025.xlsx,-1
airtel8k.xyz,Suspected,mock_Mock_Data_01_08_2025.xlsx,224
airtelconnect.in,Suspected,mock_Mock_Data_01_08_2025.xlsx,-1
hrteam@airtelcareer.in,Phishing,mock_Mock_Data_03_09_2025.xlsx,-1
no-reply@ezweb.ne.jp,Phishing,mock_Mock_Data_03_09_2025.xlsx,-1
jaimemartin@eprosima.com,Phishing,mock_Mock_Data_03_09_2025.xlsx,-1
hr_general_announcement_kftb4tsvoqznmgs=mgomez@intelnt.com,Phishing,mock_Mock_Data_03_09_2025.xlsx,-1
noreply@elatihsupport.hrdcorp.gov.my,Phishing,mock_Mock_Data_03_09_2025.xlsx,-1
mateo.alandia@presidencia.gob.bo,Phishing,mock_Mock_Data_03_09_2025.xlsx,-1
joliver@ofgpr.com,Phishing,mock_Mock_Data_03_09_2025.xlsx,-1
ghendry1@wbhsi.net,Phishing,mock_Mock_Data_03_09_2025.xlsx,-1
billing@kh1-solutions.net,Phishing,mock_Mock_Data_03_09_2025.xlsx,-1
ricardo@timcoconstructioninc.com,Phishing,mock_Mock_Data_03_09_2025.xlsx,-1
copterdrummer@virginmedia.com,Phishing,mock_Mock_Data_03_09_2025.xlsx,-1
police.com.in.gov33@officereportcrime.org,Phishing,mock_Mock_Data_03_09_2025.xlsx,-1
jade-kuester81@carpetcleaningbirmingham.biz,Phishing,mock_Mock_Data_03_09_2025.xlsx,-1
mrityunjoy.sarkar@peregrine-security.com,Phishing,mock_Mock_Data_03_09_2025.xlsx,-1
j27558472@gmail.com,Phishing,mock_Mock_Data_03_09_2025.xlsx,-1
sandrakate10033@gmail.com,Phishing,mock_Mock_Data_03_09_2025.xlsx,-1
www.facebook.com,Phishing,mock_Mock_Data_03_09_2025.xlsx,-1
x.com,Phishing,mock_Mock_Data_03_09_2025.xlsx,12030
t.me,Phishing,mock_Mock_Data_03_09_2025.xlsx,5773
www.instagram.com,Phishing,mock_Mock_Data_03_09_2025.xlsx,-1
apkrabi.com,Phishing,mock_Mock_Data_03_09_2025.xlsx,1433
d6fe0c069739d00222f181d0889b613a.serveo.net,Suspected,mock_Mock_Data_03_09_2025.xlsx,-1
b8f277738070d157a98d353037639c04.serveo.net,Suspected,mock_Mock_Data_03_09_2025.xlsx,-1
6c420d4c1db95737fab2efc94a340afd.serveo.net,Suspected,mock_Mock_Data_03_09_2025.xlsx,-1
dc.crsorgi.gov.in.crs.vlewcert.info,Suspected,mock_Mock_Data_03_09_2025.xlsx,-1
dc.crsorgi.gov.in.web.verfy.in,Suspected,mock_Mock_Data_03_09_2025.xlsx,612
bestportal.solutions,Phishing,mock_Mock_Data_03_09_2025.xlsx,-1
www.dc.crsorgi.web.index.govien.shop,Suspected,mock_Mock_Data_03_09_2025.xlsx,-1
www.d.ve-vr.xyz,Suspected,mock_Mock_Data_03_09_2025.xlsx,-1
www.dc.crsorgi.gov.in.verfi.co.in,Suspected,mock_Mock_Data_03_09_2025.xlsx,223
cashkhelo.xyz,Phishing,mock_Mock_Data_03_09_2025.xlsx,240
sbi-front.vercel.app,Suspected,mock_Mock_Data_04_08_2025.xlsx,-1
sbi-site.vercel.app,Suspected,mock_Mock_Data_04_08_2025.xlsx,-1
hdfc-beige.vercel.app,Suspected,mock_Mock_Data_04_08_2025.xlsx,-1
sbi-yono.pages.dev,Suspected,mock_Mock_Data_04_08_2025.xlsx,-1
sbicreditcard4.pages.dev,Suspected,mock_Mock_Data_04_08_2025.xlsx,-1
sbicreditcard6.pages.dev,Suspected,mock_Mock_Data_04_08_2025.xlsx,-1
hdfc.pages.dev,Suspected,mock_Mock_Data_04_08_2025.xlsx,-1
hdfcbank.pages.dev,Suspected,mock_Mock_Data_04_08_2025.xlsx,-1
hdfcbankregalia.pages.dev,Suspected,mock_Mock_Data_04_08_2025.xlsx,-1
hdfrewards.pages.dev,Suspected,mock_Mock_Data_04_08_2025.xlsx,-1
rewardshdfc.pages.dev,Suspected,mock_Mock_Data_04_08_2025.xlsx,-1
online-hdfc-card.pages.dev,Suspected,mock_Mock_Data_04_08_2025.xlsx,-1
online-hdfckyc.pages.dev,Suspected,mock_Mock_Data_04_08_2025.xlsx,-1
rewardshdfcapk.pages.dev,Suspected,mock_Mock_Data_04_08_2025.xlsx,-1
cicici.pages.dev,Suspected,mock_Mock_Data_04_08_2025.xlsx,-1
icicibank-netbanking.pages.dev,Suspected,mock_Mock_Data_04_08_2025.xlsx,-1
icicilombard.pages.dev,Suspected,mock_Mock_Data_04_08_2025.xlsx,-1
online-icici-net.pages.dev,Suspected,mock_Mock_Data_04_08_2025.xlsx,-1
online-icicikyc.pages.dev,Suspected,mock_Mock_Data_04_08_2025.xlsx,-1
onlinicicikyc.pages.dev,Suspected,mock_Mock_Data_04_08_2025.xlsx,-1
bobfinancials.in,Phishing,mock_Mock_Data_04_08_2025.xlsx,-1
ww16.bankofbarodashare.life,Phishing,mock_Mock_Data_04_08_2025.xlsx,-1
bobcrd.online,Phishing,mock_Mock_Data_04_08_2025.xlsx,-1
bankofbaroda.prod.paymentstogo.net,Phishing,mock_Mock_Data_04_08_2025.xlsx,-1
bankofbaroda.shop,Phishing,mock_Mock_Data_04_08_2025.xlsx,-1
bankofbaroda-gs.uat.paymentstogo.net,Phishing,mock_Mock_Data_04_08_2025.xlsx,-1
bankofbaroda.uat.paymentstogo.net,Phishing,mock_Mock_Data_04_08_2025.xlsx,-1
www.wildcard.bankofbarodauae.org,Phishing,mock_Mock_Data_04_08_2025.xlsx,-1
bankofbaroda.carrer.com,Phishing,mock_Mock_Data_04_08_2025.xlsx,-1
banikofbaroda.com,Phishing,mock_Mock_Data_05_08_2025.xlsx,222
bobb.com.cn,Phishing,mock_Mock_Data_07_08_2025.xlsx,236
bobank.org,Phishing,mock_Mock_Data_07_08_2025.xlsx,3414
bobank.cn,Phishing,mock_Mock_Data_07_08_2025.xlsx,4518
bobank.com,Phishing,mock_Mock_Data_07_08_2025.xlsx,9263
bobank.net,Phishing,mock_Mock_Data_07_08_2025.xlsx,4058
bobank.de,Phishing,mock_Mock_Data_07_08_2025.xlsx,-1
bankofbaroda.dev,Phishing,mock_Mock_Data_12_08_2025.xlsx,-1
bob-services.com,Phishing,mock_Mock_Data_12_08_2025.xlsx,216
hdfc3.mobi,Suspected,mock_Mock_Data_12_08_2025.xlsx,-1
icicibankltd.asia,Suspected,mock_Mock_Data_12_08_2025.xlsx,-1
icicibankltd.net,Suspected,mock_Mock_Data_12_08_2025.xlsx,3528
icicicbank.top,Suspected,mock_Mock_Data_12_08_2025.xlsx,-1
icicii.top,Suspected,mock_Mock_Data_12_08_2025.xlsx,-1
hxxps://ifsc[.]bankifsccode[.]com,Phishing,mock_Mock_Data_12_09_2025.xlsx,-1
hxxps://ifsc[.]bankifsccode[.]com/sbin0040524,Phishing,mock_Mock_Data_12_09_2025.xlsx,-1
//rebrand[.]ly/yad,Phishing,mock_Mock_Data_12_09_2025.xlsx,-1
hxxps://sbicreditcardenqui62[.]wixsite[.]com/my-site-1,Phishing,mock_Mock_Data_12_09_2025.xlsx,-1
hdfcc.cfd,Phishing,mock_Mock_Data_12_09_2025.xlsx,187
demo.goyattrading.shop,Phishing,mock_Mock_Data_12_09_2025.xlsx,-1
card.wingclaimrewards.com,Phishing,mock_Mock_Data_12_09_2025.xlsx,-1
teamrecruitmentteam.in,Phishing,mock_Mock_Data_12_09_2025.xlsx,-1
m2.emallcart.online,Phishing,mock_Mock_Data_12_09_2025.xlsx,-1
hdfccampaign.credithorse.in,Phishing,mock_Mock_Data_12_09_2025.xlsx,3051
hdfc.ramgopal.in,Phishing,mock_Mock_Data_12_09_2025.xlsx,3936
supportcc.co.in,Phishing,mock_Mock_Data_12_09_2025.xlsx,-1
gamweb.in,Phishing,mock_Mock_Data_12_09_2025.xlsx,1258
m2.dc7.live,Phishing,mock_Mock_Data_12_09_2025.xlsx,-1
upgradelimitapplication.in,Phishing,mock_Mock_Data_12_09_2025.xlsx,-1
a2.dc2.live,Phishing,mock_Mock_Data_12_09_2025.xlsx,-1
myrewardcredit.co.in,Phishing,mock_Mock_Data_12_09_2025.xlsx,195
prodv2.devhdfcbank.com,Phishing,mock_Mock_Data_12_09_2025.xlsx,-1
online.wingoffercards.com,Phishing,mock_Mock_Data_12_09_2025.xlsx,-1
www.a2.dcwo.live,Phishing,mock_Mock_Data_12_09_2025.xlsx,-1
supportcreditcard.com,Phishing,mock_Mock_Data_12_09_2025.xlsx,250
payments.rbtv.workers.dev,Phishing,mock_Mock_Data_12_09_2025.xlsx,-1
prod.devhdfcbank.com,Phishing,mock_Mock_Data_12_09_2025.xlsx,-1
www.hdfcredeempoint.in,Phishing,mock_Mock_Data_12_09_2025.xlsx,205
mail.hdfcredeempoint.in,Phishing,mock_Mock_Data_12_09_2025.xlsx,205
staging.devhdfcbank.com,Phishing,mock_Mock_Data_12_09_2025.xlsx,-1
tooter.in,Phishing,mock_Mock_Data_12_09_2025.xlsx,-1
www.hdfcmoneymarket.in,Phishing,mock_Mock_Data_12_09_2025.xlsx,209
unlockfreedom.in,Phishing,mock_Mock_Data_12_09_2025.xlsx,211
click2fingage.com,Phishing,mock_Mock_Data_12_09_2025.xlsx,2059
hdfcdebitc.wixsite.com,Phishing,mock_Mock_Data_12_09_2025.xlsx,-1
hdfc-neu-4-six.vercel.app,Phishing,mock_Mock_Data_12_09_2025.xlsx,-1
hdfc-31394.zendesk.com,Phishing,mock_Mock_Data_12_09_2025.xlsx,-1
hdfc-43827.zendesk.com,Phishing,mock_Mock_Data_12_09_2025.xlsx,-1
hdfc-93839.zendesk.com,Phishing,mock_Mock_Data_12_09_2025.xlsx,-1
hdfc-17906.zendesk.com,Phishing,mock_Mock_Data_12_09_2025.xlsx,-1
hdfc-56319.zendesk.com,Phishing,mock_Mock_Data_12_09_2025.xlsx,-1
hdfc-53453.zendesk.com,Phishing,mock_Mock_Data_12_09_2025.xlsx,-1
hdfc-91046.zendesk.com,Phishing,mock_Mock_Data_12_09_2025.xlsx,-1
hdfc-37820.zendesk.com,Phishing,mock_Mock_Data_12_09_2025.xlsx,-1
hdfc-27586.zendesk.com,Phishing,mock_Mock_Data_12_09_2025.xlsx,-1
youtube.220913.xyz,Phishing,mock_Mock_Data_12_09_2025.xlsx,-1
hdfcbank.speedynet.in,Phishing,mock_Mock_Data_12_09_2025.xlsx,1034
www.hdfcbank.speedynet.in,Phishing,mock_Mock_Data_12_09_2025.xlsx,1034
reward.wingiftscards.com,Phishing,mock_Mock_Data_12_09_2025.xlsx,-1
hdfcapp.intch.xyz,Phishing,mock_Mock_Data_12_09_2025.xlsx,-1
hdfc-56790.zendesk.com,Phishing,mock_Mock_Data_12_09_2025.xlsx,-1
hdfc.i-on.store,Phishing,mock_Mock_Data_12_09_2025.xlsx,-1
www.kosecbf.icu,Phishing,mock_Mock_Data_12_09_2025.xlsx,-1
154.201.93.62,Phishing,mock_Mock_Data_12_09_2025.xlsx,-1
h5.kosecbf.icu,Phishing,mock_Mock_Data_12_09_2025.xlsx,-1
www.hdfc.balajigames.org,Phishing,mock_Mock_Data_12_09_2025.xlsx,-1
get.myclaimoffercards.com,Phishing,mock_Mock_Data_12_09_2025.xlsx,-1
get.onlinecardmyrewards.com,Phishing,mock_Mock_Data_12_09_2025.xlsx,-1
hdcarehelp.com,Phishing,mock_Mock_Data_12_09_2025.xlsx,226
ww.hhdfcbank.com,Phishing,mock_Mock_Data_12_09_2025.xlsx,-1
www.res61.hdfccbank.com,Phishing,mock_Mock_Data_12_09_2025.xlsx,-1
claim.mygetrewards.com,Phishing,mock_Mock_Data_12_09_2025.xlsx,-1
mygetrewards.com,Phishing,mock_Mock_Data_12_09_2025.xlsx,236
cardgage.com,Phishing,mock_Mock_Data_12_09_2025.xlsx,-1
35.154.33.8,Phishing,mock_Mock_Data_12_09_2025.xlsx,-1
hdfcbank.vercel.app,Phishing,mock_Mock_Data_12_09_2025.xlsx,-1
priyanshu.hdfc.app,Phishing,mock_Mock_Data_12_09_2025.xlsx,-1
hdfcuat.bank.in,Phishing,mock_Mock_Data_12_09_2025.xlsx,252
t3.sms-api.xyz,Phishing,mock_Mock_Data_12_09_2025.xlsx,-1
t2.sms-api.xyz,Phishing,mock_Mock_Data_12_09_2025.xlsx,-1
t1.sms-api.xyz,Phishing,mock_Mock_Data_12_09_2025.xlsx,-1
hdrewardcards.com,Phishing,mock_Mock_Data_12_09_2025.xlsx,239
tf5edq7h.pages.dev,Phishing,mock_Mock_Data_12_09_2025.xlsx,-1
mycardupgrades.com,Phishing,mock_Mock_Data_12_09_2025.xlsx,239
pan-update-online1.web.app,Phishing,mock_Mock_Data_12_09_2025.xlsx,-1
t1.tkpooja.cloud,Phishing,mock_Mock_Data_12_09_2025.xlsx,311
t3.tkpooja.cloud,Phishing,mock_Mock_Data_12_09_2025.xlsx,311
t6.tkpooja.cloud,Phishing,mock_Mock_Data_12_09_2025.xlsx,311
www.mycardlimit.online,Phishing,mock_Mock_Data_12_09_2025.xlsx,-1
t2.tkpooja.cloud,Phishing,mock_Mock_Data_12_09_2025.xlsx,311
mycardhelps.com,Phishing,mock_Mock_Data_12_09_2025.xlsx,-1
my.claimofferreward.com,Phishing,mock_Mock_Data_12_09_2025.xlsx,-1
getclaimofferhdfc.com,Phishing,mock_Mock_Data_12_09_2025.xlsx,243
hdfastco.icu,Phishing,mock_Mock_Data_12_09_2025.xlsx,251
hdfastcome.icu,Phishing,mock_Mock_Data_12_09_2025.xlsx,251
hdfc-neu-3-mlz5.vercel.app,Phishing,mock_Mock_Data_12_09_2025.xlsx,-1
www.redeemmycards.in,Phishing,mock_Mock_Data_12_09_2025.xlsx,246
hdfc-76212.zendesk.com,Phishing,mock_Mock_Data_12_09_2025.xlsx,-1
hdfc-neu-5.vercel.app,Phishing,mock_Mock_Data_12_09_2025.xlsx,-1
hdfc-bankonline.com,Phishing,mock_Mock_Data_12_09_2025.xlsx,-1
hdfc-update-pan.web.app,Phishing,mock_Mock_Data_12_09_2025.xlsx,-1
hdfc-32-pan-update.web.app,Phishing,mock_Mock_Data_12_09_2025.xlsx,-1
hdfc.osprocure-test.in,Phishing,mock_Mock_Data_12_09_2025.xlsx,1860
hdfc.biz,Phishing,mock_Mock_Data_12_09_2025.xlsx,365
arithmeticpro.netlify.app,Phishing,mock_Mock_Data_12_09_2025.xlsx,-1
hdfcperksholidayoffer.rewardzpromo.com,Phishing,mock_Mock_Data_12_09_2025.xlsx,-1
www.applyonlinehdfcbank.com,Phishing,mock_Mock_Data_12_09_2025.xlsx,-1
hdfc-hdfc-xi.vercel.app,Phishing,mock_Mock_Data_12_09_2025.xlsx,-1
hdfcba.zendesk.com,Phishing,mock_Mock_Data_12_09_2025.xlsx,-1
hdfc-41891.zendesk.com,Phishing,mock_Mock_Data_12_09_2025.xlsx,-1
hdfcbank-90690.zendesk.com,Phishing,mock_Mock_Data_12_09_2025.xlsx,-1
hdfcbank-41511.zendesk.com,Phishing,mock_Mock_Data_12_09_2025.xlsx,-1
www.netbankingshdfc.com,Phishing,mock_Mock_Data_12_09_2025.xlsx,-1
hdfcbank-27065.zendesk.com,Phishing,mock_Mock_Data_12_09_2025.xlsx,-1
13.127.221.31,Phishing,mock_Mock_Data_12_09_2025.xlsx,-1
myclaimspoint.com,Phishing,mock_Mock_Data_12_09_2025.xlsx,260
15.206.192.241,Phishing,mock_Mock_Data_12_09_2025.xlsx,-1
38.165.19.200,Phishing,mock_Mock_Data_12_09_2025.xlsx,-1
app.hdfcstockmarket.cc,Phishing,mock_Mock_Data_12_09_2025.xlsx,-1
www-hdfcbank-com.translate.goog,Phishing,mock_Mock_Data_12_09_2025.xlsx,-1
hdfc8671.zendesk.com,Phishing,mock_Mock_Data_12_09_2025.xlsx,-1
h5.drhhfcvipxz.top,Phishing,mock_Mock_Data_12_09_2025.xlsx,-1
hdfc-neu-3-henna.vercel.app,Phishing,mock_Mock_Data_12_09_2025.xlsx,-1
hdfcreward.cyou,Phishing,mock_Mock_Data_12_09_2025.xlsx,351
hdfc4810.zendesk.com,Phishing,mock_Mock_Data_12_09_2025.xlsx,-1
h5.drhhfccxz.top,Phishing,mock_Mock_Data_12_09_2025.xlsx,-1
nhaifastag.info,Phishing,mock_Mock_Data_12_09_2025.xlsx,-1
i09.muletisunnyxx-g21.cloud,Phishing,mock_Mock_Data_12_09_2025.xlsx,264
159.65.157.110,Phishing,mock_Mock_Data_12_09_2025.xlsx,-1
3.6.82.17,Phishing,mock_Mock_Data_12_09_2025.xlsx,-1
160.187.54.235,Phishing,mock_Mock_Data_12_09_2025.xlsx,-1
maxtn.bigcityexperience.com,Phishing,mock_Mock_Data_12_09_2025.xlsx,-1
dev-offshore.wealthfy.com,Phishing,mock_Mock_Data_12_09_2025.xlsx,-1
apidocs.apibanking.com,Phishing,mock_Mock_Data_12_09_2025.xlsx,-1
hdfcltdhelp.zendesk.com,Phishing,mock_Mock_Data_12_09_2025.xlsx,-1
hkjhkhkhkhkhkhkhkhkhkh.pages.dev,Phishing,mock_Mock_Data_12_09_2025.xlsx,-1
hdfc-bank-app.vercel.app,Phishing,mock_Mock_Data_12_09_2025.xlsx,-1
hdfcbank-35747.zendesk.com,Phishing,mock_Mock_Data_12_09_2025.xlsx,-1
webhdfc-810ce.firebaseapp.com,Phishing,mock_Mock_Data_12_09_2025.xlsx,-1
hdfpts.firebaseapp.com,Phishing,mock_Mock_Data_12_09_2025.xlsx,-1
hdfc-99121.zendesk.com,Phishing,mock_Mock_Data_12_09_2025.xlsx,-1
hdfc-57378.zendesk.com,Phishing,mock_Mock_Data_12_09_2025.xlsx,-1
hdfc.managecard.co.in,Phishing,mock_Mock_Data_12_09_2025.xlsx,272
in.appurse.com,Phishing,mock_Mock_Data_12_09_2025.xlsx,-1
hdfcbank-48709.zendesk.com,Phishing,mock_Mock_Data_12_09_2025.xlsx,-1
hdfc-49762.zendesk.com,Phishing,mock_Mock_Data_12_09_2025.xlsx,-1
hdfc-neu-3.vercel.app,Phishing,mock_Mock_Data_12_09_2025.xlsx,-1
hdfc-neu-2.vercel.app,Phishing,mock_Mock_Data_12_09_2025.xlsx,-1
hdfc-jdhjfdg.vercel.app,Phishing,mock_Mock_Data_12_09_2025.xlsx,-1
13.126.51.54,Phishing,mock_Mock_Data_12_09_2025.xlsx,-1
hdfc-95999.zendesk.com,Phishing,mock_Mock_Data_12_09_2025.xlsx,-1
mygetclaimpoints.com,Phishing,mock_Mock_Data_12_09_2025.xlsx,278
hdfc.managecard.in,Phishing,mock_Mock_Data_12_09_2025.xlsx,279
vktnkl.vercel.app,Phishing,mock_Mock_Data_12_09_2025.xlsx,-1
15.206.113.1,Phishing,mock_Mock_Data_12_09_2025.xlsx,-1
nhaifastag.com,Phishing,mock_Mock_Data_12_09_2025.xlsx,286
hdfcbankinzhb.zendesk.com,Phishing,mock_Mock_Data_12_09_2025.xlsx,-1
hdfc347.zendesk.com,Phishing,mock_Mock_Data_12_09_2025.xlsx,-1
hdfc-4538.zendesk.com,Phishing,mock_Mock_Data_12_09_2025.xlsx,-1
krishna.justchillstore.shop,Phishing,mock_Mock_Data_12_09_2025.xlsx,-1
drhhfc.com,Phishing,mock_Mock_Data_12_09_2025.xlsx,-1
newfasthdfcvip.com,Phishing,mock_Mock_Data_12_09_2025.xlsx,284
fastnetpro.com,Phishing,mock_Mock_Data_12_09_2025.xlsx,352
newfasthdfc.com,Phishing,mock_Mock_Data_12_09_2025.xlsx,-1
randomnewhc.com,Phishing,mock_Mock_Data_12_09_2025.xlsx,287
13.127.91.63,Phishing,mock_Mock_Data_12_09_2025.xlsx,-1
hdfc-nine.vercel.app,Phishing,mock_Mock_Data_12_09_2025.xlsx,-1
hdfc-15481.zendesk.com,Phishing,mock_Mock_Data_12_09_2025.xlsx,-1
hdfc-75391.zendesk.com,Phishing,mock_Mock_Data_12_09_2025.xlsx,-1
hdfcbank-84186.zendesk.com,Phishing,mock_Mock_Data_12_09_2025.xlsx,-1
hdfcbank4992.zendesk.com,Phishing,mock_Mock_Data_12_09_2025.xlsx,-1
www.hdfc.manageuserapp.com,Phishing,mock_Mock_Data_12_09_2025.xlsx,-1
182.79.233.118,Phishing,mock_Mock_Data_12_09_2025.xlsx,-1
hdfc6e.zendesk.com,Phishing,mock_Mock_Data_12_09_2025.xlsx,-1
hdfc-75745.zendesk.com,Phishing,mock_Mock_Data_12_09_2025.xlsx,-1
hdfc.thewimpyswrath.com,Phishing,mock_Mock_Data_12_09_2025.xlsx,-1
cardshdfc.com,Phishing,mock_Mock_Data_12_09_2025.xlsx,315
vite-react-tczo.vercel.app,Phishing,mock_Mock_Data_12_09_2025.xlsx,-1
radeempoints.com,Phishing,mock_Mock_Data_12_09_2025.xlsx,-1
www.myhdfccards.com,Phishing,mock_Mock_Data_12_09_2025.xlsx,-1
sites.google.com,Phishing,mock_Mock_Data_12_09_2025.xlsx,-1
arunwb.github.io,Phishing,mock_Mock_Data_12_09_2025.xlsx,-1
hi-1qrs.web.app,Phishing,mock_Mock_Data_12_09_2025.xlsx,-1
hi-1qrs.firebaseapp.com,Phishing,mock_Mock_Data_12_09_2025.xlsx,-1
khushalk21.github.io,Phishing,mock_Mock_Data_12_09_2025.xlsx,-1
hdfc4956.zendesk.com,Phishing,mock_Mock_Data_12_09_2025.xlsx,-1
hd.dc8.live,Phishing,mock_Mock_Data_12_09_2025.xlsx,-1
hdfc9113.zendesk.com,Phishing,mock_Mock_Data_12_09_2025.xlsx,-1
hdfcbank4754.zendesk.com,Phishing,mock_Mock_Data_12_09_2025.xlsx,-1
h-dfcp-0-int.vercel.app,Phishing,mock_Mock_Data_12_09_2025.xlsx,-1
hdfcbank3180.zendesk.com,Phishing,mock_Mock_Data_12_09_2025.xlsx,-1
www.hdfcinsurance.online,Phishing,mock_Mock_Data_12_09_2025.xlsx,-1
vite-t-85sc.vercel.app,Phishing,mock_Mock_Data_12_09_2025.xlsx,-1
220.225.104.139,Phishing,mock_Mock_Data_12_09_2025.xlsx,-1
mygetrewardsclaim.com,Phishing,mock_Mock_Data_12_09_2025.xlsx,319
hdfcbank3846.zendesk.com,Phishing,mock_Mock_Data_12_09_2025.xlsx,-1
45-1em.pages.dev,Phishing,mock_Mock_Data_12_09_2025.xlsx,-1
dtrymn.vercel.app,Phishing,mock_Mock_Data_12_09_2025.xlsx,-1
gamer0124.github.io,Phishing,mock_Mock_Data_12_09_2025.xlsx,-1
hdfcinsurance.help,Phishing,mock_Mock_Data_12_09_2025.xlsx,320
hdfc-dil.vercel.app,Phishing,mock_Mock_Data_12_09_2025.xlsx,-1
free-office.xyz,Phishing,mock_Mock_Data_12_09_2025.xlsx,322
hdfc.creditcardlogin.in,Phishing,mock_Mock_Data_12_09_2025.xlsx,322
lmkdrt.vercel.app,Phishing,mock_Mock_Data_12_09_2025.xlsx,-1
hdfccredit.in,Phishing,mock_Mock_Data_12_09_2025.xlsx,323
www.hdfccredit.in,Phishing,mock_Mock_Data_12_09_2025.xlsx,323
getrewardspoints.com,Phishing,mock_Mock_Data_12_09_2025.xlsx,325
online-hd.pages.dev,Phishing,mock_Mock_Data_12_09_2025.xlsx,-1
www.supportsmycards.in,Phishing,mock_Mock_Data_12_09_2025.xlsx,326
hdfczerox-news-projects-30bc6bd4.vercel.app,Phishing,mock_Mock_Data_12_09_2025.xlsx,-1
claimvouchers.in,Phishing,mock_Mock_Data_12_09_2025.xlsx,-1
tsrbjhk.vercel.app,Phishing,mock_Mock_Data_12_09_2025.xlsx,-1
da.gd,Phishing,mock_Mock_Data_12_09_2025.xlsx,5338
twdsa.bizinfotools.com,Phishing,mock_Mock_Data_12_09_2025.xlsx,-1
bizinfotools.com,Phishing,mock_Mock_Data_12_09_2025.xlsx,5232
hdfc-cpp.site,Phishing,mock_Mock_Data_12_09_2025.xlsx,327
mypointsrewards.com,Phishing,mock_Mock_Data_12_09_2025.xlsx,333
fileasis.com,Phishing,mock_Mock_Data_12_09_2025.xlsx,-1
cpp-support.help,Phishing,mock_Mock_Data_12_09_2025.xlsx,-1
www.hdfcreward.com,Phishing,mock_Mock_Data_12_09_2025.xlsx,-1
hdfc.cppio.info,Phishing,mock_Mock_Data_12_09_2025.xlsx,-1
hdfc-cpp.shop,Phishing,mock_Mock_Data_12_09_2025.xlsx,-1
www.mycardloginhdfc.in,Phishing,mock_Mock_Data_12_09_2025.xlsx,-1
hdfc-bank-new-opal.vercel.app,Phishing,mock_Mock_Data_12_09_2025.xlsx,-1
hdfcbank.begenuin.com,Phishing,mock_Mock_Data_12_09_2025.xlsx,-1
hdfc-cpp.life,Phishing,mock_Mock_Data_12_09_2025.xlsx,-1
vjhdtry.vercel.app,Phishing,mock_Mock_Data_12_09_2025.xlsx,-1
mycardhdf.in,Phishing,mock_Mock_Data_12_09_2025.xlsx,336
plancppproo.com,Phishing,mock_Mock_Data_12_09_2025.xlsx,344
cppsupport.help,Phishing,mock_Mock_Data_12_09_2025.xlsx,337
www.hdfc.mymanageapp.com,Phishing,mock_Mock_Data_12_09_2025.xlsx,-1
hdfc-bank-mpower-learning-app.onlinehackz.com,Phishing,mock_Mock_Data_12_09_2025.xlsx,-1
hdfc8630.zendesk.com,Phishing,mock_Mock_Data_12_09_2025.xlsx,-1
hdfc-preview.vishalb.dev,Phishing,mock_Mock_Data_12_09_2025.xlsx,-1
mail.myhelpcards.in,Phishing,mock_Mock_Data_12_09_2025.xlsx,351
test.esafgoldloan.site,Phishing,mock_Mock_Data_12_09_2025.xlsx,-1
hdfcbank8491.zendesk.com,Phishing,mock_Mock_Data_12_09_2025.xlsx,-1
www.myhelpcards.in,Phishing,mock_Mock_Data_12_09_2025.xlsx,351
www.cardhelp.in,Phishing,mock_Mock_Data_12_09_2025.xlsx,355
hdfcbankfastag.in,Phishing,mock_Mock_Data_12_09_2025.xlsx,2489
www.hdfcbanks.site,Phishing,mock_Mock_Data_12_09_2025.xlsx,-1
test73.besthr.in,Phishing,mock_Mock_Data_12_09_2025.xlsx,1302
ppplanprotection.com,Phishing,mock_Mock_Data_12_09_2025.xlsx,394
myhdfclogin.com,Phishing,mock_Mock_Data_12_09_2025.xlsx,367
online-kychd.pages.dev,Phishing,mock_Mock_Data_12_09_2025.xlsx,-1
ahmedtamim19050.github.io,Phishing,mock_Mock_Data_12_09_2025.xlsx,-1
hdfc.samcostocks.cc,Phishing,mock_Mock_Data_12_09_2025.xlsx,-1
learnemp.github.io,Phishing,mock_Mock_Data_12_09_2025.xlsx,-1
hcdonline.site,Phishing,mock_Mock_Data_12_09_2025.xlsx,-1
hdconline.site,Phishing,mock_Mock_Data_12_09_2025.xlsx,-1
hdfcrecruitment.in,Phishing,mock_Mock_Data_12_09_2025.xlsx,-1
play.hdfcincrase.today,Phishing,mock_Mock_Data_12_09_2025.xlsx,-1
abcdlive.onedataentrysolution.in,Phishing,mock_Mock_Data_12_09_2025.xlsx,-1
eventh-demo.upgrade2linux.com,Phishing,mock_Mock_Data_12_09_2025.xlsx,-1
hdfclimit.site,Phishing,mock_Mock_Data_12_09_2025.xlsx,-1
hdfcards.com,Phishing,mock_Mock_Data_12_09_2025.xlsx,384
loginmyhdfc.com,Phishing,mock_Mock_Data_12_09_2025.xlsx,384
rewardsmycards.com,Phishing,mock_Mock_Data_12_09_2025.xlsx,386
myclaimsreward.com,Phishing,mock_Mock_Data_12_09_2025.xlsx,389
askcchelp.in,Phishing,mock_Mock_Data_12_09_2025.xlsx,-1
fac-unions.com,Phishing,mock_Mock_Data_12_09_2025.xlsx,418
mehrahdf.wvrgh.cloud,Phishing,mock_Mock_Data_12_09_2025.xlsx,-1
onlinehdfccapitals.com,Phishing,mock_Mock_Data_12_09_2025.xlsx,399
hdfccardrewards.com,Phishing,mock_Mock_Data_12_09_2025.xlsx,398
www.hdfclive.onedataentrysolution.in,Phishing,mock_Mock_Data_12_09_2025.xlsx,-1
capitalmorph.com,Phishing,mock_Mock_Data_12_09_2025.xlsx,-1
hdfc-new-sv.vercel.app,Phishing,mock_Mock_Data_12_09_2025.xlsx,-1
hdfc-sec-kohl-newoip.vercel.app,Phishing,mock_Mock_Data_12_09_2025.xlsx,-1
netportall.com,Phishing,mock_Mock_Data_12_09_2025.xlsx,409
mycredit.cardlimit.live,Phishing,mock_Mock_Data_12_09_2025.xlsx,-1
hdfccardbank.com,Phishing,mock_Mock_Data_12_09_2025.xlsx,413
online-hd4c.pages.dev,Phishing,mock_Mock_Data_12_09_2025.xlsx,-1
hdfc.zoutons.com,Phishing,mock_Mock_Data_12_09_2025.xlsx,-1
loginhdcfc.buzz,Phishing,mock_Mock_Data_12_09_2025.xlsx,417
hd-azq.pages.dev,Phishing,mock_Mock_Data_12_09_2025.xlsx,-1
pl.bizinfotools.com,Phishing,mock_Mock_Data_12_09_2025.xlsx,-1
instantconfirmation.site,Phishing,mock_Mock_Data_12_09_2025.xlsx,417
ww38.feda.bobibank.com,Phishing,mock_Mock_Data_14_08_2025.xlsx,-1
airtel-merchants.co.in,Suspected,mock_Mock_Data_19_08_2025.xlsx,224
airtelmusic.in,Suspected,mock_Mock_Data_19_08_2025.xlsx,222
airtel-topup.in,Suspected,mock_Mock_Data_19_08_2025.xlsx,230
airtelcareer.in,Phishing,mock_Mock_Data_19_08_2025.xlsx,229
airtel-in.click,Suspected,mock_Mock_Data_19_08_2025.xlsx,209
dccrsorgigov.xyz,Suspected,mock_Mock_Data_19_08_2025.xlsx,218
crsorgii.xyz,Suspected,mock_Mock_Data_19_08_2025.xlsx,218
campicicin.pro,Suspected,mock_Mock_Data_19_08_2025.xlsx,-1
icicira.top,Suspected,mock_Mock_Data_19_08_2025.xlsx,216
hdfcbank.men,Suspected,mock_Mock_Data_19_08_2025.xlsx,-1
hdfcbank.stream,Suspected,mock_Mock_Data_19_08_2025.xlsx,-1
hdfcghj.top,Suspected,mock_Mock_Data_19_08_2025.xlsx,214
hdfcsecpr.net,Suspected,mock_Mock_Data_19_08_2025.xlsx,213
iocl.ind.in,Suspected,mock_Mock_Data_19_08_2025.xlsx,215
bankofbaroda.co,Phishing,mock_Mock_Data_21_08_2025.xlsx,-1
bzhzsbi.icu,Suspected,mock_Mock_Data_21_08_2025.xlsx,208
eqidsbi.icu,Suspected,mock_Mock_Data_21_08_2025.xlsx,208
sbi-group.net,Suspected,mock_Mock_Data_21_08_2025.xlsx,209
airtelxtreamfiber.in,Phishing,mock_Mock_Data_22_08_2025.xlsx,278
airtelcareers.in,Suspected,mock_Mock_Data_22_08_2025.xlsx,278
airtelmh.in,Suspected,mock_Mock_Data_22_08_2025.xlsx,255
airtelwifi.co.in,Suspected,mock_Mock_Data_22_08_2025.xlsx,280
airtel-wifi.in,Suspected,mock_Mock_Data_22_08_2025.xlsx,280
bhartiairtel.ind.in,Suspected,mock_Mock_Data_22_08_2025.xlsx,279
banksofbarodaa.com,Phishing,mock_Mock_Data_25_08_2025.xlsx,203
aegisbi.app,Suspected,mock_Mock_Data_25_08_2025.xlsx,-1
icicicardprotection.in,Suspected,mock_Mock_Data_25_08_2025.xlsx,-1
iciciloan.in,Suspected,mock_Mock_Data_25_08_2025.xlsx,258
icicirewardsstore.in,Suspected,mock_Mock_Data_25_08_2025.xlsx,256
mycardsicici.in,Suspected,mock_Mock_Data_25_08_2025.xlsx,-1
myrewardhdfc.in,Suspected,mock_Mock_Data_25_08_2025.xlsx,257
nosbi.pro,Suspected,mock_Mock_Data_28_08_2025.xlsx,-1
creditcardservicehdfc.in,Suspected,mock_Mock_Data_28_08_2025.xlsx,-1
bhdfc11.top,Suspected,mock_Mock_Data_28_08_2025.xlsx,206
bankofbaroada.com,Phishing,mock_Mock_Data_29_08_2025.xlsx,196
pruicici.co.in,Suspected,mock_Mock_Data_29_08_2025.xlsx,232
fitsbi.in,Suspected,mock_Mock_Data_29_08_2025.xlsx,-1
helpdesksbi.in,Suspected,mock_Mock_Data_29_08_2025.xlsx,252
hrdsbi.co.in,Suspected,mock_Mock_Data_29_08_2025.xlsx,225
hrsbi.co.in,Suspected,mock_Mock_Data_29_08_2025.xlsx,281
hr-sbi.co.in,Suspected,mock_Mock_Data_29_08_2025.xlsx,270
sbicardplan.in,Suspected,mock_Mock_Data_29_08_2025.xlsx,-1
sbihr.co.in,Suspected,mock_Mock_Data_29_08_2025.xlsx,265
sbi-hr.co.in,Suspected,mock_Mock_Data_29_08_2025.xlsx,280
crsorgdc.in,Suspected,mock_Mock_Data_29_08_2025.xlsx,282
crsorgigoovi.in,Suspected,mock_Mock_Data_29_08_2025.xlsx,270
agvb-digital.com,Phishing,mock_Mock_Data_31_07_2025.xlsx,350
sbzsaee.replit.app,Phishing,mock_Mock_Data_31_07_2025.xlsx,-1
sbi.adminlogin.in,Phishing,mock_Mock_Data_31_07_2025.xlsx,-1
parvez-2001.github.io,Phishing,mock_Mock_Data_31_07_2025.xlsx,-1
lzesa.replit.app,Phishing,mock_Mock_Data_31_07_2025.xlsx,-1
sii8uyth.web.app,Phishing,mock_Mock_Data_31_07_2025.xlsx,-1
p1-nr4d.vercel.app,Phishing,mock_Mock_Data_31_07_2025.xlsx,-1
lcswq.replit.app,Phishing,mock_Mock_Data_31_07_2025.xlsx,-1
edvfb.pages.dev,Phishing,mock_Mock_Data_31_07_2025.xlsx,-1
activenetbanking.co.in,Phishing,mock_Mock_Data_31_07_2025.xlsx,373
cardcaresapplication.in,Phishing,mock_Mock_Data_31_07_2025.xlsx,-1
yonomyapp.com,Phishing,mock_Mock_Data_31_07_2025.xlsx,246
bnkrewrdzs-s.replit.app,Phishing,mock_Mock_Data_31_07_2025.xlsx,-1
sblankt.vercel.app,Phishing,mock_Mock_Data_31_07_2025.xlsx,-1
applyonlinesolution.site,Phishing,mock_Mock_Data_31_07_2025.xlsx,-1
cgfy89dtfy.vercel.app,Phishing,mock_Mock_Data_31_07_2025.xlsx,-1
cardworldsbi.in,Phishing,mock_Mock_Data_31_07_2025.xlsx,-1
fastcardssolutions.online,Phishing,mock_Mock_Data_31_07_2025.xlsx,-1
nsbl.replit.app,Phishing,mock_Mock_Data_31_07_2025.xlsx,-1
rsewe.replit.app,Phishing,mock_Mock_Data_31_07_2025.xlsx,-1
rebrand.ly,Phishing,mock_Mock_Data_31_07_2025.xlsx,4197
msfy.in,Phishing,mock_Mock_Data_31_07_2025.xlsx,641
26a52502-c868-4d8e-ac2f-b0ea64abaf2a-00-27xss7mit6q1a.sisko.replit.dev,Phishing,mock_Mock_Data_31_07_2025.xlsx,-1
hrmssbi.com,Phishing,mock_Mock_Data_31_07_2025.xlsx,-1
clone-for-educational-purpose.vercel.app,Phishing,mock_Mock_Data_31_07_2025.xlsx,-1
sbicreditcardw.wixsite.com,Phishing,mock_Mock_Data_31_07_2025.xlsx,-1
5d16a33e-8d20-46d4-be2b-af5cfdb73cfc-00-2kidm7qld9lho.pike.replit.dev,Phishing,mock_Mock_Data_31_07_2025.xlsx,-1
iamankit19.github.io,Phishing,mock_Mock_Data_31_07_2025.xlsx,-1
sb-p-tbjh.vercel.app,Phishing,mock_Mock_Data_31_07_2025.xlsx,-1
87a5f526-970a-4945-92c1-c9a1f1d6f28e-00-2y8umi17mu65w.sisko.replit.dev,Phishing,mock_Mock_Data_31_07_2025.xlsx,-1
779fbf59-c116-475e-9fa8-8feae4f38333-00-nypqd7g26a7.sisko.replit.dev,Phishing,mock_Mock_Data_31_07_2025.xlsx,-1
sb-murex-alpha.vercel.app,Phishing,mock_Mock_Data_31_07_2025.xlsx,-1
ysupdateverfyall.wixsite.com,Phishing,mock_Mock_Data_31_07_2025.xlsx,-1
24e2705d-933e-4e13-a722-9a5d9a7f80c3-00-1hkqh38jos5xo.sisko.replit.dev,Phishing,mock_Mock_Data_31_07_2025.xlsx,-1
sbicardonlineuse.wixsite.com,Phishing,mock_Mock_Data_31_07_2025.xlsx,-1
updateverifying66.wixsite.com,Phishing,mock_Mock_Data_31_07_2025.xlsx,-1
customer-cares.site,Phishing,mock_Mock_Data_31_07_2025.xlsx,-1
raju.vercel.app,Phishing,mock_Mock_Data_31_07_2025.xlsx,-1
sblk.replit.app,Phishing,mock_Mock_Data_31_07_2025.xlsx,-1
rewdzpoint.replit.app,Phishing,mock_Mock_Data_31_07_2025.xlsx,-1
messein.pages.dev,Phishing,mock_Mock_Data_31_07_2025.xlsx,-1
sbi.profileapps.in,Phishing,mock_Mock_Data_31_07_2025.xlsx,323
cute-choux-a0064b.netlify.app,Phishing,mock_Mock_Data_31_07_2025.xlsx,-1
claim-s.replit.app,Phishing,mock_Mock_Data_31_07_2025.xlsx,-1
sywyqe-s.replit.app,Phishing,mock_Mock_Data_31_07_2025.xlsx,-1
kali-beta.vercel.app,Phishing,mock_Mock_Data_31_07_2025.xlsx,-1
01a-five.vercel.app,Phishing,mock_Mock_Data_31_07_2025.xlsx,-1
011-two.vercel.app,Phishing,mock_Mock_Data_31_07_2025.xlsx,-1
08c97d5d-2445-4cd3-a308-8a55c32167a9-00-21ng9b1eqafu3.sisko.replit.dev,Phishing,mock_Mock_Data_31_07_2025.xlsx,-1
cardsactivateed.online,Phishing,mock_Mock_Data_31_07_2025.xlsx,-1
sbi.loginprofile.in,Phishing,mock_Mock_Data_31_07_2025.xlsx,350
trained.replit.app,Phishing,mock_Mock_Data_31_07_2025.xlsx,-1
13.61.0.81,Phishing,mock_Mock_Data_31_07_2025.xlsx,-1
54.163.52.162,Phishing,mock_Mock_Data_31_07_2025.xlsx,-1
onlyoffer.replit.app,Phishing,mock_Mock_Data_31_07_2025.xlsx,-1
sbifinanceonline.com,Phishing,mock_Mock_Data_31_07_2025.xlsx,-1
sb-p-2avb.vercel.app,Phishing,mock_Mock_Data_31_07_2025.xlsx,-1
sb-p-19of.vercel.app,Phishing,mock_Mock_Data_31_07_2025.xlsx,-1
sb-uaj7.vercel.app,Phishing,mock_Mock_Data_31_07_2025.xlsx,-1
sb-p-dlhp.vercel.app,Phishing,mock_Mock_Data_31_07_2025.xlsx,-1
08398f34-7924-403b-822d-d88939f70d88-00-3elv7abqdc5bx.sisko.replit.dev,Phishing,mock_Mock_Data_31_07_2025.xlsx,-1
hots.wmtreviewssales.com,Phishing,mock_Mock_Data_31_07_2025.xlsx,-1
sb-p-53rh.vercel.app,Phishing,mock_Mock_Data_31_07_2025.xlsx,-1
sb-sggm.vercel.app,Phishing,mock_Mock_Data_31_07_2025.xlsx,-1
updatesc.com,Phishing,mock_Mock_Data_31_07_2025.xlsx,-1
s-yn146.pages.dev,Phishing,mock_Mock_Data_31_07_2025.xlsx,-1
sb-p-23yp.vercel.app,Phishing,mock_Mock_Data_31_07_2025.xlsx,-1
www.onlinesbicredits.com,Phishing,mock_Mock_Data_31_07_2025.xlsx,-1
sb-bysf.vercel.app,Phishing,mock_Mock_Data_31_07_2025.xlsx,-1
sink.livik.cloud,Phishing,mock_Mock_Data_31_07_2025.xlsx,-1
sbi-finance.icu,Phishing,mock_Mock_Data_31_07_2025.xlsx,-1
sb-jrxx.vercel.app,Phishing,mock_Mock_Data_31_07_2025.xlsx,-1
invizible84.github.io,Phishing,mock_Mock_Data_31_07_2025.xlsx,-1
lgy1uhb.vercel.app,Phishing,mock_Mock_Data_31_07_2025.xlsx,-1
sb-8hfj.vercel.app,Phishing,mock_Mock_Data_31_07_2025.xlsx,-1
s7tgqx4wd.pages.dev,Phishing,mock_Mock_Data_31_07_2025.xlsx,-1
kupsn-m.replit.app,Phishing,mock_Mock_Data_31_07_2025.xlsx,-1
onlinepayment.sbs,Phishing,mock_Mock_Data_31_07_2025.xlsx,-1
peppery-e.replit.app,Phishing,mock_Mock_Data_31_07_2025.xlsx,-1
clahy-m.replit.app,Phishing,mock_Mock_Data_31_07_2025.xlsx,-1
stetabankcreditcar.wixsite.com,Phishing,mock_Mock_Data_31_07_2025.xlsx,-1
secest.replit.app,Phishing,mock_Mock_Data_31_07_2025.xlsx,-1
sb-3lqx.vercel.app,Phishing,mock_Mock_Data_31_07_2025.xlsx,-1
sb-eldf.vercel.app,Phishing,mock_Mock_Data_31_07_2025.xlsx,-1
farof.replit.app,Phishing,mock_Mock_Data_31_07_2025.xlsx,-1
klyj1tfy.vercel.app,Phishing,mock_Mock_Data_31_07_2025.xlsx,-1
sb-sigma-orpin.vercel.app,Phishing,mock_Mock_Data_31_07_2025.xlsx,-1
sbpfpro-8jky.vercel.app,Phishing,mock_Mock_Data_31_07_2025.xlsx,-1
clickredeem.replit.app,Phishing,mock_Mock_Data_31_07_2025.xlsx,-1
sb-66oe.vercel.app,Phishing,mock_Mock_Data_31_07_2025.xlsx,-1
lumse.replit.app,Phishing,mock_Mock_Data_31_07_2025.xlsx,-1
sb-nxon.vercel.app,Phishing,mock_Mock_Data_31_07_2025.xlsx,-1
sb-r2v8.vercel.app,Phishing,mock_Mock_Data_31_07_2025.xlsx,-1
cok197-16.pages.dev,Phishing,mock_Mock_Data_31_07_2025.xlsx,-1
gugj1-576.pages.dev,Phishing,mock_Mock_Data_31_07_2025.xlsx,-1
hydhc1-36a.pages.dev,Phishing,mock_Mock_Data_31_07_2025.xlsx,-1
ajol1-78a.pages.dev,Phishing,mock_Mock_Data_31_07_2025.xlsx,-1
jis1-868.pages.dev,Phishing,mock_Mock_Data_31_07_2025.xlsx,-1
sb-8bl1.vercel.app,Phishing,mock_Mock_Data_31_07_2025.xlsx,-1
axkj.pages.dev,Phishing,mock_Mock_Data_31_07_2025.xlsx,-1
axgh-123az.pages.dev,Phishing,mock_Mock_Data_31_07_2025.xlsx,-1
545646546464646464646464646.pages.dev,Phishing,mock_Mock_Data_31_07_2025.xlsx,-1
sbi-yono-online.vercel.app,Phishing,mock_Mock_Data_31_07_2025.xlsx,-1
rewdz.replit.app,Phishing,mock_Mock_Data_31_07_2025.xlsx,-1
wrieai.replit.app,Phishing,mock_Mock_Data_31_07_2025.xlsx,-1
fodhj70.replit.app,Phishing,mock_Mock_Data_31_07_2025.xlsx,-1
sb-rcs5.vercel.app,Phishing,mock_Mock_Data_31_07_2025.xlsx,-1
hbjdtyf.netlify.app,Phishing,mock_Mock_Data_31_07_2025.xlsx,-1
kurdigitmrr.replit.app,Phishing,mock_Mock_Data_31_07_2025.xlsx,-1
promosbi.site,Phishing,mock_Mock_Data_31_07_2025.xlsx,-1
sxzb18-13.pages.dev,Phishing,mock_Mock_Data_31_07_2025.xlsx,-1
testsbcoll-76.pages.dev,Phishing,mock_Mock_Data_31_07_2025.xlsx,-1
dtybjk.vercel.app,Phishing,mock_Mock_Data_31_07_2025.xlsx,-1
collectrewards.pages.dev,Phishing,mock_Mock_Data_31_07_2025.xlsx,-1
sb-p7fk.vercel.app,Phishing,mock_Mock_Data_31_07_2025.xlsx,-1
upateredeems.replit.app,Phishing,mock_Mock_Data_31_07_2025.xlsx,-1
transversals.replit.app,Phishing,mock_Mock_Data_31_07_2025.xlsx,-1
yonobank.replit.app,Phishing,mock_Mock_Data_31_07_2025.xlsx,-1
yonosbi.replit.app,Phishing,mock_Mock_Data_31_07_2025.xlsx,-1
ytmnkl.vercel.app,Phishing,mock_Mock_Data_31_07_2025.xlsx,-1
sbirewardzrs14453.replit.app,Phishing,mock_Mock_Data_31_07_2025.xlsx,-1
sblrewd.vercel.app,Phishing,mock_Mock_Data_31_07_2025.xlsx,-1
efootball-ooss.github.io,Phishing,mock_Mock_Data_31_07_2025.xlsx,-1
spoortika.github.io,Phishing,mock_Mock_Data_31_07_2025.xlsx,-1
cc2415c0-c363-4426-a790-81caf3ef30be-00-1l3l0y76g9jyh.pike.replit.dev,Phishing,mock_Mock_Data_31_07_2025.xlsx,-1
14453rewardsbi7i.replit.app,Phishing,mock_Mock_Data_31_07_2025.xlsx,-1
volcano-rewardsbi7i.replit.app,Phishing,mock_Mock_Data_31_07_2025.xlsx,-1
dfcfcherewared.buzz,Phishing,mock_Mock_Data_31_07_2025.xlsx,411
profitable-moral-collaborativesoftware-rewardsbi7i.replit.app,Phishing,mock_Mock_Data_31_07_2025.xlsx,-1
sbisecurities.github.io,Phishing,mock_Mock_Data_31_07_2025.xlsx,-1
state-bank-of-india-create.github.io,Phishing,mock_Mock_Data_31_07_2025.xlsx,-1
4f2fd8dd-a799-42c5-9059-c803e0ddabf6-00-2ylwfgr9ah90z.pike.replit.dev,Phishing,mock_Mock_Data_31_07_2025.xlsx,-1
8a121b59-4664-4e2a-a147-2d51c56ab09a-00-1pdzkw4q7d4lp.pike.replit.dev,Phishing,mock_Mock_Data_31_07_2025.xlsx,-1
472aa9fe-6011-4a3c-9789-f426e2de5c6e-00-5h038kihilpi.pike.replit.dev,Phishing,mock_Mock_Data_31_07_2025.xlsx,-1
50a996f6-9a43-4da2-9c18-3df64f51dc66-00-3v3js32ara3td.pike.replit.dev,Phishing,mock_Mock_Data_31_07_2025.xlsx,-1
6bb19781-7387-4344-99f4-e4b562259207-00-2wovn0sfhxbr6.pike.replit.dev,Phishing,mock_Mock_Data_31_07_2025.xlsx,-1
ravisachincodinglife.github.io,Phishing,mock_Mock_Data_31_07_2025.xlsx,-1
sb-beln.vercel.app,Phishing,mock_Mock_Data_31_07_2025.xlsx,-1
0d7c3e87-dd87-4b81-b978-3e86245c24bf-00-dw7jzme31kjl.sisko.replit.dev,Phishing,mock_Mock_Data_31_07_2025.xlsx,-1
a49cbc09-0bfb-4a0c-a888-d0002ccdfdfa-00-17xtgxjufsiia.sisko.replit.dev,Phishing,mock_Mock_Data_31_07_2025.xlsx,-1
adba5ec6-0ee4-4f6c-b940-6b8dd0d04e03-00-2ijw4f6qf0rkw.sisko.replit.dev,Phishing,mock_Mock_Data_31_07_2025.xlsx,-1
a9f87840-a97f-4ffe-89b4-dded53f1be3b-00-3744y4tt03a1b.pike.replit.dev,Phishing,mock_Mock_Data_31_07_2025.xlsx,-1
4d842edf-e711-482d-817e-fa0040cd26e9-00-2a8xatnstylyu.pike.replit.dev,Phishing,mock_Mock_Data_31_07_2025.xlsx,-1
sb-ad21.vercel.app,Phishing,mock_Mock_Data_31_07_2025.xlsx,-1
sbisony.blogspot.com,Phishing,mock_Mock_Data_31_07_2025.xlsx,-1
sb-174a.pages.dev,Phishing,mock_Mock_Data_31_07_2025.xlsx,-1
87589d5c-3319-4d9b-b4b7-75ce0d9a9202-00-2gpov9d2zvdrx.sisko.replit.dev,Phishing,mock_Mock_Data_31_07_2025.xlsx,-1
98.70.54.147,Phishing,mock_Mock_Data_31_07_2025.xlsx,-1
thnrgj.vercel.app,Phishing,mock_Mock_Data_31_07_2025.xlsx,-1
log.chankepar.cfd,Phishing,mock_Mock_Data_31_07_2025.xlsx,-1
wqhyk.vercel.app,Phishing,mock_Mock_Data_31_07_2025.xlsx,-1
ab525792-0d59-4b1c-bdf0-c130ef6fbd5f-00-1r7ebzxilka2q.pike.replit.dev,Phishing,mock_Mock_Data_31_07_2025.xlsx,-1
sbibankingonline.rf.gd,Phishing,mock_Mock_Data_31_07_2025.xlsx,-1
sbirewadserfd.vercel.app,Phishing,mock_Mock_Data_31_07_2025.xlsx,-1
sb-7615.vercel.app,Phishing,mock_Mock_Data_31_07_2025.xlsx,-1
sbpfpr-e9lf.vercel.app,Phishing,mock_Mock_Data_31_07_2025.xlsx,-1
ztgnjk.vercel.app,Phishing,mock_Mock_Data_31_07_2025.xlsx,-1
sb-fdmz.vercel.app,Phishing,mock_Mock_Data_31_07_2025.xlsx,-1
nuiii8uu.pages.dev,Phishing,mock_Mock_Data_31_07_2025.xlsx,-1
hgfvd.vercel.app,Phishing,mock_Mock_Data_31_07_2025.xlsx,-1
sb-q4n7.vercel.app,Phishing,mock_Mock_Data_31_07_2025.xlsx,-1
jdhfgtr.vercel.app,Phishing,mock_Mock_Data_31_07_2025.xlsx,-1
sbpfpr-neon.vercel.app,Phishing,mock_Mock_Data_31_07_2025.xlsx,-1
4285556c-66a7-45a3-a905-7652c91bf325-00-3gyn9n9ro02ez.sisko.replit.dev,Phishing,mock_Mock_Data_31_07_2025.xlsx,-1
bdtrh.vercel.app,Phishing,mock_Mock_Data_31_07_2025.xlsx,-1
sb-rduf.vercel.app,Phishing,mock_Mock_Data_31_07_2025.xlsx,-1
sb-xzfc.vercel.app,Phishing,mock_Mock_Data_31_07_2025.xlsx,-1
sb-6xuz.vercel.app,Phishing,mock_Mock_Data_31_07_2025.xlsx,-1
86553513-7ebc-4f96-944d-959eb4194ae6-00-v7w6qt1a87vc.pike.replit.dev,Phishing,mock_Mock_Data_31_07_2025.xlsx,-1
sb-b4g9.vercel.app,Phishing,mock_Mock_Data_31_07_2025.xlsx,-1
zbc-58t.pages.dev,Phishing,mock_Mock_Data_31_07_2025.xlsx,-1
bvccc.vercel.app,Phishing,mock_Mock_Data_31_07_2025.xlsx,-1
sb-n5wq.vercel.app,Phishing,mock_Mock_Data_31_07_2025.xlsx,-1
sb-zg4v.vercel.app,Phishing,mock_Mock_Data_31_07_2025.xlsx,-1
lakshmy08.github.io,Phishing,mock_Mock_Data_31_07_2025.xlsx,-1
qtzltnm.netlify.app,Phishing,mock_Mock_Data_31_07_2025.xlsx,-1
sbn-55b7.vercel.app,Phishing,mock_Mock_Data_31_07_2025.xlsx,-1
jhur8ui.pages.dev,Phishing,mock_Mock_Data_31_07_2025.xlsx,-1
tmkocj-264.pages.dev,Phishing,mock_Mock_Data_31_07_2025.xlsx,-1
sbd01-mauve.vercel.app,Phishing,mock_Mock_Data_31_07_2025.xlsx,-1
mudraloanfinance.online,Phishing,mock_Mock_Data_31_07_2025.xlsx,-1
sbn-c196.vercel.app,Phishing,mock_Mock_Data_31_07_2025.xlsx,-1
ae006b7e-8b41-40f9-92e7-b26296df62db-00-11fbnh0u0srpl.pike.replit.dev,Phishing,mock_Mock_Data_31_07_2025.xlsx,-1
www.chandkebparchaloji.buzz,Phishing,mock_Mock_Data_31_07_2025.xlsx,-1
sb-wvo2.vercel.app,Phishing,mock_Mock_Data_31_07_2025.xlsx,-1
rdpnlsrmkrilxwe2adfadf.buzz,Phishing,mock_Mock_Data_31_07_2025.xlsx,425
sb-zbjo.vercel.app,Phishing,mock_Mock_Data_31_07_2025.xlsx,-1
sb-7943.vercel.app,Phishing,mock_Mock_Data_31_07_2025.xlsx,-1
qvt7dws8tw.pages.dev,Phishing,mock_Mock_Data_31_07_2025.xlsx,-1
retailonlinesbisbi.vercel.app,Phishing,mock_Mock_Data_31_07_2025.xlsx,-1
sbn-main-walp.vercel.app,Phishing,mock_Mock_Data_31_07_2025.xlsx,-1
chandkeparchalo.buzz,Phishing,mock_Mock_Data_31_07_2025.xlsx,424
sbpfpro-zeta.vercel.app,Phishing,mock_Mock_Data_31_07_2025.xlsx,-1
35dfb100-b427-476c-af2b-0221248bec61-00-1dzuk3p5gu8wv.sisko.replit.dev,Phishing,mock_Mock_Data_31_07_2025.xlsx,-1
ramlakhankihelloresourse.buzz,Phishing,mock_Mock_Data_31_07_2025.xlsx,-1
x2-puce.vercel.app,Phishing,mock_Mock_Data_31_07_2025.xlsx,-1
sb-qgis.vercel.app,Phishing,mock_Mock_Data_31_07_2025.xlsx,-1
peru-boring-automaticparallelization-raja2456in.replit.app,Phishing,mock_Mock_Data_31_07_2025.xlsx,-1
df478903-9d72-4a81-9b5a-dc8e74085111-00-3aqviv7kz7vjn.sisko.replit.dev,Phishing,mock_Mock_Data_31_07_2025.xlsx,-1
chartreuse-demanding-match-raja2456in.replit.app,Phishing,mock_Mock_Data_31_07_2025.xlsx,-1
zdfkyt.netlify.app,Phishing,mock_Mock_Data_31_07_2025.xlsx,-1
hidden-fumbling-properties-raja2456in.replit.app,Phishing,mock_Mock_Data_31_07_2025.xlsx,-1
agonizing-transparent-background-raja2456in.replit.app,Phishing,mock_Mock_Data_31_07_2025.xlsx,-1
50311d0e-25c7-403d-99ac-26753f9689e1-00-e9v1twgygg22.sisko.replit.dev,Phishing,mock_Mock_Data_31_07_2025.xlsx,-1
sbn-main-vxnf.vercel.app,Phishing,mock_Mock_Data_31_07_2025.xlsx,-1
open-offensive-driverwrapper-redmmblack.replit.app,Phishing,mock_Mock_Data_31_07_2025.xlsx,-1
sbloihg.vercel.app,Phishing,mock_Mock_Data_31_07_2025.xlsx,-1
royalblue-clearcut-resources-redmmblack.replit.app,Phishing,mock_Mock_Data_31_07_2025.xlsx,-1
sbn-main-wjjx.vercel.app,Phishing,mock_Mock_Data_31_07_2025.xlsx,-1
sb-nh1l.vercel.app,Phishing,mock_Mock_Data_31_07_2025.xlsx,-1
kiuuyht.pages.dev,Phishing,mock_Mock_Data_31_07_2025.xlsx,-1
sbn-main-h7pd.vercel.app,Phishing,mock_Mock_Data_31_07_2025.xlsx,-1
mediumpurple-vacant-conferences-rdeemrwrd.replit.app,Phishing,mock_Mock_Data_31_07_2025.xlsx,-1
limping-cluttered-procedurallanguage-rdeemrwrd.replit.app,Phishing,mock_Mock_Data_31_07_2025.xlsx,-1
bgytrdde.pages.dev,Phishing,mock_Mock_Data_31_07_2025.xlsx,-1
pra-2h.pages.dev,Phishing,mock_Mock_Data_31_07_2025.xlsx,-1
k-1499.pages.dev,Phishing,mock_Mock_Data_31_07_2025.xlsx,-1
uneven-preemptive-qbasic-rdeemrwrd.replit.app,Phishing,mock_Mock_Data_31_07_2025.xlsx,-1
sbn-main-roex.vercel.app,Phishing,mock_Mock_Data_31_07_2025.xlsx,-1
hinsyt.pages.dev,Phishing,mock_Mock_Data_31_07_2025.xlsx,-1
nimble-huge-cryptocurrency-rdeemrwrd.replit.app,Phishing,mock_Mock_Data_31_07_2025.xlsx,-1
fc0fac5b-bbaf-4f03-a0d2-743b1c9fb66d-00-3bp3rri86nd9a.pike.replit.dev,Phishing,mock_Mock_Data_31_07_2025.xlsx,-1
sbn-main-fg67.vercel.app,Phishing,mock_Mock_Data_31_07_2025.xlsx,-1
048bbf22-030f-4c20-b498-97522b94a09e-00-2pf1xy4cidex6.sisko.replit.dev,Phishing,mock_Mock_Data_31_07_2025.xlsx,-1
chocolate-rectangular-applicationserver-rdeemrwrd.replit.app,Phishing,mock_Mock_Data_31_07_2025.xlsx,-1
sbn-main-esuq.vercel.app,Phishing,mock_Mock_Data_31_07_2025.xlsx,-1
eada594a-55bd-4f89-8e51-44c7859c85be-00-aubelet62qx2.pike.replit.dev,Phishing,mock_Mock_Data_31_07_2025.xlsx,-1
sbn-main-v4ap.vercel.app,Phishing,mock_Mock_Data_31_07_2025.xlsx,-1
goldendevil046-001-site1.otempurl.com,Phishing,mock_Mock_Data_31_07_2025.xlsx,-1
slushy-portly-computergames-rdeemrwrd.replit.app,Phishing,mock_Mock_Data_31_07_2025.xlsx,-1
mam-unlawful-lemonchiffon-website.replit.app,Phishing,mock_Mock_Data_31_07_2025.xlsx,-1
srtjvhk.vercel.app,Phishing,mock_Mock_Data_31_07_2025.xlsx,-1
f8b36500-0f99-44f2-8149-a8de8561970e-00-28ffszxxis0vl.pike.replit.dev,Phishing,mock_Mock_Data_31_07_2025.xlsx,-1
axlwfmvkrs.replit.app,Phishing,mock_Mock_Data_31_07_2025.xlsx,-1
cooperative-enormous-outcomes.replit.app,Phishing,mock_Mock_Data_31_07_2025.xlsx,-1
373d897a-eaa9-46a1-859d-8df24f8cdee4-00-21kjv19gwa86o.pike.replit.dev,Phishing,mock_Mock_Data_31_07_2025.xlsx,-1
alarming-sane-emulatorslksdkjflknxclvjdlfkfj.replit.app,Phishing,mock_Mock_Data_31_07_2025.xlsx,-1
logn-sb-rwd.replit.app,Phishing,mock_Mock_Data_31_07_2025.xlsx,-1
sbn-main-tcuc.vercel.app,Phishing,mock_Mock_Data_31_07_2025.xlsx,-1
jis-129.pages.dev,Phishing,mock_Mock_Data_31_07_2025.xlsx,-1
sbn-main-f97g.vercel.app,Phishing,mock_Mock_Data_31_07_2025.xlsx,-1
sbn-main-igh3.vercel.app,Phishing,mock_Mock_Data_31_07_2025.xlsx,-1
ioclrecruit.in,Phishing,mock_Mock_Data_31_07_2025.xlsx,-1
finallyinertia.top,Phishing,mock_Mock_Data_31_07_2025.xlsx,-1
www.indian-oils.com,Phishing,mock_Mock_Data_31_07_2025.xlsx,-1
settlexlcp.com,Phishing,mock_Mock_Data_31_07_2025.xlsx,-1
petrolpumpsdealerchyan.com,Phishing,mock_Mock_Data_31_07_2025.xlsx,-1
petrolpumpdealerchayan.com,Phishing,mock_Mock_Data_31_07_2025.xlsx,2806
indianoilcorporationsltd.com,Phishing,mock_Mock_Data_31_07_2025.xlsx,-1
www.zoominfo.com,Phishing,mock_Mock_Data_31_07_2025.xlsx,-1
blueimpactnetwork.top,Phishing,mock_Mock_Data_31_07_2025.xlsx,-1
fitnessfanfare,Phishing,mock_Mock_Data_31_07_2025.xlsx,-1
bluemetricsolutions.top,Phishing,mock_Mock_Data_31_07_2025.xlsx,-1
marketingmedia.pro,Phishing,mock_Mock_Data_31_07_2025.xlsx,-1
marketingmediawhite.pro,Phishing,mock_Mock_Data_31_07_2025.xlsx,-1
blueorbitdigital.top,Phishing,mock_Mock_Data_31_07_2025.xlsx,-1
m.facebook.com,Phishing,mock_Mock_Data_31_07_2025.xlsx,-1
indianoilcorporations.in,Phishing,mock_Mock_Data_31_07_2025.xlsx,-1
petrolpump-ksk.com,Phishing,mock_Mock_Data_31_07_2025.xlsx,478
info@petrolpumpsdealerschayan.com,Phishing,mock_Mock_Data_31_07_2025.xlsx,-1
ioclapply.in,Phishing,mock_Mock_Data_31_07_2025.xlsx,-1
iocludr.com,Phishing,mock_Mock_Data_31_07_2025.xlsx,-1
petrolpumpdealervitrakchayan.in,Phishing,mock_Mock_Data_31_07_2025.xlsx,-1
indianoiluxtw.top,Phishing,mock_Mock_Data_31_07_2025.xlsx,-1
www.iocl-apply.in,Phishing,mock_Mock_Data_31_07_2025.xlsx,-1
fadedfable.digital,Phishing,mock_Mock_Data_31_07_2025.xlsx,-1
v1.mk,Phishing,mock_Mock_Data_31_07_2025.xlsx,-1
petrolpumpvitrkdealerchayan.com,Phishing,mock_Mock_Data_31_07_2025.xlsx,-1
liocl.com,Phishing,mock_Mock_Data_31_07_2025.xlsx,-1
www.iiocl.com,Phishing,mock_Mock_Data_31_07_2025.xlsx,-1
indanenearme.in,Phishing,mock_Mock_Data_31_07_2025.xlsx,852
iocl.com@indolj.cyou,Phishing,mock_Mock_Data_31_07_2025.xlsx,-1
iolpoi.cyou,Phishing,mock_Mock_Data_31_07_2025.xlsx,261
indol0.cyou,Phishing,mock_Mock_Data_31_07_2025.xlsx,263
iolhah.cyou,Phishing,mock_Mock_Data_31_07_2025.xlsx,261
iolxxw.cyou,Phishing,mock_Mock_Data_31_07_2025.xlsx,254
iol68m.cyou,Phishing,mock_Mock_Data_31_07_2025.xlsx,254
iol3ax.cyou,Phishing,mock_Mock_Data_31_07_2025.xlsx,254
niclogin.co,Phishing,synthetic_v2,-1
icici-banking.xyz,Phishing,synthetic_v2,-1
hdfc-verify.net,Phishing,synthetic_v2,-1
hdfclogin.net,Phishing,synthetic_v2,-1
uidaiupdate.xyz,Phishing,synthetic_v2,-1
bob-banking.net,Phishing,synthetic_v2,-1
nic-secure.info,Phishing,synthetic_v2,-1
irctcverify.xyz,Phishing,synthetic_v2,-1
airtel-support.info,Phishing,synthetic_v2,-1
irctcsecure.info,Phishing,synthetic_v2,-1
sbiverify.org,Phishing,synthetic_v2,-1
bobsecure.xyz,Phishing,synthetic_v2,-1
sbi-help.net,Phishing,synthetic_v2,-1
bobverify.org,Phishing,synthetic_v2,-1
iocl-help.top,Phishing,synthetic_v2,-1
hdfc-verify.xyz,Phishing,synthetic_v2,-1
ioclupdate.info,Phishing,synthetic_v2,-1
iocllogin.info,Phishing,synthetic_v2,-1
pnb-support.org,Phishing,synthetic_v2,-1
uidai-help.info,Phishing,synthetic_v2,-1
nic-banking.net,Phishing,synthetic_v2,-1
irctc-banking.top,Phishing,synthetic_v2,-1
nic-support.in,Phishing,synthetic_v2,-1
iciciupdate.org,Phishing,synthetic_v2,-1
bobverify.in,Phishing,synthetic_v2,-1
sbiupdate.top,Phishing,synthetic_v2,-1
bob-support.xyz,Phishing,synthetic_v2,-1
iciciupdate.top,Phishing,synthetic_v2,-1
bobupdate.co,Phishing,synthetic_v2,-1
irctc-online.in,Phishing,synthetic_v2,-1
hdfc-secure.xyz,Phishing,synthetic_v2,-1
uidai-verify.info,Phishing,synthetic_v2,-1
pnbupdate.net,Phishing,synthetic_v2,-1
irctc-verify.info,Phishing,synthetic_v2,-1
irctcupdate.xyz,Phishing,synthetic_v2,-1
sbiverify.net,Phishing,synthetic_v2,-1
nicsecure.in,Phishing,synthetic_v2,-1
sbiupdate.co,Phishing,synthetic_v2,-1
uidai-online.info,Phishing,synthetic_v2,-1
hdfc-login.net,Phishing,synthetic_v2,-1
niclogin.info,Phishing,synthetic_v2,-1
uidai-login.xyz,Phishing,synthetic_v2,-1
iocl-support.info,Phishing,synthetic_v2,-1
pnb-secure.in,Phishing,synthetic_v2,-1
nic-online.info,Phishing,synthetic_v2,-1
hdfc-verify.in,Phishing,synthetic_v2,-1
iocl-support.net,Phishing,synthetic_v2,-1
hdfc-help.info,Phishing,synthetic_v2,-1
icici-secure.co,Phishing,synthetic_v2,-1
pnbupdate.xyz,Phishing,synthetic_v2,-1
nicsecure.xyz,Phishing,synthetic_v2,-1
uidaiverify.co,Phishing,synthetic_v2,-1
uidai-support.org,Phishing,synthetic_v2,-1
uidai-login.top,Phishing,synthetic_v2,-1
irctc-secure.org,Phishing,synthetic_v2,-1
iciciupdate.in,Phishing,synthetic_v2,-1
ioclsecure.co,Phishing,synthetic_v2,-1
uidailogin.xyz,Phishing,synthetic_v2,-1
sbi-online.in,Phishing,synthetic_v2,196
hdfc-banking.org,Phishing,synthetic_v2,-1
sbi-login.info,Phishing,synthetic_v2,-1
bobsecure.info,Phishing,synthetic_v2,-1
icici-help.top,Phishing,synthetic_v2,-1
bob-secure.in,Phishing,synthetic_v2,-1
uidai-verify.xyz,Phishing,synthetic_v2,-1
hdfclogin.org,Phishing,synthetic_v2,-1
airtel-login.in,Phishing,synthetic_v2,-1
iocl-online.in,Phishing,synthetic_v2,-1
hdfc-online.co,Phishing,synthetic_v2,-1
iocl-secure.top,Phishing,synthetic_v2,-1
airtelupdate.info,Phishing,synthetic_v2,-1
bob-login.xyz,Phishing,synthetic_v2,-1
irctc-login.org,Phishing,synthetic_v2,-1
irctclogin.co,Phishing,synthetic_v2,-1
pnbsecure.org,Phishing,synthetic_v2,-1
ioclverify.net,Phishing,synthetic_v2,-1
pnb-online.info,Phishing,synthetic_v2,-1
ioclverify.co,Phishing,synthetic_v2,-1
icici-login.top,Phishing,synthetic_v2,-1
sbi-secure.info,Phishing,synthetic_v2,-1
pnb-secure.xyz,Phishing,synthetic_v2,-1
iocl-banking.org,Phishing,synthetic_v2,-1
irctcupdate.in,Phishing,synthetic_v2,-1
hdfc-help.co,Phishing,synthetic_v2,-1
sbi-support.xyz,Phishing,synthetic_v2,-1
uidaiverify.xyz,Phishing,synthetic_v2,-1
icici-login.co,Phishing,synthetic_v2,-1
pnb-banking.org,Phishing,synthetic_v2,-1
boblogin.top,Phishing,synthetic_v2,-1
icici-support.top,Phishing,synthetic_v2,-1
uidai-login.co,Phishing,synthetic_v2,-1
hdfc-update.info,Phishing,synthetic_v2,-1
sbiupdate.org,Phishing,synthetic_v2,-1
hdfc.secure--update.net,Phishing,synthetic_v2,-1
iocl.service--banking.top,Phishing,synthetic_v2,-1
sbi.secure-secure.xyz,Phishing,synthetic_v2,-1
irctc.service--online.in,Phishing,synthetic_v2,-1
nic.service--login.co,Phishing,synthetic_v2,-1
bob.service--login.co,Phishing,synthetic_v2,-1
uidai.check--verify.org,Phishing,synthetic_v2,-1
irctc.portal--support.co,Phishing,synthetic_v2,-1
uidai.portal--support.in,Phishing,synthetic_v2,-1
bob.secure--secure.org,Phishing,synthetic_v2,-1
sbi.service--banking.info,Phishing,synthetic_v2,-1
bob.service--update.co,Phishing,synthetic_v2,-1
bob.check--support.top,Phishing,synthetic_v2,-1
irctc.secure-secure.in,Phishing,synthetic_v2,-1
pnb.secure-verify.net,Phishing,synthetic_v2,-1
airtel.secure--help.in,Phishing,synthetic_v2,-1
irctc.service-login.net,Phishing,synthetic_v2,-1
airtel.secure-verify.net,Phishing,synthetic_v2,-1
bob.secure--secure.xyz,Phishing,synthetic_v2,-1
bob.service--online.org,Phishing,synthetic_v2,-1
pnb.check--update.xyz,Phishing,synthetic_v2,-1
uidai.secure--help.org,Phishing,synthetic_v2,-1
pnb.portal-update.top,Phishing,synthetic_v2,-1
hdfc.secure-update.net,Phishing,synthetic_v2,-1
sbi.service-verify.xyz,Phishing,synthetic_v2,-1
iocl.portal--online.xyz,Phishing,synthetic_v2,-1
bob.secure-secure.net,Phishing,synthetic_v2,-1
icici.secure-verify.info,Phishing,synthetic_v2,-1
irctc.portal--update.xyz,Phishing,synthetic_v2,-1
sbi.secure--update.xyz,Phishing,synthetic_v2,-1
icici.service--update.org,Phishing,synthetic_v2,-1
icici.secure-verify.co,Phishing,synthetic_v2,-1
irctc.service--support.top,Phishing,synthetic_v2,-1
icici.check--secure.net,Phishing,synthetic_v2,-1
sbi.secure--verify.info,Phishing,synthetic_v2,-1
irctc.check--help.net,Phishing,synthetic_v2,-1
irctc.secure--secure.in,Phishing,synthetic_v2,-1
hdfc.portal-update.co,Phishing,synthetic_v2,-1
pnb.secure--update.net,Phishing,synthetic_v2,-1
irctc.portal-verify.top,Phishing,synthetic_v2,-1
icici.service--secure.top,Phishing,synthetic_v2,-1
nic.portal--help.xyz,Phishing,synthetic_v2,-1
icici.check--online.co,Phishing,synthetic_v2,-1
hdfc.service--banking.net,Phishing,synthetic_v2,-1
hdfc.secure-secure.info,Phishing,synthetic_v2,-1
pnb.portal--update.info,Phishing,synthetic_v2,-1
icici.secure--support.top,Phishing,synthetic_v2,-1
sbi.check--banking.net,Phishing,synthetic_v2,-1
hdfc.check--online.xyz,Phishing,synthetic_v2,-1
sbi.service-login.net,Phishing,synthetic_v2,-1
iocl.check--update.co,Phishing,synthetic_v2,-1
hdfc.check--update.info,Phishing,synthetic_v2,-1
icici.portal--help.info,Phishing,synthetic_v2,-1
pnb.check--login.co,Phishing,synthetic_v2,-1
pnb.portal--banking.top,Phishing,synthetic_v2,-1
bob.check--help.info,Phishing,synthetic_v2,-1
uidai.secure-secure.co,Phishing,synthetic_v2,-1
hdfc.check--login.in,Phishing,synthetic_v2,-1
irctc.service--support.xyz,Phishing,synthetic_v2,-1
bob.portal--update.co,Phishing,synthetic_v2,-1
uidai.portal-update.info,Phishing,synthetic_v2,-1
irctc.check--update.net,Phishing,synthetic_v2,-1
hdfc.secure--support.top,Phishing,synthetic_v2,-1
icici.portal--online.org,Phishing,synthetic_v2,-1
nic.service--secure.net,Phishing,synthetic_v2,-1
bob.check-update.xyz,Phishing,synthetic_v2,-1
sbi.secure--secure.co,Phishing,synthetic_v2,-1
sbi.check-update.net,Phishing,synthetic_v2,-1
sbi.check--login.xyz,Phishing,synthetic_v2,-1
uidai.secure--banking.net,Phishing,synthetic_v2,-1
iocl.check--online.xyz,Phishing,synthetic_v2,-1
sbi.check--online.in,Phishing,synthetic_v2,-1
hdfc.check--login.info,Phishing,synthetic_v2,-1
nic.service-update.org,Phishing,synthetic_v2,-1
nic.service--help.info,Phishing,synthetic_v2,-1
airtel.secure--support.info,Phishing,synthetic_v2,-1
iocl.service-secure.net,Phishing,synthetic_v2,-1
icici.check-login.co,Phishing,synthetic_v2,-1
uidai.service--support.co,Phishing,synthetic_v2,-1
uidai.secure--online.co,Phishing,synthetic_v2,-1
bob.portal--verify.org,Phishing,synthetic_v2,-1
iocl.secure--banking.top,Phishing,synthetic_v2,-1
iocl.secure--help.xyz,Phishing,synthetic_v2,-1
icici.check-secure.xyz,Phishing,synthetic_v2,-1
bob.portal-login.xyz,Phishing,synthetic_v2,-1
bob.check-login.top,Phishing,synthetic_v2,-1
bob.secure--login.top,Phishing,synthetic_v2,-1
pnb.service--login.net,Phishing,synthetic_v2,-1
airtel.service--secure.org,Phishing,synthetic_v2,-1
icici.service-secure.in,Phishing,synthetic_v2,-1
bob.portal--secure.top,Phishing,synthetic_v2,-1
pnb.check-update.info,Phishing,synthetic_v2,-1
airtel.secure--secure.net,Phishing,synthetic_v2,-1
uidai.service-secure.info,Phishing,synthetic_v2,-1
uidai.portal--banking.co,Phishing,synthetic_v2,-1
pnb.secure--online.co,Phishing,synthetic_v2,-1
sbi.secure--support.org,Phishing,synthetic_v2,-1
airtel.secure--update.net,Phishing,synthetic_v2,-1
nic.service--banking.xyz,Phishing,synthetic_v2,-1
pnb.check-secure.xyz,Phishing,synthetic_v2,-1
acceso-al-correo-electronico.webflow.io,Phishing,phishtank,-1
login.marineelectronicscheap.com,Phishing,phishtank,-1
pay.promoativadalinha.top,Phishing,phishtank,-1
ineffable-unicorn-195997.framer.app,Phishing,phishtank,-1
pay.pagamento-desconto-aprovado.com,Phishing,phishtank,-1
pay.paypagementoseguroltda.site,Phishing,phishtank,-1
finalizar-pendencia.vercel.app,Phishing,phishtank,-1
storage.googleapis.com,Phishing,phishtank,-1
docs.google.com,Phishing,phishtank,-1
portalsemanafeirao.vercel.app,Phishing,phishtank,-1
v0-pagina-inicial-com-imagens.vercel.app,Phishing,phishtank,-1
pub-f73adf40cab64201b704a66989da48e2.r2.dev,Phishing,phishtank,-1
kemmler-electronic.com,Phishing,phishtank,8516
unicampbr2.ukit.me,Phishing,phishtank,-1
organic-grammar-461746.framer.app,Phishing,phishtank,-1
nic-uniza-sk.weebly.com,Phishing,phishtank,-1
tbaytelcommunicationservicemember.weebly.com,Phishing,phishtank,-1
rackingindia.com,Phishing,phishtank,4129
loginprincipalinicios.pages.dev,Phishing,phishtank,-1
loginprincipalinicioyaas.pages.dev,Phishing,phishtank,-1
app.bonuspromocao.pro,Phishing,phishtank,-1
ofertasfinanceirasbr.vercel.app,Phishing,phishtank,-1
pay.finalize-aqui-seu-pedido.shop,Phishing,phishtank,-1
bt-communications-100923.weeblysite.com,Phishing,phishtank,-1
allegrolokalnie.pl-576183681.cfd,Phishing,phishtank,-1
suportenetpjempresa.digital,Phishing,phishtank,-1
loginprincipalinicioya.pages.dev,Phishing,phishtank,-1
austria-bank-login--hshssh2737.replit.app,Phishing,phishtank,-1
doc-exodusweb3.nicepage.io,Phishing,phishtank,-1
exodus-web.nicepage.io,Phishing,phishtank,-1
www.venicecanoe.com,Phishing,phishtank,-1
venicecanoe.com,Phishing,phishtank,7795
seguniao.pro,Phishing,phishtank,-1
organic-darling-060049.framer.app,Phishing,phishtank,-1
myportal.qmagnaindia.com,Phishing,phishtank,-1
nodry-owa-ozu.matt770555.workers.dev,Phishing,phishtank,-1
www.excitonicpair.cfd,Phishing,phishtank,-1
recepcioncfdisimm-fkhudhe6a7bzdeau.southcentralus-01.azurewebsites.net,Phishing,phishtank,-1
technical-world-186128.framer.app,Phishing,phishtank,-1
indianplacements.co.in,Phishing,phishtank,6396
iniciodesesionuniversidadcentraldelecuador.weebly.com,Phishing,phishtank,-1
webappsecureaccontswdtifdhger.nicguymosadpcu.biz.id,Phishing,phishtank,-1
mailservercommunication.weebly.com,Phishing,phishtank,-1
bricksmasons.org,Phishing,phishtank,320
organicshop99.com,Phishing,phishtank,118
iniciodesesion.framer.ai,Phishing,phishtank,-1
organic-line-084152.framer.app,Phishing,phishtank,-1
monicabrose.shop,Phishing,phishtank,-1
acceclientnickel.cloudaccess.host,Phishing,phishtank,-1
clinicaroua.ro,Phishing,phishtank,3962
val1dardatosbio.webcindario.com,Phishing,phishtank,-1
pay.promojanlinha.top,Phishing,phishtank,-1
dry-owa-ozu.matt770555.workers.dev,Phishing,phishtank,-1
communicative-selfies-758414.framer.app,Phishing,phishtank,-1
mechanicsbank-business.co.com,Phishing,phishtank,-1
clinicanewlifeprime.com.br,Phishing,phishtank,-1
serviciosbilbao.cl,Phishing,phishtank,6075
metrixor.com,Phishing,phishtank,-1
app.maispromos.online,Phishing,phishtank,-1
app.biapontosmax.pro,Phishing,phishtank,-1
newcrystoprbjmanagementindia.com,Phishing,phishtank,229
pronicardevserv.webcindario.com,Phishing,phishtank,-1
is.gd,Phishing,phishtank,6754
seg-social.at,Phishing,phishtank,-1
portaldeinicio.webcindario.com,Phishing,phishtank,-1
15253055.solarmonkey.sk,Phishing,phishtank,-1
canal-digital-web.vercel.app,Phishing,phishtank,-1
fqyuanmo.com,Phishing,phishtank,3704
a-comunicacion.com,Phishing,phishtank,-1
loteriascaixaonlline-gov-l1.vercel.app,Phishing,phishtank,-1
bnicrflre.com,Phishing,phishtank,79
iniciio-pr0duban.webcindario.com,Phishing,phishtank,-1
peeldsb-rnicrosoft-login.work.gd,Phishing,phishtank,-1
statsf-tm.everesttech.net,Phishing,phishtank,-1
produ-inici0.webcindario.com,Phishing,phishtank,-1
inicio-pr0du.webcindario.com,Phishing,phishtank,-1
produinicio.webcindario.com,Phishing,phishtank,-1
nickmacdonald111.wixsite.com,Phishing,phishtank,-1
nickrushbrooke2.wixsite.com,Phishing,phishtank,-1
ecuadordainicio.webcindario.com,Phishing,phishtank,-1
finichdeliv.wpenginepowered.com,Phishing,phishtank,-1
inicioprodu.webcindario.com,Phishing,phishtank,-1
alimentiumconnectwebapi.azurewebsites.net,Phishing,phishtank,-1
www.musical.gr,Phishing,phishtank,-1
tbaytelcommunications.weebly.com,Phishing,phishtank,-1
isonic.weebly.com,Phishing,phishtank,-1
nichole-martins-074jk45-access-now.weebly.com,Phishing,phishtank,-1
united-internet-d.openx.net,Phishing,phishtank,-1
iniciobienvenido.webcindario.com,Phishing,phishtank,-1
csbim-connect.web.app,Phishing,phishtank,-1
csbim-connect.firebaseapp.com,Phishing,phishtank,-1
dagroupindia.com,Phishing,phishtank,3004
www.dropbox.com,Phishing,phishtank,-1
pt.seg-social.at,Phishing,phishtank,-1
iniciar-credito.webcindario.com,Phishing,phishtank,-1
2fkcz7.share-eu1.hsforms.com,Phishing,phishtank,-1
1my65.trk.elasticemail.com,Phishing,phishtank,-1
nonenforceable976.cyltra.onl,Phishing,phishtank,-1
incometaxrefund.wixstudio.com,Phishing,phishtank,-1
nickygile330.mvt.so,Phishing,phishtank,-1
s-cas-unicaen-fr.weebly.com,Phishing,phishtank,-1
whitepinecl.com,Phishing,phishtank,1539
usbitt.weebly.com,Phishing,phishtank,-1
itsbio.link,Phishing,phishtank,1771
flagcollection.com,Phishing,phishtank,9282
osm.hlidskjalf.is,Phishing,phishtank,-1
www.flagcollection.com,Phishing,phishtank,-1
en.schlosshotel-zdikov.de,Phishing,phishtank,-1
www.amiga68k.de,Phishing,phishtank,-1
aplitaworld.com,Phishing,phishtank,1966
amiga68k.de,Phishing,phishtank,-1
app.cronogramaresgate.click,Phishing,phishtank,179
indiapost-in-govin.click,Phishing,phishtank,197
bafkreicjbo6ztthldlxtmc4sd4hmtqyjt7gysfknij5qtobvxe3wllrsbi.ipfs.dweb.link,Phishing,phishtank,3301
inicio-promerica.webcindario.com,Phishing,phishtank,-1
bafkreidrnxoveikateiqzhnpnb5fzdegpjpspbm3htagn3574amwuzzjkq.ipfs.dweb.link,Phishing,phishtank,3301
bafkreibc53h7prboy5niccdnegrk54tj37bo3dnv4qywissdth7t5cv2qa.ipfs.dweb.link,Phishing,phishtank,3301
bafkreic5d4mm5f3gg4qzvy3jezgwmgo2qzc7wyfy7iunicqyuxvgg5kmje.ipfs.dweb.link,Phishing,phishtank,3301
bafkreibffjyduvy7m3v6x7bkfxgtyl6xrrx7zzfexamxhuhxmnic4g6llu.ipfs.dweb.link,Phishing,phishtank,3301
bafkreifr6zy62mctuccuqfxrhi5suueyhza35h44qqpm6oq7r3pnb7iur4.ipfs.dweb.link,Phishing,phishtank,-1
bafkreif5txdxel3kelxzpnbjeg4pdp5exkwi2ciwgbeed53pwqsoykj2qm.ipfs.dweb.link,Phishing,phishtank,3301
href.li,Phishing,phishtank,-1
notifyingtelekommunications.weebly.com,Phishing,phishtank,-1
iniciar-sesion12.webcindario.com,Phishing,phishtank,-1
iniciar-authbn.webcindario.com,Phishing,phishtank,-1
1meqo.trk.elasticemail.com,Phishing,phishtank,-1
sbisec-jp.games258.com,Phishing,phishtank,-1
verificacfdi.facturaelectronica.sat.gob.mx.sisems.es.validaciondelicencia.com,Phishing,phishtank,-1
unicaen0.weebly.com,Phishing,phishtank,-1
kutt.it,Phishing,phishtank,3007
mailchoiceindia.weebly.com,Phishing,phishtank,-1
networkingtelekomunication.weebly.com,Phishing,phishtank,-1
autocommunication.weebly.com,Phishing,phishtank,-1
xn--actualitzacidecorreuelectrnicdegencatweb-k3d1a.weebly.com,Phishing,phishtank,-1
rainbowcommunication.com.bd,Phishing,phishtank,-1
mypnbkewane.weebly.com,Phishing,phishtank,-1
tienda.reduxclinica.com.ec,Phishing,phishtank,-1
hrbt1e6567m8-pages-dev.translate.goog,Phishing,phishtank,-1
qa0sb4mjucd7-pages-dev.translate.goog,Phishing,phishtank,-1
l2xh2ov6ux3un-pages-dev.translate.goog,Phishing,phishtank,-1
540qkoz4qdqpx-pages-dev.translate.goog,Phishing,phishtank,-1
o505lyw4d0okd-pages-dev.translate.goog,Phishing,phishtank,-1
vdlvz5eh08yw1-pages-dev.translate.goog,Phishing,phishtank,-1
kxgs92v9o27q8-pages-dev.translate.goog,Phishing,phishtank,-1
bp3458eyjeik3h-pages-dev.translate.goog,Phishing,phishtank,-1
nn5dd0yfca0os-pages-dev.translate.goog,Phishing,phishtank,-1
ema4jz0bkzvsj-pages-dev.translate.goog,Phishing,phishtank,-1
gn31mm483m8eu-pages-dev.translate.goog,Phishing,phishtank,-1
h1cfjr47pth218.pages.dev,Phishing,phishtank,-1
ek7n2cbxnbvngz-pages-dev.translate.goog,Phishing,phishtank,-1
dcg7wx0jdvlnn-pages-dev.translate.goog,Phishing,phishtank,-1
pqzhgfx8qww11g-pages-dev.translate.goog,Phishing,phishtank,-1
zjda2nhrhy8mrf-pages-dev.translate.goog,Phishing,phishtank,-1
bs6lum61rjw5co-pages-dev.translate.goog,Phishing,phishtank,-1
h1cfjr47pth218-pages-dev.translate.goog,Phishing,phishtank,-1
iszmzjsildwe.blogspot.com,Phishing,phishtank,-1
vevqfe243-pages-dev.translate.goog,Phishing,phishtank,-1
wvv2v224-pages-dev.translate.goog,Phishing,phishtank,-1
9h3evw7i1f6d-pages-dev.translate.goog,Phishing,phishtank,-1
xdl82h0t2swf-pages-dev.translate.goog,Phishing,phishtank,-1
wtx0v4wp17yh-pages-dev.translate.goog,Phishing,phishtank,-1
yj728x7pu3o4-pages-dev.translate.goog,Phishing,phishtank,-1
sonicalerexzm.weebly.com,Phishing,phishtank,-1
sonic-secure1.weebly.com,Phishing,phishtank,-1
xn--soporteporcorreoelectrnicodelauniversidaduct0909-wve.weebly.com,Phishing,phishtank,-1
ant.com.vn,Phishing,phishtank,-1
netzerolinkwebcommunicationservice.weebly.com,Phishing,phishtank,-1
sonic999.weebly.com,Phishing,phishtank,-1
imagemcisp.com.br,Phishing,phishtank,-1
shentelcommunicatiionsserverupgrade.weebly.com,Phishing,phishtank,-1
l0ginsecion.webcindario.com,Phishing,phishtank,-1
attcomunicationsupport.weebly.com,Phishing,phishtank,-1
l.wl.co,Phishing,phishtank,-1
iniciar-correo-web.weebly.com,Phishing,phishtank,-1
nicoleclark332144.github.io,Phishing,phishtank,-1
hasgoodtools.com,Phishing,phishtank,-1
forcarorbike.com,Phishing,phishtank,-1
iniciosecurity1.webcindario.com,Phishing,phishtank,-1
url.emailprotection.link,Phishing,phishtank,3162
bellrushhoursbills.weebly.com,Phishing,phishtank,-1
marketplace-item-details-87452610.zya.me,Phishing,phishtank,-1
niconbvmvvnmx.weebly.com,Phishing,phishtank,-1
auburn-unicu-acc-sc.weebly.com,Phishing,phishtank,-1
tbaytellcommunication.weebly.com,Phishing,phishtank,-1
qrco.de,Phishing,phishtank,-1
bizasvanicar.webcindario.com,Phishing,phishtank,-1
vm02.viptronica.com,Phishing,phishtank,-1
scientific-calculator-canicomp.web.app,Phishing,phishtank,-1
scientific-calculator-canicomp.firebaseapp.com,Phishing,phishtank,-1
bttelecomunication.w3spaces.com,Phishing,phishtank,-1
spikenow.com,Phishing,phishtank,3316
thecapitalindian.co.uk,Phishing,phishtank,-1
britishtelecommunicationbil.w3spaces.com,Phishing,phishtank,-1
britishtelecommunicationbill.w3spaces.com,Phishing,phishtank,-1
sunpasstollsbill.com,Phishing,phishtank,618
b-t-coomunicationspage.w3spaces.com,Phishing,phishtank,-1
website6275565.nicepage.io,Phishing,phishtank,-1
connecticuttechnicalupdate4422.ukit.me,Phishing,phishtank,-1
www.dakshcommunication.in,Phishing,phishtank,4587
notedefraisbist.web.app,Phishing,phishtank,-1
notedefraisbist.firebaseapp.com,Phishing,phishtank,-1
usebiolink.com,Phishing,phishtank,1268
gatewaytechnicalcollege.ukit.me,Phishing,phishtank,-1
nicheuniversal.ukit.me,Phishing,phishtank,-1
linknbio.com,Phishing,phishtank,1703
inicio-decompras.webcindario.com,Phishing,phishtank,-1
anular-ahora.webcindario.com,Phishing,phishtank,-1
provicomprascom.webcindario.com,Phishing,phishtank,-1
provicomprass.webcindario.com,Phishing,phishtank,-1
cancelaciones-ar.webcindario.com,Phishing,phishtank,-1
inicio-inicio.webcindario.com,Phishing,phishtank,-1
provinciatoken24.webcindario.com,Phishing,phishtank,-1
bipcompras-ar.webcindario.com,Phishing,phishtank,-1
anular-compras.webcindario.com,Phishing,phishtank,-1
ply-cfbindiana.web.app,Phishing,phishtank,-1
ply-cfbindiana.firebaseapp.com,Phishing,phishtank,-1
iniciarcuscatlan.webcindario.com,Phishing,phishtank,-1
indianastateuniverityaccountupdate.ukit.me,Phishing,phishtank,-1
comprastokenar.webcindario.com,Phishing,phishtank,-1
comprastokenbip.webcindario.com,Phishing,phishtank,-1
bipcancelarnett.webcindario.com,Phishing,phishtank,-1
biptokencompra.webcindario.com,Phishing,phishtank,-1
bipcancelarnet.webcindario.com,Phishing,phishtank,-1
bipcancelarr.webcindario.com,Phishing,phishtank,-1
ingresa-inicio.webcindario.com,Phishing,phishtank,-1
provincia-compra.webcindario.com,Phishing,phishtank,-1
luxurytechnical.com,Phishing,phishtank,4307
bancoprovinciaar.webcindario.com,Phishing,phishtank,-1
www.flowcode.com,Phishing,phishtank,-1
pub-c7b916d0f569445e8ba4fd1d8b062375.r2.dev,Phishing,phishtank,-1
viuonicoiscienic.web.app,Phishing,phishtank,-1
viuonicoiscienic.firebaseapp.com,Phishing,phishtank,-1
comunicadto0.webcindario.com,Phishing,phishtank,-1
rpovmxxbh.webcindario.com,Phishing,phishtank,-1
sibecotechnics.ru,Phishing,phishtank,1240
provomsdl.webcindario.com,Phishing,phishtank,-1
web-lnicio-rural.biz.site,Phishing,phishtank,-1
provinclasbip.webcindario.com,Phishing,phishtank,-1
provindkj.webcindario.com,Phishing,phishtank,-1
provincml.webcindario.com,Phishing,phishtank,-1
imusicantibavaresi.de,Phishing,phishtank,-1
iniciobrural.webcindario.com,Phishing,phishtank,-1
authjgxszcloxpnassocl.web.app,Phishing,phishtank,-1
authjgxszcloxpnassocl.firebaseapp.com,Phishing,phishtank,-1
jauniceverattisbannars.web.app,Phishing,phishtank,-1
jauniceverattisbannars.firebaseapp.com,Phishing,phishtank,-1
provinciashjk.webcindario.com,Phishing,phishtank,-1
inicidaaavihn.webcindario.com,Phishing,phishtank,-1
vanicadaranebanistercaris.web.app,Phishing,phishtank,-1
vanicadaranebanistercaris.firebaseapp.com,Phishing,phishtank,-1
provincikhome.webcindario.com,Phishing,phishtank,-1
biprovinciahex.webcindario.com,Phishing,phishtank,-1
yandex.ru,Phishing,phishtank,10395
msbistorage.com,Phishing,phishtank,4111
bietdoipokemonicefr.firebaseapp.com,Phishing,phishtank,-1
allianceswisspass.live.itonicsit.de,Phishing,phishtank,-1
karresults-nic-in.in,Phishing,phishtank,1055
micronicsolutions.com,Phishing,phishtank,2441
loyaltygateway.com,Phishing,phishtank,-1
43.156.0.130,Phishing,phishtank,-1
www.bookmarkindia.in,Phishing,phishtank,5667
brounicaro.web.app,Phishing,phishtank,-1
brounicaro.firebaseapp.com,Phishing,phishtank,-1
salonandspaindia.com,Phishing,phishtank,1584
engineersclubindia.com,Phishing,phishtank,8498
samsunmechanical.myportfolio.com,Phishing,phishtank,-1
iniciobanesconline.web.app,Phishing,phishtank,-1
iniciobanesconline.firebaseapp.com,Phishing,phishtank,-1
indianna-uplink.web.app,Phishing,phishtank,-1
indianna-uplink.firebaseapp.com,Phishing,phishtank,-1
apoyosbienestar.com,Phishing,phishtank,1426
districtchronicles.com,Phishing,phishtank,8941
servertechnicalnoticeimmestae-reconecting.pages.dev,Phishing,phishtank,-1
ersfilter-my.sharepoint.com,Phishing,phishtank,-1
vedomosti.ru,Legitimate,tranco_external,9776
metoffice.gov.uk,Legitimate,tranco_external,-1
samsungmdec.com,Legitimate,tranco_external,2828
modal.host,Legitimate,tranco_external,-1
gzone.ph,Legitimate,tranco_external,-1
partner.co.il,Legitimate,tranco_external,-1
jecontacte.com,Legitimate,tranco_external,7244
a-yz.com,Legitimate,tranco_external,-1
loo3laej.com,Legitimate,tranco_external,886
netcraze.net,Legitimate,tranco_external,553
pixlates.com,Legitimate,tranco_external,-1
nobroker.in,Legitimate,tranco_external,-1
zdusercontent.com,Legitimate,tranco_external,4010
withbuddies.com,Legitimate,tranco_external,-1
163jiasu.com,Legitimate,tranco_external,3136
mollie.com,Legitimate,tranco_external,8232
chromeexperiments.com,Legitimate,tranco_external,6322
truoptik.com,Legitimate,tranco_external,-1
susercontent.com,Legitimate,tranco_external,1331
getadblock.com,Legitimate,tranco_external,4936
google.cat,Legitimate,tranco_external,7329
kingofshojo.com,Legitimate,tranco_external,876
centene.com,Legitimate,tranco_external,-1
walmart.ca,Legitimate,tranco_external,9253
isna.ir,Legitimate,tranco_external,-1
scmp.com,Legitimate,tranco_external,11505
google.md,Legitimate,tranco_external,7252
volcgtm.com,Legitimate,tranco_external,-1
jquery.org,Legitimate,tranco_external,7129
typepad.com,Legitimate,tranco_external,8380
boursorama.com,Legitimate,tranco_external,10236
awsdns-25.net,Legitimate,tranco_external,5619
targetimg1.com,Legitimate,tranco_external,-1
anywhereworks.com,Legitimate,tranco_external,8591
soha.vn,Legitimate,tranco_external,-1
nextcloud.com,Legitimate,tranco_external,7686
home.blog,Legitimate,tranco_external,3438
plyr.io,Legitimate,tranco_external,4040
rynekzdrowia.pl,Legitimate,tranco_external,-1
clicktale.net,Legitimate,tranco_external,7237
nc0.co,Legitimate,tranco_external,4046
gearupportal.com,Legitimate,tranco_external,1327
capgemini.com,Legitimate,tranco_external,11102
complianz.io,Legitimate,tranco_external,2874
makeuseof.com,Legitimate,tranco_external,7190
lpsnmedia.net,Legitimate,tranco_external,5697
mtsbank.ru,Legitimate,tranco_external,5328
gotowebinar.com,Legitimate,tranco_external,8293
howstuffworks.com,Legitimate,tranco_external,10104
usa.gov,Legitimate,tranco_external,9701
moviead55.ru,Legitimate,tranco_external,3310
constantcontactpages.com,Legitimate,tranco_external,2290
sugarcrm.com,Legitimate,tranco_external,8040
pubeasy.io,Legitimate,tranco_external,532
astm.org,Legitimate,tranco_external,11744
fbi.com,Legitimate,tranco_external,-1
huqindustries.co.uk,Legitimate,tranco_external,-1
pepsico.com,Legitimate,tranco_external,-1
manuals.plus,Legitimate,tranco_external,-1
mimecastprotect.com,Legitimate,tranco_external,1352
app-us1.com,Legitimate,tranco_external,4500
labour.gov.za,Legitimate,tranco_external,-1
utoon.net,Legitimate,tranco_external,611
rlp.de,Legitimate,tranco_external,-1
trafficjunky.net,Legitimate,tranco_external,6476
mixcloud.com,Legitimate,tranco_external,6542
carrierzone.com,Legitimate,tranco_external,7902
aditude.cloud,Legitimate,tranco_external,1532
immunet.com,Legitimate,tranco_external,9261
xhsocial.com,Legitimate,tranco_external,1790
xhopen.com,Legitimate,tranco_external,2050
mskcc.org,Legitimate,tranco_external,13080
2k.com,Legitimate,tranco_external,9527
ada.gov,Legitimate,tranco_external,8779
amazon.se,Legitimate,tranco_external,10477
google.com.my,Legitimate,tranco_external,5650
rubika.ir,Legitimate,tranco_external,-1
cleveland.com,Legitimate,tranco_external,-1
inquirer.com,Legitimate,tranco_external,11241
parallels.com,Legitimate,tranco_external,9241
servicecdn.ru,Legitimate,tranco_external,1470
runsignup.com,Legitimate,tranco_external,6116
monash.edu.au,Legitimate,tranco_external,-1
telenor.se,Legitimate,tranco_external,8666
grist.org,Legitimate,tranco_external,-1
termsfeed.com,Legitimate,tranco_external,-1
awsdns-10.net,Legitimate,tranco_external,-1
serveriai.lt,Legitimate,tranco_external,-1
google.eu,Legitimate,tranco_external,-1
red-gate.com,Legitimate,tranco_external,9695
sc.com,Legitimate,tranco_external,-1
uefa.com,Legitimate,tranco_external,10532
funmora.com,Legitimate,tranco_external,272
clinch.co,Legitimate,tranco_external,5209
xhamster.desi,Legitimate,tranco_external,-1
awsdns-01.com,Legitimate,tranco_external,5619
freedesktop.org,Legitimate,tranco_external,9626
allianz.com,Legitimate,tranco_external,-1
device9.com,Legitimate,tranco_external,-1
polskieradio24.pl,Legitimate,tranco_external,-1
unirioja.es,Legitimate,tranco_external,-1
skokka.com.pe,Legitimate,tranco_external,-1
itv.com,Legitimate,tranco_external,-1
lendingtree.com,Legitimate,tranco_external,10280
blahlivedsnowdrop.com,Legitimate,tranco_external,663
kino-teatr.ru,Legitimate,tranco_external,7319
xvideo.vlog.br,Legitimate,tranco_external,-1
spanishdict.com,Legitimate,tranco_external,9774
uidapi.com,Legitimate,tranco_external,1982
mdstrm.com,Legitimate,tranco_external,5079
tver.jp,Legitimate,tranco_external,3911
mxporn.net,Legitimate,tranco_external,846
ns247.net,Legitimate,tranco_external,5698
state.gov,Legitimate,tranco_external,10386
agenziaentrateriscossione.gov.it,Legitimate,tranco_external,1342
smbcnikko.co.jp,Legitimate,tranco_external,-1
netshort.com,Legitimate,tranco_external,8163
runnersworld.com,Legitimate,tranco_external,-1
clienttons.com,Legitimate,tranco_external,4698
uncutmaza.com.co,Legitimate,tranco_external,728
astronautlividlyreformer.com,Legitimate,tranco_external,363
stellantis.com,Legitimate,tranco_external,7429
audacityteam.org,Legitimate,tranco_external,8185
yoti.com,Legitimate,tranco_external,-1
3ds.com,Legitimate,tranco_external,11182
starkgames.app,Legitimate,tranco_external,-1
awsdns-40.net,Legitimate,tranco_external,5619
drpc.org,Legitimate,tranco_external,7730
ltguevmavv.com,Legitimate,tranco_external,571
powerplatform.com,Legitimate,tranco_external,8562
bcvcdn.com,Legitimate,tranco_external,2184
facct.ru,Legitimate,tranco_external,1090
apptimize.com,Legitimate,tranco_external,7110
samsungdive.com,Legitimate,tranco_external,5807
blippington.com,Legitimate,tranco_external,399
now.gg,Legitimate,tranco_external,-1
thescore.com,Legitimate,tranco_external,8756
webaim.org,Legitimate,tranco_external,9644
dnspod.com,Legitimate,tranco_external,7306
ivideon.com,Legitimate,tranco_external,5823
escapefromtarkov.com,Legitimate,tranco_external,4304
tinypng.com,Legitimate,tranco_external,5401
google.cf,Legitimate,tranco_external,-1
smugmug.com,Legitimate,tranco_external,8617
theblaze.com,Legitimate,tranco_external,9296
arm-msedge.net,Legitimate,tranco_external,1005
jreast.co.jp,Legitimate,tranco_external,-1
onlydesiporn.com,Legitimate,tranco_external,-1
fuq.com,Legitimate,tranco_external,10188
rosszlanyok.hu,Legitimate,tranco_external,8119
trustedstack.com,Legitimate,tranco_external,3273
bezeq.co.il,Legitimate,tranco_external,-1
restream-media.net,Legitimate,tranco_external,610
euro-football.ru,Legitimate,tranco_external,8981
doxygen.org,Legitimate,tranco_external,9464
mhanational.org,Legitimate,tranco_external,2779
gpcloudservice.com,Legitimate,tranco_external,-1
telcel.com,Legitimate,tranco_external,10883
pemsrv.com,Legitimate,tranco_external,952
packet8.net,Legitimate,tranco_external,8719
postimages.org,Legitimate,tranco_external,5552
resultadofacil.com.br,Legitimate,tranco_external,-1
lotoven.com,Legitimate,tranco_external,1541
em.com.br,Legitimate,tranco_external,-1
mynavi.jp,Legitimate,tranco_external,6968
parliament.uk,Legitimate,tranco_external,-1
amperwave.net,Legitimate,tranco_external,1560
rdstation.com.br,Legitimate,tranco_external,-1
rtactivate.com,Legitimate,tranco_external,2454
pastelink.net,Legitimate,tranco_external,4101
aliyuncsslb.com,Legitimate,tranco_external,881
cygwin.com,Legitimate,tranco_external,9588
awsdns-40.co.uk,Legitimate,tranco_external,-1
animeflv.net,Legitimate,tranco_external,5778
uw.edu,Legitimate,tranco_external,-1
ge.movie,Legitimate,tranco_external,-1
numbeo.com,Legitimate,tranco_external,6161
blender.org,Legitimate,tranco_external,9471
statesman.com,Legitimate,tranco_external,-1
ivcsmrt.com,Legitimate,tranco_external,467
zencdn.net,Legitimate,tranco_external,-1
cnn.gr,Legitimate,tranco_external,-1
iranintl.com,Legitimate,tranco_external,3592
pfizer.com,Legitimate,tranco_external,12369
smart.car,Legitimate,tranco_external,3744
seek.com,Legitimate,tranco_external,-1
mattermost.com,Legitimate,tranco_external,4826
solana.com,Legitimate,tranco_external,12016
france24.com,Legitimate,tranco_external,7404
ctlcdn.cn,Legitimate,tranco_external,4275
16personalities.com,Legitimate,tranco_external,5230
eprocure.gov.bd,Legitimate,tranco_external,-1
gs.com,Legitimate,tranco_external,-1
awsdns-26.net,Legitimate,tranco_external,5619
helpguide.org,Legitimate,tranco_external,9709
eufylife.com,Legitimate,tranco_external,3618
a47b.com,Legitimate,tranco_external,4085
yubico.com,Legitimate,tranco_external,7019
sciencefocus.com,Legitimate,tranco_external,-1
xmdh.link,Legitimate,tranco_external,1091
tide.co,Legitimate,tranco_external,-1
kurir.rs,Legitimate,tranco_external,-1
comfrt.com,Legitimate,tranco_external,4725
share-dns.net,Legitimate,tranco_external,1349
novofon.com,Legitimate,tranco_external,5065
uni-freiburg.de,Legitimate,tranco_external,-1
gelderlander.nl,Legitimate,tranco_external,10919
blick.ch,Legitimate,tranco_external,-1
aniwatchtv.to,Legitimate,tranco_external,853
cdnhwc10.cn,Legitimate,tranco_external,1565
optimole.com,Legitimate,tranco_external,2806
admaster.cc,Legitimate,tranco_external,606
bambuser.com,Legitimate,tranco_external,6978
99taxis.mobi,Legitimate,tranco_external,-1
usercontent.goog,Legitimate,tranco_external,-1
haxx.se,Legitimate,tranco_external,9422
v2z.ru,Legitimate,tranco_external,2614
superhosting.bg,Legitimate,tranco_external,-1
reverso.net,Legitimate,tranco_external,9553
jimdo.systems,Legitimate,tranco_external,-1
tenor.co,Legitimate,tranco_external,4939
eb.mil.br,Legitimate,tranco_external,-1
slackb.com,Legitimate,tranco_external,3032
lesoir.be,Legitimate,tranco_external,-1
exelator.com,Legitimate,tranco_external,7005
pku.edu.cn,Legitimate,tranco_external,-1
nic.xyz,Legitimate,tranco_external,4563
antena3.com,Legitimate,tranco_external,9576
docomo.ne.jp,Legitimate,tranco_external,-1
asuracomic.net,Legitimate,tranco_external,-1
lastwarapp.com,Legitimate,tranco_external,-1
filmyfiy.mov,Legitimate,tranco_external,-1
google.ch,Legitimate,tranco_external,-1
cisf.gov.in,Legitimate,tranco_external,7650
principal.com,Legitimate,tranco_external,11383
cbr.ru,Legitimate,tranco_external,10712
avlyun.com,Legitimate,tranco_external,4785
uiscom.ru,Legitimate,tranco_external,6257
9ffyu1g9c.com,Legitimate,tranco_external,175
maurices.com,Legitimate,tranco_external,-1
anlian.co,Legitimate,tranco_external,-1
piratbit.fun,Legitimate,tranco_external,2268
imhentai.xxx,Legitimate,tranco_external,1831
fingerhi.net,Legitimate,tranco_external,1272
zoomdev.us,Legitimate,tranco_external,2835
spigotmc.org,Legitimate,tranco_external,4859
cnc.cn,Legitimate,tranco_external,8394
onmicrosoft.com,Legitimate,tranco_external,7705
kooora.com,Legitimate,tranco_external,8591
blogspot.co.uk,Legitimate,tranco_external,-1
google.com.ly,Legitimate,tranco_external,8273
zblogcn.com,Legitimate,tranco_external,4400
app-ads-services.com,Legitimate,tranco_external,795
163img.com,Legitimate,tranco_external,6241
megoplan.ru,Legitimate,tranco_external,6907
namebay.com,Legitimate,tranco_external,9882
jthedots.com,Legitimate,tranco_external,-1
2ksports.com,Legitimate,tranco_external,8741
spglobal.com,Legitimate,tranco_external,-1
kreativmedia.ch,Legitimate,tranco_external,-1
bose.io,Legitimate,tranco_external,4539
pch.net,Legitimate,tranco_external,11387
tracktor.in,Legitimate,tranco_external,5163
iberia.com,Legitimate,tranco_external,11137
grubhub.com,Legitimate,tranco_external,8525
gorgias.help,Legitimate,tranco_external,1805
1e100.net,Legitimate,tranco_external,6010
akadns88.net,Legitimate,tranco_external,1413
33win.com,Legitimate,tranco_external,4536
awsdns-38.com,Legitimate,tranco_external,5619
nfcube.com,Legitimate,tranco_external,2747
kustomerapp.com,Legitimate,tranco_external,3820
pangolin-sdk-toutiao.com,Legitimate,tranco_external,2076
xn--42c5ab1a9aq9hqb5dud.cc,Legitimate,tranco_external,90
qu.ax,Legitimate,tranco_external,-1
freedom1.ru,Legitimate,tranco_external,5333
allevents.in,Legitimate,tranco_external,5457
pravda.sk,Legitimate,tranco_external,-1
google.mn,Legitimate,tranco_external,-1
baggyrepackingrocky.com,Legitimate,tranco_external,627
rtcloud.ru,Legitimate,tranco_external,4739
ovhcloud.com,Legitimate,tranco_external,5220
photopea.com,Legitimate,tranco_external,-1
proofdns.net,Legitimate,tranco_external,3711
footmercato.net,Legitimate,tranco_external,7914
openoffice.org,Legitimate,tranco_external,9768
beeg.com,Legitimate,tranco_external,9343
huaweicloud-dns.com,Legitimate,tranco_external,2636
1and1.com,Legitimate,tranco_external,10390
filmboom.top,Legitimate,tranco_external,-1
itzmx.com,Legitimate,tranco_external,4782
offers1st.com,Legitimate,tranco_external,740
letu.ru,Legitimate,tranco_external,9409
jsonline.com,Legitimate,tranco_external,10561
hef.co.ke,Legitimate,tranco_external,968
userpilot.io,Legitimate,tranco_external,3109
thewrap.com,Legitimate,tranco_external,9684
nationalpost.com,Legitimate,tranco_external,10177
currys.co.uk,Legitimate,tranco_external,-1
app-analytics-services-att.com,Legitimate,tranco_external,810
dramaboxdb.com,Legitimate,tranco_external,-1
linkplay.com,Legitimate,tranco_external,8915
sex-studentki.games,Legitimate,tranco_external,-1
de-tencentclb.cloud,Legitimate,tranco_external,768
ucr.edu,Legitimate,tranco_external,-1
dstud.io,Legitimate,tranco_external,2114
104.com.tw,Legitimate,tranco_external,-1
outlook.cn,Legitimate,tranco_external,8364
uisp.com,Legitimate,tranco_external,8924
wordstream.com,Legitimate,tranco_external,8318
misspark.com,Legitimate,tranco_external,9585
feishu.cn,Legitimate,tranco_external,-1
mercadolibre.com.mx,Legitimate,tranco_external,-1
datezone.com,Legitimate,tranco_external,9950
betswiz.in,Legitimate,tranco_external,1035
audioeye.com,Legitimate,tranco_external,8734
verizon.net,Legitimate,tranco_external,-1
fotmob.com,Legitimate,tranco_external,6377
r01.ru,Legitimate,tranco_external,9302
zemanta.com,Legitimate,tranco_external,6886
unimelb.edu.au,Legitimate,tranco_external,-1
generatepress.com,Legitimate,tranco_external,4351
disney.com,Legitimate,tranco_external,-1
google.bg,Legitimate,tranco_external,-1
phosagro.ru,Legitimate,tranco_external,8940
proxibid.com,Legitimate,tranco_external,9020
therarbg.to,Legitimate,tranco_external,854
nutrition.org,Legitimate,tranco_external,-1
interactgo.com,Legitimate,tranco_external,4467
zentrick.com,Legitimate,tranco_external,6132
doviz.com,Legitimate,tranco_external,7640
uni-muenster.de,Legitimate,tranco_external,-1
myhentaicomics.com,Legitimate,tranco_external,4297
poetryfoundation.org,Legitimate,tranco_external,-1
electrodepot.fr,Legitimate,tranco_external,-1
xn----ztbcbceder.net,Legitimate,tranco_external,2596
shipstation.com,Legitimate,tranco_external,7635
supaghost.cc,Legitimate,tranco_external,117
gmx.net,Legitimate,tranco_external,9953
acmeaom.com,Legitimate,tranco_external,5527
boxcdn.net,Legitimate,tranco_external,6531
sportschau.de,Legitimate,tranco_external,-1
hgrtb.com,Legitimate,tranco_external,1856
sefan.ru,Legitimate,tranco_external,6704
elong.com,Legitimate,tranco_external,9815
awsdns-21.com,Legitimate,tranco_external,5619
auth0app.com,Legitimate,tranco_external,1699
melia.com,Legitimate,tranco_external,11185
bi.zone,Legitimate,tranco_external,-1
rxnvg.com,Legitimate,tranco_external,-1
transfermarkt.es,Legitimate,tranco_external,-1
pinayot.com,Legitimate,tranco_external,3644
hik-connect.com,Legitimate,tranco_external,3735
finanzen.net,Legitimate,tranco_external,9499
shueisha.co.jp,Legitimate,tranco_external,-1
awsdns-60.com,Legitimate,tranco_external,5619
tv3.lt,Legitimate,tranco_external,-1
thrillist.com,Legitimate,tranco_external,7782
nettiauto.com,Legitimate,tranco_external,9329
globalprivacycontrol.org,Legitimate,tranco_external,2011
gotomeet.me,Legitimate,tranco_external,5424
dynu.com,Legitimate,tranco_external,9710
ns1p.net,Legitimate,tranco_external,-1
vigo.ru,Legitimate,tranco_external,9475
zdnscloud.net,Legitimate,tranco_external,-1
cloudflareok.com,Legitimate,tranco_external,2449
aditude.io,Legitimate,tranco_external,3839
queniuyk.com,Legitimate,tranco_external,1824
faqs.org,Legitimate,tranco_external,10591
vonedge.com,Legitimate,tranco_external,-1
vdiey.net,Legitimate,tranco_external,-1
bdurl.net,Legitimate,tranco_external,3542
pie.org,Legitimate,tranco_external,8618
inkscape.org,Legitimate,tranco_external,8171
karte.io,Legitimate,tranco_external,-1
sedoparking.com,Legitimate,tranco_external,8939
porsche.cloud,Legitimate,tranco_external,3694
nic.my,Legitimate,tranco_external,931
gucci.com,Legitimate,tranco_external,10870
catonetworks.com,Legitimate,tranco_external,4198
mongodb.net,Legitimate,tranco_external,5952
ceros.com,Legitimate,tranco_external,9976
podtrac.com,Legitimate,tranco_external,7585
1x1x5.com,Legitimate,tranco_external,2173
samba.tv,Legitimate,tranco_external,5831
google.co.za,Legitimate,tranco_external,9024
stickyadstv.com,Legitimate,tranco_external,-1
madisoft.it,Legitimate,tranco_external,4753
hentaila.tv,Legitimate,tranco_external,1917
wanadoo.fr,Legitimate,tranco_external,11137
campaign-archive.com,Legitimate,tranco_external,7006
manta.com,Legitimate,tranco_external,8097
arstechnica.com,Legitimate,tranco_external,-1
yieldlove-ad-serving.net,Legitimate,tranco_external,3415
zenon.net,Legitimate,tranco_external,10458
yottaa.com,Legitimate,tranco_external,-1
clean.gg,Legitimate,tranco_external,-1
cloudflaressl.com,Legitimate,tranco_external,4182
getyourguide.com,Legitimate,tranco_external,6778
ceneo.pl,Legitimate,tranco_external,-1
w3techs.com,Legitimate,tranco_external,-1
oem.com.mx,Legitimate,tranco_external,-1
bobaedream.co.kr,Legitimate,tranco_external,-1
kidshealth.org,Legitimate,tranco_external,11148
jcrew.com,Legitimate,tranco_external,11407
rspamd.com,Legitimate,tranco_external,4611
studentaid.gov,Legitimate,tranco_external,4989
pstatp.com,Legitimate,tranco_external,5187
jkanime.net,Legitimate,tranco_external,5832
railyatri.in,Legitimate,tranco_external,5513
quovadisglobal.com,Legitimate,tranco_external,7711
bonappetit.com,Legitimate,tranco_external,-1
procyclingstats.com,Legitimate,tranco_external,-1
fool.com,Legitimate,tranco_external,11215
fujitsu.com,Legitimate,tranco_external,11676
tasteofhome.com,Legitimate,tranco_external,10560
motherjones.com,Legitimate,tranco_external,11222
nettvservices.com,Legitimate,tranco_external,-1
jobbmintatv.pro,Legitimate,tranco_external,-1
blackmagicdesign.com,Legitimate,tranco_external,9245
google.gg,Legitimate,tranco_external,-1
zazzle.com,Legitimate,tranco_external,9862
openstax.org,Legitimate,tranco_external,5278
zeno.fm,Legitimate,tranco_external,3289
freebit.net,Legitimate,tranco_external,9589
ixxx.com,Legitimate,tranco_external,10031
rajabotak104.xyz,Legitimate,tranco_external,162
sweetwater.com,Legitimate,tranco_external,-1
sante.fr,Legitimate,tranco_external,7504
google.us,Legitimate,tranco_external,8726
keenetic.ru,Legitimate,tranco_external,5880
ruijie.com.cn,Legitimate,tranco_external,8408
google.cv,Legitimate,tranco_external,635
cloud-xip.com,Legitimate,tranco_external,1249
mangalib.me,Legitimate,tranco_external,3168
smi2.ru,Legitimate,tranco_external,7152
ikiru.wtf,Legitimate,tranco_external,-1
tsa.gov,Legitimate,tranco_external,8807
mwscdn.ru,Legitimate,tranco_external,1537
ndmdhs.com,Legitimate,tranco_external,5835
bootstrapmade.com,Legitimate,tranco_external,4576
nickfinder.com,Legitimate,tranco_external,3908
nextdns.io,Legitimate,tranco_external,2561
xs4all.nl,Legitimate,tranco_external,11538
ngtv.io,Legitimate,tranco_external,-1
romanticgolpo.com,Legitimate,tranco_external,2432
climatempo.com.br,Legitimate,tranco_external,-1
zbporn.com,Legitimate,tranco_external,4460
xxxvideo.link,Legitimate,tranco_external,-1
tobsnssdk.com,Legitimate,tranco_external,2576
vinylone.co.uk,Legitimate,tranco_external,-1
coinmarketcap.com,Legitimate,tranco_external,4699
belka-games.com,Legitimate,tranco_external,4019
adrush.space,Legitimate,tranco_external,401
sumup.com,Legitimate,tranco_external,8063
matterport.com,Legitimate,tranco_external,5388
videojs.org,Legitimate,tranco_external,5435
kcl.ac.uk,Legitimate,tranco_external,-1
google.lv,Legitimate,tranco_external,-1
marieclaire.fr,Legitimate,tranco_external,10043
ingentaconnect.com,Legitimate,tranco_external,8163
dittoparty.com,Legitimate,tranco_external,357
zlib.net,Legitimate,tranco_external,-1
pinterest.de,Legitimate,tranco_external,-1
delfi.ee,Legitimate,tranco_external,-1
aro.network,Legitimate,tranco_external,-1
lsapp.eu,Legitimate,tranco_external,-1
sezzle.com,Legitimate,tranco_external,5490
depop.com,Legitimate,tranco_external,7335
upbhulekh.gov.in,Legitimate,tranco_external,3609
faberlic.com,Legitimate,tranco_external,9052
maxon.net,Legitimate,tranco_external,10358
trivago.com,Legitimate,tranco_external,8056
eleadcrm.com,Legitimate,tranco_external,8264
wildixin.com,Legitimate,tranco_external,5523
bankrate.com,Legitimate,tranco_external,11327
osha.gov,Legitimate,tranco_external,10386
allabout.co.jp,Legitimate,tranco_external,-1
admatic.com.tr,Legitimate,tranco_external,-1
amd.online,Legitimate,tranco_external,102
doofinder.com,Legitimate,tranco_external,5214
support-intelligence.net,Legitimate,tranco_external,7752
eonline.com,Legitimate,tranco_external,11148
dnsenable.com,Legitimate,tranco_external,4512
dyn.com,Legitimate,tranco_external,11540
trustarc.com,Legitimate,tranco_external,4991
pornbomb.org,Legitimate,tranco_external,1565
snapkit.com,Legitimate,tranco_external,9229
bluewin.ch,Legitimate,tranco_external,-1
feverup.com,Legitimate,tranco_external,5292
syndicatedsearch.goog,Legitimate,tranco_external,-1
simplisafe.com,Legitimate,tranco_external,7235
zonaprop.com.ar,Legitimate,tranco_external,4579
kamareels2.com,Legitimate,tranco_external,203
snaptube.app,Legitimate,tranco_external,-1
vivawebhost.com,Legitimate,tranco_external,-1
y8.com,Legitimate,tranco_external,10416
mosreg.ru,Legitimate,tranco_external,9779
cybersource.com,Legitimate,tranco_external,11010
stream-balancer-allo-1.live,Legitimate,tranco_external,-1
qustodio.com,Legitimate,tranco_external,5646
awsdns-42.net,Legitimate,tranco_external,5619
sexdep.blog,Legitimate,tranco_external,-1
indianxxxvideos.link,Legitimate,tranco_external,395
betway.co.za,Legitimate,tranco_external,6444
fordham.edu,Legitimate,tranco_external,-1
prosv.ru,Legitimate,tranco_external,9319
tange365.com,Legitimate,tranco_external,2696
bcv.org.ve,Legitimate,tranco_external,-1
apmex.com,Legitimate,tranco_external,8058
snapcraft.io,Legitimate,tranco_external,3585
tclking.com,Legitimate,tranco_external,10089
uu.net,Legitimate,tranco_external,-1
lesechos.fr,Legitimate,tranco_external,10852
libbyshelf.com,Legitimate,tranco_external,3386
vijesti.me,Legitimate,tranco_external,6467
xbcs.net,Legitimate,tranco_external,5319
devicetask.com,Legitimate,tranco_external,-1
govinfo.gov,Legitimate,tranco_external,4278
equant.net,Legitimate,tranco_external,10113
dergipark.org.tr,Legitimate,tranco_external,-1
roadsteam.net,Legitimate,tranco_external,1284
diagrams.net,Legitimate,tranco_external,-1
basedrust.fun,Legitimate,tranco_external,96
retailrocket.ru,Legitimate,tranco_external,4895
strava.com,Legitimate,tranco_external,8114
host-food.ru,Legitimate,tranco_external,6413
alohaenterprise.com,Legitimate,tranco_external,9822
vteximg.com.br,Legitimate,tranco_external,-1
pingdom.com,Legitimate,tranco_external,7501
xhamster44.desi,Legitimate,tranco_external,-1
kmart.com.au,Legitimate,tranco_external,-1
furbo.co,Legitimate,tranco_external,4096
iti.br,Legitimate,tranco_external,-1
igamecj.com,Legitimate,tranco_external,2987
sbcglobal.net,Legitimate,tranco_external,-1
bhaskar.com,Legitimate,tranco_external,10189
proximabeta.com,Legitimate,tranco_external,3470
poshvine.com,Legitimate,tranco_external,-1
bricodepot.fr,Legitimate,tranco_external,9436
pure.cloud,Legitimate,tranco_external,3674
awsdns-50.com,Legitimate,tranco_external,5619
consentframework.com,Legitimate,tranco_external,2153
vewd.com,Legitimate,tranco_external,-1
wikileaks.org,Legitimate,tranco_external,-1
bestbuy.ca,Legitimate,tranco_external,9275
yimg.jp,Legitimate,tranco_external,8456
turboscribe.ai,Legitimate,tranco_external,990
gentoo.org,Legitimate,tranco_external,9654
betterstackdata.com,Legitimate,tranco_external,633
missav.live,Legitimate,tranco_external,-1
pubnub.com,Legitimate,tranco_external,5795
rakuten.tv,Legitimate,tranco_external,7228
lnkd.in,Legitimate,tranco_external,6179
cellrebel.com,Legitimate,tranco_external,-1
fhvfd.com,Legitimate,tranco_external,-1
impactradius-event.com,Legitimate,tranco_external,3700
pitchfork.com,Legitimate,tranco_external,-1
guzelhosting.com,Legitimate,tranco_external,-1
awsdns-22.net,Legitimate,tranco_external,5619
grindr.mobi,Legitimate,tranco_external,-1
wasabisys.com,Legitimate,tranco_external,-1
grammy.com,Legitimate,tranco_external,-1
madrasati.sa,Legitimate,tranco_external,-1
moeblog.cn,Legitimate,tranco_external,2313
dollargeneral.com,Legitimate,tranco_external,-1
motorsport.com,Legitimate,tranco_external,11515
al.com,Legitimate,tranco_external,-1
split.io,Legitimate,tranco_external,4011
semana.es,Legitimate,tranco_external,-1
latribune.fr,Legitimate,tranco_external,10324
wps.cn,Legitimate,tranco_external,8394
trkcliq.com,Legitimate,tranco_external,2913
nic.kz,Legitimate,tranco_external,9702
huffingtonpost.jp,Legitimate,tranco_external,5452
dexscreener.com,Legitimate,tranco_external,1733
beastiality.tv,Legitimate,tranco_external,4529
goo-net.com,Legitimate,tranco_external,-1
coinmaster.com,Legitimate,tranco_external,7898
waterstones.com,Legitimate,tranco_external,-1
hashvault.pro,Legitimate,tranco_external,-1
presseportal.de,Legitimate,tranco_external,-1
dnsleaktest.com,Legitimate,tranco_external,5502
likee.com,Legitimate,tranco_external,-1
fortinet.com,Legitimate,tranco_external,9153
vk.team,Legitimate,tranco_external,-1
theiconic.com.au,Legitimate,tranco_external,-1
vanityfair.it,Legitimate,tranco_external,8450
geforce.com,Legitimate,tranco_external,9740
awsdns-35.com,Legitimate,tranco_external,5619
fwupd.org,Legitimate,tranco_external,3886
tacticalrmm.io,Legitimate,tranco_external,-1
rosneft.ru,Legitimate,tranco_external,9785
jpmorgan.com,Legitimate,tranco_external,12373
awsdns-27.net,Legitimate,tranco_external,5619
tu-darmstadt.de,Legitimate,tranco_external,-1
voeazul.com.br,Legitimate,tranco_external,-1
glbimg.com,Legitimate,tranco_external,6945
domestika.org,Legitimate,tranco_external,8905
mob.com,Legitimate,tranco_external,11550
cato.org,Legitimate,tranco_external,11339
gsxt.gov.cn,Legitimate,tranco_external,3464
wolfram.com,Legitimate,tranco_external,10996
twinrdengine.com,Legitimate,tranco_external,1007
systeme.io,Legitimate,tranco_external,3900
adn.cloud,Legitimate,tranco_external,1419
amzndns.co.uk,Legitimate,tranco_external,-1
supersportbet.com,Legitimate,tranco_external,-1
rfb.ac,Legitimate,tranco_external,993
imunify360.com,Legitimate,tranco_external,3491
altium.com,Legitimate,tranco_external,10311
eazypaytech.net,Legitimate,tranco_external,350
comscore.com,Legitimate,tranco_external,9724
inria.fr,Legitimate,tranco_external,11392
vak345.com,Legitimate,tranco_external,-1
steamusercontent.com,Legitimate,tranco_external,4114
signalfx.com,Legitimate,tranco_external,7815
varonis.io,Legitimate,tranco_external,3768
bethesda.net,Legitimate,tranco_external,-1
buyee.jp,Legitimate,tranco_external,4926
fornex.com,Legitimate,tranco_external,9700
powerautomate.com,Legitimate,tranco_external,-1
shopee.com,Legitimate,tranco_external,8588
zjcdn.com,Legitimate,tranco_external,3754
polsatnews.pl,Legitimate,tranco_external,-1
altibbi.com,Legitimate,tranco_external,6601
zadn.vn,Legitimate,tranco_external,-1
novelfull.com,Legitimate,tranco_external,3255
stuff.co.nz,Legitimate,tranco_external,10404
fdownloader.net,Legitimate,tranco_external,1674
krx18.com,Legitimate,tranco_external,1234
shinyapps.io,Legitimate,tranco_external,4567
payermax.com,Legitimate,tranco_external,2079
sayouth.mobi,Legitimate,tranco_external,-1
ap.org,Legitimate,tranco_external,12647
pixieset.com,Legitimate,tranco_external,4740
booksy.com,Legitimate,tranco_external,9533
awsdns-00.co.uk,Legitimate,tranco_external,-1
staseraintv.com,Legitimate,tranco_external,6251
menulog.com.au,Legitimate,tranco_external,-1
earn.fm,Legitimate,tranco_external,1258
petco.com,Legitimate,tranco_external,-1
gmlinteractive.com,Legitimate,tranco_external,2919
sway-cdn.com,Legitimate,tranco_external,4242
bravehost.com,Legitimate,tranco_external,9171
lg.co.kr,Legitimate,tranco_external,-1
artlist.io,Legitimate,tranco_external,3318
34sp.com,Legitimate,tranco_external,-1
tomorrowland.com,Legitimate,tranco_external,10640
pbstck.com,Legitimate,tranco_external,2478
tumadouga.jp,Legitimate,tranco_external,1686
replevysquab.top,Legitimate,tranco_external,244
abgligarchan.com,Legitimate,tranco_external,2224
speedostream1.com,Legitimate,tranco_external,184
123rf.com,Legitimate,tranco_external,7676
terraform.io,Legitimate,tranco_external,-1
toptal.com,Legitimate,tranco_external,5706
zohocdn.com,Legitimate,tranco_external,2520
jbzd.com.pl,Legitimate,tranco_external,-1
sfndns.cn,Legitimate,tranco_external,2784
podbean.com,Legitimate,tranco_external,7329
mcw-casino.biz,Legitimate,tranco_external,-1
exchbet365.live,Legitimate,tranco_external,-1
wroc.pl,Legitimate,tranco_external,-1
adsbynimbus.com,Legitimate,tranco_external,2742
keralalotterytoday.com,Legitimate,tranco_external,3830
speed-manga.net,Legitimate,tranco_external,120
winzip.com,Legitimate,tranco_external,11452
vudu.com,Legitimate,tranco_external,11091
vice.com,Legitimate,tranco_external,-1
test.com,Legitimate,tranco_external,10492
shopee.co.th,Legitimate,tranco_external,-1
papercut.com,Legitimate,tranco_external,10539
eskimi.com,Legitimate,tranco_external,6238
motortrend.com,Legitimate,tranco_external,-1
sproutgigs.com,Legitimate,tranco_external,2244
sc-static.net,Legitimate,tranco_external,3281
joinhoney.com,Legitimate,tranco_external,4890
skyscanner.net,Legitimate,tranco_external,8651
gnip.com,Legitimate,tranco_external,-1
moneris.com,Legitimate,tranco_external,-1
tripcdn.com,Legitimate,tranco_external,2807
carview.co.jp,Legitimate,tranco_external,-1
miacademy.co,Legitimate,tranco_external,3849
uncn.jp,Legitimate,tranco_external,3890
marca.com,Legitimate,tranco_external,10590
baomoi.com,Legitimate,tranco_external,7652
queniuak.com,Legitimate,tranco_external,1797
smartcasttv.com,Legitimate,tranco_external,2412
ardentnews.co.kr,Legitimate,tranco_external,-1
copernicus.org,Legitimate,tranco_external,10536
lidl.es,Legitimate,tranco_external,-1
bancoestado.cl,Legitimate,tranco_external,9689
livehindustan.com,Legitimate,tranco_external,6474
mycloud.com,Legitimate,tranco_external,-1
rabobank.nl,Legitimate,tranco_external,11403
ctfassets.net,Legitimate,tranco_external,3269
hihi2.com,Legitimate,tranco_external,7601
userway.org,Legitimate,tranco_external,3530
ic.ac.uk,Legitimate,tranco_external,-1
emirates.com,Legitimate,tranco_external,10820
iptv2022.com,Legitimate,tranco_external,2650
sheknows.com,Legitimate,tranco_external,9896
gree.jp,Legitimate,tranco_external,8102
medallia.com,Legitimate,tranco_external,9386
bytegecko.com,Legitimate,tranco_external,1884
filmstarts.de,Legitimate,tranco_external,-1
demilked.com,Legitimate,tranco_external,5700
google.org,Legitimate,tranco_external,10002
lotus-dsp.ru,Legitimate,tranco_external,826
shbet800.com,Legitimate,tranco_external,362
novelupdates.com,Legitimate,tranco_external,3913
vpngate2.jp,Legitimate,tranco_external,4177
dowjones.io,Legitimate,tranco_external,-1
techsmith.com,Legitimate,tranco_external,11325
minutemedia-prebid.com,Legitimate,tranco_external,1503
lodz.pl,Legitimate,tranco_external,-1
imovelweb.com.br,Legitimate,tranco_external,-1
kion.ru,Legitimate,tranco_external,6623
hosted-by-discourse.com,Legitimate,tranco_external,3473
lu.ma,Legitimate,tranco_external,3028
visma.net,Legitimate,tranco_external,8579
komiku.asia,Legitimate,tranco_external,285
colostate.edu,Legitimate,tranco_external,-1
pretty-fly4.com,Legitimate,tranco_external,713
cainet.ru,Legitimate,tranco_external,5305
transcend.io,Legitimate,tranco_external,4921
manhuaus.com,Legitimate,tranco_external,2188
aemet.es,Legitimate,tranco_external,-1
bio.site,Legitimate,tranco_external,2059
cn.com,Legitimate,tranco_external,10139
banggood.com,Legitimate,tranco_external,6309
sfmc-marketing.com,Legitimate,tranco_external,2885
ltn.com.tw,Legitimate,tranco_external,-1
sexybluefilm.com,Legitimate,tranco_external,1973
holy-push.com,Legitimate,tranco_external,437
myflorida.com,Legitimate,tranco_external,9685
wnyc.org,Legitimate,tranco_external,11029
very.co.uk,Legitimate,tranco_external,-1
closeli.com,Legitimate,tranco_external,4586
eurosport.de,Legitimate,tranco_external,-1
gamestop.ca,Legitimate,tranco_external,8811
mangabuddy.com,Legitimate,tranco_external,2172
funplus.com,Legitimate,tranco_external,10348
euractiv.com,Legitimate,tranco_external,10094
unicode.org,Legitimate,tranco_external,-1
classificadosx.net,Legitimate,tranco_external,-1
explodie.org,Legitimate,tranco_external,6644
skynewsarabia.com,Legitimate,tranco_external,5761
idealmedia.io,Legitimate,tranco_external,2777
eloqua.com,Legitimate,tranco_external,9556
ebay.fr,Legitimate,tranco_external,6517
fortinet.net,Legitimate,tranco_external,8992
catonet.works,Legitimate,tranco_external,-1
marketplace.org,Legitimate,tranco_external,10725
att-idns.net,Legitimate,tranco_external,-1
amazon.jobs,Legitimate,tranco_external,-1
samsungmax.com,Legitimate,tranco_external,3130
peatix.com,Legitimate,tranco_external,5563
webhosting.dk,Legitimate,tranco_external,-1
hindawi.com,Legitimate,tranco_external,9942
groww.in,Legitimate,tranco_external,3650
ip138.com,Legitimate,tranco_external,7995
gastronom.ru,Legitimate,tranco_external,8743
tourvisor.ru,Legitimate,tranco_external,5485
cdngc.net,Legitimate,tranco_external,6200
lieferando.de,Legitimate,tranco_external,-1
hscollectedforms.net,Legitimate,tranco_external,3333
payhip.com,Legitimate,tranco_external,-1
inmotionhosting.com,Legitimate,tranco_external,9154
findnovel.net,Legitimate,tranco_external,-1
360qhcdn.com,Legitimate,tranco_external,2749
liveinternet.ru,Legitimate,tranco_external,8577
uchile.cl,Legitimate,tranco_external,14678
amp-endpoint3.com,Legitimate,tranco_external,945
auspost.com.au,Legitimate,tranco_external,-1
foxsports.com,Legitimate,tranco_external,10074
maryland.gov,Legitimate,tranco_external,9644
mariadb.org,Legitimate,tranco_external,6215
rajabandotsuper74.com,Legitimate,tranco_external,68
analog.com,Legitimate,tranco_external,-1
pantheon.io,Legitimate,tranco_external,-1
presage.io,Legitimate,tranco_external,-1
kxmp.cf,Legitimate,tranco_external,-1
sexhqxxx.com,Legitimate,tranco_external,-1
graficaromaweb.com,Legitimate,tranco_external,-1
snyk.io,Legitimate,tranco_external,3940
chalmers.se,Legitimate,tranco_external,15027
advmusic.com,Legitimate,tranco_external,5120
astro.com,Legitimate,tranco_external,10611
rootsoc.com,Legitimate,tranco_external,3154
leagueoflegends.com,Legitimate,tranco_external,6741
amcrestcloud.com,Legitimate,tranco_external,4157
jennymovies.com,Legitimate,tranco_external,-1
wired.co.uk,Legitimate,tranco_external,-1
buzzoola.com,Legitimate,tranco_external,5690
crunchyrollcdn.com,Legitimate,tranco_external,704
ionos.fr,Legitimate,tranco_external,3520
douban.com,Legitimate,tranco_external,7842
fragrancenet.com,Legitimate,tranco_external,-1
conversionsapigateway.com,Legitimate,tranco_external,1139
mk.co.kr,Legitimate,tranco_external,-1
workspaceone.com,Legitimate,tranco_external,-1
foursquare.com,Legitimate,tranco_external,8750
mxpnl.com,Legitimate,tranco_external,-1
hyprmx.com,Legitimate,tranco_external,-1
weathernews.jp,Legitimate,tranco_external,8372
pinterest.co.uk,Legitimate,tranco_external,-1
avid.com,Legitimate,tranco_external,-1
amazon.ie,Legitimate,tranco_external,9525
blogspot.de,Legitimate,tranco_external,-1
deltaork.com,Legitimate,tranco_external,1063
lcw.com,Legitimate,tranco_external,10867
openwave.ai,Legitimate,tranco_external,877
luc.edu,Legitimate,tranco_external,-1
videy.co,Legitimate,tranco_external,1855
ultimatestsatapex.com,Legitimate,tranco_external,2989
la.lv,Legitimate,tranco_external,-1
ixbt.com,Legitimate,tranco_external,10130
theregister.com,Legitimate,tranco_external,-1
kif.tube,Legitimate,tranco_external,480
uclahealth.org,Legitimate,tranco_external,-1
mundodeportivo.com,Legitimate,tranco_external,8307
sexemodel.com,Legitimate,tranco_external,5470
apkcombo.com,Legitimate,tranco_external,2683
nexcess.net,Legitimate,tranco_external,9358
taboolanews.com,Legitimate,tranco_external,2192
pavietnam.net,Legitimate,tranco_external,-1
xvideos.es,Legitimate,tranco_external,-1
divvy.co,Legitimate,tranco_external,-1
flashscore.sk,Legitimate,tranco_external,7026
badambiz.com,Legitimate,tranco_external,-1
databank.com,Legitimate,tranco_external,-1
yomiuri.co.jp,Legitimate,tranco_external,-1
betpawa.mw,Legitimate,tranco_external,-1
nrf.com,Legitimate,tranco_external,-1
swisscom.ch,Legitimate,tranco_external,-1
jal.co.jp,Legitimate,tranco_external,-1
thepure.app,Legitimate,tranco_external,-1
su.se,Legitimate,tranco_external,14313
geekwire.com,Legitimate,tranco_external,8980
atsenergo.ru,Legitimate,tranco_external,6648
amazon.co.za,Legitimate,tranco_external,10299
fsf.org,Legitimate,tranco_external,12821
csod.com,Legitimate,tranco_external,10175
liputan6.com,Legitimate,tranco_external,-1
ono.com,Legitimate,tranco_external,-1
post-gazette.com,Legitimate,tranco_external,11387
vidazoo.services,Legitimate,tranco_external,-1
audienceexposure.com,Legitimate,tranco_external,727
alltrails.com,Legitimate,tranco_external,7888
aktuality.sk,Legitimate,tranco_external,8044
kanoon.ir,Legitimate,tranco_external,-1
tdnsv5.com,Legitimate,tranco_external,2743
correios.com.br,Legitimate,tranco_external,-1
web.dev,Legitimate,tranco_external,-1
wayground.com,Legitimate,tranco_external,2481
fnyfeds.com,Legitimate,tranco_external,707
prosafe.bet,Legitimate,tranco_external,-1
gvt3.com,Legitimate,tranco_external,6581
sumologic.com,Legitimate,tranco_external,5844
dpboss.boston,Legitimate,tranco_external,318
androidpolice.com,Legitimate,tranco_external,5937
udemy.com,Legitimate,tranco_external,6053
overdrive.com,Legitimate,tranco_external,10978
atomex.net,Legitimate,tranco_external,5870
appnexusgslb.com,Legitimate,tranco_external,3717
codebig2.net,Legitimate,tranco_external,-1
elperiodico.com,Legitimate,tranco_external,10883
lvbp.com,Legitimate,tranco_external,9800
myworkday.com,Legitimate,tranco_external,-1
videoxxx.sex,Legitimate,tranco_external,-1
whitepages.com,Legitimate,tranco_external,10928
partsouq.com,Legitimate,tranco_external,5047
zalando.de,Legitimate,tranco_external,-1
ilovepdf.com,Legitimate,tranco_external,5928
prmovies.delivery,Legitimate,tranco_external,-1
unicomcdn.com.cn,Legitimate,tranco_external,922
crossthegame.com,Legitimate,tranco_external,551
sched.com,Legitimate,tranco_external,8882
prevention.com,Legitimate,tranco_external,-1
gmanetwork.com,Legitimate,tranco_external,10528
awsdns-20.com,Legitimate,tranco_external,5619
hostedemail.com,Legitimate,tranco_external,7648
tvanouvelles.ca,Legitimate,tranco_external,5942
fti.net,Legitimate,tranco_external,10928
fujifilm.com,Legitimate,tranco_external,-1
yksdks.com,Legitimate,tranco_external,989
cloudmark.com,Legitimate,tranco_external,-1
apptracer.ru,Legitimate,tranco_external,999
pokepara.jp,Legitimate,tranco_external,6172
expansion.com,Legitimate,tranco_external,11466
schoology.com,Legitimate,tranco_external,-1
google.tg,Legitimate,tranco_external,-1
ladbrokes.com,Legitimate,tranco_external,10263
minecraft.net,Legitimate,tranco_external,6140
yximgs.com,Legitimate,tranco_external,5073
houzz.com,Legitimate,tranco_external,-1
flexwebhosting.nl,Legitimate,tranco_external,8552
gslb.com,Legitimate,tranco_external,8784
javsek.net,Legitimate,tranco_external,-1
oregon.gov,Legitimate,tranco_external,8989
dzinet.ru,Legitimate,tranco_external,6609
61yes.com,Legitimate,tranco_external,1785
socdm.com,Legitimate,tranco_external,5143
mcpehub.org,Legitimate,tranco_external,3172
korona.net,Legitimate,tranco_external,10299
awwwards.com,Legitimate,tranco_external,5642
prezi.com,Legitimate,tranco_external,9329
hpe.com,Legitimate,tranco_external,11309
twingate.com,Legitimate,tranco_external,-1
muslima.com,Legitimate,tranco_external,8001
brother.co.jp,Legitimate,tranco_external,-1
saveclip.app,Legitimate,tranco_external,-1
sendbird.com,Legitimate,tranco_external,4601
n-able.com,Legitimate,tranco_external,8720
ams.org,Legitimate,tranco_external,12291
bihar.gov.in,Legitimate,tranco_external,6566
brevo.com,Legitimate,tranco_external,9678
outboundproxy.com,Legitimate,tranco_external,4620
rainberrytv.com,Legitimate,tranco_external,1418
starrydyn.com,Legitimate,tranco_external,1187
mailbox.org,Legitimate,tranco_external,10030
parcelsapp.com,Legitimate,tranco_external,3261
z.com,Legitimate,tranco_external,10308
movieffm.net,Legitimate,tranco_external,2785
sexindrag.com,Legitimate,tranco_external,2315
playit2019.com,Legitimate,tranco_external,2315
restaurantguru.com,Legitimate,tranco_external,8934
egihosting.com,Legitimate,tranco_external,8208
broadwayworld.com,Legitimate,tranco_external,8512
ecukwai.com,Legitimate,tranco_external,1471
website-files.com,Legitimate,tranco_external,2603
idolfap.com,Legitimate,tranco_external,2143
searchenginewatch.com,Legitimate,tranco_external,10217
xmission.com,Legitimate,tranco_external,11673
relaysteering.com,Legitimate,tranco_external,456
cortana.ai,Legitimate,tranco_external,-1
seiska.fi,Legitimate,tranco_external,-1
autocrm.ru,Legitimate,tranco_external,5684
about.me,Legitimate,tranco_external,6524
doujindesu.tv,Legitimate,tranco_external,1042
hdfilmizle.life,Legitimate,tranco_external,-1
remove.bg,Legitimate,tranco_external,-1
ottgoods.ru,Legitimate,tranco_external,1061
keymachine.de,Legitimate,tranco_external,-1
moeking.me,Legitimate,tranco_external,3174
g2afse.com,Legitimate,tranco_external,2569
mparticle.com,Legitimate,tranco_external,4999
technoratimedia.com,Legitimate,tranco_external,6483
betplay.com.co,Legitimate,tranco_external,3307
avianca.com,Legitimate,tranco_external,8892
xnxxvideos.in,Legitimate,tranco_external,781
nba.com,Legitimate,tranco_external,11425
majordomo.ru,Legitimate,tranco_external,9463
voltaxam.com,Legitimate,tranco_external,1371
merit.net,Legitimate,tranco_external,12509
nybooks.com,Legitimate,tranco_external,10749
thanhnien.vn,Legitimate,tranco_external,-1
myflixerz.to,Legitimate,tranco_external,979
moviesda16.com,Legitimate,tranco_external,234
hotukdeals.com,Legitimate,tranco_external,7881
dnse0.com,Legitimate,tranco_external,1341
gbnews.com,Legitimate,tranco_external,8444
noodlemagazine.com,Legitimate,tranco_external,-1
1clickvpn.net,Legitimate,tranco_external,2357
allen.in,Legitimate,tranco_external,-1
freeones.com,Legitimate,tranco_external,10208
pnc.com,Legitimate,tranco_external,-1
awsdns-55.com,Legitimate,tranco_external,5619
gos-gsp.io,Legitimate,tranco_external,2499
asos.com,Legitimate,tranco_external,-1
hisavana.com,Legitimate,tranco_external,1677
google.la,Legitimate,tranco_external,8636
railway.app,Legitimate,tranco_external,-1
etihad.com,Legitimate,tranco_external,-1
pixlr.com,Legitimate,tranco_external,6809
dnsimple.com,Legitimate,tranco_external,5816
trilltrill.jp,Legitimate,tranco_external,4305
ibytedtos.com,Legitimate,tranco_external,3004
vercel.app,Legitimate,tranco_external,-1
ethiolottery.et,Legitimate,tranco_external,-1
allegro.com,Legitimate,tranco_external,-1
lachainemeteo.com,Legitimate,tranco_external,10694
netapp.com,Legitimate,tranco_external,-1
kayak.com,Legitimate,tranco_external,11289
targetads.io,Legitimate,tranco_external,-1
dtscdn.com,Legitimate,tranco_external,4180
polyspeak.ai,Legitimate,tranco_external,-1
datart.cz,Legitimate,tranco_external,-1
qorno.com,Legitimate,tranco_external,7580
mcr-msedge.net,Legitimate,tranco_external,699
hotelscombined.com,Legitimate,tranco_external,7438
google.co.mz,Legitimate,tranco_external,4221
awsdns-61.co.uk,Legitimate,tranco_external,-1
assoass.com,Legitimate,tranco_external,7437
samsungpositioning.com,Legitimate,tranco_external,3057
dnsv1.com,Legitimate,tranco_external,5618
optonline.net,Legitimate,tranco_external,10746
lexology.com,Legitimate,tranco_external,10428
hrc.org,Legitimate,tranco_external,-1
regions.com,Legitimate,tranco_external,-1
clemson.edu,Legitimate,tranco_external,-1
myinstants.com,Legitimate,tranco_external,5797
osf.io,Legitimate,tranco_external,4733
supercdn.ru,Legitimate,tranco_external,382
illinois.edu,Legitimate,tranco_external,-1
speedsmart.net,Legitimate,tranco_external,4039
esquire.com,Legitimate,tranco_external,-1
apitd.net,Legitimate,tranco_external,1343
temporary.site,Legitimate,tranco_external,949
ozonusercontent.com,Legitimate,tranco_external,1629
goodreels.com,Legitimate,tranco_external,2873
sc.edu,Legitimate,tranco_external,-1
ovh.us,Legitimate,tranco_external,-1
telegraphindia.com,Legitimate,tranco_external,10624
scopely.io,Legitimate,tranco_external,4752
supplyframe.com,Legitimate,tranco_external,7586
computerworld.com,Legitimate,tranco_external,11803
yellowpages.com,Legitimate,tranco_external,-1
rentalcars.com,Legitimate,tranco_external,10760
gta5-mods.com,Legitimate,tranco_external,5249
correio24horas.com.br,Legitimate,tranco_external,-1
r7.com,Legitimate,tranco_external,10922
ghostery.net,Legitimate,tranco_external,5706
pomorska.pl,Legitimate,tranco_external,-1
trellix.com,Legitimate,tranco_external,-1
sjv.io,Legitimate,tranco_external,3518
leroymerlin.pl,Legitimate,tranco_external,-1
bancopan.com.br,Legitimate,tranco_external,-1
byjus.com,Legitimate,tranco_external,4647
anime-planet.com,Legitimate,tranco_external,8593
vidio.com,Legitimate,tranco_external,10329
cdnjs.com,Legitimate,tranco_external,5528
oasiszen.app,Legitimate,tranco_external,-1
mat6tube.com,Legitimate,tranco_external,2854
sankei.com,Legitimate,tranco_external,10552
plos.org,Legitimate,tranco_external,9290
udmserve.net,Legitimate,tranco_external,6895
apicgate.com,Legitimate,tranco_external,773
ni.com,Legitimate,tranco_external,-1
setlist.fm,Legitimate,tranco_external,-1
securiti.ai,Legitimate,tranco_external,2957
hilton.com,Legitimate,tranco_external,11430
flashscore.com.ng,Legitimate,tranco_external,-1
aafp.org,Legitimate,tranco_external,-1
cloudscdn.net,Legitimate,tranco_external,971
awstrack.me,Legitimate,tranco_external,3157
olx.ua,Legitimate,tranco_external,4759
drikpanchang.com,Legitimate,tranco_external,5717
14emeliaterracewestroxburyma02132.su,Legitimate,tranco_external,250
gonet-ads.com,Legitimate,tranco_external,1435
digi24.ro,Legitimate,tranco_external,5257
dc-telemetry.net,Legitimate,tranco_external,132
racejeet247.com,Legitimate,tranco_external,-1
sonicsads.com,Legitimate,tranco_external,896
thenation.com,Legitimate,tranco_external,11338
toasttab.com,Legitimate,tranco_external,5056
ndash.net,Legitimate,tranco_external,-1
15min.lt,Legitimate,tranco_external,-1
mstea.ms,Legitimate,tranco_external,3270
lesnumeriques.com,Legitimate,tranco_external,7756
matchtv.ru,Legitimate,tranco_external,3918
acer.com,Legitimate,tranco_external,11507
awsdns-22.com,Legitimate,tranco_external,5619
zscalertwo.net,Legitimate,tranco_external,4905
name-servers.gr,Legitimate,tranco_external,-1
rabobank.com,Legitimate,tranco_external,10701
thisisdax.com,Legitimate,tranco_external,4134
hbet.club,Legitimate,tranco_external,943
mybigcommerce.com,Legitimate,tranco_external,6299
starbucks.com,Legitimate,tranco_external,-1
muckrack.com,Legitimate,tranco_external,-1
takarakuji-official.jp,Legitimate,tranco_external,7109
finalfantasyxiv.com,Legitimate,tranco_external,9525
bu.edu,Legitimate,tranco_external,-1
kbs.co.kr,Legitimate,tranco_external,-1
t.cn,Legitimate,tranco_external,8401
traincdn.com,Legitimate,tranco_external,-1
farnell.com,Legitimate,tranco_external,11416
microchip.com,Legitimate,tranco_external,-1
spaceweb.ru,Legitimate,tranco_external,8979
topky.sk,Legitimate,tranco_external,6451
aeon.co,Legitimate,tranco_external,5286
coach.com,Legitimate,tranco_external,10906
nseindia.com,Legitimate,tranco_external,10067
eplus.jp,Legitimate,tranco_external,9115
gendai.media,Legitimate,tranco_external,-1
kanald.com.tr,Legitimate,tranco_external,-1
doi.gov,Legitimate,tranco_external,10386
indeed.net,Legitimate,tranco_external,9449
personio-internal.de,Legitimate,tranco_external,-1
bngf.ru,Legitimate,tranco_external,8664
poringa.net,Legitimate,tranco_external,6993
lmco.com,Legitimate,tranco_external,-1
nongnu.org,Legitimate,tranco_external,8579
otidapi.com,Legitimate,tranco_external,1334
adobess.com,Legitimate,tranco_external,2940
google.ci,Legitimate,tranco_external,4772
eurowings.com,Legitimate,tranco_external,9551
aliexpress.ru,Legitimate,tranco_external,5864
helpshift.com,Legitimate,tranco_external,5234
rakuten-card.co.jp,Legitimate,tranco_external,-1
peers.tv,Legitimate,tranco_external,4957
diy.com,Legitimate,tranco_external,10470
delish.com,Legitimate,tranco_external,-1
inmarsat.com,Legitimate,tranco_external,-1
cariad.digital,Legitimate,tranco_external,-1
gumtree.com.au,Legitimate,tranco_external,-1
google.com.sa,Legitimate,tranco_external,-1
files.fm,Legitimate,tranco_external,5408
1capp.com,Legitimate,tranco_external,5584
tfl.gov.uk,Legitimate,tranco_external,-1
bitdrift.io,Legitimate,tranco_external,1033
redcross.org,Legitimate,tranco_external,11144
theiet.org,Legitimate,tranco_external,7956
anker.com,Legitimate,tranco_external,10879
nu.nl,Legitimate,tranco_external,10150
hrw.org,Legitimate,tranco_external,11437
jivox.com,Legitimate,tranco_external,7189
cedock.com,Legitimate,tranco_external,6559
pagalnew.com,Legitimate,tranco_external,1820
hackmd.io,Legitimate,tranco_external,3977
kunlunaq.com,Legitimate,tranco_external,4246
impervasecuredns.net,Legitimate,tranco_external,1889
bytedns3.com,Legitimate,tranco_external,1119
alza.cz,Legitimate,tranco_external,-1
manhwa-latino.com,Legitimate,tranco_external,-1
s5qlfahupkra.com,Legitimate,tranco_external,163
mxtoolbox.com,Legitimate,tranco_external,7833
xmeye.net,Legitimate,tranco_external,5129
7-zip.org,Legitimate,tranco_external,9311
scoalarutiera.ro,Legitimate,tranco_external,4641
axios.com,Legitimate,tranco_external,10408
salesforce-scrt.com,Legitimate,tranco_external,2211
simply.com,Legitimate,tranco_external,11182
shazam.com,Legitimate,tranco_external,11269
mindbodygreen.com,Legitimate,tranco_external,6830
stockbit.com,Legitimate,tranco_external,7452
zebra.com,Legitimate,tranco_external,-1
illuminateed.com,Legitimate,tranco_external,-1
eitaa.ir,Legitimate,tranco_external,-1
eum-appdynamics.com,Legitimate,tranco_external,4711
cbs.com,Legitimate,tranco_external,11772
redtube.com,Legitimate,tranco_external,7367
myangular.life,Legitimate,tranco_external,-1
warnermediacdn.com,Legitimate,tranco_external,2485
foodnetwork.co.uk,Legitimate,tranco_external,-1
awsdns-18.net,Legitimate,tranco_external,5619
etherscan.io,Legitimate,tranco_external,-1
xnxx-arabic.com,Legitimate,tranco_external,-1
just.ro,Legitimate,tranco_external,-1
tokyo-np.co.jp,Legitimate,tranco_external,-1
inews.co.uk,Legitimate,tranco_external,-1
hubcloud.foo,Legitimate,tranco_external,-1
cognitoforms.com,Legitimate,tranco_external,4509
narwaltech.com,Legitimate,tranco_external,2113
ousaqb.tech,Legitimate,tranco_external,896
derwesten.de,Legitimate,tranco_external,-1
dummies.com,Legitimate,tranco_external,10674
e-jumbo.gr,Legitimate,tranco_external,-1
ukg.net,Legitimate,tranco_external,-1
razer.com,Legitimate,tranco_external,10161
directv.com,Legitimate,tranco_external,-1
deliveryhero.net,Legitimate,tranco_external,5332
dafont.com,Legitimate,tranco_external,9277
getgrass.io,Legitimate,tranco_external,1089
s7.ru,Legitimate,tranco_external,10095
182682.xyz,Legitimate,tranco_external,-1
cardsmobile.ru,Legitimate,tranco_external,4730
988lifeline.org,Legitimate,tranco_external,1433
vodafone.co.uk,Legitimate,tranco_external,-1
ksl.com,Legitimate,tranco_external,11430
nvcam.net,Legitimate,tranco_external,5314
zus.pl,Legitimate,tranco_external,-1
gesoten.com,Legitimate,tranco_external,5072
handelsblatt.com,Legitimate,tranco_external,10920
xundns.com,Legitimate,tranco_external,6768
iloveimg.com,Legitimate,tranco_external,4133
ffmpeg.org,Legitimate,tranco_external,8719
telkomsel.com,Legitimate,tranco_external,10861
admob.com,Legitimate,tranco_external,7398
newswire.ca,Legitimate,tranco_external,9295
federalreserve.gov,Legitimate,tranco_external,10204
mediafax.ro,Legitimate,tranco_external,-1
suning.com,Legitimate,tranco_external,10309
chochox.com,Legitimate,tranco_external,3899
jugabet.cl,Legitimate,tranco_external,1063
hikvision.com,Legitimate,tranco_external,8814
yusercontent.com,Legitimate,tranco_external,4144
mydesi2.net,Legitimate,tranco_external,1316
schwab.tech,Legitimate,tranco_external,3653
tiny.cc,Legitimate,tranco_external,-1
snapp.autos,Legitimate,tranco_external,-1
cargurus.com,Legitimate,tranco_external,9716
cic.fr,Legitimate,tranco_external,9784
kas-labs.com,Legitimate,tranco_external,3212
google.co.ug,Legitimate,tranco_external,3674
voltaxservices.io,Legitimate,tranco_external,1673
sb.by,Legitimate,tranco_external,8572
education.ne.jp,Legitimate,tranco_external,-1
mashable.com,Legitimate,tranco_external,-1
arm.com,Legitimate,tranco_external,11354
moviesda15.com,Legitimate,tranco_external,234
snu.ac.kr,Legitimate,tranco_external,-1
blogspot.ca,Legitimate,tranco_external,7083
kumanga.com,Legitimate,tranco_external,-1
bitmex.com,Legitimate,tranco_external,8231
reverb.com,Legitimate,tranco_external,8506
aqi.in,Legitimate,tranco_external,5078
battle.net,Legitimate,tranco_external,10941
wakelet.com,Legitimate,tranco_external,5559
ngs.ru,Legitimate,tranco_external,9622
delgarm.com,Legitimate,tranco_external,7134
filmaffinity.com,Legitimate,tranco_external,9029
ogury.io,Legitimate,tranco_external,4389
createjs.com,Legitimate,tranco_external,5469
vtb.ru,Legitimate,tranco_external,10093
mine.nu,Legitimate,tranco_external,9717
appboy.com,Legitimate,tranco_external,6364
bokepnoz.in,Legitimate,tranco_external,-1
newyorker.com,Legitimate,tranco_external,-1
mmcdn.com,Legitimate,tranco_external,4375
last.fm,Legitimate,tranco_external,8756
dochii.xyz,Legitimate,tranco_external,88
fsc.org,Legitimate,tranco_external,10533
tjk-njk.com,Legitimate,tranco_external,692
libramemoria.com,Legitimate,tranco_external,5996
skymovieshd.mba,Legitimate,tranco_external,-1
gallup.com,Legitimate,tranco_external,-1
9animetv.to,Legitimate,tranco_external,1153
pornpics.de,Legitimate,tranco_external,-1
turkish123.to,Legitimate,tranco_external,887
iau.ir,Legitimate,tranco_external,-1
spacex.com,Legitimate,tranco_external,8702
egais.ru,Legitimate,tranco_external,7287
chanel.com,Legitimate,tranco_external,-1
gboxlab.com,Legitimate,tranco_external,1350
matrix.org,Legitimate,tranco_external,11451
act.org,Legitimate,tranco_external,12640
ntvspor.net,Legitimate,tranco_external,7371
infojobs.net,Legitimate,tranco_external,10214
dlsite.com,Legitimate,tranco_external,9324
ip.sb,Legitimate,tranco_external,-1
geni.com,Legitimate,tranco_external,8303
stumbleupon.com,Legitimate,tranco_external,8890
designboom.com,Legitimate,tranco_external,9608
samr.gov.cn,Legitimate,tranco_external,2875
eurekacloud.io,Legitimate,tranco_external,2416
island.io,Legitimate,tranco_external,5507
rackspaceclouddb.com,Legitimate,tranco_external,-1
tubi.video,Legitimate,tranco_external,-1
mediawiki.org,Legitimate,tranco_external,8249
fsiblog5.com,Legitimate,tranco_external,239
worldoftanks.eu,Legitimate,tranco_external,-1
superbthemes.com,Legitimate,tranco_external,-1
voegol.com.br,Legitimate,tranco_external,-1
defense.gov,Legitimate,tranco_external,8559
dnsitalia.net,Legitimate,tranco_external,9433
miitbeian.gov.cn,Legitimate,tranco_external,5761
fullstory.com,Legitimate,tranco_external,8980
fotoscapes.com,Legitimate,tranco_external,9605
hentaiz.bot,Legitimate,tranco_external,-1
skysports.com,Legitimate,tranco_external,10135
neu.edu.cn,Legitimate,tranco_external,-1
wsj.net,Legitimate,tranco_external,-1
kth.se,Legitimate,tranco_external,14804
livenation.com,Legitimate,tranco_external,-1
haberturk.com,Legitimate,tranco_external,9409
sicredi.com.br,Legitimate,tranco_external,-1
mawartotohijau.com,Legitimate,tranco_external,53
ome.tv,Legitimate,tranco_external,3835
lexisnexisrisk.com,Legitimate,tranco_external,6130
conectate.com.do,Legitimate,tranco_external,6098
eukdns.com,Legitimate,tranco_external,8615
tkc.co.jp,Legitimate,tranco_external,-1
thumbzilla.com,Legitimate,tranco_external,9853
dssedge.com,Legitimate,tranco_external,-1
blog.gov.uk,Legitimate,tranco_external,-1
fextralife.com,Legitimate,tranco_external,4594
maff.go.jp,Legitimate,tranco_external,-1
pasarbokep.com,Legitimate,tranco_external,2874
google.td,Legitimate,tranco_external,2378
testnav.com,Legitimate,tranco_external,-1
phimxxx.ai,Legitimate,tranco_external,788
pozdravok.com,Legitimate,tranco_external,5557
wallpapercave.com,Legitimate,tranco_external,4104
porn-sex-site.com,Legitimate,tranco_external,459
evidon.com,Legitimate,tranco_external,6931
speedrun.com,Legitimate,tranco_external,9107
tinkoff.ru,Legitimate,tranco_external,10063
edge.apple,Legitimate,tranco_external,-1
salesmartly.com,Legitimate,tranco_external,1692
arenabg.com,Legitimate,tranco_external,8315
queniucf.com,Legitimate,tranco_external,1797
awsdns-24.co.uk,Legitimate,tranco_external,-1
officedepot.com,Legitimate,tranco_external,-1
okex.org,Legitimate,tranco_external,3210
monica.im,Legitimate,tranco_external,-1
jedolo.com,Legitimate,tranco_external,3676
openrouter.ai,Legitimate,tranco_external,1058
kgns1.com,Legitimate,tranco_external,1133
digitalturbine.com,Legitimate,tranco_external,7078
uaserials.com,Legitimate,tranco_external,2989
stylitics.com,Legitimate,tranco_external,5636
usabracketing.com,Legitimate,tranco_external,1083
ivicdn.tv,Legitimate,tranco_external,1457
awsdns-49.co.uk,Legitimate,tranco_external,-1
bk6bba-resources.com,Legitimate,tranco_external,1616
pitc.com.pk,Legitimate,tranco_external,5779
leadconnectorhq.com,Legitimate,tranco_external,1964
gunbroker.com,Legitimate,tranco_external,9881
locketcamera.com,Legitimate,tranco_external,1547
uni-leipzig.de,Legitimate,tranco_external,-1
mediawallahscript.com,Legitimate,tranco_external,4367
hola.org,Legitimate,tranco_external,8724
google.com.pk,Legitimate,tranco_external,8406
sharepointonline.com,Legitimate,tranco_external,7659
freenet.de,Legitimate,tranco_external,-1
grofer.io,Legitimate,tranco_external,3655
dapay2.com,Legitimate,tranco_external,149
servetraff.com,Legitimate,tranco_external,1566
easytomessage.com,Legitimate,tranco_external,5018
aa.com.tr,Legitimate,tranco_external,-1
bankier.pl,Legitimate,tranco_external,-1
nla.gov.au,Legitimate,tranco_external,-1
google.fr,Legitimate,tranco_external,9358
um.es,Legitimate,tranco_external,-1
pi7.org,Legitimate,tranco_external,2373
kiplinger.com,Legitimate,tranco_external,-1
solopornoitaliani.xxx,Legitimate,tranco_external,4228
abc7ny.com,Legitimate,tranco_external,-1
volccdn.com,Legitimate,tranco_external,1909
gr.com,Legitimate,tranco_external,11519
uvm.edu,Legitimate,tranco_external,-1
war.gov,Legitimate,tranco_external,-1
sapphireonline.pk,Legitimate,tranco_external,3814
badoocdn.com,Legitimate,tranco_external,5173
aidemsrv.com,Legitimate,tranco_external,1516
easy4ipcloud.com,Legitimate,tranco_external,4383
ixigo.com,Legitimate,tranco_external,7114
flashscore.com.br,Legitimate,tranco_external,-1
tribuneindia.com,Legitimate,tranco_external,10512
zhangmenglong.cn,Legitimate,tranco_external,1231
liquidweb.com,Legitimate,tranco_external,10444
ntt.net,Legitimate,tranco_external,11159
px-cdn.net,Legitimate,tranco_external,2979
host-vision.com,Legitimate,tranco_external,7993
lifehacker.com,Legitimate,tranco_external,-1
locaweb.com.br,Legitimate,tranco_external,-1
skechers.com,Legitimate,tranco_external,-1
tdnsvod1.cn,Legitimate,tranco_external,1547
nd.edu,Legitimate,tranco_external,-1
tawk.to,Legitimate,tranco_external,4990
dallasnews.com,Legitimate,tranco_external,10922
sbis.ru,Legitimate,tranco_external,10014
usgs.gov,Legitimate,tranco_external,10386
bfldr.com,Legitimate,tranco_external,-1
jagex.com,Legitimate,tranco_external,-1
resideo.com,Legitimate,tranco_external,8145
sporza.be,Legitimate,tranco_external,-1
kathimerini.gr,Legitimate,tranco_external,-1
iana.org,Legitimate,tranco_external,11236
tameteo.com,Legitimate,tranco_external,6404
adjust.net.in,Legitimate,tranco_external,2052
la.gov,Legitimate,tranco_external,9633
xhcdn.com,Legitimate,tranco_external,5438
marketo.net,Legitimate,tranco_external,6987
dota2.com,Legitimate,tranco_external,6103
yarnpkg.com,Legitimate,tranco_external,3456
millipiyangoonline.com,Legitimate,tranco_external,2206
megagroup.ru,Legitimate,tranco_external,7977
rezka-ua.tv,Legitimate,tranco_external,851
joomcdn.net,Legitimate,tranco_external,3001
bunkr.cr,Legitimate,tranco_external,-1
bath.ac.uk,Legitimate,tranco_external,-1
championat.asia,Legitimate,tranco_external,5048
hihonorcdn.com,Legitimate,tranco_external,-1
bytepluscdn.com,Legitimate,tranco_external,1825
skypeforbusiness.com,Legitimate,tranco_external,6474
atom.com,Legitimate,tranco_external,11219
mijia.tech,Legitimate,tranco_external,-1
centrum.cz,Legitimate,tranco_external,-1
sexiveo.com,Legitimate,tranco_external,205
ces.tech,Legitimate,tranco_external,3833
ny.gov,Legitimate,tranco_external,8574
todoist.com,Legitimate,tranco_external,7004
google.com.lb,Legitimate,tranco_external,4317
military.com,Legitimate,tranco_external,10521
ardmediathek.de,Legitimate,tranco_external,-1
blueduckredapple.com,Legitimate,tranco_external,1312
karger.com,Legitimate,tranco_external,10498
quickstream-app.com,Legitimate,tranco_external,285
cam4.com,Legitimate,tranco_external,9722
laredoute.fr,Legitimate,tranco_external,10201
redcdn.pl,Legitimate,tranco_external,-1
swisssign.net,Legitimate,tranco_external,8827
farsnews.ir,Legitimate,tranco_external,-1
livetex.ru,Legitimate,tranco_external,5527
gamer-network.uk,Legitimate,tranco_external,-1
monetixads.com,Legitimate,tranco_external,-1
getcomposer.org,Legitimate,tranco_external,5253
cri.cn,Legitimate,tranco_external,8401
allyonostore.com,Legitimate,tranco_external,593
hubapi.com,Legitimate,tranco_external,6499
af.mil,Legitimate,tranco_external,-1
bato.si,Legitimate,tranco_external,414
ficbook.net,Legitimate,tranco_external,5478
19fortyfive.com,Legitimate,tranco_external,2122
freefiremobile.com,Legitimate,tranco_external,3109
lettuceclub.net,Legitimate,tranco_external,9460
devowl.io,Legitimate,tranco_external,2322
windguru.cz,Legitimate,tranco_external,-1
abc.net.au,Legitimate,tranco_external,-1
cnews.fr,Legitimate,tranco_external,4159
mac.com,Legitimate,tranco_external,10704
softether-network.net,Legitimate,tranco_external,4747
chron.com,Legitimate,tranco_external,-1
fazenda.gov.br,Legitimate,tranco_external,-1
shaalaa.com,Legitimate,tranco_external,5632
hivebedrock.network,Legitimate,tranco_external,-1
euid.eu,Legitimate,tranco_external,-1
css-tricks.com,Legitimate,tranco_external,-1
statnews.com,Legitimate,tranco_external,8305
gama.ir,Legitimate,tranco_external,-1
gazzetta.gr,Legitimate,tranco_external,-1
huaweicloudwaf.com,Legitimate,tranco_external,2604
doaj.org,Legitimate,tranco_external,8434
creditmutuel.fr,Legitimate,tranco_external,11171
parklogic.com,Legitimate,tranco_external,6950
sharechat.com,Legitimate,tranco_external,-1
disa.mil,Legitimate,tranco_external,-1
vorwerk-digital.com,Legitimate,tranco_external,2806
obi.de,Legitimate,tranco_external,-1
xxbrits.com,Legitimate,tranco_external,2421
google.lt,Legitimate,tranco_external,-1
wpi.edu,Legitimate,tranco_external,-1
evite.com,Legitimate,tranco_external,10035
alibabacorp.com,Legitimate,tranco_external,6789
gemius.pl,Legitimate,tranco_external,-1
mynet.com,Legitimate,tranco_external,11404
dalyfeds.com,Legitimate,tranco_external,803
rmsolutions.ch,Legitimate,tranco_external,-1
solidworks.com,Legitimate,tranco_external,11121
preply.com,Legitimate,tranco_external,5525
ftc.ru,Legitimate,tranco_external,10394
remitly.com,Legitimate,tranco_external,5114
ge.com,Legitimate,tranco_external,-1
cdnhwczba04.com,Legitimate,tranco_external,1482
luticlip.com,Legitimate,tranco_external,3431
mediav.com,Legitimate,tranco_external,8233
permkrai.ru,Legitimate,tranco_external,8277
volkswagen.de,Legitimate,tranco_external,-1
viglink.com,Legitimate,tranco_external,-1
xero.com,Legitimate,tranco_external,-1
rackspace-cloud.com,Legitimate,tranco_external,-1
synopsys.com,Legitimate,tranco_external,-1
iata.org,Legitimate,tranco_external,11415
amazon.sa,Legitimate,tranco_external,-1
garmin.com,Legitimate,tranco_external,11270
goodnotescloud.com,Legitimate,tranco_external,2107
yottaa.net,Legitimate,tranco_external,6237
mitchell1.com,Legitimate,tranco_external,9407
prnt.sc,Legitimate,tranco_external,4512
placed.com,Legitimate,tranco_external,9663
pscube.jp,Legitimate,tranco_external,4584
google.co.ve,Legitimate,tranco_external,-1
bblmw.com,Legitimate,tranco_external,932
producthunt.com,Legitimate,tranco_external,8407
ekstrabladet.dk,Legitimate,tranco_external,-1
shopifyapps.com,Legitimate,tranco_external,6480
okko.tv,Legitimate,tranco_external,4954
keio.ac.jp,Legitimate,tranco_external,-1
president.jp,Legitimate,tranco_external,9086
travelandtourworld.com,Legitimate,tranco_external,6149
t1chat.com,Legitimate,tranco_external,377
3cat.cat,Legitimate,tranco_external,2720
aida.de,Legitimate,tranco_external,-1
alternet.org,Legitimate,tranco_external,11416
nbcuni.com,Legitimate,tranco_external,8225
keralalotteries.net,Legitimate,tranco_external,3160
operacdn.com,Legitimate,tranco_external,-1
xgroovy.com,Legitimate,tranco_external,2530
vercomicsporno.com,Legitimate,tranco_external,4357
printercloud.com,Legitimate,tranco_external,6577
powerbi.com,Legitimate,tranco_external,5866
dpreview.com,Legitimate,tranco_external,9708
toprecepty.cz,Legitimate,tranco_external,-1
tmohentai.com,Legitimate,tranco_external,4241
buymeacoffee.com,Legitimate,tranco_external,-1
ojogodobicho.com,Legitimate,tranco_external,8765
segmento.ru,Legitimate,tranco_external,6383
comicbox.xyz,Legitimate,tranco_external,-1
aizhantj.com,Legitimate,tranco_external,589
nguoiquansat.vn,Legitimate,tranco_external,-1
kolesa.kz,Legitimate,tranco_external,7734
onswingers.com,Legitimate,tranco_external,6270
adventori.com,Legitimate,tranco_external,5961
mordorintelligence.com,Legitimate,tranco_external,4460
youngle.site,Legitimate,tranco_external,1366
morganstanley.com,Legitimate,tranco_external,-1
tableau.com,Legitimate,tranco_external,10851
louisville.edu,Legitimate,tranco_external,-1
slt.lk,Legitimate,tranco_external,-1
programme-tv.net,Legitimate,tranco_external,8556
anaconda.com,Legitimate,tranco_external,10513
gotomeeting.com,Legitimate,tranco_external,8293
krushmedia.com,Legitimate,tranco_external,4909
sahibinden.com,Legitimate,tranco_external,9567
boomplaymusic.com,Legitimate,tranco_external,3458
spectrum.com,Legitimate,tranco_external,-1
weplayapp.com,Legitimate,tranco_external,1826
partslink24.com,Legitimate,tranco_external,8327
virtualearth.net,Legitimate,tranco_external,-1
minepi.com,Legitimate,tranco_external,2654
arduino.cc,Legitimate,tranco_external,7440
google.com.sb,Legitimate,tranco_external,-1
glpals.com,Legitimate,tranco_external,9160
meteofor.lt,Legitimate,tranco_external,-1
arbada.com,Legitimate,tranco_external,2868
uncen.org,Legitimate,tranco_external,1806
gaymaletube.com,Legitimate,tranco_external,6580
aade.gr,Legitimate,tranco_external,-1
home-assistant.io,Legitimate,tranco_external,4098
cash.app,Legitimate,tranco_external,-1
steamrip.com,Legitimate,tranco_external,-1
rule34.us,Legitimate,tranco_external,2094
secop.gov.co,Legitimate,tranco_external,4463
evri.com,Legitimate,tranco_external,8164
t1-cloud.ru,Legitimate,tranco_external,2114
digitalgov.gov,Legitimate,tranco_external,4481
gearpatrol.com,Legitimate,tranco_external,6922
saksfifthavenue.com,Legitimate,tranco_external,9981
drogasil.com.br,Legitimate,tranco_external,-1
novell.com,Legitimate,tranco_external,13259
parivahan.gov.in,Legitimate,tranco_external,5352
airtel.in,Legitimate,tranco_external,3650
scirp.org,Legitimate,tranco_external,6541
cbn.com,Legitimate,tranco_external,11162
ibispaint.com,Legitimate,tranco_external,5418
hubspotemail.net,Legitimate,tranco_external,3596
jsmsat.com,Legitimate,tranco_external,2063
exoscale.ch,Legitimate,tranco_external,-1
bluebillywig.com,Legitimate,tranco_external,7144
illusionblack.com,Legitimate,tranco_external,-1
dns.lv,Legitimate,tranco_external,-1
tkmaxx.com,Legitimate,tranco_external,10895
nysc.org.ng,Legitimate,tranco_external,-1
lenovo.com.cn,Legitimate,tranco_external,8474
spboss.mobi,Legitimate,tranco_external,-1
eset.systems,Legitimate,tranco_external,-1
silvermob.com,Legitimate,tranco_external,3850
heytapmobi.com,Legitimate,tranco_external,2435
marphezis.com,Legitimate,tranco_external,3892
dagospia.com,Legitimate,tranco_external,9483
github.blog,Legitimate,tranco_external,2854
yadongtv86.com,Legitimate,tranco_external,127
tubitv.com,Legitimate,tranco_external,4396
n8n.io,Legitimate,tranco_external,2656
planetminecraft.com,Legitimate,tranco_external,5658
pureapk.com,Legitimate,tranco_external,4120
zeotap.com,Legitimate,tranco_external,4248
winner.bet,Legitimate,tranco_external,-1
voisetech.com,Legitimate,tranco_external,937
pubmnet.com,Legitimate,tranco_external,1771
kaptcha.com,Legitimate,tranco_external,7119
playtika.com,Legitimate,tranco_external,6068
up.pt,Legitimate,tranco_external,-1
appcues.net,Legitimate,tranco_external,3570
shopee.com.my,Legitimate,tranco_external,4121
ruta1000.com.ar,Legitimate,tranco_external,4534
popcap.com,Legitimate,tranco_external,9386
sport.es,Legitimate,tranco_external,-1
sinajs.cn,Legitimate,tranco_external,7020
google.vu,Legitimate,tranco_external,8237
telerik.com,Legitimate,tranco_external,-1
folieporno.fr,Legitimate,tranco_external,2372
harica.gr,Legitimate,tranco_external,-1
mozgcp.net,Legitimate,tranco_external,2769
grafana.net,Legitimate,tranco_external,3875
byteintlapi.com,Legitimate,tranco_external,1883
pstatic.net,Legitimate,tranco_external,-1
sbermarketing.ru,Legitimate,tranco_external,2958
monash.edu,Legitimate,tranco_external,-1
jtexpress.com.cn,Legitimate,tranco_external,2485
saser.tw,Legitimate,tranco_external,-1
syncromsp.com,Legitimate,tranco_external,3177
artillex-studios.com,Legitimate,tranco_external,1120
cvut.cz,Legitimate,tranco_external,-1
examinationservices.nic.in,Legitimate,tranco_external,7747
zalando.com,Legitimate,tranco_external,6501
ivancity.com,Legitimate,tranco_external,9245
nirvam.it,Legitimate,tranco_external,7503
wa.link,Legitimate,tranco_external,2356
granify.com,Legitimate,tranco_external,5304
unece.org,Legitimate,tranco_external,11282
toolmatrix.plus,Legitimate,tranco_external,-1
xhchannel.com,Legitimate,tranco_external,1174
com.net,Legitimate,tranco_external,11486
sae.org,Legitimate,tranco_external,-1
ebaycdn.net,Legitimate,tranco_external,2622
azure-apim.net,Legitimate,tranco_external,-1
fresh8.co,Legitimate,tranco_external,4438
glance.net,Legitimate,tranco_external,9472
yektanet.com,Legitimate,tranco_external,3286
sattamatkaresult.net,Legitimate,tranco_external,4539
flipkart.net,Legitimate,tranco_external,6741
bdydns.cn,Legitimate,tranco_external,4256
admanmedia.com,Legitimate,tranco_external,6033
doz.pl,Legitimate,tranco_external,-1
elespanol.com,Legitimate,tranco_external,8059
hereapi.com,Legitimate,tranco_external,3267
mangaread.org,Legitimate,tranco_external,2325
itglue.com,Legitimate,tranco_external,-1
paginegialle.it,Legitimate,tranco_external,10816
dhgate.com,Legitimate,tranco_external,7840
camsoda.com,Legitimate,tranco_external,3969
ponta.jp,Legitimate,tranco_external,6390
nolo.com,Legitimate,tranco_external,11674
vfsglobal.com,Legitimate,tranco_external,7685
uts.edu.au,Legitimate,tranco_external,-1
paykeeper.ru,Legitimate,tranco_external,5403
siteground.net,Legitimate,tranco_external,8023
axis.com,Legitimate,tranco_external,-1
qatarairways.com,Legitimate,tranco_external,10519
getpocket.com,Legitimate,tranco_external,5514
redporn.porn,Legitimate,tranco_external,1979
google.com.pr,Legitimate,tranco_external,8445
trustindex.io,Legitimate,tranco_external,-1
bluetrafficstream.com,Legitimate,tranco_external,357
iscorp.com,Legitimate,tranco_external,11639
cvent.com,Legitimate,tranco_external,9712
api.aws,Legitimate,tranco_external,-1
telecomsvc.com,Legitimate,tranco_external,8413
thains.co.th,Legitimate,tranco_external,-1
telekom.com,Legitimate,tranco_external,-1
careem-engineering.com,Legitimate,tranco_external,-1
xhoz.world,Legitimate,tranco_external,-1
milb.com,Legitimate,tranco_external,8879
sandiegouniontribune.com,Legitimate,tranco_external,-1
ltwebstatic.com,Legitimate,tranco_external,3703
smtp2go.com,Legitimate,tranco_external,7203
p6sai.com,Legitimate,tranco_external,2000
maybank2u.com.my,Legitimate,tranco_external,9423
elfinanciero.com.mx,Legitimate,tranco_external,-1
networksolutions.com,Legitimate,tranco_external,10179
frameo.net,Legitimate,tranco_external,-1
rp-online.de,Legitimate,tranco_external,-1
indianrail.gov.in,Legitimate,tranco_external,8531
hotmart.com,Legitimate,tranco_external,7324
zdnscloud.biz,Legitimate,tranco_external,5302
onthemarket.com,Legitimate,tranco_external,10401
nptel.ac.in,Legitimate,tranco_external,4481
sexosur.cl,Legitimate,tranco_external,7818
videocelebs.net,Legitimate,tranco_external,3377
paadars.com,Legitimate,tranco_external,3901
edmentum.com,Legitimate,tranco_external,4977
blogspot.nl,Legitimate,tranco_external,8460
liveramp.com,Legitimate,tranco_external,5448
narod.ru,Legitimate,tranco_external,9588
dropgame.jp,Legitimate,tranco_external,3585
chartbeat.net,Legitimate,tranco_external,6374
ifilo.net,Legitimate,tranco_external,2010
google.lk,Legitimate,tranco_external,-1
telecinco.es,Legitimate,tranco_external,-1
investors.com,Legitimate,tranco_external,11526
downdetector.com,Legitimate,tranco_external,-1
beyondtrustcloud.com,Legitimate,tranco_external,-1
tui.com,Legitimate,tranco_external,10687
blibli.com,Legitimate,tranco_external,6676
filgoal.com,Legitimate,tranco_external,8948
privacymanager.io,Legitimate,tranco_external,-1
unleash-hosted.com,Legitimate,tranco_external,2545
snaptube.com,Legitimate,tranco_external,7174
kit.com,Legitimate,tranco_external,11059
russianfood.com,Legitimate,tranco_external,10351
journaldemontreal.com,Legitimate,tranco_external,10631
hessenschau.de,Legitimate,tranco_external,-1
ipsos.com,Legitimate,tranco_external,10149
geeksforgeeks.org,Legitimate,tranco_external,6200
warp.dev,Legitimate,tranco_external,-1
sorrisi.com,Legitimate,tranco_external,9951
bocongan.gov.vn,Legitimate,tranco_external,-1
origo.hu,Legitimate,tranco_external,9962
nortonalto.com,Legitimate,tranco_external,3598
natalie.mu,Legitimate,tranco_external,7379
hostatom.com,Legitimate,tranco_external,-1
imf.org,Legitimate,tranco_external,11836
catawiki.com,Legitimate,tranco_external,6909
goodsync.com,Legitimate,tranco_external,7903
soundtrackyourbrand.com,Legitimate,tranco_external,-1
wwstat.com,Legitimate,tranco_external,-1
awsdns-45.co.uk,Legitimate,tranco_external,-1
googlesource.com,Legitimate,tranco_external,7811
natlawreview.com,Legitimate,tranco_external,6245
screencastify.com,Legitimate,tranco_external,4421
ispconfig.org,Legitimate,tranco_external,8023
myfin.by,Legitimate,tranco_external,5723
digicert.cn,Legitimate,tranco_external,7350
active24.cz,Legitimate,tranco_external,-1
spoonflower.com,Legitimate,tranco_external,7601
wealthsimple.com,Legitimate,tranco_external,7159
telefonica.com,Legitimate,tranco_external,10903
com.be,Legitimate,tranco_external,-1
apps.chrome,Legitimate,tranco_external,-1
google.mv,Legitimate,tranco_external,-1
sciencenews.org,Legitimate,tranco_external,11009
tori.fi,Legitimate,tranco_external,-1
ucf.edu,Legitimate,tranco_external,-1
creditkarma.com,Legitimate,tranco_external,7497
freshworks.com,Legitimate,tranco_external,10252
chess-results.com,Legitimate,tranco_external,7172
francetravail.fr,Legitimate,tranco_external,-1
idaho.gov,Legitimate,tranco_external,8709
ipwho.is,Legitimate,tranco_external,-1
hornbach.de,Legitimate,tranco_external,-1
anilife.live,Legitimate,tranco_external,-1
ihg.com,Legitimate,tranco_external,10172
rockwellautomation.com,Legitimate,tranco_external,-1
trvdp.com,Legitimate,tranco_external,2773
youtibao.com,Legitimate,tranco_external,2098
nymag.com,Legitimate,tranco_external,10720
etrain.info,Legitimate,tranco_external,-1
bloomberglaw.com,Legitimate,tranco_external,-1
ziprecruiter.com,Legitimate,tranco_external,5859
91porny.com,Legitimate,tranco_external,2199
dnse5.com,Legitimate,tranco_external,1341
google.si,Legitimate,tranco_external,7645
anrdoezrs.net,Legitimate,tranco_external,8008
c-span.org,Legitimate,tranco_external,11845
adorocinema.com,Legitimate,tranco_external,9072
mta.info,Legitimate,tranco_external,-1
playwekings.ru,Legitimate,tranco_external,281
paramount.com,Legitimate,tranco_external,-1
saasexch.com,Legitimate,tranco_external,1650
browser-intake-datadoghq.eu,Legitimate,tranco_external,-1
bazaarvoice.com,Legitimate,tranco_external,7629
gemidos.tv,Legitimate,tranco_external,5748
yoomoney.ru,Legitimate,tranco_external,2002
stamped.io,Legitimate,tranco_external,3659
shorttv.live,Legitimate,tranco_external,-1
timeappmarketing.com,Legitimate,tranco_external,734
thscore.mobi,Legitimate,tranco_external,-1
codedish.co,Legitimate,tranco_external,1973
ticketmaster.co.uk,Legitimate,tranco_external,-1
ekino-tv.pl,Legitimate,tranco_external,-1
chewy.com,Legitimate,tranco_external,7996
nic.uk,Legitimate,tranco_external,-1
tiktok-row.net,Legitimate,tranco_external,923
proofpoint.com,Legitimate,tranco_external,8980
hudl.com,Legitimate,tranco_external,9502
topuniversities.com,Legitimate,tranco_external,8713
han-solo.net,Legitimate,tranco_external,10227
boyfriendtv.com,Legitimate,tranco_external,5738
rakuten-sec.co.jp,Legitimate,tranco_external,-1
sfgate.com,Legitimate,tranco_external,-1
foxbusiness.com,Legitimate,tranco_external,9654
jqueryui.com,Legitimate,tranco_external,6606
golux.com,Legitimate,tranco_external,10562
cumhuriyet.com.tr,Legitimate,tranco_external,-1
second-ns.com,Legitimate,tranco_external,7949
terabox.app,Legitimate,tranco_external,-1
toki.gov.tr,Legitimate,tranco_external,-1
fireworktv.com,Legitimate,tranco_external,2938
aryion.com,Legitimate,tranco_external,7543
v-videoapp.com,Legitimate,tranco_external,2056
bablosoft.com,Legitimate,tranco_external,3973
e621.net,Legitimate,tranco_external,-1
milfat.com,Legitimate,tranco_external,1163
bravenet.com,Legitimate,tranco_external,10604
andbeyond.media,Legitimate,tranco_external,-1
uppcl.org,Legitimate,tranco_external,9167
wantgoo.com,Legitimate,tranco_external,6597
bac.com,Legitimate,tranco_external,-1
tnh1.com.br,Legitimate,tranco_external,-1
gala.fr,Legitimate,tranco_external,9472
theyarehuge.com,Legitimate,tranco_external,2380
rise-ai.com,Legitimate,tranco_external,2506
cmbchina.com,Legitimate,tranco_external,-1
openbittorrent.com,Legitimate,tranco_external,6244
mdhv.io,Legitimate,tranco_external,3289
mobygames.com,Legitimate,tranco_external,-1
canadianwebhosting.com,Legitimate,tranco_external,9543
setmore.com,Legitimate,tranco_external,5341
nextdoor.com,Legitimate,tranco_external,8063
sxsw.com,Legitimate,tranco_external,11179
appnext.com,Legitimate,tranco_external,6600
t.ly,Legitimate,tranco_external,5853
moe.gov.my,Legitimate,tranco_external,10571
starwars.com,Legitimate,tranco_external,-1
voicemod.net,Legitimate,tranco_external,5622
satta-king-fast.com,Legitimate,tranco_external,2936
harpercollins.com,Legitimate,tranco_external,11654
umbc.edu,Legitimate,tranco_external,-1
relevant-digital.com,Legitimate,tranco_external,3562
rfihub.net,Legitimate,tranco_external,6509
orangedata.ru,Legitimate,tranco_external,3431
miku-doujin.com,Legitimate,tranco_external,2825
limetorrents.fun,Legitimate,tranco_external,190
linksys.com,Legitimate,tranco_external,11128
contextweb.com,Legitimate,tranco_external,9490
ekitan.com,Legitimate,tranco_external,9601
aliexpress-media.com,Legitimate,tranco_external,1719
ydmob.com,Legitimate,tranco_external,3729
ztat.net,Legitimate,tranco_external,5648
xrea.com,Legitimate,tranco_external,8995
sanook.com,Legitimate,tranco_external,10647
cnnx.link,Legitimate,tranco_external,3058
acobt.tech,Legitimate,tranco_external,896
redbus1.org,Legitimate,tranco_external,139
ngpay88.com,Legitimate,tranco_external,1188
inshot.cc,Legitimate,tranco_external,3281
hdfcbank.com,Legitimate,tranco_external,3650
here.com,Legitimate,tranco_external,11230
jmu.edu,Legitimate,tranco_external,-1
clamav.net,Legitimate,tranco_external,8545
gamespot.com,Legitimate,tranco_external,11014
xbanxia.cc,Legitimate,tranco_external,472
dotnxdomain.net,Legitimate,tranco_external,4935
dyndns.biz,Legitimate,tranco_external,8880
lahuashanbx.com,Legitimate,tranco_external,2399
maynoe.com,Legitimate,tranco_external,1271
sprinthost.ru,Legitimate,tranco_external,7419
highwebmedia.com,Legitimate,tranco_external,7767
wwd.com,Legitimate,tranco_external,11177
boxofficemojo.com,Legitimate,tranco_external,9739
zeasn.tv,Legitimate,tranco_external,3485
imggaming.com,Legitimate,tranco_external,4698
githubcopilot.com,Legitimate,tranco_external,1715
segmentapis.com,Legitimate,tranco_external,2779
google.com.sv,Legitimate,tranco_external,-1
bx-dc-msedge.net,Legitimate,tranco_external,613
dnsv3.com,Legitimate,tranco_external,5618
transsion.com,Legitimate,tranco_external,4599
akamaitechnologies.com,Legitimate,tranco_external,10066
mobirise.com,Legitimate,tranco_external,7423
blockchain.com,Legitimate,tranco_external,5481
txxx.me,Legitimate,tranco_external,342
ezviz7.com,Legitimate,tranco_external,4439
adexchangeclear.com,Legitimate,tranco_external,3970
altin.in,Legitimate,tranco_external,5775
barbars.ru,Legitimate,tranco_external,6283
romeo.com,Legitimate,tranco_external,10105
d41.co,Legitimate,tranco_external,4262
iql.ru,Legitimate,tranco_external,4184
helpscout.net,Legitimate,tranco_external,5826
azurecontainerapps.io,Legitimate,tranco_external,1657
flashscore.com.ua,Legitimate,tranco_external,4225
citi.com,Legitimate,tranco_external,-1
wepzone.net,Legitimate,tranco_external,1588
joins.com,Legitimate,tranco_external,9591
bbci.co.uk,Legitimate,tranco_external,-1
rent.com,Legitimate,tranco_external,10031
faroutmagazine.co.uk,Legitimate,tranco_external,-1
findarticles.com,Legitimate,tranco_external,9510
tiqcdn.com,Legitimate,tranco_external,4990
hsprotect.net,Legitimate,tranco_external,720
razerzone.com,Legitimate,tranco_external,9826
yle.fi,Legitimate,tranco_external,-1
besoccer.com,Legitimate,tranco_external,5853
strato.de,Legitimate,tranco_external,-1
refinery29.com,Legitimate,tranco_external,7778
wsdvs.info,Legitimate,tranco_external,-1
adup-tech.com,Legitimate,tranco_external,3746
awsdns-59.com,Legitimate,tranco_external,5619
mamastar.jp,Legitimate,tranco_external,8535
vidazoo.com,Legitimate,tranco_external,4252
themeisle.com,Legitimate,tranco_external,4554
tencent-cloud.com,Legitimate,tranco_external,5030
hottopic.com,Legitimate,tranco_external,11319
morningstar.com,Legitimate,tranco_external,13468
limo.media,Legitimate,tranco_external,-1
tantora.jp,Legitimate,tranco_external,5342
ringcentral.com,Legitimate,tranco_external,9805
azazie.com,Legitimate,tranco_external,4414
psnprofiles.com,Legitimate,tranco_external,5403
wf.com,Legitimate,tranco_external,12072
ninjarmm.com,Legitimate,tranco_external,4560
dnsv5.com,Legitimate,tranco_external,5618
tripod.com,Legitimate,tranco_external,11485
gitlab.io,Legitimate,tranco_external,4948
queniuum.com,Legitimate,tranco_external,1797
indazn.com,Legitimate,tranco_external,2552
doordash.com,Legitimate,tranco_external,4648
awsdns-37.co.uk,Legitimate,tranco_external,-1
s8ey.com,Legitimate,tranco_external,1641
qiita.com,Legitimate,tranco_external,5349
ademe.fr,Legitimate,tranco_external,11020
siteprotect.com,Legitimate,tranco_external,10137
khl.ru,Legitimate,tranco_external,7244
imagemagick.com,Legitimate,tranco_external,9558
pcgamer.com,Legitimate,tranco_external,-1
forgeofempires.com,Legitimate,tranco_external,5254
hotwire.com,Legitimate,tranco_external,-1
rezairan.shop,Legitimate,tranco_external,-1
oppo.com,Legitimate,tranco_external,9946
zg-api.com,Legitimate,tranco_external,2906
mackolik.com,Legitimate,tranco_external,9104
palcloset.jp,Legitimate,tranco_external,6425
baidu-itm.com,Legitimate,tranco_external,2828
penguinrandomhouse.com,Legitimate,tranco_external,-1
decathlon.es,Legitimate,tranco_external,-1
ci-servers.net,Legitimate,tranco_external,7068
uni-hamburg.de,Legitimate,tranco_external,-1
opensource.org,Legitimate,tranco_external,10254
khabaronline.ir,Legitimate,tranco_external,-1
detyep.com,Legitimate,tranco_external,445
planethoster.net,Legitimate,tranco_external,-1
repocket.com,Legitimate,tranco_external,5800
rs-online.com,Legitimate,tranco_external,-1
xsolla.com,Legitimate,tranco_external,5691
nhk.jp,Legitimate,tranco_external,9115
zimbra.com,Legitimate,tranco_external,-1
jdoqocy.com,Legitimate,tranco_external,8008
nic.zone,Legitimate,tranco_external,-1
xham.live,Legitimate,tranco_external,-1
gransy.com,Legitimate,tranco_external,-1
vonage.com,Legitimate,tranco_external,-1
poloptrex.com,Legitimate,tranco_external,881
acscdn.com,Legitimate,tranco_external,2135
garotacomlocal.com,Legitimate,tranco_external,3988
cnbcindonesia.com,Legitimate,tranco_external,4358
king.com,Legitimate,tranco_external,11704
auctollo.com,Legitimate,tranco_external,6036
hostwindsdns.com,Legitimate,tranco_external,5416
betfair.com,Legitimate,tranco_external,9491
jetbrains.ai,Legitimate,tranco_external,2228
nz14.com,Legitimate,tranco_external,65
vogue.co.uk,Legitimate,tranco_external,-1
uhc.com,Legitimate,tranco_external,-1
d-53.net,Legitimate,tranco_external,2896
networkworld.com,Legitimate,tranco_external,11184
ladepeche.fr,Legitimate,tranco_external,9442
hackaday.com,Legitimate,tranco_external,7942
lothar.com,Legitimate,tranco_external,11182
meituan.net,Legitimate,tranco_external,5888
aeroflot.ru,Legitimate,tranco_external,10368
claveunica.gob.cl,Legitimate,tranco_external,-1
ultradns2.com,Legitimate,tranco_external,-1
deine-tierwelt.de,Legitimate,tranco_external,-1
teenvogue.com,Legitimate,tranco_external,-1
pagina12.com.ar,Legitimate,tranco_external,4543
halara.com,Legitimate,tranco_external,4543
autohome.com.cn,Legitimate,tranco_external,7819
xvideos2.com,Legitimate,tranco_external,6643
socialmediagirls.com,Legitimate,tranco_external,4353
glamour.com,Legitimate,tranco_external,-1
ub.edu,Legitimate,tranco_external,-1
onliner.by,Legitimate,tranco_external,4081
realizationnewestfangs.com,Legitimate,tranco_external,553
catchon.com,Legitimate,tranco_external,8601
7tv.io,Legitimate,tranco_external,-1
inquirer.net,Legitimate,tranco_external,10451
viifwjox.com,Legitimate,tranco_external,109
dotloop.com,Legitimate,tranco_external,6078
givefreely.com,Legitimate,tranco_external,8178
idealista.pt,Legitimate,tranco_external,-1
rsc.org,Legitimate,tranco_external,11954
mtb.com,Legitimate,tranco_external,-1
posthog.com,Legitimate,tranco_external,2238
iqzone.com,Legitimate,tranco_external,8175
federalregister.gov,Legitimate,tranco_external,6565
advancedmd.com,Legitimate,tranco_external,8561
lovable.app,Legitimate,tranco_external,-1
xxvideos.video,Legitimate,tranco_external,-1
bluebeam.com,Legitimate,tranco_external,9021
advanced-web-analytics.com,Legitimate,tranco_external,-1
adnxs.net,Legitimate,tranco_external,6496
jnj.com,Legitimate,tranco_external,11817
urbanoutfitters.com,Legitimate,tranco_external,10905
siteimproveanalytics.com,Legitimate,tranco_external,4395
snackvideo.com,Legitimate,tranco_external,5835
awsdns-09.com,Legitimate,tranco_external,5619
loudersound.com,Legitimate,tranco_external,-1
winbuzz.org,Legitimate,tranco_external,989
sprinklr.com,Legitimate,tranco_external,6114
ecombdimg.com,Legitimate,tranco_external,1749
infolinks.com,Legitimate,tranco_external,10457
escortsandbabes.com.au,Legitimate,tranco_external,-1
yospace.com,Legitimate,tranco_external,9697
about.google,Legitimate,tranco_external,-1
linkis.ru,Legitimate,tranco_external,4360
carnegieendowment.org,Legitimate,tranco_external,8911
oxfordlearnersdictionaries.com,Legitimate,tranco_external,-1
rzd.ru,Legitimate,tranco_external,9317
kemendikdasmen.go.id,Legitimate,tranco_external,-1
flurry.com,Legitimate,tranco_external,10172
awsdns-31.net,Legitimate,tranco_external,5619
futurism.com,Legitimate,tranco_external,10792
popularmechanics.com,Legitimate,tranco_external,-1
animeshentai.biz,Legitimate,tranco_external,-1
extremetech.com,Legitimate,tranco_external,-1
eurobet.it,Legitimate,tranco_external,9482
1internet.tv,Legitimate,tranco_external,6798
ping.cloud,Legitimate,tranco_external,2533
inditex.com,Legitimate,tranco_external,10646
coral.co.uk,Legitimate,tranco_external,-1
justindianporn.info,Legitimate,tranco_external,-1
fanatics.com,Legitimate,tranco_external,10031
eiga.com,Legitimate,tranco_external,10149
olxurl.com,Legitimate,tranco_external,56
momoshop.com.tw,Legitimate,tranco_external,-1
hoster.kz,Legitimate,tranco_external,7812
babu88.gold,Legitimate,tranco_external,-1
google.com.na,Legitimate,tranco_external,-1
agenciatributaria.gob.es,Legitimate,tranco_external,-1
franceinfo.fr,Legitimate,tranco_external,9218
slack-edge.com,Legitimate,tranco_external,4465
aviasales.com,Legitimate,tranco_external,7450
dutils.com,Legitimate,tranco_external,1881
printix.net,Legitimate,tranco_external,4205
ebayrtm.com,Legitimate,tranco_external,7795
arubainstanton.com,Legitimate,tranco_external,2506
hi2999.com,Legitimate,tranco_external,614
hwcdn.ru,Legitimate,tranco_external,1467
gfycat.com,Legitimate,tranco_external,4770
bitdefender.net,Legitimate,tranco_external,6324
novartis.com,Legitimate,tranco_external,10934
amur-cit.ru,Legitimate,tranco_external,5704
destatis.de,Legitimate,tranco_external,-1
name-servers.ch,Legitimate,tranco_external,-1
upmc.com,Legitimate,tranco_external,-1
zee5.com,Legitimate,tranco_external,4083
mimecast.com,Legitimate,tranco_external,8419
gnome.org,Legitimate,tranco_external,10457
jit.si,Legitimate,tranco_external,5662
resheba.top,Legitimate,tranco_external,2065
watchhentai.net,Legitimate,tranco_external,1322
bt.dk,Legitimate,tranco_external,-1
newrepublic.com,Legitimate,tranco_external,8500
uni-kl.de,Legitimate,tranco_external,-1
awsdns-43.co.uk,Legitimate,tranco_external,-1
villagevoice.com,Legitimate,tranco_external,11218
manhwazone.to,Legitimate,tranco_external,-1
ad-tech.ru,Legitimate,tranco_external,7719
sportingnews.com,Legitimate,tranco_external,11066
net-line.pro,Legitimate,tranco_external,-1
xbato.com,Legitimate,tranco_external,1140
hachettebookgroup.com,Legitimate,tranco_external,-1
author.today,Legitimate,tranco_external,-1
ksmobile.com,Legitimate,tranco_external,4994
haremaltin.com,Legitimate,tranco_external,5825
justservingfiles.net,Legitimate,tranco_external,3564
nic.cz,Legitimate,tranco_external,-1
bz-berlin.de,Legitimate,tranco_external,-1
wikihow.com,Legitimate,tranco_external,7941
awsdns-18.com,Legitimate,tranco_external,5619
shopifycdn.com,Legitimate,tranco_external,4559
37games.com,Legitimate,tranco_external,6207
urbandictionary.com,Legitimate,tranco_external,-1
vidmate-official.com,Legitimate,tranco_external,1485
cityu.edu.hk,Legitimate,tranco_external,-1
uvic.ca,Legitimate,tranco_external,9290
tue.nl,Legitimate,tranco_external,14131
pa.gov,Legitimate,tranco_external,9007
bucoup.com,Legitimate,tranco_external,239
ballotpedia.org,Legitimate,tranco_external,6868
twword.com,Legitimate,tranco_external,3704
subito.it,Legitimate,tranco_external,9720
venturebeat.com,Legitimate,tranco_external,7666
hulu.com,Legitimate,tranco_external,-1
google.com.mx,Legitimate,tranco_external,-1
yuga.ru,Legitimate,tranco_external,9177
diretta.it,Legitimate,tranco_external,7309
goguardian.com,Legitimate,tranco_external,6732
dsts.cloud,Legitimate,tranco_external,634
whatspos.com,Legitimate,tranco_external,3366
awsdns-51.co.uk,Legitimate,tranco_external,-1
eu-4-id5-sync.com,Legitimate,tranco_external,866
awsdns-26.com,Legitimate,tranco_external,5619
zoho.in,Legitimate,tranco_external,-1
ncsl.org,Legitimate,tranco_external,11880
remax.com,Legitimate,tranco_external,11124
languagetool.org,Legitimate,tranco_external,7048
auto.ru,Legitimate,tranco_external,10387
mawartotobest.com,Legitimate,tranco_external,-1
ionos.com,Legitimate,tranco_external,9506
wxlivecdn.com,Legitimate,tranco_external,925
car.gr,Legitimate,tranco_external,-1
hotjar.io,Legitimate,tranco_external,2539
omny.fm,Legitimate,tranco_external,3680
google.com.do,Legitimate,tranco_external,8369
roszdravnadzor.ru,Legitimate,tranco_external,7824
tx88.top,Legitimate,tranco_external,2140
formstack.com,Legitimate,tranco_external,-1
link.me,Legitimate,tranco_external,6524
jalbum.net,Legitimate,tranco_external,8148
theobjective.com,Legitimate,tranco_external,8169
comix.to,Legitimate,tranco_external,132
centralnic.net,Legitimate,tranco_external,9804
simplecast.com,Legitimate,tranco_external,7917
scribehow.com,Legitimate,tranco_external,1919
dwcdn.net,Legitimate,tranco_external,3931
atl-paas.net,Legitimate,tranco_external,3371
lumtest.com,Legitimate,tranco_external,3786
senat.fr,Legitimate,tranco_external,11055
sovcombank.group,Legitimate,tranco_external,-1
b92.net,Legitimate,tranco_external,10050
onlinevkino.com,Legitimate,tranco_external,2124
hr-link.ru,Legitimate,tranco_external,2120
playblackdesert.com,Legitimate,tranco_external,3242
questdiagnostics.com,Legitimate,tranco_external,-1
edgecdn.co,Legitimate,tranco_external,1057
cdnhwcbqs106.com,Legitimate,tranco_external,1482
nflximg.net,Legitimate,tranco_external,5019
priceline.com,Legitimate,tranco_external,10491
rshb.ru,Legitimate,tranco_external,9316
bezeqint.net,Legitimate,tranco_external,9988
starfieldtech.com,Legitimate,tranco_external,8405
smartasset.com,Legitimate,tranco_external,8107
walgreens.com,Legitimate,tranco_external,-1
pingone.com,Legitimate,tranco_external,8688
lgeapi.com,Legitimate,tranco_external,4204
mintegral.net,Legitimate,tranco_external,3470
pracuj.pl,Legitimate,tranco_external,-1
amazon.ae,Legitimate,tranco_external,-1
plala.or.jp,Legitimate,tranco_external,-1
hstgr.net,Legitimate,tranco_external,1180
apachetoday.com,Legitimate,tranco_external,9555
ukdevilz.com,Legitimate,tranco_external,3067
sinoptik.ua,Legitimate,tranco_external,5866
emxdgt.com,Legitimate,tranco_external,3212
redwap.me,Legitimate,tranco_external,3339
dillards.com,Legitimate,tranco_external,-1
mailspike.net,Legitimate,tranco_external,5898
thlotto.com,Legitimate,tranco_external,2578
nytrng.com,Legitimate,tranco_external,-1
akakce.com,Legitimate,tranco_external,9262
veeam.com,Legitimate,tranco_external,7216
google.cm,Legitimate,tranco_external,5998
hyundai.com,Legitimate,tranco_external,10121
standard.co.uk,Legitimate,tranco_external,-1
buienradar.nl,Legitimate,tranco_external,7285
lucidchart.com,Legitimate,tranco_external,6373
elpais.com.uy,Legitimate,tranco_external,-1
52shuku.net,Legitimate,tranco_external,1051
foxit.com,Legitimate,tranco_external,8101
queniusy.com,Legitimate,tranco_external,1824
arbeitsagentur.de,Legitimate,tranco_external,-1
computrabajo.com,Legitimate,tranco_external,10028
ati.su,Legitimate,tranco_external,7496
st.com,Legitimate,tranco_external,-1
cdngtm.com,Legitimate,tranco_external,4130
zhihu.com,Legitimate,tranco_external,6843
e-monsite.com,Legitimate,tranco_external,8042
bseindia.com,Legitimate,tranco_external,10659
viator.com,Legitimate,tranco_external,-1
nabu.casa,Legitimate,tranco_external,2804
ks.works,Legitimate,tranco_external,-1
tesla.services,Legitimate,tranco_external,-1
geediting.com,Legitimate,tranco_external,4942
star4live.com,Legitimate,tranco_external,3483
porno666.nl,Legitimate,tranco_external,479
ecoticias.com,Legitimate,tranco_external,7802
bt.cn,Legitimate,tranco_external,4430
marktplaats.nl,Legitimate,tranco_external,9792
dailytelegraph.com.au,Legitimate,tranco_external,-1
usenix.org,Legitimate,tranco_external,14119
chrome.com,Legitimate,tranco_external,11701
spdns.de,Legitimate,tranco_external,-1
eastmoney.com,Legitimate,tranco_external,8610
gva.es,Legitimate,tranco_external,-1
xsmn.mobi,Legitimate,tranco_external,-1
paymaya.com,Legitimate,tranco_external,4074
lpsg.com,Legitimate,tranco_external,-1
bmw.de,Legitimate,tranco_external,-1
aws.com,Legitimate,tranco_external,11380
ebsco.com,Legitimate,tranco_external,12907
pantone.com,Legitimate,tranco_external,11375
volvocars.com,Legitimate,tranco_external,-1
ml.com,Legitimate,tranco_external,-1
site123.me,Legitimate,tranco_external,3750
mindmeister.com,Legitimate,tranco_external,7037
make.com,Legitimate,tranco_external,10449
payoneer.com,Legitimate,tranco_external,7626
awsdns-12.net,Legitimate,tranco_external,5619
google.com.tr,Legitimate,tranco_external,-1
returnyoutubedislikeapi.com,Legitimate,tranco_external,1564
51job.com,Legitimate,tranco_external,9722
upm.es,Legitimate,tranco_external,-1
dynatracelabs.com,Legitimate,tranco_external,-1
permutive.app,Legitimate,tranco_external,-1
algolianet.com,Legitimate,tranco_external,4012
cbslocal.com,Legitimate,tranco_external,7499
wikia-services.com,Legitimate,tranco_external,4332
syndigo.com,Legitimate,tranco_external,9497
vkvideo.ru,Legitimate,tranco_external,3000
apa.org,Legitimate,tranco_external,12185
warau.jp,Legitimate,tranco_external,9064
olm.vn,Legitimate,tranco_external,-1
fb.me,Legitimate,tranco_external,6073
tacdn.com,Legitimate,tranco_external,-1
netgate.com,Legitimate,tranco_external,10458
hexagon-analytics.com,Legitimate,tranco_external,3437
rr.com,Legitimate,tranco_external,-1
ocsp-certum.com,Legitimate,tranco_external,4464
ucla.edu,Legitimate,tranco_external,-1
wwsga.me,Legitimate,tranco_external,4492
txlivecdn.com,Legitimate,tranco_external,1420
boyfriend.tv,Legitimate,tranco_external,5836
super.cz,Legitimate,tranco_external,-1
pdscrb.com,Legitimate,tranco_external,167
hopkinsmedicine.org,Legitimate,tranco_external,9587
octopus.energy,Legitimate,tranco_external,-1
postimg.org,Legitimate,tranco_external,-1
mosyle.com,Legitimate,tranco_external,4947
quay.io,Legitimate,tranco_external,4544
amazon.com.tr,Legitimate,tranco_external,-1
adl.org,Legitimate,tranco_external,11190
bestialitysextaboo.net,Legitimate,tranco_external,2407
proxit.ru,Legitimate,tranco_external,4795
smashingmagazine.com,Legitimate,tranco_external,7137
stats.gov.cn,Legitimate,tranco_external,10556
google.ps,Legitimate,tranco_external,-1
weveryw.com,Legitimate,tranco_external,602
onrender.com,Legitimate,tranco_external,4000
2kct.onl,Legitimate,tranco_external,-1
cdn4image.com,Legitimate,tranco_external,-1
naijared.com,Legitimate,tranco_external,-1
kraken.com,Legitimate,tranco_external,9472
joinindianarmy.nic.in,Legitimate,tranco_external,7747
pornarabi.net,Legitimate,tranco_external,713
fastclick.net,Legitimate,tranco_external,9488
flathub.org,Legitimate,tranco_external,3451
si.com,Legitimate,tranco_external,13031
globalsources.com,Legitimate,tranco_external,10888
iconfinder.com,Legitimate,tranco_external,8051
happy-porn.com,Legitimate,tranco_external,-1
ziniao.com,Legitimate,tranco_external,6691
cibc.com,Legitimate,tranco_external,-1
volcfcdndvs1.com,Legitimate,tranco_external,348
xnxx.es,Legitimate,tranco_external,-1
azet.sk,Legitimate,tranco_external,8335
indianoil.in,Legitimate,tranco_external,7697
sachsen.de,Legitimate,tranco_external,-1
ensonhaber.com,Legitimate,tranco_external,7620
javmost.com,Legitimate,tranco_external,4463
exness.com,Legitimate,tranco_external,6405
whoop.com,Legitimate,tranco_external,10766
fhaccess.com,Legitimate,tranco_external,719
hostland.ru,Legitimate,tranco_external,8273
capcutapi.us,Legitimate,tranco_external,295
whatmobile.com.pk,Legitimate,tranco_external,7169
msnbc.com,Legitimate,tranco_external,11043
alldatasheet.com,Legitimate,tranco_external,-1
costcotravel.com,Legitimate,tranco_external,-1
richardsw.club,Legitimate,tranco_external,1235
steam-chat.com,Legitimate,tranco_external,2800
netvision.net.il,Legitimate,tranco_external,-1
vervegroup.cloud,Legitimate,tranco_external,950
google.com.pg,Legitimate,tranco_external,5070
vegamovies.london,Legitimate,tranco_external,61
swiftkey.com,Legitimate,tranco_external,8260
fedex.com,Legitimate,tranco_external,-1
samsungelectronics.com,Legitimate,tranco_external,-1
fogaonet.com,Legitimate,tranco_external,6187
toto12atlanta.net,Legitimate,tranco_external,-1
cleanbrowsing.org,Legitimate,tranco_external,3078
okstate.edu,Legitimate,tranco_external,-1
funpay.com,Legitimate,tranco_external,6029
supabase.co,Legitimate,tranco_external,2250
mind.org.uk,Legitimate,tranco_external,-1
fonts.net,Legitimate,tranco_external,9869
kombinat.digital,Legitimate,tranco_external,-1
dotvndns.vn,Legitimate,tranco_external,-1
bigo.tv,Legitimate,tranco_external,3674
wondershare.com,Legitimate,tranco_external,8210
mjedge.net,Legitimate,tranco_external,910
ahnlab.com,Legitimate,tranco_external,-1
atrustdns.com,Legitimate,tranco_external,713
siteground.eu,Legitimate,tranco_external,-1
sonnenbatterie.de,Legitimate,tranco_external,-1
clustrmaps.com,Legitimate,tranco_external,7571
talend.com,Legitimate,tranco_external,7641
megaphone.fm,Legitimate,tranco_external,3743
adevarul.ro,Legitimate,tranco_external,7029
celtra.com,Legitimate,tranco_external,8156
zellbury.com,Legitimate,tranco_external,3655
sonobi.com,Legitimate,tranco_external,7041
voodoo-gaming.io,Legitimate,tranco_external,1966
lotterysambad.one,Legitimate,tranco_external,-1
porno666.fo,Legitimate,tranco_external,-1
ts.net,Legitimate,tranco_external,10745
qznovelvod.com,Legitimate,tranco_external,1363
geojs.io,Legitimate,tranco_external,3307
sc.gov,Legitimate,tranco_external,8673
dodois.io,Legitimate,tranco_external,2759
realsimple.com,Legitimate,tranco_external,10736
pusat-nonton.space,Legitimate,tranco_external,-1
ninite.com,Legitimate,tranco_external,5990
mountsinai.org,Legitimate,tranco_external,10973
your-storageshare.de,Legitimate,tranco_external,-1
kubiobuilder.com,Legitimate,tranco_external,1602
ns.gov,Legitimate,tranco_external,942
hanime1.me,Legitimate,tranco_external,2055
sibforms.com,Legitimate,tranco_external,2806
gitee.com,Legitimate,tranco_external,6215
incometax.gov.in,Legitimate,tranco_external,3650
nielsen.com,Legitimate,tranco_external,12725
umeng.com,Legitimate,tranco_external,7406
gupy.io,Legitimate,tranco_external,3669
uzmovi.tv,Legitimate,tranco_external,1442
leroymerlin.es,Legitimate,tranco_external,-1
hearstapps.com,Legitimate,tranco_external,-1
coca-cola.com,Legitimate,tranco_external,11470
tvwiki5.net,Legitimate,tranco_external,269
google.co.kr,Legitimate,tranco_external,-1
ylilauta.org,Legitimate,tranco_external,5202
fantia.jp,Legitimate,tranco_external,3618
nag.kz,Legitimate,tranco_external,5304
insidehighered.com,Legitimate,tranco_external,7806
ketchcdn.com,Legitimate,tranco_external,1925
energy.volyn.ua,Legitimate,tranco_external,4248
rustore.ru,Legitimate,tranco_external,7807
ycombinator.com,Legitimate,tranco_external,7660
airbnb.com.br,Legitimate,tranco_external,-1
balena-cloud.com,Legitimate,tranco_external,2923
ttlivecdn.com,Legitimate,tranco_external,1696
dagbladet.no,Legitimate,tranco_external,2716
google.bs,Legitimate,tranco_external,-1
awsdns-62.net,Legitimate,tranco_external,5619
awsdns-53.com,Legitimate,tranco_external,5619
btttag.com,Legitimate,tranco_external,5185
clientgear.com,Legitimate,tranco_external,4633
bodybuilding.com,Legitimate,tranco_external,9884
ptsecurity.com,Legitimate,tranco_external,8639
webpt.com,Legitimate,tranco_external,10643
sitemaps.org,Legitimate,tranco_external,8976
acuityscheduling.com,Legitimate,tranco_external,6994
linke.ai,Legitimate,tranco_external,985
ericsson.com,Legitimate,tranco_external,-1
carwale.com,Legitimate,tranco_external,7595
tamildhool.tech,Legitimate,tranco_external,248
tecnomat.it,Legitimate,tranco_external,2548
songsterr.com,Legitimate,tranco_external,6630
google.ws,Legitimate,tranco_external,8773
slate.com,Legitimate,tranco_external,-1
moeys.gov.kh,Legitimate,tranco_external,-1
oclc.org,Legitimate,tranco_external,13360
websitewelcome.com,Legitimate,tranco_external,8329
foodandwine.com,Legitimate,tranco_external,9981
rospotrebnadzor.ru,Legitimate,tranco_external,7639
ggpolarbear.com,Legitimate,tranco_external,713
activemetering.com,Legitimate,tranco_external,2964
psdops.com,Legitimate,tranco_external,4326
consumeraffairs.com,Legitimate,tranco_external,10182
blockaway.net,Legitimate,tranco_external,2638
rollingstone.com,Legitimate,tranco_external,-1
tuya.com,Legitimate,tranco_external,9014
gamesindustry.biz,Legitimate,tranco_external,-1
justdial.com,Legitimate,tranco_external,10343
google.gm,Legitimate,tranco_external,-1
attacheatableoverlabor.com,Legitimate,tranco_external,363
joyclub.de,Legitimate,tranco_external,-1
shaw.ca,Legitimate,tranco_external,9262
bampt2.com,Legitimate,tranco_external,223
ov1o.com,Legitimate,tranco_external,-1
kpn.com,Legitimate,tranco_external,11404
mhrs.gov.tr,Legitimate,tranco_external,-1
dnsyc.top,Legitimate,tranco_external,179
pb06e2-resources.com,Legitimate,tranco_external,1462
iobit.com,Legitimate,tranco_external,7615
lyft.com,Legitimate,tranco_external,9058
checkout.com,Legitimate,tranco_external,8537
doxygen.nl,Legitimate,tranco_external,7394
mapbox.com,Legitimate,tranco_external,8139
shahrekhabar.com,Legitimate,tranco_external,6406
arabi-xnxx.my,Legitimate,tranco_external,71
gadgets360.com,Legitimate,tranco_external,7652
zerogpt.com,Legitimate,tranco_external,1160
yg5sjx5kzy.com,Legitimate,tranco_external,919
totalcasino.pl,Legitimate,tranco_external,-1
pwc.com,Legitimate,tranco_external,-1
win2day.at,Legitimate,tranco_external,-1
mbl.is,Legitimate,tranco_external,-1
classlink.com,Legitimate,tranco_external,10266
vlr.gg,Legitimate,tranco_external,-1
thinkwithgoogle.com,Legitimate,tranco_external,5760
napps-1.com,Legitimate,tranco_external,1743
hentaihaven.xxx,Legitimate,tranco_external,2630
nh.gov,Legitimate,tranco_external,8642
photoshelter.com,Legitimate,tranco_external,7746
money.com,Legitimate,tranco_external,11292
dolynkcloud.com,Legitimate,tranco_external,1219
mavrtracktor.com,Legitimate,tranco_external,286
cocolog-nifty.com,Legitimate,tranco_external,8173
beget.ru,Legitimate,tranco_external,6916
statsig.com,Legitimate,tranco_external,-1
driftt.com,Legitimate,tranco_external,4513
openbsd.org,Legitimate,tranco_external,11107
ngrok.com,Legitimate,tranco_external,4740
archlinux.org,Legitimate,tranco_external,8771
awsdns-23.net,Legitimate,tranco_external,5619
at-o.net,Legitimate,tranco_external,2840
wo3yu1sti.com,Legitimate,tranco_external,176
lekmanga.net,Legitimate,tranco_external,732
moviezwap.sarl,Legitimate,tranco_external,-1
asclepiuswellness.com,Legitimate,tranco_external,4188
adukwai.com,Legitimate,tranco_external,1309
dynamicyield.com,Legitimate,tranco_external,-1
ngl.link,Legitimate,tranco_external,1403
alipay.com,Legitimate,tranco_external,7823
airtable.com,Legitimate,tranco_external,8126
omniroot.com,Legitimate,tranco_external,-1
oreilly.com,Legitimate,tranco_external,10514
bunny.net,Legitimate,tranco_external,9605
ubc.ca,Legitimate,tranco_external,9287
afthemes.com,Legitimate,tranco_external,2980
uptodown.com,Legitimate,tranco_external,8481
cwi.nl,Legitimate,tranco_external,14559
anchor.fm,Legitimate,tranco_external,4050
check24.de,Legitimate,tranco_external,-1
zcvh.net,Legitimate,tranco_external,2590
weerrhoop.cc,Legitimate,tranco_external,3446
digikey.com,Legitimate,tranco_external,-1
xoalt.com,Legitimate,tranco_external,3865
ojp.gov,Legitimate,tranco_external,9980
bradesco.com.br,Legitimate,tranco_external,-1
awsdns-55.co.uk,Legitimate,tranco_external,-1
bigrockservers.com,Legitimate,tranco_external,5496
wow.xxx,Legitimate,tranco_external,635
samsungmobile.com,Legitimate,tranco_external,9758
norton.com,Legitimate,tranco_external,12593
accor.com,Legitimate,tranco_external,-1
17u.cn,Legitimate,tranco_external,8205
castlebet.com.na,Legitimate,tranco_external,-1
salecars.ir,Legitimate,tranco_external,-1
prismaaccess.com,Legitimate,tranco_external,2485
inc.com,Legitimate,tranco_external,10961
proxmox.com,Legitimate,tranco_external,8037
netnod.se,Legitimate,tranco_external,10587
eduquestzone.pro,Legitimate,tranco_external,-1
towardsdatascience.com,Legitimate,tranco_external,3426
coindesk.com,Legitimate,tranco_external,6519
sudrf.ru,Legitimate,tranco_external,7593
wustl.edu,Legitimate,tranco_external,-1
lazada.com.my,Legitimate,tranco_external,4709
nefisyemektarifleri.com,Legitimate,tranco_external,6780
bridgeoos.com,Legitimate,tranco_external,1117
mingky02.net,Legitimate,tranco_external,279
cars24.com,Legitimate,tranco_external,9014
ah.nl,Legitimate,tranco_external,11279
zdnet.com,Legitimate,tranco_external,-1
conforama.fr,Legitimate,tranco_external,10604
unisoc.com,Legitimate,tranco_external,6003
globes.co.il,Legitimate,tranco_external,-1
bannerflow.net,Legitimate,tranco_external,5465
newsit.gr,Legitimate,tranco_external,-1
topgirl.co,Legitimate,tranco_external,1833
awsdns-00.com,Legitimate,tranco_external,5619
cquotient.com,Legitimate,tranco_external,5752
jet2holidays.com,Legitimate,tranco_external,-1
streamrail.com,Legitimate,tranco_external,4222
archive.ph,Legitimate,tranco_external,-1
vinted.com,Legitimate,tranco_external,9755
flirtify.com,Legitimate,tranco_external,4330
kingdomtotox52.com,Legitimate,tranco_external,-1
easydns.com,Legitimate,tranco_external,10213
wcdnga.com,Legitimate,tranco_external,2542
clvrads.com,Legitimate,tranco_external,861
autotrader.co.za,Legitimate,tranco_external,11392
tagesanzeiger.ch,Legitimate,tranco_external,-1
ubisoft.com,Legitimate,tranco_external,11275
google.bj,Legitimate,tranco_external,4058
amocrm.ru,Legitimate,tranco_external,5409
vps-vids.com,Legitimate,tranco_external,-1
uimz80fgj.com,Legitimate,tranco_external,181
spbtv.media,Legitimate,tranco_external,-1
cafebazaar.ir,Legitimate,tranco_external,-1
netlify.com,Legitimate,tranco_external,4292
rolex.com,Legitimate,tranco_external,10064
zuimeitianqi.com,Legitimate,tranco_external,4395
miibeian.gov.cn,Legitimate,tranco_external,-1
usbank.com,Legitimate,tranco_external,11347
2dehands.be,Legitimate,tranco_external,-1
outsideonline.com,Legitimate,tranco_external,9897
darty.com,Legitimate,tranco_external,-1
www.gov.cn,Legitimate,tranco_external,9958
sattamatkano1.me,Legitimate,tranco_external,979
tripadvisor.fr,Legitimate,tranco_external,7585
cloudflare-eth.com,Legitimate,tranco_external,2499
centrastage.net,Legitimate,tranco_external,-1
vogue.it,Legitimate,tranco_external,9778
tubegalore.com,Legitimate,tranco_external,6663
merlincdn.net,Legitimate,tranco_external,2070
pron.click,Legitimate,tranco_external,2077
five64dmv.com,Legitimate,tranco_external,2100
coingecko.com,Legitimate,tranco_external,4367
habeas.com,Legitimate,tranco_external,9508
megapbx.ru,Legitimate,tranco_external,4430
kasserver.com,Legitimate,tranco_external,8786
aarnet.net.au,Legitimate,tranco_external,-1
webengage.com,Legitimate,tranco_external,9622
threatseeker.com,Legitimate,tranco_external,6697
informer.com,Legitimate,tranco_external,10983
cern.ch,Legitimate,tranco_external,-1
infeng.site,Legitimate,tranco_external,2034
blsp.at,Legitimate,tranco_external,-1
xn--2-wxfax2bxc9bzguc.com,Legitimate,tranco_external,87
business.com,Legitimate,tranco_external,10176
xprimehub.my,Legitimate,tranco_external,86
robertsspaceindustries.com,Legitimate,tranco_external,4948
nofeu.com,Legitimate,tranco_external,-1
acesso.gov.pt,Legitimate,tranco_external,-1
coolblue.nl,Legitimate,tranco_external,9107
hotpic.cc,Legitimate,tranco_external,1625
clwweb.lat,Legitimate,tranco_external,189
tripledotapi.com,Legitimate,tranco_external,2918
directadmin.com,Legitimate,tranco_external,8556
awsdns-05.net,Legitimate,tranco_external,5619
google.sc,Legitimate,tranco_external,8071
pla3.com,Legitimate,tranco_external,-1
nanit.com,Legitimate,tranco_external,7193
toonblast.net,Legitimate,tranco_external,3406
lectormangaa.com,Legitimate,tranco_external,551
magnit.ru,Legitimate,tranco_external,8771
servogram.io,Legitimate,tranco_external,3430
parastorage.com,Legitimate,tranco_external,5790
fastpic.ru,Legitimate,tranco_external,6122
lifo.gr,Legitimate,tranco_external,-1
rugbyrama.fr,Legitimate,tranco_external,7945
postimg.cc,Legitimate,tranco_external,3559
worldcat.org,Legitimate,tranco_external,10275
sdpay.co.in,Legitimate,tranco_external,708
google.bt,Legitimate,tranco_external,-1
desivids.pro,Legitimate,tranco_external,-1
noibu.com,Legitimate,tranco_external,3296
apachetutor.org,Legitimate,tranco_external,7910
nginx.net,Legitimate,tranco_external,-1
animesonlinecc.to,Legitimate,tranco_external,1122
google.ca,Legitimate,tranco_external,9288
zoho.eu,Legitimate,tranco_external,-1
bybit.biz,Legitimate,tranco_external,2533
shawcable.net,Legitimate,tranco_external,9622
digitallocker.gov.in,Legitimate,tranco_external,4060
meoodata01.com,Legitimate,tranco_external,320
pnas.org,Legitimate,tranco_external,10944
tistory.com,Legitimate,tranco_external,7465
abbott.com,Legitimate,tranco_external,-1
digicertdns.com,Legitimate,tranco_external,1343
musang178mantap.com,Legitimate,tranco_external,67
pagesperso-orange.fr,Legitimate,tranco_external,6816
moonactive.net,Legitimate,tranco_external,4733
lidl.de,Legitimate,tranco_external,-1
tu-berlin.de,Legitimate,tranco_external,-1
aylanetworks.com,Legitimate,tranco_external,5674
idmap.ai,Legitimate,tranco_external,1876
bbvms.com,Legitimate,tranco_external,6346
msappproxy.net,Legitimate,tranco_external,4347
dtag.de,Legitimate,tranco_external,-1
monster.com,Legitimate,tranco_external,-1
billboard.com,Legitimate,tranco_external,10715
awsdns-01.co.uk,Legitimate,tranco_external,-1
ingos.ru,Legitimate,tranco_external,10276
blackrussia.online,Legitimate,tranco_external,2415
alfasense.net,Legitimate,tranco_external,2471
lacuerda.net,Legitimate,tranco_external,7713
tcl.com,Legitimate,tranco_external,9958
dtic.mil,Legitimate,tranco_external,-1
boxlikesedativespinach.com,Legitimate,tranco_external,663
ce.cn,Legitimate,tranco_external,8394
hardened-php.net,Legitimate,tranco_external,2441
ply.gg,Legitimate,tranco_external,-1
skokka.in,Legitimate,tranco_external,3646
congress.gov,Legitimate,tranco_external,10386
onelogin.com,Legitimate,tranco_external,7479
lgtvsdp.com,Legitimate,tranco_external,5643
imo.org,Legitimate,tranco_external,11169
violity.com,Legitimate,tranco_external,5690
tilda.ws,Legitimate,tranco_external,4406
topics1st.com,Legitimate,tranco_external,740
justpaste.it,Legitimate,tranco_external,5956
aerdns.ru,Legitimate,tranco_external,1876
stvidtest.net,Legitimate,tranco_external,-1
aif.ru,Legitimate,tranco_external,10627
boots.com,Legitimate,tranco_external,-1
belfasttelegraph.co.uk,Legitimate,tranco_external,-1
google.tm,Legitimate,tranco_external,-1
devicetrust.com,Legitimate,tranco_external,6916
iccku.com,Legitimate,tranco_external,179
ferrari.com,Legitimate,tranco_external,10602
dbankedge.net,Legitimate,tranco_external,2408
frontiernet.net,Legitimate,tranco_external,11105
automattic.com,Legitimate,tranco_external,7934
eltiempo.es,Legitimate,tranco_external,-1
uni-mainz.de,Legitimate,tranco_external,-1
bergfex.at,Legitimate,tranco_external,-1
food.com,Legitimate,tranco_external,9932
aptoide.com,Legitimate,tranco_external,6034
c-msedge.net,Legitimate,tranco_external,4387
photonengine.io,Legitimate,tranco_external,2974
rule34.xyz,Legitimate,tranco_external,-1
sozcu.com.tr,Legitimate,tranco_external,-1
honeytoon.com,Legitimate,tranco_external,1513
histats.com,Legitimate,tranco_external,7211
desjardins.com,Legitimate,tranco_external,10979
unfpa.org,Legitimate,tranco_external,12090
optimonk.com,Legitimate,tranco_external,4478
mempool.space,Legitimate,tranco_external,2716
trustx.org,Legitimate,tranco_external,3451
loilonote.app,Legitimate,tranco_external,-1
dcloudstc.com,Legitimate,tranco_external,2892
akadns99.net,Legitimate,tranco_external,1386
intercom.com,Legitimate,tranco_external,11774
hellofresh.com,Legitimate,tranco_external,6568
bandsintown.com,Legitimate,tranco_external,7517
xn--42cah7d0cxcvbbb9x.com,Legitimate,tranco_external,4883
enabiz.gov.tr,Legitimate,tranco_external,-1
divephotoguide.com,Legitimate,tranco_external,8802
lacounty.gov,Legitimate,tranco_external,7250
wav.tv,Legitimate,tranco_external,4758
blm.gov,Legitimate,tranco_external,10386
thepioneerwoman.com,Legitimate,tranco_external,7083
hookspf.com,Legitimate,tranco_external,223
turfexpert.net,Legitimate,tranco_external,69
usabilla.com,Legitimate,tranco_external,6364
smh.com.au,Legitimate,tranco_external,-1
rijksoverheid.nl,Legitimate,tranco_external,9744
paysafe.com,Legitimate,tranco_external,10855
vercel-dns-016.com,Legitimate,tranco_external,403
geneanet.org,Legitimate,tranco_external,10779
tns-counter.ru,Legitimate,tranco_external,7356
uwo.ca,Legitimate,tranco_external,9279
bitmoji.com,Legitimate,tranco_external,4242
nowcoder.com,Legitimate,tranco_external,4496
baishan-cloud.net,Legitimate,tranco_external,3644
x7i0.com,Legitimate,tranco_external,1714
rsasecurity.com,Legitimate,tranco_external,9864
hoyoverse.com,Legitimate,tranco_external,1673
shahvani.com,Legitimate,tranco_external,-1
meetcircle-netgear.co,Legitimate,tranco_external,2498
southernliving.com,Legitimate,tranco_external,10176
twitpic.com,Legitimate,tranco_external,6613
avito.st,Legitimate,tranco_external,5627
hostpapa.com,Legitimate,tranco_external,7448
moneycontrol.com,Legitimate,tranco_external,3650
melbetegypt.com,Legitimate,tranco_external,1119
de.net,Legitimate,tranco_external,11361
slashgear.com,Legitimate,tranco_external,7387
europepmc.org,Legitimate,tranco_external,6202
dhnet.be,Legitimate,tranco_external,-1
dw.com,Legitimate,tranco_external,11416
electricitymaps.com,Legitimate,tranco_external,1464
wfwf447.com,Legitimate,tranco_external,406
hvosting.ua,Legitimate,tranco_external,6809
rajasthan.gov.in,Legitimate,tranco_external,8319
goodhousekeeping.com,Legitimate,tranco_external,-1
bsky.network,Legitimate,tranco_external,-1
nokia.com,Legitimate,tranco_external,12661
l-cdn.com,Legitimate,tranco_external,3222
kobo.com,Legitimate,tranco_external,10687
samregion.ru,Legitimate,tranco_external,7506
hdslb.com,Legitimate,tranco_external,5219
turkiye.gov.tr,Legitimate,tranco_external,-1
jugandoonline.com.ar,Legitimate,tranco_external,4580
rotowire.com,Legitimate,tranco_external,9115
awsdns-28.com,Legitimate,tranco_external,5619
edizdalkilic.com,Legitimate,tranco_external,213
bplslb.com,Legitimate,tranco_external,1438
modland.net,Legitimate,tranco_external,4827
fortiedr.com,Legitimate,tranco_external,2216
tendawifi.com,Legitimate,tranco_external,4457
dnews.gr,Legitimate,tranco_external,-1
e.leclerc,Legitimate,tranco_external,3739
plista.com,Legitimate,tranco_external,6739
ortb.net,Legitimate,tranco_external,2059
disney-plus.net,Legitimate,tranco_external,-1
bestwestern.com,Legitimate,tranco_external,11452
tubecup.net,Legitimate,tranco_external,6374
effirst.com,Legitimate,tranco_external,2440
ilo.org,Legitimate,tranco_external,10876
supersport.hr,Legitimate,tranco_external,9260
tagesschau.de,Legitimate,tranco_external,-1
funko.com,Legitimate,tranco_external,10000
itch.io,Legitimate,tranco_external,5248
samsunghrm.com,Legitimate,tranco_external,3042
tradedoubler.com,Legitimate,tranco_external,9648
awsapps.com,Legitimate,tranco_external,6090
qunaer.com,Legitimate,tranco_external,7378
esecured.net,Legitimate,tranco_external,5760
kabum.com.br,Legitimate,tranco_external,-1
taxfoundation.org,Legitimate,tranco_external,10972
fabswingers.com,Legitimate,tranco_external,-1
hola.com,Legitimate,tranco_external,11149
marketo.com,Legitimate,tranco_external,8631
opendemocracy.net,Legitimate,tranco_external,9428
amebaownd.com,Legitimate,tranco_external,4207
gliacloud.com,Legitimate,tranco_external,3935
jdsupra.com,Legitimate,tranco_external,7070
blisspointmedia.com,Legitimate,tranco_external,4368
google.jo,Legitimate,tranco_external,-1
amazon.com.mx,Legitimate,tranco_external,-1
megaupload.com,Legitimate,tranco_external,7659
verizonwireless.com,Legitimate,tranco_external,-1
ufanet.ru,Legitimate,tranco_external,10450
blogspot.com.br,Legitimate,tranco_external,-1
kinogo.media,Legitimate,tranco_external,-1
lum-sdk.io,Legitimate,tranco_external,2892
thedrive.com,Legitimate,tranco_external,9430
convertexperiments.com,Legitimate,tranco_external,5026
sport.cz,Legitimate,tranco_external,-1
theringer.com,Legitimate,tranco_external,9075
ib-ibi.com,Legitimate,tranco_external,-1
pardot.com,Legitimate,tranco_external,6979
zippia.com,Legitimate,tranco_external,4007
5movierulz.voyage,Legitimate,tranco_external,-1
zimperium.com,Legitimate,tranco_external,5614
awmdm.com,Legitimate,tranco_external,6151
klarna.net,Legitimate,tranco_external,-1
voz.vn,Legitimate,tranco_external,-1
netafraz.com,Legitimate,tranco_external,6429
cutt.ly,Legitimate,tranco_external,2978
orange.es,Legitimate,tranco_external,-1
coppersurfer.tk,Legitimate,tranco_external,-1
nhm.ac.uk,Legitimate,tranco_external,-1
nexters.team,Legitimate,tranco_external,-1
grserver.gr,Legitimate,tranco_external,-1
clouddatahub.net,Legitimate,tranco_external,5166
had.pm,Legitimate,tranco_external,2301
saya.pk,Legitimate,tranco_external,3472
tyler-brown.com,Legitimate,tranco_external,2743
300624.com,Legitimate,tranco_external,2273
splunk.com,Legitimate,tranco_external,8859
cdbaby.com,Legitimate,tranco_external,10227
bibliocommons.com,Legitimate,tranco_external,7649
uab.cat,Legitimate,tranco_external,7329
tvguide.com,Legitimate,tranco_external,11417
ugr.es,Legitimate,tranco_external,-1
wejoysg.com,Legitimate,tranco_external,1953
jio.com,Legitimate,tranco_external,3650
cookieadmin.net,Legitimate,tranco_external,292
xn--72cc3cj1fsbk9jtci.cc,Legitimate,tranco_external,90
hollisterco.com,Legitimate,tranco_external,8743
nab.com.au,Legitimate,tranco_external,-1
expo.dev,Legitimate,tranco_external,-1
elte.hu,Legitimate,tranco_external,12234
crossref.org,Legitimate,tranco_external,9596
cosmicscans.asia,Legitimate,tranco_external,-1
opendsp.ru,Legitimate,tranco_external,1294
sdsu.edu,Legitimate,tranco_external,-1
altema.jp,Legitimate,tranco_external,4194
spamhaus.org,Legitimate,tranco_external,9657
lush.com,Legitimate,tranco_external,11076
etisalatdomains.ae,Legitimate,tranco_external,-1
icann.org,Legitimate,tranco_external,10039
lastampa.it,Legitimate,tranco_external,10998
tplinkra.com,Legitimate,tranco_external,3967
purestorage.com,Legitimate,tranco_external,7936
naverncp.com,Legitimate,tranco_external,-1
cancer.gov,Legitimate,tranco_external,9696
vivaaerobus.com,Legitimate,tranco_external,7315
nettavisen.no,Legitimate,tranco_external,4599
canada.com,Legitimate,tranco_external,10765
tvspielfilm.de,Legitimate,tranco_external,-1
sunnypingdrink.com,Legitimate,tranco_external,854
miraheze.org,Legitimate,tranco_external,3895
forrester.com,Legitimate,tranco_external,11625
cdnhwcoem01.com,Legitimate,tranco_external,1482
annunci69.it,Legitimate,tranco_external,8344
athenahealth.com,Legitimate,tranco_external,10498
kroger.com,Legitimate,tranco_external,11905
nic.video,Legitimate,tranco_external,-1
heroeswm.ru,Legitimate,tranco_external,6986
nontonanimeid.boats,Legitimate,tranco_external,-1
peplink.com,Legitimate,tranco_external,8151
abebooks.com,Legitimate,tranco_external,-1
tripadvisor.co.uk,Legitimate,tranco_external,-1
ku.edu,Legitimate,tranco_external,-1
brother.com,Legitimate,tranco_external,11382
programmatica.com,Legitimate,tranco_external,3436
tricolor.tv,Legitimate,tranco_external,7446
anandtech.com,Legitimate,tranco_external,-1
infoplease.com,Legitimate,tranco_external,-1
lottopcso.com,Legitimate,tranco_external,2614
thriftbooks.com,Legitimate,tranco_external,8315
vhostgo.com,Legitimate,tranco_external,6242
sxyprn.net,Legitimate,tranco_external,2531
metricool.com,Legitimate,tranco_external,3993
nishatlinen.com,Legitimate,tranco_external,6221
skai.gr,Legitimate,tranco_external,-1
cogentco.com,Legitimate,tranco_external,9706
intensedebate.com,Legitimate,tranco_external,7348
fcc.gov,Legitimate,tranco_external,10386
viralize.tv,Legitimate,tranco_external,4998
webinar.ru,Legitimate,tranco_external,6587
palmpay.app,Legitimate,tranco_external,-1
experian.com,Legitimate,tranco_external,10725
365scores.com,Legitimate,tranco_external,6433
rbb24.de,Legitimate,tranco_external,-1
amap.com,Legitimate,tranco_external,8327
tmweb.ru,Legitimate,tranco_external,7194
greenend.org.uk,Legitimate,tranco_external,-1
proofpoint.us,Legitimate,tranco_external,8495
maxpreps.com,Legitimate,tranco_external,8331
obozrevatel.com,Legitimate,tranco_external,8754
1und1.de,Legitimate,tranco_external,-1
tplinkcloud.com.cn,Legitimate,tranco_external,4347
doppiostreams.com,Legitimate,tranco_external,991
invisioncic.com,Legitimate,tranco_external,3437
p7cloud.net,Legitimate,tranco_external,1523
fastlydns.net,Legitimate,tranco_external,4460
collider.com,Legitimate,tranco_external,10268
gladly.com,Legitimate,tranco_external,8338
liveworksheets.com,Legitimate,tranco_external,3567
hypernode.io,Legitimate,tranco_external,4410
vzwfemto.com,Legitimate,tranco_external,-1
sgsnssdk.com,Legitimate,tranco_external,3516
wavebrowserbase.com,Legitimate,tranco_external,1916
natrohost.com,Legitimate,tranco_external,8684
temp-mail.org,Legitimate,tranco_external,5057
classlink.io,Legitimate,tranco_external,3499
squid-cache.org,Legitimate,tranco_external,10001
pushalert.co,Legitimate,tranco_external,3643
awsdns-09.net,Legitimate,tranco_external,5619
signifyd.com,Legitimate,tranco_external,5584
volcmcdn3.com,Legitimate,tranco_external,1488
carmax.com,Legitimate,tranco_external,-1
surrey.ac.uk,Legitimate,tranco_external,-1
cvtapi.com,Legitimate,tranco_external,4957
keepersecurity.com,Legitimate,tranco_external,6907
getty.edu,Legitimate,tranco_external,-1
crimejasoos.in,Legitimate,tranco_external,2107
pegahtech.ir,Legitimate,tranco_external,-1
kbz0pwvxmv.com,Legitimate,tranco_external,919
ttwstatic.com,Legitimate,tranco_external,1586
freetds.org,Legitimate,tranco_external,9694
teachoo.com,Legitimate,tranco_external,5107
ewaitb.com,Legitimate,tranco_external,602
championat.com,Legitimate,tranco_external,7533
keybase.io,Legitimate,tranco_external,4568
wordwall.net,Legitimate,tranco_external,3881
tractorsupply.com,Legitimate,tranco_external,10388
adj.st,Legitimate,tranco_external,3564
mailgun.net,Legitimate,tranco_external,5797
denverpost.com,Legitimate,tranco_external,-1
dish.com,Legitimate,tranco_external,-1
tweakers.net,Legitimate,tranco_external,9896
ctnsnet.com,Legitimate,tranco_external,4975
hextom.com,Legitimate,tranco_external,4298
hicloudcam.com,Legitimate,tranco_external,4274
filmyzilla29.com,Legitimate,tranco_external,352
diepresse.com,Legitimate,tranco_external,9933
elcorreo.com,Legitimate,tranco_external,10455
sardinasystems.com,Legitimate,tranco_external,5572
clutch.co,Legitimate,tranco_external,5711
oaiusercontent.com,Legitimate,tranco_external,904
plex.tv,Legitimate,tranco_external,6312
fgov.be,Legitimate,tranco_external,-1
gmu.edu,Legitimate,tranco_external,-1
shopee.io,Legitimate,tranco_external,2965
nic.do,Legitimate,tranco_external,3513
mercantilbanco.com,Legitimate,tranco_external,6769
afterpay.com,Legitimate,tranco_external,7739
xcoinsystem.com,Legitimate,tranco_external,2290
ecouser.net,Legitimate,tranco_external,4360
onclckbn.net,Legitimate,tranco_external,-1
sondakika.com,Legitimate,tranco_external,9559
wsbetting.co.mw,Legitimate,tranco_external,-1
typing.com,Legitimate,tranco_external,10568
psiphon.news,Legitimate,tranco_external,-1
douyinpic.com,Legitimate,tranco_external,2022
science.org,Legitimate,tranco_external,11338
awsdns-37.net,Legitimate,tranco_external,5619
washingtontimes.com,Legitimate,tranco_external,10039
netbird.io,Legitimate,tranco_external,1473
jst.go.jp,Legitimate,tranco_external,-1
awsdns-39.com,Legitimate,tranco_external,5619
senate.gov,Legitimate,tranco_external,10386
cancerresearchuk.org,Legitimate,tranco_external,8992
pastebin.com,Legitimate,tranco_external,8589
ele.me,Legitimate,tranco_external,6445
prebid.cloud,Legitimate,tranco_external,1504
awsdns-54.com,Legitimate,tranco_external,5619
justgiving.com,Legitimate,tranco_external,9426
awsdns-58.net,Legitimate,tranco_external,5619
awsdns-32.co.uk,Legitimate,tranco_external,-1
robinhood.com,Legitimate,tranco_external,11058
citizen.co.za,Legitimate,tranco_external,10403
umanitoba.ca,Legitimate,tranco_external,9272
imgbb.com,Legitimate,tranco_external,4113
wunderground.com,Legitimate,tranco_external,-1
beget.pro,Legitimate,tranco_external,-1
hdpornfree.xxx,Legitimate,tranco_external,3206
thomsonreuters.net,Legitimate,tranco_external,6884
google.so,Legitimate,tranco_external,5524
tw1.ru,Legitimate,tranco_external,7194
espn.com.ve,Legitimate,tranco_external,-1
bnf.fr,Legitimate,tranco_external,11392
airbrake.io,Legitimate,tranco_external,5299
onenote.net,Legitimate,tranco_external,-1
startappelb.com,Legitimate,tranco_external,3957
japanpost.jp,Legitimate,tranco_external,8322
blog.google,Legitimate,tranco_external,-1
hwg.org,Legitimate,tranco_external,11025
sync-service.net,Legitimate,tranco_external,1504
tsn.ua,Legitimate,tranco_external,6475
autoscout24.de,Legitimate,tranco_external,-1
htzq.com.cn,Legitimate,tranco_external,9562
t-ipconnect.de,Legitimate,tranco_external,-1
wixdns.net,Legitimate,tranco_external,4545
bellemaison.jp,Legitimate,tranco_external,8925
decolar.com,Legitimate,tranco_external,9720
colorlib.com,Legitimate,tranco_external,4555
lexisnexis.com,Legitimate,tranco_external,10484
dictionary.com,Legitimate,tranco_external,11258
apkmodjoy.net,Legitimate,tranco_external,558
boomtrain.com,Legitimate,tranco_external,5472
advanseads.com,Legitimate,tranco_external,5243
gayporntube.com,Legitimate,tranco_external,7190
vesselfinder.com,Legitimate,tranco_external,6321
ushmm.org,Legitimate,tranco_external,11821
bysex.click,Legitimate,tranco_external,1733
pewresearch.org,Legitimate,tranco_external,8271
sonarr.tv,Legitimate,tranco_external,-1
sciencedaily.com,Legitimate,tranco_external,11072
geniex.com,Legitimate,tranco_external,7993
psiphon.ca,Legitimate,tranco_external,7049
crealitycloud.com,Legitimate,tranco_external,2280
mastername.ru,Legitimate,tranco_external,8580
dmxleo.com,Legitimate,tranco_external,3303
renault.com,Legitimate,tranco_external,-1
pythonhosted.org,Legitimate,tranco_external,4779
cosme.net,Legitimate,tranco_external,9830
bitcoin.com,Legitimate,tranco_external,6640
peta.org,Legitimate,tranco_external,11123
buzzarab.com,Legitimate,tranco_external,5889
active.com,Legitimate,tranco_external,12055
gamebanana.com,Legitimate,tranco_external,5571
tripadvisor.it,Legitimate,tranco_external,8013
pndsn.com,Legitimate,tranco_external,3375
uquiz.com,Legitimate,tranco_external,6301
jpmorganchase.com,Legitimate,tranco_external,9310
8x8.com,Legitimate,tranco_external,11005
sgnic.sg,Legitimate,tranco_external,7721
googlepages.com,Legitimate,tranco_external,9355
proboards.com,Legitimate,tranco_external,9644
dal.ca,Legitimate,tranco_external,9267
uab.edu,Legitimate,tranco_external,-1
nvts.co,Legitimate,tranco_external,4677
onenote.com,Legitimate,tranco_external,-1
hltv.org,Legitimate,tranco_external,8734
flashscore.ro,Legitimate,tranco_external,7054
moneta.ru,Legitimate,tranco_external,9461
cdnpf.com,Legitimate,tranco_external,833
rfi.fr,Legitimate,tranco_external,11392
dg-datenschutz.de,Legitimate,tranco_external,-1
awsdns-17.com,Legitimate,tranco_external,5619
liquipedia.net,Legitimate,tranco_external,5953
gkg.net,Legitimate,tranco_external,10637
vivastreet.co.uk,Legitimate,tranco_external,-1
zadns.vn,Legitimate,tranco_external,-1
superporn.com,Legitimate,tranco_external,10371
dizy.com,Legitimate,tranco_external,6936
manualslib.com,Legitimate,tranco_external,5094
onboardicafe.com,Legitimate,tranco_external,3718
emojidb.org,Legitimate,tranco_external,2235
yaoiscan.com,Legitimate,tranco_external,1717
easeus.com,Legitimate,tranco_external,7865
mangafreak.me,Legitimate,tranco_external,3955
lego.com,Legitimate,tranco_external,-1
bravesites.com,Legitimate,tranco_external,5895
iqvia.com,Legitimate,tranco_external,3876
arabam.com,Legitimate,tranco_external,9541
threatdown.com,Legitimate,tranco_external,1247
boc.cn,Legitimate,tranco_external,8352
sinoptik.bg,Legitimate,tranco_external,-1
org.ru,Legitimate,tranco_external,10470
asda.com,Legitimate,tranco_external,10112
qlikcloud.com,Legitimate,tranco_external,4377
fcf.cat,Legitimate,tranco_external,7222
poynter.org,Legitimate,tranco_external,11467
openart.ai,Legitimate,tranco_external,-1
fringster.com,Legitimate,tranco_external,2931
medicare.gov,Legitimate,tranco_external,10336
teacherspayteachers.com,Legitimate,tranco_external,7434
europa.eu.int,Legitimate,tranco_external,10647
attentivemobile.com,Legitimate,tranco_external,3261
google.ad,Legitimate,tranco_external,7034
pingtest.net,Legitimate,tranco_external,-1
owasp.org,Legitimate,tranco_external,8936
faphouse.tv,Legitimate,tranco_external,1628
szn.cz,Legitimate,tranco_external,-1
netmarble.com,Legitimate,tranco_external,9063
logmein.com,Legitimate,tranco_external,8184
browser-intake-us3-datadoghq.com,Legitimate,tranco_external,1944
magazineluiza.com.br,Legitimate,tranco_external,-1
javtiful.com,Legitimate,tranco_external,2341
palm.tech,Legitimate,tranco_external,1757
albumaty.com,Legitimate,tranco_external,2213
hostmonster.com,Legitimate,tranco_external,9765
intermarche.com,Legitimate,tranco_external,10732
lgsmartplatform.com,Legitimate,tranco_external,4507
tatum.io,Legitimate,tranco_external,2835
zdn.vn,Legitimate,tranco_external,-1
monetate.net,Legitimate,tranco_external,6695
attdns.com,Legitimate,tranco_external,-1
ringpublishing.com,Legitimate,tranco_external,2769
rosenergo.com,Legitimate,tranco_external,8792
awsdns-33.co.uk,Legitimate,tranco_external,-1
bankofbaroda.bank.in,Legitimate,tranco_external,3650
canarabank.com,Legitimate,tranco_external,3650
economictimes.com,Legitimate,tranco_external,3650
starhealth.in,Legitimate,tranco_external,3650
email.gov.in,Legitimate,tranco_external,3650
epfindia.gov.in,Legitimate,tranco_external,3650
bankofbaroda.in,Legitimate,tranco_external,3650
bsnl.co.in,Legitimate,tranco_external,3650
phonepe.com,Legitimate,tranco_external,3650
razorpay.com,Legitimate,tranco_external,3650
hdfclife.com,Legitimate,tranco_external,3650
uidai.gov.in,Legitimate,tranco_external,3650
digilocker.gov.in,Legitimate,tranco_external,3650
hdfcergo.com,Legitimate,tranco_external,3650
onlinesbi.sbi.bank.in,Legitimate,tranco_external,3650
indusind.com,Legitimate,tranco_external,3650
axisbank.com,Legitimate,tranco_external,3650
timesofindia.com,Legitimate,tranco_external,3650
www.nic.gov.in,Legitimate,tranco_external,439
bajajfinserv.in,Legitimate,tranco_external,3650
ndtv.com,Legitimate,tranco_external,3650
idfcfirstbank.com,Legitimate,tranco_external,3650
mygov.in,Legitimate,tranco_external,3650
yesbank.in,Legitimate,tranco_external,3650
unionbankofindia.co.in,Legitimate,tranco_external,3650
cred.club,Legitimate,tranco_external,3650
esic.in,Legitimate,tranco_external,3650
gst.gov.in,Legitimate,tranco_external,3650
iocl.com,Legitimate,tranco_external,3650
indianrailways.gov.in,Legitimate,tranco_external,3650
sbicard.com,Legitimate,tranco_external,3650
iciciprulife.com,Legitimate,tranco_external,3650
sbi.co.in,Legitimate,tranco_external,3650
icicibank.com,Legitimate,tranco_external,3650
india.gov.in,Legitimate,tranco_external,3650
federalbank.co.in,Legitimate,tranco_external,3650
pnbindia.in,Legitimate,tranco_external,3650
licindia.in,Legitimate,tranco_external,3650
nic.in,Legitimate,tranco_external,3650
irctc.co.in,Legitimate,tranco_external,3650
npci.org.in,Legitimate,tranco_external,3650
kotakbank.com,Legitimate,tranco_external,3650
bharatpe.com,Legitimate,tranco_external,3650
thehindu.com,Legitimate,tranco_external,3650
hindustantimes.com,Legitimate,tranco_external,3650
paytm.com,Legitimate,tranco_external,3650
dc.crsorgi.gov.in,Legitimate,tranco_external,3650
hpcl.com,Legitimate,tranco_external,3650
sbilife.co.in,Legitimate,tranco_external,3650
bpcl.in,Legitimate,tranco_external,3650
vi.in,Legitimate,tranco_external,3650
passportindia.gov.in,Legitimate,tranco_external,3650
zerodha.com,Legitimate,tranco_external,3650
pnb.bank.in,Legitimate,tranco_external,3650
mobikwik.com,Legitimate,tranco_external,3650
