domain,label,source
airtel-merchants.in,Phishing,training_set
airtelrecharge.co.in,Phishing,training_set
airtelmerchant.in,Phishing,training_set
airtelinternetserviceprovider.co.in,Phishing,training_set
airtelpoint.top,Phishing,training_set
airtela.sbs,Phishing,training_set
airtelairfiberkarnataka.xyz,Phishing,training_set
airtelbroadbandbangalore.xyz,Phishing,training_set
airteldthconnectionbengaluru.xyz,Phishing,training_set
airtelwificonnectiontumakuru.xyz,Phishing,training_set
airtel365.com,Suspected,training_set
airtel-merchants.site,Suspected,training_set
airtelmerchnat.in,Suspected,training_set
airtel.club,Suspected,training_set
airtel121co.in,Suspected,training_set
airtelfin.in,Suspected,training_set
airtelmerchants.in,Suspected,training_set
airtelwifi.in,Suspected,training_set
airtel-5g.top,Suspected,training_set
airtele.xyz,Suspected,training_set
airtelericsson.in,Suspected,training_set
airtelrechargeplan.com,Suspected,training_set
airtelspacex.in,Suspected,training_set
airtel.cloud,Suspected,training_set
airtelrdc.shop,Suspected,training_set
airtelhd.biz,Suspected,training_set
airtelmerchnats.net,Suspected,training_set
airteldataloan.in,Suspected,training_set
airtel-merchants.shop,Suspected,training_set
airtelpay.world,Phishing,training_set
airtel-quickrecharge.world,Phishing,training_set
airtelstream.in,Suspected,training_set
bhartiairtelnet.in,Suspected,training_set
airtel121.in,Suspected,training_set
airtel-merchant.co.in,Suspected,training_set
airtel-5g.net,Suspected,training_set
airtel-ug.info,Suspected,training_set
airteliqalerts.in,Suspected,training_set
airteliqmail.in,Suspected,training_set
airtelinfotel.in,Suspected,training_set
airtelretailer.in,Suspected,training_set
airtel.org.in,Suspected,training_set
bhartiairtel.live,Suspected,training_set
bhartiairtel.online,Suspected,training_set
airtelconnect.com,Suspected,training_set
airtelstore.co.in,Suspected,training_set
airteldtd.in,Suspected,training_set
airtel.website,Suspected,training_set
airtelprize.in,Suspected,training_set
airtelapp.xyz,Suspected,training_set
airtelcare.net,Suspected,training_set
airtel-merchants.net,Suspected,training_set
postpaidairtel.in,Suspected,training_set
airtel.exchange,Suspected,training_set
airtelpayment.online,Suspected,training_set
airtel-5gg.top,Suspected,training_set
airtelmerchnat.co.in,Suspected,training_set
airtel-ericsson.com,Suspected,training_set
airtel-broadband-plans.today,Suspected,training_set
airtel-broadband-plans-near-you.sbs,Suspected,training_set
airtelstarlink.org,Suspected,training_set
airtelstarlinks.in,Suspected,training_set
airtellink.com,Suspected,training_set
airtel.firm.in,Suspected,training_set
airtelfiber.in,Suspected,training_set
airtelxtream.co.in,Suspected,training_set
bhartairtel.co.in,Suspected,training_set
airtelairfiber.in,Suspected,training_set
airtelxtreamonline.in,Suspected,training_set
bhartiairtelfoundation.co.in,Suspected,training_set
airtelvb.top,Suspected,training_set
airtelonebroadband.top,Suspected,training_set
airtel-merchants.services,Suspected,training_set
bankofbarodabank.in,Suspected,training_set
bankofbarodafin.in,Suspected,training_set
bankofbarodaworld.co.in,Suspected,training_set
1bankofbaroda.co.in,Suspected,training_set
thebankofbaroda.in,Suspected,training_set
bankofbarodaa.co.in,Suspected,training_set
bankofbaroda0.co.in,Suspected,training_set
bankofbarodarewa.co.in,Suspected,training_set
dc-crsorgi-gov.site,Phishing,training_set
crsverifycertificate.in,Phishing,training_set
dc.crsorge.in,Phishing,training_set
dc.crsorgi.gov.in.crs.vievvcert.info,Phishing,training_set
crsor-go.shop,Phishing,training_set
crsorgi-gov.xyz,Phishing,training_set
janma-mrityutathya.shop,Phishing,training_set
csrorgi-gov.shop,Phishing,training_set
www.dc.crsorgi.gov.in.verifycertificate.shop,Phishing,training_set
www.dc.crsorgi.gov.in.web.index.php.apnaqafila.shop,Phishing,training_set
www.acadmey.mange.project.indaxs.in,Phishing,training_set
birth.giantechnical.in,Phishing,training_set
verificagovv.xyz,Phishing,training_set
www.service.findapi.info,Phishing,training_set
error404.remgoerrocount.xyz,Phishing,training_set
dc.crsorgi.gov.in.verifyc.xyz,Phishing,training_set
onlineservice.shop,Phishing,training_set
dc.crsorgi.govi.ltd,Phishing,training_set
my.babaprint1.xyz,Phishing,training_set
dc.crsorgi.gov.in.webi.ltd,Phishing,training_set
dc.crsorgi.gov.in.index-view.shop,Phishing,training_set
dc.crsorgi.gov.in.tech-site.info,Phishing,training_set
dc.pgoneindia.shop,Phishing,training_set
crsorgi.gov.in.verifycertificate.shop,Phishing,training_set
dc.crsorgi.gov.in.adverify.in,Phishing,training_set
dcrsorgi.store,Phishing,training_set
dc.birth.dccrsorgi-govv.live,Phishing,training_set
dc.crsorgi.gov.in.viewcard.in,Phishing,training_set
verifycertificate.cloud,Phishing,training_set
crsorginewindex.store,Suspected,training_set
adharprint.dccrsorgi-govv.live,Suspected,training_set
crsorgi.gov.in.viewcard.in,Suspected,training_set
crsorgi.gov.in.w.viewcard.in,Suspected,training_set
crsorgi.gov.in.web.index.php.viewcard.in,Suspected,training_set
dc.crsorgi.gov.in.crovimng.online,Suspected,training_set
passportt.dccrsorgi-govv.live,Suspected,training_set
rtps.dccrsorgi-govv.live,Suspected,training_set
ucl.dccrsorgi-govv.live,Suspected,training_set
crsgov.click,Suspected,training_set
crsorgigob.xyz,Suspected,training_set
crsorgigovbirth.info,Suspected,training_set
dccrsorgigov-in.in,Suspected,training_set
crsgovbirth.xyz,Suspected,training_set
crsorgiportal.com,Suspected,training_set
dc.crs-orgi.com,Suspected,training_set
dc.crsorgi.gov.logln.in,Suspected,training_set
www.birth.ypuclportala.xyz,Suspected,training_set
www.dc.crsorgi.gov.in.index.viewscrit.org,Suspected,training_set
yashcrsportal.site,Suspected,training_set
crsorg.xyz,Suspected,training_set
dc-crs-org-gov.xyz,Suspected,training_set
dc-crsorgi-gov.shop,Suspected,training_set
dc-crsorgive-gov.xyz,Suspected,training_set
dccrsorgi.shop,Suspected,training_set
crsorgi-gov-in.store,Suspected,training_set
dc-crsorgi-gov.xyz,Suspected,training_set
dc-crsorgi.co.in,Suspected,training_set
dccrsorgigovinverficrs.in,Suspected,training_set
dc.crsorgi-gov.xyz,Suspected,training_set
www.dc.crsorgi.gov.in.verifyinfo.xyz,Suspected,training_set
www.dc.crsorgi.gov.in.web.dc-crsorgi.shop,Suspected,training_set
dccrsorgi-govv.live,Suspected,training_set
crs.verifycertificatecrs.live,Suspected,training_set
dcinfinityorg.site,Suspected,training_set
crsorg-dccertificate.sbs,Suspected,training_set
crsorgi-gout.in,Suspected,training_set
dccrsorgionline.in,Suspected,training_set
dccrsorgigovin.website,Suspected,training_set
crsorgi-birh.in,Suspected,training_set
dc-verifycertificate.org.in,Suspected,training_set
dc.crsorgi-gov.live,Suspected,training_set
dc.crsorgi.gov.in.verifycertificate.fun,Suspected,training_set
dc.crsorgi.gov.in.crs.verifycertificate.org,Suspected,training_set
dc.crsorgi.gov.in.techdc.shop,Suspected,training_set
deluxonlineservice.shop,Suspected,training_set
crsorgi.gov.in.govi.ltd,Suspected,training_set
dc.crsorgi.gov.in.pgoneindia.shop,Suspected,training_set
dc.crsorgi.gov.in.web.lndax.xyz,Suspected,training_set
dc.crsorgi.gov.in.web.php.lndax.xyz,Suspected,training_set
dc.crsorgi.gov.in.web.phpii.site,Suspected,training_set
dcc.crsorgi.gov.in.viewall.in,Suspected,training_set
www.dc.crsorgi.gov.in.crs.xpsdigi.solutions,Suspected,training_set
www.dc.crsorgi.gov.in.indxn.xyz,Suspected,training_set
crsorgi.net,Suspected,training_set
dccrsorgi-gov-in.shop,Phishing,training_set
dccrsorgi-gov-in.today,Phishing,training_set
dccrsorgi.in,Phishing,training_set
dccrsorg.xyz,Phishing,training_set
crsorgigovdc.shop,Phishing,training_set
crsorgin.fun,Phishing,training_set
crsorgigov.xyz,Phishing,training_set
crsorgi-gvo.tech,Phishing,training_set
dc-crsorg.in,Phishing,training_set
crsorgibirth.shop,Phishing,training_set
crsapi.cloud,Suspected,training_set
crs-api.com,Suspected,training_set
crsapi.vip,Suspected,training_set
crsapi.xyz,Suspected,training_set
crsorggi.xyz,Suspected,training_set
crsorgigov.cloud,Suspected,training_set
crsorgigove.fun,Suspected,training_set
crsorgigove.shop,Suspected,training_set
crsorgi-goverment.online,Suspected,training_set
crsorgigovi.shop,Suspected,training_set
crsorgi-gov-in.digital,Suspected,training_set
crs-orgi-govment.online,Suspected,training_set
crsorgi-in.org,Suspected,training_set
crsorgov.com,Suspected,training_set
crsroigov.online,Suspected,training_set
crcorgi-gov.online,Suspected,training_set
crseoigov.online,Suspected,training_set
crsergov.online,Suspected,training_set
crsgovgov.online,Suspected,training_set
crsgovi.tech,Suspected,training_set
crsgoviiorg.site,Suspected,training_set
crsgovlive.xyz,Suspected,training_set
crsorg.space,Suspected,training_set
crsorg-gov.life,Suspected,training_set
crsorggov.tech,Suspected,training_set
crsorgib-gov.xyz,Suspected,training_set
crsorgiclick.cloud,Suspected,training_set
crsorgiegov.com,Suspected,training_set
crsorgi--gov.live,Suspected,training_set
crsorgigov.org,Suspected,training_set
crsorgigovein.website,Suspected,training_set
crsorgigovi.store,Suspected,training_set
crsorgigovin.online,Suspected,training_set
crsorgii.online,Suspected,training_set
crsorginet.site,Suspected,training_set
crsorgovin.org,Suspected,training_set
dc-crsorgi-gov-in.info,Suspected,training_set
dc-crsorgi.online,Suspected,training_set
dccrsorggov.xyz,Suspected,training_set
dccrsorggovin.xyz,Suspected,training_set
dccrsorgi-gov-in.live,Suspected,training_set
crsorgi.info,Suspected,training_set
crsorgi.org.in,Suspected,training_set
crsorgi-gov1.in,Suspected,training_set
crsorgii.in,Suspected,training_set
crsorgiisite.co.in,Suspected,training_set
crsorgs.in,Suspected,training_set
csrogir-gov.online,Suspected,training_set
dc-crsorg.co.in,Suspected,training_set
dccrsorgg.in,Suspected,training_set
crsorgigoovi.live,Suspected,training_set
crsorgi-gov-in.buzz,Suspected,training_set
crsorgi-gov-in-web.online,Suspected,training_set
crsorgigovt.xyz,Suspected,training_set
crsorgio.online,Suspected,training_set
dccrsorgi.live,Suspected,training_set
rgdccrsorgi.xyz,Suspected,training_set
crsgov-in.shop,Suspected,training_set
crsorgigoov.info,Suspected,training_set
crsorgi-gov-in-index-web.shop,Suspected,training_set
crsorgi-gov-in-viawcert.site,Suspected,training_set
acscrsorgi.in,Suspected,training_set
crsgov-co.in,Suspected,training_set
crsorgigovs.co.in,Suspected,training_set
crsorgovs.in,Suspected,training_set
dccrsorgi.co.in,Suspected,training_set
crsorggi.co.in,Suspected,training_set
crsorgi-gov-in-index.online,Suspected,training_set
crsgovorg.in,Suspected,training_set
auths.info,Suspected,training_set
dcindex.xyz,Suspected,training_set
inbex.info,Suspected,training_set
workfast.in,Suspected,training_set
verifycertificatecrs.live,Suspected,training_set
crsorgi-gov-in.live,Suspected,training_set
crsorgigov-in.online,Suspected,training_set
dc-crsorgii-gov.online,Suspected,training_set
dc-crsorgii-goiv.in,Suspected,training_set
dccrsorgigoov.in,Suspected,training_set
crsorgi-gov-in-index.site,Suspected,training_set
crsorg.fun,Suspected,training_set
crsorgigo.site,Suspected,training_set
csrorgi.info,Suspected,training_set
crsorgiio.store,Suspected,training_set
crsorgonlinebirthdeth.in,Suspected,training_set
crsorgi-gove.shop,Suspected,training_set
dccrsorggovrk.xyz,Suspected,training_set
dccrsorgigov.shop,Suspected,training_set
crsorgigovv.xyz,Suspected,training_set
crsorg.buzz,Suspected,training_set
crsorgigov-certificate.xyz,Suspected,training_set
crsorgonline.xyz,Suspected,training_set
dc-crsorgi-gov.online,Suspected,training_set
crsorgi-gov-xyz.in,Suspected,training_set
crsorgie.org.in,Suspected,training_set
crsorgi-gov.online,Suspected,training_set
crsorgig.org.in,Suspected,training_set
dc-crsorgi-in.site,Suspected,training_set
crsgovernment.tech,Suspected,training_set
crsorgii.store,Suspected,training_set
dc-crsorgie-gov.xyz,Suspected,training_set
dc-crsorgii-gov.xyz,Suspected,training_set
crsogi-gov-in.website,Suspected,training_set
acadmey.mange.project.indaxs.in,Suspected,training_set
dc-crsorgi-gov-in.ja-ai.shop,Suspected,training_set
dc.crsorgi.gov-in.live,Suspected,training_set
dc.crsorgi.gov.in.lndex.pl,Suspected,training_set
mail.dc.crsorgi.gov.in.web.phpii.site,Suspected,training_set
ww25.cpanel.crsorgi.gov.in.index.php.recidenceup.xyz,Suspected,training_set
ww25.crsorgi.gov.in.bdvr.co,Suspected,training_set
www.dc.crsorgi.gov.in.sevamaster.shop,Suspected,training_set
www.dcr.crsorgi.gov.in.viewall.in,Suspected,training_set
crsorgi-govs.in,Suspected,training_set
crsorgidc.co.in,Suspected,training_set
crsorgigoov.co.in,Suspected,training_set
crsorgii-govi.in,Suspected,training_set
hdfcl.in,Suspected,training_set
hdfcbanklogin.com,Phishing,training_set
myhdfccard.com,Phishing,training_set
hdfcardcare.com,Phishing,training_set
hdrewardcard.com,Phishing,training_set
hdfcbank.red,Suspected,training_set
hdfcbank.city,Suspected,training_set
hdfcbanks.live,Suspected,training_set
hdfcbd.com,Suspected,training_set
hdfcrewardz.in,Suspected,training_set
myhdfc.in,Suspected,training_set
hdfc-home-loan-538066002.today,Suspected,training_set
hdfcvg.com,Suspected,training_set
hdfcsec.co.in,Suspected,training_set
hdfcbank.services,Suspected,training_set
hdfccredilaloan.net,Suspected,training_set
hdfc-home-253888985.click,Suspected,training_set
hdfc-home-336577138.click,Suspected,training_set
hdfcsupport.info,Suspected,training_set
hdfc-bank-internet-banking.cfd,Suspected,training_set
hdfc-sif.in,Suspected,training_set
hdfcsif.in,Suspected,training_set
hdfc-bank.cfd,Suspected,training_set
hd23-df3.firebaseapp.com,Phishing,training_set
hd09-fc98.firebaseapp.com,Phishing,training_set
hd5h-mk5.firebaseapp.com,Phishing,training_set
ewew-b4d13.firebaseapp.com,Phishing,training_set
hd15-nmh1.firebaseapp.com,Phishing,training_set
h-11av.firebaseapp.com,Phishing,training_set
hdiy-3a.firebaseapp.com,Phishing,training_set
bfse-5378c.firebaseapp.com,Phishing,training_set
hd-1fa.firebaseapp.com,Phishing,training_set
hd2-fy.firebaseapp.com,Phishing,training_set
hdfccapital.net,Phishing,training_set
hdfcbankvyapar.com,Phishing,training_set
hdfcbankdinersclub.in,Suspected,training_set
hdfcmutualfund.co.in,Suspected,training_set
hdfcmutualfunds.co.in,Suspected,training_set
hdfcbankabslitraining.in,Suspected,training_set
hdfcalerts.in,Suspected,training_set
hdfcpay.in,Suspected,training_set
hdfcmfsipsaheli.in,Suspected,training_set
ahdfcy.com,Suspected,training_set
hdfc-bank.in,Suspected,training_set
hdfcbank.app,Suspected,training_set
hdfcbank.ninja,Suspected,training_set
hdfcbank.pink,Suspected,training_set
hdfcbank.science,Suspected,training_set
hdfcbank.sale,Suspected,training_set
hdfcbank.bet,Suspected,training_set
hdfcbank.bingo,Suspected,training_set
hdfcbank.black,Suspected,training_set
hdfcbank.business,Suspected,training_set
hdfcbank.buzz,Suspected,training_set
hdfcbank.cash,Suspected,training_set
hdfcbank.chat,Suspected,training_set
hdfcbank.cheap,Suspected,training_set
hdfcbank.construction,Suspected,training_set
hdfcbank.directory,Suspected,training_set
hdfcbank.florist,Suspected,training_set
hdfcbank.furniture,Suspected,training_set
hdfcbank.gifts,Suspected,training_set
hdfcbank.golf,Suspected,training_set
hdfcbank.industries,Suspected,training_set
hdfcbank.institute,Suspected,training_set
hdfcbank.marketing,Suspected,training_set
hdfcbank.news,Suspected,training_set
hdfcbank.camp,Suspected,training_set
hdfcbank.careers,Suspected,training_set
hdfcbank.contact,Suspected,training_set
hdfcbank.engineer,Suspected,training_set
hdfcbank.live,Suspected,training_set
hdfcbank.coach,Suspected,training_set
hdfcbank.computer,Suspected,training_set
hdfcbank.events,Suspected,training_set
hdfcbank.clinic,Suspected,training_set
hdfcbank.delivery,Suspected,training_set
hdfcbank.faith,Suspected,training_set
hdfcbank.football,Suspected,training_set
hdfcbank.fund,Suspected,training_set
hdfcbank.irish,Suspected,training_set
hdfcbank.kaufen,Suspected,training_set
hdfcbank.markets,Suspected,training_set
hdfcbank.media,Suspected,training_set
hdfcbank.solar,Suspected,training_set
hdfcbank.singles,Suspected,training_set
hdfcbank.party,Suspected,training_set
hdfcbank.pizza,Suspected,training_set
hdfcbank.school,Suspected,training_set
hdfcbank-ypb.in,Suspected,training_set
hdfcbankfinance.net,Suspected,training_set
hdfcsecurities.in,Suspected,training_set
hdfcorg.co.in,Suspected,training_set
yyhdfcci.shop,Suspected,training_set
hdfcai.net,Suspected,training_set
hdfcbank.today,Suspected,training_set
hdfconline.co.in,Suspected,training_set
hdfc-story.xyz,Suspected,training_set
hdfcbankinfo.co.in,Suspected,training_set
hdfc-banking.co.in,Suspected,training_set
hdfcco.co.in,Suspected,training_set
hdfc-loans.in,Suspected,training_set
hdfcbank.store,Suspected,training_set
hdfc.net.in,Suspected,training_set
hdfcm.com,Suspected,training_set
alerts-hdfcbank.net,Suspected,training_set
thehdfc.co.in,Suspected,training_set
thehdfc.net.in,Suspected,training_set
thehdfc.in,Suspected,training_set
hffcbank.com,Suspected,training_set
hdfcbank.poker,Suspected,training_set
hdfcbanknet.info,Suspected,training_set
hdfcpolicy.in,Suspected,training_set
dchdfcbank.com,Suspected,training_set
hdfcbank.games,Suspected,training_set
hdfcbank.support,Suspected,training_set
hdfbank.com,Suspected,training_set
hdfcbak.com,Suspected,training_set
hdfcbani.com,Suspected,training_set
hdfcbank.ltd,Suspected,training_set
hdfcbank.uk,Suspected,training_set
hdfcbanki.com,Suspected,training_set
hdfcbanl.com,Suspected,training_set
hdfcbsnk.com,Suspected,training_set
hdfcbwnk.com,Suspected,training_set
hdfcnank.com,Suspected,training_set
hdfcergopolicyrenewalinsurances.in,Suspected,training_set
hdfcbankonline.in,Suspected,training_set
hdfc.ind.in,Suspected,training_set
hdfcbankltd.in,Suspected,training_set
hdfcsa1es.co.in,Suspected,training_set
loginhdfc.in,Suspected,training_set
mycardhdfc.in,Suspected,training_set
hdfcodes.site,Suspected,training_set
hdfcretail.in,Suspected,training_set
hdfcsales.info,Suspected,training_set
hdfchousingfinance.com,Suspected,training_set
hdfcbank.netportall.com,Suspected,training_set
hdfccareer.in,Suspected,training_set
hdfc.com.in,Suspected,training_set
hdfcergorenewal.in,Suspected,training_set
hdfcsecurities.co.in,Suspected,training_set
myaccounthdfclife.co.in,Suspected,training_set
hdfcbankloan.in,Suspected,training_set
hdfcbankcreditcard.in,Suspected,training_set
hdfcincrase.today,Suspected,training_set
hdfcbanking.org,Suspected,training_set
hdfcergoinsurancerenewal.in,Suspected,training_set
workonlinehdfcbank.com,Suspected,training_set
xhdfc.com,Suspected,training_set
hdfc-bonus.cfd,Suspected,training_set
hd94-fc67.firebaseapp.com,Phishing,training_set
whsh01-ksj18.firebaseapp.com,Phishing,training_set
hcfc-b6a51.firebaseapp.com,Phishing,training_set
sks08-akwo22.firebaseapp.com,Phishing,training_set
hdx6-hdr6.firebaseapp.com,Phishing,training_set
hdsxd1.firebaseapp.com,Phishing,training_set
hda18-ms1.firebaseapp.com,Phishing,training_set
hd31-md1.firebaseapp.com,Phishing,training_set
hd22-mu2x.firebaseapp.com,Phishing,training_set
hd21-mkw1.firebaseapp.com,Phishing,training_set
hd4s-kp4d.firebaseapp.com,Phishing,training_set
hd3s-kour4.firebaseapp.com,Phishing,training_set
hdec-f13ed.firebaseapp.com,Phishing,training_set
jsjjs09-d097e.firebaseapp.com,Phishing,training_set
hd1-mka1.firebaseapp.com,Phishing,training_set
hd2a-mkae2.firebaseapp.com,Phishing,training_set
hd1-mkd1.firebaseapp.com,Phishing,training_set
hbcd-f016c.firebaseapp.com,Phishing,training_set
hd-mkf24.firebaseapp.com,Phishing,training_set
hd4w-kfd4.firebaseapp.com,Phishing,training_set
hd8r-mkfd8s.firebaseapp.com,Phishing,training_set
hd6-ms6d.firebaseapp.com,Phishing,training_set
hd4-mfh4d.firebaseapp.com,Phishing,training_set
hd3-md3x.firebaseapp.com,Phishing,training_set
hxz-55yt.firebaseapp.com,Phishing,training_set
trde-bef50.firebaseapp.com,Phishing,training_set
aaaqq-89cae.firebaseapp.com,Phishing,training_set
hd-1wi.firebaseapp.com,Phishing,training_set
hdasw-44086.firebaseapp.com,Phishing,training_set
hyt-1fa.firebaseapp.com,Phishing,training_set
yuhh-b49cd.firebaseapp.com,Phishing,training_set
awsz-81822.firebaseapp.com,Phishing,training_set
ljhy-128fd.firebaseapp.com,Phishing,training_set
nmcv-5cc34.firebaseapp.com,Phishing,training_set
dfkjd-b7601.firebaseapp.com,Phishing,training_set
hgjk-7354f.firebaseapp.com,Phishing,training_set
kilik-eb4d5.firebaseapp.com,Phishing,training_set
dfjf-b29b1.firebaseapp.com,Phishing,training_set
mnjde-b2973.firebaseapp.com,Phishing,training_set
fekjre-df4e4.firebaseapp.com,Phishing,training_set
fyyu-3f1de.firebaseapp.com,Phishing,training_set
ewkw-a4ef1.firebaseapp.com,Phishing,training_set
erwe-3b3d0.firebaseapp.com,Phishing,training_set
dfkdd-b3641.firebaseapp.com,Phishing,training_set
jai-amma.firebaseapp.com,Phishing,training_set
radhe--jai.firebaseapp.com,Phishing,training_set
ukfr-c5da9.firebaseapp.com,Phishing,training_set
shya-pjt9.firebaseapp.com,Phishing,training_set
hd-ujfc1.firebaseapp.com,Phishing,training_set
dfg-kmn.firebaseapp.com,Phishing,training_set
rane-1d1ee.firebaseapp.com,Phishing,training_set
hdfcergoinsurancerenewpolicy.in,Suspected,training_set
hdfcergorenewhealthinsurancepolicy.in,Suspected,training_set
hdfcergohealthinsurancerenewyourpolicyhere.in,Suspected,training_set
hdfcergogeneralhealthinsurance.in,Suspected,training_set
hdfcergopolicyrenewhere.in,Suspected,training_set
hdfcergopolicyrenewinsurances.in,Suspected,training_set
hdfcergorenewinsurancehere.in,Suspected,training_set
hdfcergorenewalpolicy.in,Suspected,training_set
hdfcergopolicyrenewalinsurance.in,Phishing,training_set
el-hdfclife.in,Suspected,training_set
hdfclife-el.in,Suspected,training_set
el-hdfclife.co.in,Suspected,training_set
loginicici.com,Phishing,training_set
icici-india.com,Phishing,training_set
icicilogin.com,Phishing,training_set
country3.icicibank.adobecqms.net,Phishing,training_set
icicibctk.icu,Phishing,training_set
icicibank-coin.buzz,Phishing,training_set
icicibank-coin.top,Phishing,training_set
icicincion.top,Phishing,training_set
icicibank-nwnb.top,Phishing,training_set
icici-paypoint.cfd,Phishing,training_set
icici-paypoint.sbs,Phishing,training_set
icici-paypoint.top,Phishing,training_set
icici-paypoints.cfd,Phishing,training_set
icici-paypoints.sbs,Phishing,training_set
icici-paylink.cfd,Phishing,training_set
icici-paylink.xyz,Phishing,training_set
imobileservices.online,Phishing,training_set
country1.icicibank.adobecqms.net,Phishing,training_set
icicibahnk.com,Suspected,training_set
icicibajnk.com,Suspected,training_set
icicibanc.com,Suspected,training_set
icicibasnk.com,Suspected,training_set
icicibamnk.com,Suspected,training_set
iciciappstore.in,Suspected,training_set
icicicardapp.co.in,Suspected,training_set
icicidirectfin.in,Suspected,training_set
icicifin.in,Suspected,training_set
icicibank.tech,Suspected,training_set
iciciinfor.website,Suspected,training_set
icicicoins.sbs,Suspected,training_set
icici-game.in,Suspected,training_set
icicichest.in,Suspected,training_set
icicicarloans.in,Suspected,training_set
icici-paylink.sbs,Suspected,training_set
icicib.co.in,Suspected,training_set
iciciback.top,Suspected,training_set
icicibank.online,Suspected,training_set
icicibank.website,Suspected,training_set
icicibazk.top,Suspected,training_set
icicibxek.shop,Suspected,training_set
icicibxsak.shop,Suspected,training_set
icicibxsek.shop,Suspected,training_set
icicibxsrk.shop,Suspected,training_set
iciciibank.top,Suspected,training_set
icici.homes,Suspected,training_set
icicibankcareer.xyz,Suspected,training_set
icicibankpersonalloan.xyz,Suspected,training_set
points-icici.cfd,Suspected,training_set
points-icici.click,Suspected,training_set
points-icici.top,Suspected,training_set
points-icici.xyz,Suspected,training_set
icici.xyz,Suspected,training_set
icicimua520.xyz,Suspected,training_set
imobile.services,Suspected,training_set
icicilbank.vip,Suspected,training_set
icicillbank.vip,Suspected,training_set
iciciibank.vip,Suspected,training_set
icicibanka.sbs,Suspected,training_set
icicirewardspro.in,Phishing,training_set
icicibak.com,Phishing,training_set
icicirewardstore.in,Suspected,training_set
icicipruamc.co.in,Suspected,training_set
icicicreditcards.in,Suspected,training_set
mycardicici.in,Suspected,training_set
icicipruamc.in,Suspected,training_set
icicicard.xyz,Suspected,training_set
iciciapp.in,Suspected,training_set
mycardicici.co.in,Suspected,training_set
icici-bank.org.in,Suspected,training_set
icicibankstatement.co.in,Suspected,training_set
iciciapp.co.in,Suspected,training_set
iciciicard.in,Suspected,training_set
cardiciciapply.co.in,Suspected,training_set
icicibankcarrers.in,Suspected,training_set
icicimyrewards.net,Suspected,training_set
icicisavingsreward.net,Suspected,training_set
icicibank.auction,Suspected,training_set
icicibank.boutique,Suspected,training_set
icicibank.buzz,Suspected,training_set
icici.direct,Suspected,training_set
icicibank.chat,Suspected,training_set
icicibank.florist,Suspected,training_set
infoicicibank.xyz,Suspected,training_set
icicidemafinance.in,Suspected,training_set
icicico.in,Suspected,training_set
icicidemat.co.in,Suspected,training_set
icici-demat-168169687.click,Suspected,training_set
theicici.co.in,Suspected,training_set
icicibank.bingo,Suspected,training_set
icicibank.bond,Suspected,training_set
icicibank.college,Suspected,training_set
icicibank.download,Suspected,training_set
icicibank.engineer,Suspected,training_set
icicibank.events,Suspected,training_set
icicibank.football,Suspected,training_set
icicibank.furniture,Suspected,training_set
icicibank.gifts,Suspected,training_set
icicibank.global,Suspected,training_set
icicibank.golf,Suspected,training_set
icicibank.group,Suspected,training_set
icicibank.hockey,Suspected,training_set
icicibank.homes,Suspected,training_set
icicibank.industries,Suspected,training_set
icicibank.institute,Suspected,training_set
icicibank.kaufen,Suspected,training_set
icicibank.mba,Suspected,training_set
icicibank.plumbing,Suspected,training_set
icicibank.sbs,Suspected,training_set
icicibank.singles,Suspected,training_set
icicibank.media,Suspected,training_set
icicibank.men,Suspected,training_set
icicibank.rentals,Suspected,training_set
icicibank.run,Suspected,training_set
icicibank.sale,Suspected,training_set
icicibank.solar,Suspected,training_set
icicibank.studio,Suspected,training_set
icicibank.taxi,Suspected,training_set
icicibank.team,Suspected,training_set
icicibank.tools,Suspected,training_set
icicibank.vin,Suspected,training_set
icicibank.voyage,Suspected,training_set
icicibank.works,Suspected,training_set
icicibank.zone,Suspected,training_set
icicibamk.com,Suspected,training_set
icici.today,Suspected,training_set
icicbank.com,Suspected,training_set
icicibanj.com,Suspected,training_set
icicibank.live,Suspected,training_set
icicibannk.com,Suspected,training_set
icicipank.com,Suspected,training_set
iicicibank.com,Suspected,training_set
icicibank.poker,Suspected,training_set
icici.cash,Suspected,training_set
icicidirect.shop,Suspected,training_set
icicidirect.website,Suspected,training_set
iciciamc.in,Suspected,training_set
iciciloan.ltd,Suspected,training_set
icicinetbanking.in,Suspected,training_set
rewardicicimobile.in,Suspected,training_set
icicistoreapp.in,Suspected,training_set
icici-services.co.in,Suspected,training_set
icicibvank.com,Suspected,training_set
icicibwnk.com,Suspected,training_set
icicikbank.com,Suspected,training_set
iciciubank.com,Suspected,training_set
licicibank.com,Suspected,training_set
iciciprolife.com,Suspected,training_set
icicispor.in,Suspected,training_set
icicibank.ind.in,Suspected,training_set
icicicreditcard.com,Suspected,training_set
icicifastag.co.in,Suspected,training_set
icicifastag.in,Suspected,training_set
theicicirwd.co.in,Suspected,training_set
icici.online,Suspected,training_set
icicistoreapp.co.in,Suspected,training_set
icici-direct.info,Suspected,training_set
icicipru.in,Suspected,training_set
icicipru-amc.in,Suspected,training_set
icici-bank.sbs,Suspected,training_set
icici-direct.in,Suspected,training_set
icicisecurities.org.in,Suspected,training_set
icicibank-coin.cfd,Suspected,training_set
icicibank-in.homes,Suspected,training_set
icicibzak.shop,Suspected,training_set
icici-linkpoint.cfd,Suspected,training_set
icici-linkpoint.click,Suspected,training_set
icici-linkpoint.lol,Suspected,training_set
icici-linkpoint.top,Suspected,training_set
icici-linkpoint.xyz,Suspected,training_set
iciciinbank.cfd,Suspected,training_set
0613iconnect.online,Suspected,training_set
icicibankbg.cfd,Suspected,training_set
icicibankbg.sbs,Suspected,training_set
icicilbank.cfd,Suspected,training_set
icicibank.xyz,Suspected,training_set
icicilombard.xxx,Suspected,training_set
iciciprulife-online.co.in,Suspected,training_set
ioclinfo.in,Suspected,training_set
tpilpgiocl.in,Suspected,training_set
indianiocl.top,Suspected,training_set
ioclsja.icu,Suspected,training_set
iocl.app,Suspected,training_set
iocllpg.in,Suspected,training_set
ioclghfd.top,Phishing,training_set
iocllinp.top,Phishing,training_set
ioclpwts.top,Phishing,training_set
ioclshwe.top,Phishing,training_set
ioclshwg.top,Phishing,training_set
ioclshwhx.top,Phishing,training_set
ioclshwsg.top,Phishing,training_set
ioclsiuy.top,Phishing,training_set
ioclsptrwa.top,Phishing,training_set
ioclxgsw.top,Phishing,training_set
ioclywts.top,Phishing,training_set
ioclsgwfg.top,Phishing,training_set
iocllumding.co.in,Phishing,training_set
ioclsywt.top,Phishing,training_set
ioclgwag.top,Phishing,training_set
ioclshywtas.top,Phishing,training_set
indianioclpts.top,Phishing,training_set
ioclapply.co.in,Suspected,training_set
ioclhgtx.top,Suspected,training_set
ioclindn.icu,Suspected,training_set
iocliurz.fun,Suspected,training_set
i8cl.com,Suspected,training_set
iiocl.com,Suspected,training_set
ioclapply.net,Suspected,training_set
irctc.corover.ai,Phishing,training_set
irctc.ind.in,Suspected,training_set
aeludi.cyou,Phishing,training_set
inludi.cyou,Phishing,training_set
kavachsafety.in,Suspected,training_set
kavachrail.in,Suspected,training_set
kavach-ai.in,Suspected,training_set
rudrakavach.in,Suspected,training_set
kavachonline.in,Suspected,training_set
email-govs.click,Phishing,training_set
twilight-glade-76955.pktriot.net,Phishing,training_set
email.gov.in.drdosurvey.info,Suspected,training_set
zohidsindia.com,Phishing,training_set
email.gov.in.avtzyu.store,Suspected,training_set
email.gov.in.briefcases.email,Suspected,training_set
email.gov.in.defenceindia.ltd,Suspected,training_set
email.gov.in.departmentofdefence.de,Suspected,training_set
email.gov.in.departmentofspace.info,Suspected,training_set
email.gov.in.indiangov.site,Suspected,training_set
email.gov.in.modindia.link,Suspected,training_set
emailindia.in,Suspected,training_set
kavach360.in,Suspected,training_set
kavach.biz,Suspected,training_set
accounts.mgovcloud.in.cloudshare.digital,Suspected,training_set
accounts.mgovcloud.in.virtualeoffice.cloud,Suspected,training_set
email.gov.in.gov.in.ihws.co.in,Suspected,training_set
email.gov.in.ihws.co.in,Suspected,training_set
email.gov.in.leadadmin.in,Suspected,training_set
email.gov.in.mygov.pw,Suspected,training_set
email-info.dev,Suspected,training_set
email-info.xyz,Suspected,training_set
nic-in.net,Suspected,training_set
email-govs.in,Suspected,training_set
nicemail.in,Suspected,training_set
nic-mails.in,Suspected,training_set
gov-email.com,Suspected,training_set
kavachh.co.in,Suspected,training_set
nic-tech.top,Suspected,training_set
nicmail.top,Suspected,training_set
red-surf-08881.pktriot.net,Suspected,training_set
email.gov.in.ministryofdefenceindia.org,Suspected,training_set
email-gov.icu,Suspected,training_set
mail.e-gov.in.ua,Suspected,training_set
gov-nicz.cfd,Suspected,training_set
nicemail.xyz,Suspected,training_set
helppnbindia.in,Suspected,training_set
pnbmail.co.in,Suspected,training_set
loginsbicard.in,Suspected,training_set
onlinesbicard.in,Suspected,training_set
onlineplanssbilife.co.in,Suspected,training_set
onlinesbilifeinsurance.co.in,Suspected,training_set
sbilifefinance.in,Suspected,training_set
sbilifeinsurancequote.co.in,Suspected,training_set
sbilifeinsurancequote.in,Suspected,training_set
sbilifeinsurancequote.net,Suspected,training_set
sbilifeinsuranceservices.co.in,Suspected,training_set
sbilifeinsuranceservices.in,Suspected,training_set
sbilifeinsuranceservices.net,Suspected,training_set
sbilifeonlineplans.co.in,Suspected,training_set
sbilifeonlineplans.in,Suspected,training_set
sbilifeonlineplans.net,Suspected,training_set
sbilifeplans.co.in,Suspected,training_set
sbilifeplans.in,Suspected,training_set
sbilifeplans.live,Suspected,training_set
sbilifeplans.net,Suspected,training_set
sbilifepolicy.co.in,Suspected,training_set
onlinesbilifeinsurance.in,Suspected,training_set
onlinesbilifeinsurance.net,Suspected,training_set
sbiinsurance.in,Suspected,training_set
sbiinsurance.net,Suspected,training_set
sbilifefinance.net,Suspected,training_set
sbilifeinsurance.co.in,Suspected,training_set
sbilifeinsurance.net,Suspected,training_set
sbilifeinsuranceonline.co.in,Suspected,training_set
sbilifeinsuranceonline.in,Suspected,training_set
sbilifeinsuranceonline.net,Suspected,training_set
sbilifepolicy.in,Suspected,training_set
sbibankcorp.co.in,Phishing,training_set
mysbibank.co.in,Suspected,training_set
alert-sbi.co.in,Suspected,training_set
sbistatement.co.in,Suspected,training_set
loginsbi.in,Suspected,training_set
sbicardshr.in,Suspected,training_set
updatessbi.co.in,Suspected,training_set
sbifm.in,Suspected,training_set
sbicardlogin.in,Suspected,training_set
sbifashascholarship.in,Suspected,training_set
sbifashascholarship.co.in,Suspected,training_set
sbigrahaksevakendranet.co.in,Suspected,training_set
sbi01-bank.co.in,Suspected,training_set
wbsbi.co.in,Suspected,training_set
sbionlinehelp.in,Suspected,training_set
sbibroker.in,Suspected,training_set
noeticsbiotech.co.in,Suspected,training_set
alerts-sbi.net,Suspected,training_set
esbi.in,Suspected,training_set
esbi-informer.info,Suspected,training_set
loanfinancesbi.co.in,Suspected,training_set
onlinesbi.digital,Suspected,training_set
sbibank.ind.in,Suspected,training_set
sbiloanapply.in,Suspected,training_set
sbirewardcard.in,Suspected,training_set
csb1.lat,Suspected,training_set
00674sbi.co.in,Suspected,training_set
msbi.in,Suspected,training_set
sbi13355cbs.co.in,Suspected,training_set
sbifin.in,Suspected,training_set
sbinbank.in,Suspected,training_set
sbicard.website,Suspected,training_set
sbilife.website,Suspected,training_set
18sbip04.shop,Suspected,training_set
sbiin.in,Suspected,training_set
cybersupportsbi.co.in,Suspected,training_set
sbi-alerts.co.in,Suspected,training_set
sbicardservice.in,Suspected,training_set
sbiindia.in,Suspected,training_set
sbindustries.org.in,Suspected,training_set
sbinps.org,Suspected,training_set
usbi.top,Suspected,training_set
accounts-sbi.co.in,Suspected,training_set
esbi.co.in,Suspected,training_set
transactions-sbi.co.in,Suspected,training_set
sbicmsbanglore.in,Suspected,training_set
zonalsbi.co.in,Suspected,training_set
sbico.net,Suspected,training_set
noreplysbi.in,Suspected,training_set
mysbi-co.net,Suspected,training_set
sbi-updatb.xyz,Suspected,training_set
sbi-update.cfd,Suspected,training_set
sbi-update.top,Suspected,training_set
sbi-update.xyz,Suspected,training_set
sbi-updats.top,Suspected,training_set
sbi-updats.xyz,Suspected,training_set
sbi-updaty.top,Suspected,training_set
sbi-updaty.xyz,Suspected,training_set
sbiverify-jp.cfd,Suspected,training_set
moli-bai.pages.dev,Phishing,training_set
ogf.pages.dev,Phishing,training_set
erftgj.pages.dev,Phishing,training_set
jhctth.pages.dev,Phishing,training_set
bee4.pages.dev,Phishing,training_set
pqvoy.pages.dev,Phishing,training_set
lkvgt.pages.dev,Phishing,training_set
wqoy.pages.dev,Phishing,training_set
sbikyc-5g4.pages.dev,Phishing,training_set
jkfnlk.pages.dev,Phishing,training_set
sav1h4da.vercel.app,Phishing,training_set
bczxx.vercel.app,Phishing,training_set
czsei.vercel.app,Phishing,training_set
sahc1d1yta.vercel.app,Phishing,training_set
lkjbb.vercel.app,Phishing,training_set
sagv1ctd.vercel.app,Phishing,training_set
rdcvb.vercel.app,Phishing,training_set
kloii.vercel.app,Phishing,training_set
satydh7va.vercel.app,Phishing,training_set
satysv5aj.vercel.app,Phishing,training_set
rsbi.online,Suspected,training_set
sbibilisim.online,Suspected,training_set
sbii.co.in,Suspected,training_set
sbi-oiddasdeq.cfd,Suspected,training_set
sbi-oiderweq.cfd,Suspected,training_set
sbi-help.top,Suspected,training_set
sbi-help.xyz,Suspected,training_set
sun1-3pr.pages.dev,Phishing,training_set
gtcgl.pages.dev,Phishing,training_set
tgw8t54r.pages.dev,Phishing,training_set
ciyk.pages.dev,Phishing,training_set
djal.pages.dev,Phishing,training_set
rewardsbi.pages.dev,Phishing,training_set
dcvtd.pages.dev,Phishing,training_set
ktfju-21n.pages.dev,Phishing,training_set
quxe.pages.dev,Phishing,training_set
zirvjj.pages.dev,Phishing,training_set
zoebo.pages.dev,Phishing,training_set
vfhtlk.pages.dev,Phishing,training_set
qotgj.pages.dev,Phishing,training_set
yehiv.pages.dev,Phishing,training_set
fri9-4v8.pages.dev,Phishing,training_set
fri7.pages.dev,Phishing,training_set
fri2.pages.dev,Phishing,training_set
jazgy.pages.dev,Phishing,training_set
qpmz.pages.dev,Phishing,training_set
rew-czs.pages.dev,Phishing,training_set
qausb.pages.dev,Phishing,training_set
aqgcyj.pages.dev,Phishing,training_set
iskvno.pages.dev,Phishing,training_set
aurji.pages.dev,Phishing,training_set
payebm.pages.dev,Phishing,training_set
sx2.pages.dev,Phishing,training_set
yuiii.pages.dev,Phishing,training_set
tg765rftf.pages.dev,Phishing,training_set
ifsjab.pages.dev,Phishing,training_set
jtdubb.pages.dev,Phishing,training_set
zieviv.pages.dev,Phishing,training_set
prip.pages.dev,Phishing,training_set
gttt.pages.dev,Phishing,training_set
pevox.pages.dev,Phishing,training_set
sbikyc-4g.pages.dev,Phishing,training_set
sbi-kyc.pages.dev,Phishing,training_set
a-2-6ua.pages.dev,Phishing,training_set
sbikyc-dy1.pages.dev,Phishing,training_set
biyuthj.pages.dev,Phishing,training_set
pqgib.pages.dev,Phishing,training_set
aklp.pages.dev,Phishing,training_set
prcobl.pages.dev,Phishing,training_set
zzraz.pages.dev,Phishing,training_set
ump11.pages.dev,Phishing,training_set
ump3.pages.dev,Phishing,training_set
qhuvp.pages.dev,Phishing,training_set
tripal-a.pages.dev,Phishing,training_set
yaegcu.pages.dev,Phishing,training_set
orvkb.pages.dev,Phishing,training_set
tyftrk.pages.dev,Phishing,training_set
prcibn.pages.dev,Phishing,training_set
apk5.pages.dev,Phishing,training_set
kilpzcmk.pages.dev,Phishing,training_set
kop-3b3.pages.dev,Phishing,training_set
sdf-89v.pages.dev,Phishing,training_set
gooa.pages.dev,Phishing,training_set
ierbk.pages.dev,Phishing,training_set
usehcs.pages.dev,Phishing,training_set
ifbib.pages.dev,Phishing,training_set
irhvj.pages.dev,Phishing,training_set
usjbo.pages.dev,Phishing,training_set
idobog.pages.dev,Phishing,training_set
yvys.pages.dev,Phishing,training_set
edho.pages.dev,Phishing,training_set
iehjjj.pages.dev,Phishing,training_set
udyhji.pages.dev,Phishing,training_set
itjibj.pages.dev,Phishing,training_set
ysibih.pages.dev,Phishing,training_set
vmk.pages.dev,Phishing,training_set
usijop.pages.dev,Phishing,training_set
yshhvk.pages.dev,Phishing,training_set
rewarsdsbi.pages.dev,Phishing,training_set
sah1v1bt.vercel.app,Phishing,training_set
mals.vercel.app,Phishing,training_set
savchg8d.vercel.app,Phishing,training_set
sacdyu3a.vercel.app,Phishing,training_set
savc4hdty.vercel.app,Phishing,training_set
sagcd8af.vercel.app,Phishing,training_set
youn-delta.vercel.app,Phishing,training_set
sah5dyva.vercel.app,Phishing,training_set
sagdy6tcv.vercel.app,Phishing,training_set
sa3adtyv.vercel.app,Phishing,training_set
sahcd1j3a.vercel.app,Phishing,training_set
saays5dvty.vercel.app,Phishing,training_set
sacd1otyac.vercel.app,Phishing,training_set
sahd6jat.vercel.app,Phishing,training_set
sahcd7ya.vercel.app,Phishing,training_set
sah1vd2nty.vercel.app,Phishing,training_set
say1uvga.vercel.app,Phishing,training_set
shaidty8dv.vercel.app,Phishing,training_set
vndns.vercel.app,Phishing,training_set
sav6ftyuj.vercel.app,Phishing,training_set
syeh2vfty.vercel.app,Phishing,training_set
kldss.vercel.app,Phishing,training_set
shab3vta.vercel.app,Phishing,training_set
syertv2aj.vercel.app,Phishing,training_set
shaty7dv.vercel.app,Phishing,training_set
shgav5ya.vercel.app,Phishing,training_set
svaswer1.vercel.app,Phishing,training_set
shay1ucv.vercel.app,Phishing,training_set
syajd1ga.vercel.app,Phishing,training_set
shaj3dy.vercel.app,Phishing,training_set
sha2yeva.vercel.app,Phishing,training_set
sahjj3vdy.vercel.app,Phishing,training_set
sjab7vdt.vercel.app,Phishing,training_set
styvsais.vercel.app,Phishing,training_set
sakd3yvha.vercel.app,Phishing,training_set
sua4ydha.vercel.app,Phishing,training_set
ssft2yb.vercel.app,Phishing,training_set
shay9ua.vercel.app,Phishing,training_set
sajv3dny.vercel.app,Phishing,training_set
syuc1ia.vercel.app,Phishing,training_set
sja2bvr.vercel.app,Phishing,training_set
fresh-self-chi.vercel.app,Phishing,training_set
ahsh.vercel.app,Phishing,training_set
sdzxxs.vercel.app,Phishing,training_set
vssa-silk.vercel.app,Phishing,training_set
s1srahb.vercel.app,Phishing,training_set
lioou.vercel.app,Phishing,training_set
thiol.vercel.app,Phishing,training_set
new-contact.vercel.app,Phishing,training_set
new-contect-del.vercel.app,Phishing,training_set
um-ten.vercel.app,Phishing,training_set
devdm.vercel.app,Phishing,training_set
nxms.vercel.app,Phishing,training_set
sahj5dvty.vercel.app,Phishing,training_set
mkloi.vercel.app,Phishing,training_set
hgfhjk-khfx.vercel.app,Phishing,training_set
bvcdm.vercel.app,Phishing,training_set
hgfhjk-wour.vercel.app,Phishing,training_set
dagsa.vercel.app,Phishing,training_set
srthgjh-6576.vercel.app,Phishing,training_set
ndjs-lovat.vercel.app,Phishing,training_set
vbhg.vercel.app,Phishing,training_set
sbveel-tyr6798i.vercel.app,Phishing,training_set
sbitu-87uyt.vercel.app,Phishing,training_set
sbl-re56.vercel.app,Phishing,training_set
egahs.vercel.app,Phishing,training_set
ashqd.vercel.app,Phishing,training_set
sbbi-nctg.vercel.app,Phishing,training_set
mjikl.vercel.app,Phishing,training_set
okiut.vercel.app,Phishing,training_set
sbbi.vercel.app,Phishing,training_set
vcxd.vercel.app,Phishing,training_set
nvcdf.vercel.app,Phishing,training_set
yjau.vercel.app,Phishing,training_set
aswrt.vercel.app,Phishing,training_set
yhaga.vercel.app,Phishing,training_set
aswrr.vercel.app,Phishing,training_set
bnaqq.vercel.app,Phishing,training_set
nndaq.vercel.app,Phishing,training_set
hgaqw.vercel.app,Phishing,training_set
thhg.vercel.app,Phishing,training_set
my-next-app-silk-gamma.vercel.app,Phishing,training_set
agsw.vercel.app,Phishing,training_set
cahq.vercel.app,Phishing,training_set
nminv.vercel.app,Phishing,training_set
eiol.vercel.app,Phishing,training_set
niooi.vercel.app,Phishing,training_set
sbik3.vercel.app,Phishing,training_set
sbei.vercel.app,Phishing,training_set
australianvisainfo.com,Phishing,mock_Mock_Data_01_08_2025.xlsx
sparkpostmail.com,Phishing,mock_Mock_Data_01_08_2025.xlsx
wetransfer.com,Phishing,mock_Mock_Data_01_08_2025.xlsx
empresas.icicicbank.com,Phishing,mock_Mock_Data_01_08_2025.xlsx
mycardreward.in,Phishing,mock_Mock_Data_01_08_2025.xlsx
hrzkmo.icicicbank.com,Phishing,mock_Mock_Data_01_08_2025.xlsx
v.icicibank.in,Phishing,mock_Mock_Data_01_08_2025.xlsx
db2.icicicbank.com,Phishing,mock_Mock_Data_01_08_2025.xlsx
iccifund.com,Phishing,mock_Mock_Data_01_08_2025.xlsx
icicpsomtng.top,Phishing,mock_Mock_Data_01_08_2025.xlsx
icicadisfurnishseveries.monster,Phishing,mock_Mock_Data_01_08_2025.xlsx
niloonline.shop,Phishing,mock_Mock_Data_01_08_2025.xlsx
savingsaccount.store,Phishing,mock_Mock_Data_01_08_2025.xlsx
icicmm.com,Phishing,mock_Mock_Data_01_08_2025.xlsx
iciciworkflow1.com,Phishing,mock_Mock_Data_01_08_2025.xlsx
icicinc.top,Phishing,mock_Mock_Data_01_08_2025.xlsx
onesource.run,Phishing,mock_Mock_Data_01_08_2025.xlsx
gpvpn.icicibanbk.com,Phishing,mock_Mock_Data_01_08_2025.xlsx
mta-sts.smtp3.iciciprulife.co,Phishing,mock_Mock_Data_01_08_2025.xlsx
mta-sts.salescrm.icicibamk.com,Phishing,mock_Mock_Data_01_08_2025.xlsx
theholw6.icicibamk.com,Phishing,mock_Mock_Data_01_08_2025.xlsx
9d9a28c3-ca42-43e2-b578-78b49bf03843.random.iciciprulife.co,Phishing,mock_Mock_Data_01_08_2025.xlsx
7fb3673b-ec46-430b-8f68-880513a8294e.random.iciciprulife.co,Phishing,mock_Mock_Data_01_08_2025.xlsx
ww7.icicicareer.com,Phishing,mock_Mock_Data_01_08_2025.xlsx
resolver1.icicibamnk.com,Phishing,mock_Mock_Data_01_08_2025.xlsx
mta-sts.test.icicibamk.com,Phishing,mock_Mock_Data_01_08_2025.xlsx
doh.icicibamnk.com,Phishing,mock_Mock_Data_01_08_2025.xlsx
mta-sts.notexistsicicibank.carreer.com,Phishing,mock_Mock_Data_01_08_2025.xlsx
omwzeriyadww25.beta.icicibamk.com,Phishing,mock_Mock_Data_01_08_2025.xlsx
icicicardonline.info,Phishing,mock_Mock_Data_01_08_2025.xlsx
icici-inr.top,Phishing,mock_Mock_Data_01_08_2025.xlsx
icicio.top,Phishing,mock_Mock_Data_01_08_2025.xlsx
mta-sts.docs.iciciprulife.co,Phishing,mock_Mock_Data_01_08_2025.xlsx
mta-sts.vpn.iciciproperties.com,Phishing,mock_Mock_Data_01_08_2025.xlsx
dienstleistungsrichtlinie.icicicbank.com,Phishing,mock_Mock_Data_01_08_2025.xlsx
988a3cf0-88de-435e-90fe-ef14229bee3b.random.iciciprulife.co,Phishing,mock_Mock_Data_01_08_2025.xlsx
members.icicicbank.com,Phishing,mock_Mock_Data_01_08_2025.xlsx
mta-sts.forums.icicibamk.com,Phishing,mock_Mock_Data_01_08_2025.xlsx
ww38.secure.iciciditect.com,Phishing,mock_Mock_Data_01_08_2025.xlsx
ere-nova.icicicbank.com,Phishing,mock_Mock_Data_01_08_2025.xlsx
iciciv.com,Phishing,mock_Mock_Data_01_08_2025.xlsx
icicicc.com,Phishing,mock_Mock_Data_01_08_2025.xlsx
imobile.icicibasnk.com,Phishing,mock_Mock_Data_01_08_2025.xlsx
ww38.infinitynxt.icicibank.site,Phishing,mock_Mock_Data_01_08_2025.xlsx
icicibank.msy169.xyz,Phishing,mock_Mock_Data_01_08_2025.xlsx
mta-sts.icicibank-staging.alardah.com,Phishing,mock_Mock_Data_01_08_2025.xlsx
server.icicibannk.com,Phishing,mock_Mock_Data_01_08_2025.xlsx
ww38.store.iciciprulifeinsurance.com,Phishing,mock_Mock_Data_01_08_2025.xlsx
store.acqweb.icicicbank.com,Phishing,mock_Mock_Data_01_08_2025.xlsx
www.buy.icicibanlk.com,Phishing,mock_Mock_Data_01_08_2025.xlsx
www.store.icicicdirect.com,Phishing,mock_Mock_Data_01_08_2025.xlsx
fortivpn.iciciprulife.co,Phishing,mock_Mock_Data_01_08_2025.xlsx
zafpshvx.icici.app,Phishing,mock_Mock_Data_01_08_2025.xlsx
www.uat.icici.app,Phishing,mock_Mock_Data_01_08_2025.xlsx
aic1c1.vip,Phishing,mock_Mock_Data_01_08_2025.xlsx
iccici.com,Phishing,mock_Mock_Data_01_08_2025.xlsx
iciinsurance.online,Phishing,mock_Mock_Data_01_08_2025.xlsx
l2n2uhji85.icicibasnk.com,Phishing,mock_Mock_Data_01_08_2025.xlsx
icicle1.com,Phishing,mock_Mock_Data_01_08_2025.xlsx
icici.care.co.in,Phishing,mock_Mock_Data_01_08_2025.xlsx
test.icicibank.live,Phishing,mock_Mock_Data_01_08_2025.xlsx
viyionline.com,Phishing,mock_Mock_Data_01_08_2025.xlsx
imenonline.com,Phishing,mock_Mock_Data_01_08_2025.xlsx
stg.icici.app,Phishing,mock_Mock_Data_01_08_2025.xlsx
email.icicicbank.com,Phishing,mock_Mock_Data_01_08_2025.xlsx
www.job-in-bank-icici.today,Phishing,mock_Mock_Data_01_08_2025.xlsx
icicci.top,Phishing,mock_Mock_Data_01_08_2025.xlsx
ficicilarnesine.xyz,Phishing,mock_Mock_Data_01_08_2025.xlsx
icicbgroups.online,Phishing,mock_Mock_Data_01_08_2025.xlsx
www.icicihomel.oan.com,Phishing,mock_Mock_Data_01_08_2025.xlsx
icicn.top,Phishing,mock_Mock_Data_01_08_2025.xlsx
icicin.top,Phishing,mock_Mock_Data_01_08_2025.xlsx
icicibankpersonalloaninchennai.in,Phishing,mock_Mock_Data_01_08_2025.xlsx
icicibankcreditcards.in,Phishing,mock_Mock_Data_01_08_2025.xlsx
cicicici.cn,Phishing,mock_Mock_Data_01_08_2025.xlsx
cicici.cc,Phishing,mock_Mock_Data_01_08_2025.xlsx
icici.nanorep.co,Phishing,mock_Mock_Data_01_08_2025.xlsx
jicici.cn,Phishing,mock_Mock_Data_01_08_2025.xlsx
xcicicicici.com,Phishing,mock_Mock_Data_01_08_2025.xlsx
picici.tk,Phishing,mock_Mock_Data_01_08_2025.xlsx
lilicici.cn,Phishing,mock_Mock_Data_01_08_2025.xlsx
icicimagos.tk,Phishing,mock_Mock_Data_01_08_2025.xlsx
okicici.com,Phishing,mock_Mock_Data_01_08_2025.xlsx
wicici.com,Phishing,mock_Mock_Data_01_08_2025.xlsx
cicici.wang,Phishing,mock_Mock_Data_01_08_2025.xlsx
cicici.it,Phishing,mock_Mock_Data_01_08_2025.xlsx
icici-learningmatrix.co.uk,Phishing,mock_Mock_Data_01_08_2025.xlsx
cicicici.ml,Phishing,mock_Mock_Data_01_08_2025.xlsx
iconicicing.com.au,Phishing,mock_Mock_Data_01_08_2025.xlsx
komuzicici.ga,Phishing,mock_Mock_Data_01_08_2025.xlsx
picicizylu.cf,Phishing,mock_Mock_Data_01_08_2025.xlsx
icicic.me,Phishing,mock_Mock_Data_01_08_2025.xlsx
idicici.com,Phishing,mock_Mock_Data_01_08_2025.xlsx
icicim.com,Phishing,mock_Mock_Data_01_08_2025.xlsx
cicicitv.xyz,Phishing,mock_Mock_Data_01_08_2025.xlsx
icicinps.com,Phishing,mock_Mock_Data_01_08_2025.xlsx
bicicionline.net,Phishing,mock_Mock_Data_01_08_2025.xlsx
belicicil.com,Phishing,mock_Mock_Data_01_08_2025.xlsx
bificiciriqi.cf,Phishing,mock_Mock_Data_01_08_2025.xlsx
qibimicici.cf,Phishing,mock_Mock_Data_01_08_2025.xlsx
cicici.se,Phishing,mock_Mock_Data_01_08_2025.xlsx
wicicixusa.tk,Phishing,mock_Mock_Data_01_08_2025.xlsx
yicicibuxiangh.top,Phishing,mock_Mock_Data_01_08_2025.xlsx
uriciciposuz.tk,Phishing,mock_Mock_Data_01_08_2025.xlsx
cicici.fun,Phishing,mock_Mock_Data_01_08_2025.xlsx
modicici.com,Phishing,mock_Mock_Data_01_08_2025.xlsx
yvicicid.tk,Phishing,mock_Mock_Data_01_08_2025.xlsx
vicicimuxy.tk,Phishing,mock_Mock_Data_01_08_2025.xlsx
ricicioterpu.cf,Phishing,mock_Mock_Data_01_08_2025.xlsx
kobicici.ga,Phishing,mock_Mock_Data_01_08_2025.xlsx
weicici.com,Phishing,mock_Mock_Data_01_08_2025.xlsx
icicinev.gq,Phishing,mock_Mock_Data_01_08_2025.xlsx
icicinabk.com,Phishing,mock_Mock_Data_01_08_2025.xlsx
citcibank.com,Phishing,mock_Mock_Data_01_08_2025.xlsx
icicivil.net.au,Phishing,mock_Mock_Data_01_08_2025.xlsx
cicicicekcilik.com,Phishing,mock_Mock_Data_01_08_2025.xlsx
ulicicibop.cf,Phishing,mock_Mock_Data_01_08_2025.xlsx
bicici.ml,Phishing,mock_Mock_Data_01_08_2025.xlsx
dicicip.com,Phishing,mock_Mock_Data_01_08_2025.xlsx
iturcicici.ml,Phishing,mock_Mock_Data_01_08_2025.xlsx
micici.cn,Phishing,mock_Mock_Data_01_08_2025.xlsx
avicicirean.com,Phishing,mock_Mock_Data_01_08_2025.xlsx
icicivcs.co.in,Phishing,mock_Mock_Data_01_08_2025.xlsx
icici.banklocationmaps.com,Phishing,mock_Mock_Data_01_08_2025.xlsx
clicicililmardi.tk,Phishing,mock_Mock_Data_01_08_2025.xlsx
kirazbicici.com,Phishing,mock_Mock_Data_01_08_2025.xlsx
antitoxicicity.com,Phishing,mock_Mock_Data_01_08_2025.xlsx
tricicidsi.cf,Phishing,mock_Mock_Data_01_08_2025.xlsx
cicici.cz,Phishing,mock_Mock_Data_01_08_2025.xlsx
didicici.com,Phishing,mock_Mock_Data_01_08_2025.xlsx
biciciti.es,Phishing,mock_Mock_Data_01_08_2025.xlsx
lechicicingcookie.com,Phishing,mock_Mock_Data_01_08_2025.xlsx
icicinstitute.in,Phishing,mock_Mock_Data_01_08_2025.xlsx
apps.cicink.com,Phishing,mock_Mock_Data_01_08_2025.xlsx
icicicareers.co.ca,Phishing,mock_Mock_Data_01_08_2025.xlsx
cicicicici.com,Phishing,mock_Mock_Data_01_08_2025.xlsx
ipartnerext.cicilombard.com,Phishing,mock_Mock_Data_01_08_2025.xlsx
icicibank.com.mcas-gov.ms,Phishing,mock_Mock_Data_01_08_2025.xlsx
icicibankltd.com.admin-mcas-gov.ms,Phishing,mock_Mock_Data_01_08_2025.xlsx
icicibankltd.com.mcas-gov.ms,Phishing,mock_Mock_Data_01_08_2025.xlsx
icicidirect.com.admin-mcas-gov.ms,Phishing,mock_Mock_Data_01_08_2025.xlsx
icicidirect.com.mcas-gov.ms,Phishing,mock_Mock_Data_01_08_2025.xlsx
icicifoundation-connect.org,Phishing,mock_Mock_Data_01_08_2025.xlsx
icici.autonetic.com,Phishing,mock_Mock_Data_01_08_2025.xlsx
icici.sreeannaijewels.in,Phishing,mock_Mock_Data_01_08_2025.xlsx
icici.trademantri.in,Phishing,mock_Mock_Data_01_08_2025.xlsx
bk.icicibank.top,Phishing,mock_Mock_Data_01_08_2025.xlsx
es.icicibank.cn,Phishing,mock_Mock_Data_01_08_2025.xlsx
icicilombardhealthcare.com,Phishing,mock_Mock_Data_01_08_2025.xlsx
app.icicibank.top,Phishing,mock_Mock_Data_01_08_2025.xlsx
icici.ezcred.in,Phishing,mock_Mock_Data_01_08_2025.xlsx
icicibank.customlinks.appsflyer.com,Phishing,mock_Mock_Data_01_08_2025.xlsx
icicibank.ru,Phishing,mock_Mock_Data_01_08_2025.xlsx
icicihfc.ph,Phishing,mock_Mock_Data_01_08_2025.xlsx
icicihfc.vg,Phishing,mock_Mock_Data_01_08_2025.xlsx
icicihfc.watches,Phishing,mock_Mock_Data_01_08_2025.xlsx
icicici.in,Phishing,mock_Mock_Data_01_08_2025.xlsx
cicici.co,Phishing,mock_Mock_Data_01_08_2025.xlsx
cicici.site,Phishing,mock_Mock_Data_01_08_2025.xlsx
chicicity.co.uk,Phishing,mock_Mock_Data_01_08_2025.xlsx
tricicinexpo.tk,Phishing,mock_Mock_Data_01_08_2025.xlsx
ww1.cictbank.com,Phishing,mock_Mock_Data_01_08_2025.xlsx
iciciland.com,Phishing,mock_Mock_Data_01_08_2025.xlsx
yicici.space,Phishing,mock_Mock_Data_01_08_2025.xlsx
wiicicir.gq,Phishing,mock_Mock_Data_01_08_2025.xlsx
ucicicillf.ga,Phishing,mock_Mock_Data_01_08_2025.xlsx
ricici.cn,Phishing,mock_Mock_Data_01_08_2025.xlsx
cicici.com,Phishing,mock_Mock_Data_01_08_2025.xlsx
viciciv.com,Phishing,mock_Mock_Data_01_08_2025.xlsx
icici.ru,Phishing,mock_Mock_Data_01_08_2025.xlsx
icicihizins.de,Phishing,mock_Mock_Data_01_08_2025.xlsx
dodicicicli.it,Phishing,mock_Mock_Data_01_08_2025.xlsx
icicine.cm,Phishing,mock_Mock_Data_01_08_2025.xlsx
uzdrowiciciel.pl,Phishing,mock_Mock_Data_01_08_2025.xlsx
apiicici.com,Phishing,mock_Mock_Data_01_08_2025.xlsx
bibicici.it,Phishing,mock_Mock_Data_01_08_2025.xlsx
icicisapawixa.gq,Phishing,mock_Mock_Data_01_08_2025.xlsx
ixacicicig.ga,Phishing,mock_Mock_Data_01_08_2025.xlsx
lelicicisi.tk,Phishing,mock_Mock_Data_01_08_2025.xlsx
lycicicimivi.cf,Phishing,mock_Mock_Data_01_08_2025.xlsx
micicixasilaje.cf,Phishing,mock_Mock_Data_01_08_2025.xlsx
bicici.eu,Phishing,mock_Mock_Data_01_08_2025.xlsx
picici.ro,Phishing,mock_Mock_Data_01_08_2025.xlsx
adicicisig.gq,Phishing,mock_Mock_Data_01_08_2025.xlsx
chicicitira.monster,Phishing,mock_Mock_Data_01_08_2025.xlsx
cicicircular.eu,Phishing,mock_Mock_Data_01_08_2025.xlsx
dicici.ml,Phishing,mock_Mock_Data_01_08_2025.xlsx
ficicilar.com.tr,Phishing,mock_Mock_Data_01_08_2025.xlsx
kikicici.com,Phishing,mock_Mock_Data_01_08_2025.xlsx
itumicicitnan.cf,Phishing,mock_Mock_Data_01_08_2025.xlsx
riciciu.ml,Phishing,mock_Mock_Data_01_08_2025.xlsx
jicicidu.cf,Phishing,mock_Mock_Data_01_08_2025.xlsx
apiliciviciciki.cf,Phishing,mock_Mock_Data_01_08_2025.xlsx
ijicicipylid.ga,Phishing,mock_Mock_Data_01_08_2025.xlsx
sicicilsym.gq,Phishing,mock_Mock_Data_01_08_2025.xlsx
zicici.ml,Phishing,mock_Mock_Data_01_08_2025.xlsx
bybiciciniqa.ga,Phishing,mock_Mock_Data_01_08_2025.xlsx
quicicisoun.tk,Phishing,mock_Mock_Data_01_08_2025.xlsx
geltticicilwi.tk,Phishing,mock_Mock_Data_01_08_2025.xlsx
clicicictan.ml,Phishing,mock_Mock_Data_01_08_2025.xlsx
zekicici.com,Phishing,mock_Mock_Data_01_08_2025.xlsx
medicicircle.com,Phishing,mock_Mock_Data_01_08_2025.xlsx
bilalbicici.com.tr,Phishing,mock_Mock_Data_01_08_2025.xlsx
clicici.ca,Phishing,mock_Mock_Data_01_08_2025.xlsx
bicicleta-lujo.com,Phishing,mock_Mock_Data_01_08_2025.xlsx
bicicletas.xyz,Phishing,mock_Mock_Data_01_08_2025.xlsx
ns1.ciclope.net,Phishing,mock_Mock_Data_01_08_2025.xlsx
ilciciftligi.com.tr,Phishing,mock_Mock_Data_01_08_2025.xlsx
minicici.cn,Phishing,mock_Mock_Data_01_08_2025.xlsx
icicin.gq,Phishing,mock_Mock_Data_01_08_2025.xlsx
atproficicicna.tk,Phishing,mock_Mock_Data_01_08_2025.xlsx
ticici.cf,Phishing,mock_Mock_Data_01_08_2025.xlsx
ciccciciciccicicccii.ga,Phishing,mock_Mock_Data_01_08_2025.xlsx
cicicicicici.com,Phishing,mock_Mock_Data_01_08_2025.xlsx
icicledid.com,Phishing,mock_Mock_Data_01_08_2025.xlsx
miciclo.com,Phishing,mock_Mock_Data_01_08_2025.xlsx
tipici.club,Phishing,mock_Mock_Data_01_08_2025.xlsx
i-cicle.com,Phishing,mock_Mock_Data_01_08_2025.xlsx
ns01.bicicletasuperprestigio.com,Phishing,mock_Mock_Data_01_08_2025.xlsx
ns02.bicicletesportocolom.com,Phishing,mock_Mock_Data_01_08_2025.xlsx
ns01.ciclosteo.com,Phishing,mock_Mock_Data_01_08_2025.xlsx
bicicletasushuaia.com,Phishing,mock_Mock_Data_01_08_2025.xlsx
ns01.bicicletastribiker.com,Phishing,mock_Mock_Data_01_08_2025.xlsx
ns01.bicicletasmundopedal.com,Phishing,mock_Mock_Data_01_08_2025.xlsx
biciclasificados.com,Phishing,mock_Mock_Data_01_08_2025.xlsx
ns01.bicicletastope.com,Phishing,mock_Mock_Data_01_08_2025.xlsx
bicicletachopper.com,Phishing,mock_Mock_Data_01_08_2025.xlsx
lcicllc.com,Phishing,mock_Mock_Data_01_08_2025.xlsx
bicicletasbosqueysalud.com,Phishing,mock_Mock_Data_01_08_2025.xlsx
aicici.cn,Phishing,mock_Mock_Data_01_08_2025.xlsx
uicici.com,Phishing,mock_Mock_Data_01_08_2025.xlsx
labicicleta.co.uk,Phishing,mock_Mock_Data_01_08_2025.xlsx
bicicleta-electrica-usada.store,Phishing,mock_Mock_Data_01_08_2025.xlsx
bicicletas-electricas.online,Phishing,mock_Mock_Data_01_08_2025.xlsx
bicicleta-electrica-segunda-mano.online,Phishing,mock_Mock_Data_01_08_2025.xlsx
bicicims.com,Phishing,mock_Mock_Data_01_08_2025.xlsx
riciclidea.org,Phishing,mock_Mock_Data_01_08_2025.xlsx
cixibank.cn,Phishing,mock_Mock_Data_01_08_2025.xlsx
cicicici.org,Phishing,mock_Mock_Data_01_08_2025.xlsx
cicici.org,Phishing,mock_Mock_Data_01_08_2025.xlsx
ezgificici.com,Phishing,mock_Mock_Data_01_08_2025.xlsx
bicici.gen.tr,Phishing,mock_Mock_Data_01_08_2025.xlsx
ciciba.info,Phishing,mock_Mock_Data_01_08_2025.xlsx
cicifosilcici.shop,Phishing,mock_Mock_Data_01_08_2025.xlsx
ciibank.pl,Phishing,mock_Mock_Data_01_08_2025.xlsx
jicici.com,Phishing,mock_Mock_Data_01_08_2025.xlsx
micici.fr,Phishing,mock_Mock_Data_01_08_2025.xlsx
dicici.com,Phishing,mock_Mock_Data_01_08_2025.xlsx
cicici.store,Phishing,mock_Mock_Data_01_08_2025.xlsx
micicipi.com,Phishing,mock_Mock_Data_01_08_2025.xlsx
micicipii.com,Phishing,mock_Mock_Data_01_08_2025.xlsx
yenigibicici.com,Phishing,mock_Mock_Data_01_08_2025.xlsx
kiciciap.shop,Phishing,mock_Mock_Data_01_08_2025.xlsx
yenigibicici.xyz,Phishing,mock_Mock_Data_01_08_2025.xlsx
bnpparibasbicici.com,Phishing,mock_Mock_Data_01_08_2025.xlsx
icicipi.top,Phishing,mock_Mock_Data_01_08_2025.xlsx
makasicici.com,Phishing,mock_Mock_Data_01_08_2025.xlsx
cicici.id,Phishing,mock_Mock_Data_01_08_2025.xlsx
mimicicicaketng.com,Phishing,mock_Mock_Data_01_08_2025.xlsx
tistdetelicici.tk,Phishing,mock_Mock_Data_01_08_2025.xlsx
falicici.online,Phishing,mock_Mock_Data_01_08_2025.xlsx
undiciclo.com,Phishing,mock_Mock_Data_01_08_2025.xlsx
iciclestraw.com,Phishing,mock_Mock_Data_01_08_2025.xlsx
riciclamente.com,Phishing,mock_Mock_Data_01_08_2025.xlsx
gokcebicici.com,Phishing,mock_Mock_Data_01_08_2025.xlsx
iciciea.com,Phishing,mock_Mock_Data_01_08_2025.xlsx
bicici.online,Phishing,mock_Mock_Data_01_08_2025.xlsx
bicici.net,Phishing,mock_Mock_Data_01_08_2025.xlsx
aicicia.se,Phishing,mock_Mock_Data_01_08_2025.xlsx
aicicia.com,Phishing,mock_Mock_Data_01_08_2025.xlsx
aicicia.art,Phishing,mock_Mock_Data_01_08_2025.xlsx
juicici.campsite.bio,Phishing,mock_Mock_Data_01_08_2025.xlsx
uwicicis.myhostpoint.ch,Phishing,mock_Mock_Data_01_08_2025.xlsx
aicicicici.repl.co,Phishing,mock_Mock_Data_01_08_2025.xlsx
citicicifulworl.tk,Phishing,mock_Mock_Data_01_08_2025.xlsx
hepsicici.com.polkaconnect.com,Phishing,mock_Mock_Data_01_08_2025.xlsx
spiciciden.ga,Phishing,mock_Mock_Data_01_08_2025.xlsx
otticicio.com,Phishing,mock_Mock_Data_01_08_2025.xlsx
icbank.net,Phishing,mock_Mock_Data_01_08_2025.xlsx
cibcbank.net,Phishing,mock_Mock_Data_01_08_2025.xlsx
artebicicitytours.com,Phishing,mock_Mock_Data_01_08_2025.xlsx
versdicici.gq,Phishing,mock_Mock_Data_01_08_2025.xlsx
simplicicity.de,Phishing,mock_Mock_Data_01_08_2025.xlsx
arcticicicles.com,Phishing,mock_Mock_Data_01_08_2025.xlsx
juicici.store,Phishing,mock_Mock_Data_01_08_2025.xlsx
tunaicicilan.com,Phishing,mock_Mock_Data_01_08_2025.xlsx
nesibebicici.com,Phishing,mock_Mock_Data_01_08_2025.xlsx
prodottitipiciciociari.it,Phishing,mock_Mock_Data_01_08_2025.xlsx
ticicity.com,Phishing,mock_Mock_Data_01_08_2025.xlsx
omicicintufar.tk,Phishing,mock_Mock_Data_01_08_2025.xlsx
dicic.link,Phishing,mock_Mock_Data_01_08_2025.xlsx
bicicletaspara.info,Phishing,mock_Mock_Data_01_08_2025.xlsx
lokvicici.hippocamp.eu,Phishing,mock_Mock_Data_01_08_2025.xlsx
tranaficicil.tk,Phishing,mock_Mock_Data_01_08_2025.xlsx
8maysite2-ozficici.me,Phishing,mock_Mock_Data_01_08_2025.xlsx
mimicicicake.com,Phishing,mock_Mock_Data_01_08_2025.xlsx
mimicicicake.com.kueulangtahunbogor.com,Phishing,mock_Mock_Data_01_08_2025.xlsx
cicicircular.com,Phishing,mock_Mock_Data_01_08_2025.xlsx
licicis.com,Phishing,mock_Mock_Data_01_08_2025.xlsx
onariciciftci.com,Phishing,mock_Mock_Data_01_08_2025.xlsx
meokicicit.tk,Phishing,mock_Mock_Data_01_08_2025.xlsx
quicicidi.cf,Phishing,mock_Mock_Data_01_08_2025.xlsx
iciciconverse.byteprophecy.accenture.com,Phishing,mock_Mock_Data_01_08_2025.xlsx
ww01.citibank.com.in,Phishing,mock_Mock_Data_01_08_2025.xlsx
micicipi.ir,Phishing,mock_Mock_Data_01_08_2025.xlsx
custmail.icicibank.com.mcas.ms,Phishing,mock_Mock_Data_01_08_2025.xlsx
cvicicizralok.com,Phishing,mock_Mock_Data_01_08_2025.xlsx
iciciacs.com,Phishing,mock_Mock_Data_01_08_2025.xlsx
autoconfig.ciciprulife.com,Phishing,mock_Mock_Data_01_08_2025.xlsx
cicicity.com,Phishing,mock_Mock_Data_01_08_2025.xlsx
firstdataicici.magecomp.org,Phishing,mock_Mock_Data_01_08_2025.xlsx
bankicici.wuaze.com,Phishing,mock_Mock_Data_01_08_2025.xlsx
blicicil.app,Phishing,mock_Mock_Data_01_08_2025.xlsx
yurticicicekcilik.online,Phishing,mock_Mock_Data_01_08_2025.xlsx
drvelicicimen.com,Phishing,mock_Mock_Data_01_08_2025.xlsx
argold-icici.aerele.in,Phishing,mock_Mock_Data_01_08_2025.xlsx
icicibudgeting.magitt.com,Phishing,mock_Mock_Data_01_08_2025.xlsx
nesibebiciciart.com,Phishing,mock_Mock_Data_01_08_2025.xlsx
icici-lombardhelpdocs.cogdam.com,Phishing,mock_Mock_Data_01_08_2025.xlsx
yurticicicekcilik.com,Phishing,mock_Mock_Data_01_08_2025.xlsx
icbank.cc,Phishing,mock_Mock_Data_01_08_2025.xlsx
themusicicityaccball.org,Phishing,mock_Mock_Data_01_08_2025.xlsx
ww01.cidibank.com,Phishing,mock_Mock_Data_01_08_2025.xlsx
uaticici.aalroot.com,Phishing,mock_Mock_Data_01_08_2025.xlsx
umanerficicin.tk,Phishing,mock_Mock_Data_01_08_2025.xlsx
dicici.net,Phishing,mock_Mock_Data_01_08_2025.xlsx
cicici.vip,Phishing,mock_Mock_Data_01_08_2025.xlsx
ccbank.online,Phishing,mock_Mock_Data_01_08_2025.xlsx
vaicicigroup.net,Phishing,mock_Mock_Data_01_08_2025.xlsx
centriacusticicisento.it,Phishing,mock_Mock_Data_01_08_2025.xlsx
dev-icici.pantheonsite.io,Phishing,mock_Mock_Data_01_08_2025.xlsx
infinity.icicibank.com.mcas.ms,Phishing,mock_Mock_Data_01_08_2025.xlsx
biciciotomotivkonya.com,Phishing,mock_Mock_Data_01_08_2025.xlsx
icici.creditmonitor.info,Phishing,mock_Mock_Data_01_08_2025.xlsx
icici.bank.co.in,Phishing,mock_Mock_Data_01_08_2025.xlsx
ricici.com,Phishing,mock_Mock_Data_01_08_2025.xlsx
janicici.com,Phishing,mock_Mock_Data_01_08_2025.xlsx
dodicicilindri.com,Phishing,mock_Mock_Data_01_08_2025.xlsx
idicicihe.shop,Phishing,mock_Mock_Data_01_08_2025.xlsx
jidicicicixidiiddi.one,Phishing,mock_Mock_Data_01_08_2025.xlsx
quizsilver.com,Phishing,mock_Mock_Data_01_08_2025.xlsx
uicicifmre.ewefvo.homes,Phishing,mock_Mock_Data_01_08_2025.xlsx
icici.sworks.co.in,Phishing,mock_Mock_Data_01_08_2025.xlsx
weicicizhuan.com,Phishing,mock_Mock_Data_01_08_2025.xlsx
pipicici.com,Phishing,mock_Mock_Data_01_08_2025.xlsx
oembrand.com,Phishing,mock_Mock_Data_01_08_2025.xlsx
icicis.cis.asu.edu.eg,Phishing,mock_Mock_Data_01_08_2025.xlsx
dicicilaja.info,Phishing,mock_Mock_Data_01_08_2025.xlsx
cicici.altervista.org,Phishing,mock_Mock_Data_01_08_2025.xlsx
mimicici-qc.direct.quickconnect.to,Phishing,mock_Mock_Data_01_08_2025.xlsx
lvicicira.shop,Phishing,mock_Mock_Data_01_08_2025.xlsx
shicici.com,Phishing,mock_Mock_Data_01_08_2025.xlsx
bodhicici.com,Phishing,mock_Mock_Data_01_08_2025.xlsx
aicicill.com,Phishing,mock_Mock_Data_01_08_2025.xlsx
xicici.cn,Phishing,mock_Mock_Data_01_08_2025.xlsx
klicici.com,Phishing,mock_Mock_Data_01_08_2025.xlsx
bicicihukuk.com,Phishing,mock_Mock_Data_01_08_2025.xlsx
eticicibebe.com,Phishing,mock_Mock_Data_01_08_2025.xlsx
cicicil.sbs,Phishing,mock_Mock_Data_01_08_2025.xlsx
iciciyvao.shop,Phishing,mock_Mock_Data_01_08_2025.xlsx
mybicici.com,Phishing,mock_Mock_Data_01_08_2025.xlsx
apartmenticici.com,Phishing,mock_Mock_Data_01_08_2025.xlsx
leoagarbatti.icicirud.com,Phishing,mock_Mock_Data_01_08_2025.xlsx
micicipi.ruk.eug.store.mx0.edushophk.com,Phishing,mock_Mock_Data_01_08_2025.xlsx
ficicioglu.de,Phishing,mock_Mock_Data_01_08_2025.xlsx
denicici.direct.quickconnect.to,Phishing,mock_Mock_Data_01_08_2025.xlsx
dramaiciciari.com,Phishing,mock_Mock_Data_01_08_2025.xlsx
credit-auto-bicici.com,Phishing,mock_Mock_Data_01_08_2025.xlsx
lokvicici.iptvsmart.eu,Phishing,mock_Mock_Data_01_08_2025.xlsx
micicipi.top,Phishing,mock_Mock_Data_01_08_2025.xlsx
de.xixizizicici.store,Phishing,mock_Mock_Data_01_08_2025.xlsx
chickibank.au,Phishing,mock_Mock_Data_01_08_2025.xlsx
democraticicivici.it,Phishing,mock_Mock_Data_01_08_2025.xlsx
nam.simntit.nicici.adata.in,Phishing,mock_Mock_Data_01_08_2025.xlsx
polatbicici.com,Phishing,mock_Mock_Data_01_08_2025.xlsx
polatbicici.online,Phishing,mock_Mock_Data_01_08_2025.xlsx
polatbicici.xyz,Phishing,mock_Mock_Data_01_08_2025.xlsx
kwikid.kyc.priv.icici.getkwikid.com,Phishing,mock_Mock_Data_01_08_2025.xlsx
ycfguneskiricicit.com,Phishing,mock_Mock_Data_01_08_2025.xlsx
cicicici.direct.quickconnect.to,Phishing,mock_Mock_Data_01_08_2025.xlsx
bicici.croatia.topdestination.it,Phishing,mock_Mock_Data_01_08_2025.xlsx
icicrts.in,Phishing,mock_Mock_Data_01_08_2025.xlsx
geciktiricici.palgat.com,Phishing,mock_Mock_Data_01_08_2025.xlsx
daodaocicicishang2866.top,Phishing,mock_Mock_Data_01_08_2025.xlsx
gameicicie.com,Phishing,mock_Mock_Data_01_08_2025.xlsx
iddia-bicici-be.arolitec.com,Phishing,mock_Mock_Data_01_08_2025.xlsx
wicicio1.pro,Phishing,mock_Mock_Data_01_08_2025.xlsx
icbcbank.ru,Phishing,mock_Mock_Data_01_08_2025.xlsx
cacibank.com,Phishing,mock_Mock_Data_01_08_2025.xlsx
bicicimum.com.tr,Phishing,mock_Mock_Data_01_08_2025.xlsx
zicicip-157-89.df.gov.br,Phishing,mock_Mock_Data_01_08_2025.xlsx
lokvicici.travellove.eu,Phishing,mock_Mock_Data_01_08_2025.xlsx
bicici.croatia.topdestination.de,Phishing,mock_Mock_Data_01_08_2025.xlsx
suryaticici32.erwinnila123.my.id,Phishing,mock_Mock_Data_01_08_2025.xlsx
optifiiicicidev.betadelivery.com,Phishing,mock_Mock_Data_01_08_2025.xlsx
kiciciuchy.pl,Phishing,mock_Mock_Data_01_08_2025.xlsx
cibcbank.me,Phishing,mock_Mock_Data_01_08_2025.xlsx
icbcbank.top,Phishing,mock_Mock_Data_01_08_2025.xlsx
icicity.com,Phishing,mock_Mock_Data_01_08_2025.xlsx
my.micicipi.ru,Phishing,mock_Mock_Data_01_08_2025.xlsx
ciciciciciic.altervista.org,Phishing,mock_Mock_Data_01_08_2025.xlsx
imap.egicici.com,Phishing,mock_Mock_Data_01_08_2025.xlsx
bicicita.bitlen.com,Phishing,mock_Mock_Data_01_08_2025.xlsx
www.icichfc.com,Phishing,mock_Mock_Data_01_08_2025.xlsx
ww16.pujicicixu.suplikasro.cz,Phishing,mock_Mock_Data_01_08_2025.xlsx
labicicicletta.ch,Phishing,mock_Mock_Data_01_08_2025.xlsx
articicial-grass.click,Phishing,mock_Mock_Data_01_08_2025.xlsx
milicicity.forumh.net,Phishing,mock_Mock_Data_01_08_2025.xlsx
icicibankbizcircle.raovat9s.com,Phishing,mock_Mock_Data_01_08_2025.xlsx
delicici.com,Phishing,mock_Mock_Data_01_08_2025.xlsx
epicicious.com,Phishing,mock_Mock_Data_01_08_2025.xlsx
closdevicici.crm8.dynaics.com,Phishing,mock_Mock_Data_01_08_2025.xlsx
icicib.com.mintvalley.com,Phishing,mock_Mock_Data_01_08_2025.xlsx
licici.cn,Phishing,mock_Mock_Data_01_08_2025.xlsx
portal.cicidirect.com,Phishing,mock_Mock_Data_01_08_2025.xlsx
icbcbank.com.cn,Phishing,mock_Mock_Data_01_08_2025.xlsx
bicicita.greenhub.es,Phishing,mock_Mock_Data_01_08_2025.xlsx
ilicicimpiesnertz.online,Phishing,mock_Mock_Data_01_08_2025.xlsx
ecanivicici.arab-spam.com,Phishing,mock_Mock_Data_01_08_2025.xlsx
mimicici-qc.direct.quickconnect.cn,Phishing,mock_Mock_Data_01_08_2025.xlsx
la.dicicion.mia.es,Phishing,mock_Mock_Data_01_08_2025.xlsx
mengzhicici.5ddd.com,Phishing,mock_Mock_Data_01_08_2025.xlsx
a.mx.icicibank.in,Phishing,mock_Mock_Data_01_08_2025.xlsx
uaticicifadminapi.mgrant.in,Phishing,mock_Mock_Data_01_08_2025.xlsx
miglioribicicitta.altervista.org,Phishing,mock_Mock_Data_01_08_2025.xlsx
caricicijitu.store,Phishing,mock_Mock_Data_01_08_2025.xlsx
caricicijitu.xyz,Phishing,mock_Mock_Data_01_08_2025.xlsx
spicicisma.com,Phishing,mock_Mock_Data_01_08_2025.xlsx
icici-tourism.com,Phishing,mock_Mock_Data_01_08_2025.xlsx
crmapi.icicirise.com,Phishing,mock_Mock_Data_01_08_2025.xlsx
dodicicinque.com,Phishing,mock_Mock_Data_01_08_2025.xlsx
pejuangjpgacor.vip.prediksicici.xyz,Phishing,mock_Mock_Data_01_08_2025.xlsx
icici-ecollect-prod.flamingotravels.co.in,Phishing,mock_Mock_Data_01_08_2025.xlsx
lokvicici.hr,Phishing,mock_Mock_Data_01_08_2025.xlsx
cicici.ggff.net,Phishing,mock_Mock_Data_01_08_2025.xlsx
bogazicicimento.com,Phishing,mock_Mock_Data_01_08_2025.xlsx
plasticicicles.com,Phishing,mock_Mock_Data_01_08_2025.xlsx
ld-icici.toss4u.com,Phishing,mock_Mock_Data_01_08_2025.xlsx
ficicilar.com,Phishing,mock_Mock_Data_01_08_2025.xlsx
icicipointin.sbs,Phishing,mock_Mock_Data_01_08_2025.xlsx
alicici.cn,Phishing,mock_Mock_Data_01_08_2025.xlsx
biciciclismo.com,Phishing,mock_Mock_Data_01_08_2025.xlsx
icicirtgsbcob.bhagyodayabank.com,Phishing,mock_Mock_Data_01_08_2025.xlsx
pinarficici.xyz,Phishing,mock_Mock_Data_01_08_2025.xlsx
iciciapi.lyra-network.in,Phishing,mock_Mock_Data_01_08_2025.xlsx
pinarficici.com.tr,Phishing,mock_Mock_Data_01_08_2025.xlsx
chuaicici.cn,Phishing,mock_Mock_Data_01_08_2025.xlsx
bogaziciciftlik.com,Phishing,mock_Mock_Data_01_08_2025.xlsx
onicici.info,Phishing,mock_Mock_Data_01_08_2025.xlsx
viveplata.com.huicicilagold.com,Phishing,mock_Mock_Data_01_08_2025.xlsx
cicicici.synology.me,Phishing,mock_Mock_Data_01_08_2025.xlsx
icicic.carreers.com,Phishing,mock_Mock_Data_01_08_2025.xlsx
poshn-icici-uat-stage.poshn.app,Phishing,mock_Mock_Data_01_08_2025.xlsx
icicivd.xyzb.netww.22fd810e.nip.io,Phishing,mock_Mock_Data_01_08_2025.xlsx
bicicinet.gslb-off.wealthmanagement.cz,Phishing,mock_Mock_Data_01_08_2025.xlsx
testicicipg.store,Phishing,mock_Mock_Data_01_08_2025.xlsx
bicici.bmm.in,Phishing,mock_Mock_Data_01_08_2025.xlsx
icicimov.rents.ws,Phishing,mock_Mock_Data_01_08_2025.xlsx
ww25.icici.myclassbord.com,Phishing,mock_Mock_Data_01_08_2025.xlsx
cicici.dpdns.org,Phishing,mock_Mock_Data_01_08_2025.xlsx
ozficici.com,Phishing,mock_Mock_Data_01_08_2025.xlsx
picicipo.hu,Phishing,mock_Mock_Data_01_08_2025.xlsx
jogroun-0.weicici.net,Phishing,mock_Mock_Data_01_08_2025.xlsx
aricicichi.direct.quickconnect.to,Phishing,mock_Mock_Data_01_08_2025.xlsx
aricicichi.synology.me,Phishing,mock_Mock_Data_01_08_2025.xlsx
bmwicici.de,Phishing,mock_Mock_Data_01_08_2025.xlsx
icicic.jp,Phishing,mock_Mock_Data_01_08_2025.xlsx
lericicittacreativa.it,Phishing,mock_Mock_Data_01_08_2025.xlsx
gjergjicici.johndoegroup.de,Phishing,mock_Mock_Data_01_08_2025.xlsx
cicici.vskkl.com,Phishing,mock_Mock_Data_01_08_2025.xlsx
cicicilento.de,Phishing,mock_Mock_Data_01_08_2025.xlsx
ivanlovricici.us1.hostry.host,Phishing,mock_Mock_Data_01_08_2025.xlsx
www.iciuser.co.in,Phishing,mock_Mock_Data_01_08_2025.xlsx
kikicici.cn,Phishing,mock_Mock_Data_01_08_2025.xlsx
notexistsicici.careeers.com,Phishing,mock_Mock_Data_01_08_2025.xlsx
omerbicici.direct.quickconnect.to,Phishing,mock_Mock_Data_01_08_2025.xlsx
rusticiciclecows.mylearndash.com,Phishing,mock_Mock_Data_01_08_2025.xlsx
isidicici.store,Phishing,mock_Mock_Data_01_08_2025.xlsx
aicicinnovative.com,Phishing,mock_Mock_Data_01_08_2025.xlsx
ww1.ciitbank.com,Phishing,mock_Mock_Data_01_08_2025.xlsx
picicicik.startporno.hu,Phishing,mock_Mock_Data_01_08_2025.xlsx
giavicici.asia,Phishing,mock_Mock_Data_01_08_2025.xlsx
lfotpicicibank.coj.me,Phishing,mock_Mock_Data_01_08_2025.xlsx
ww1.ciitbank.co.in,Phishing,mock_Mock_Data_01_08_2025.xlsx
nicicita.ch,Phishing,mock_Mock_Data_01_08_2025.xlsx
pinfo.icici.grop.com,Phishing,mock_Mock_Data_01_08_2025.xlsx
uang-pangkal-bisa-dicicil.depressiond.com,Phishing,mock_Mock_Data_01_08_2025.xlsx
ticici.direct.quickconnect.to,Phishing,mock_Mock_Data_01_08_2025.xlsx
panificicialoni.it,Phishing,mock_Mock_Data_01_08_2025.xlsx
clicici.chateauduvice.com,Phishing,mock_Mock_Data_01_08_2025.xlsx
batuhanficici.com,Phishing,mock_Mock_Data_01_08_2025.xlsx
dicicipua.cdnapp.net,Phishing,mock_Mock_Data_01_08_2025.xlsx
console.icici.buildint.co,Phishing,mock_Mock_Data_01_08_2025.xlsx
levgreen.com.ua,Phishing,mock_Mock_Data_01_08_2025.xlsx
icicibanktitaniumcard.in,Phishing,mock_Mock_Data_01_08_2025.xlsx
myicicibank.in,Phishing,mock_Mock_Data_01_08_2025.xlsx
icicibankhomeloan.in,Phishing,mock_Mock_Data_01_08_2025.xlsx
hicicie.com,Phishing,mock_Mock_Data_01_08_2025.xlsx
icicibanksip.in,Phishing,mock_Mock_Data_01_08_2025.xlsx
icicicardoffer.info,Phishing,mock_Mock_Data_01_08_2025.xlsx
iciinnovations.org,Phishing,mock_Mock_Data_01_08_2025.xlsx
hvkn4feaq6ic1cihhbg80ncmghh58116.com,Phishing,mock_Mock_Data_01_08_2025.xlsx
icicta.com,Phishing,mock_Mock_Data_01_08_2025.xlsx
onicici.com,Phishing,mock_Mock_Data_01_08_2025.xlsx
icicibanking.org,Phishing,mock_Mock_Data_01_08_2025.xlsx
lclclbank.ng,Phishing,mock_Mock_Data_01_08_2025.xlsx
icicapitalllc.com,Phishing,mock_Mock_Data_01_08_2025.xlsx
icic.bet,Phishing,mock_Mock_Data_01_08_2025.xlsx
www.sandbox-superset.iciciprulife.co,Phishing,mock_Mock_Data_01_08_2025.xlsx
icicic.org,Phishing,mock_Mock_Data_01_08_2025.xlsx
icici-world.com,Phishing,mock_Mock_Data_01_08_2025.xlsx
icicipersonalloan.doodlekit.com,Phishing,mock_Mock_Data_01_08_2025.xlsx
safimoneytransfer.com,Phishing,mock_Mock_Data_01_08_2025.xlsx
57e0d8d2686c.mail.iciciprulife.co,Phishing,mock_Mock_Data_01_08_2025.xlsx
iciciloans.com,Phishing,mock_Mock_Data_01_08_2025.xlsx
iciciconcepts.com,Phishing,mock_Mock_Data_01_08_2025.xlsx
icicbet.com,Phishing,mock_Mock_Data_01_08_2025.xlsx
icicisecurities.vip,Phishing,mock_Mock_Data_01_08_2025.xlsx
icici-investment.com,Phishing,mock_Mock_Data_01_08_2025.xlsx
selma-bicici.net,Phishing,mock_Mock_Data_01_08_2025.xlsx
selma-bicici.com,Phishing,mock_Mock_Data_01_08_2025.xlsx
dolmetscher-bicici.com,Phishing,mock_Mock_Data_01_08_2025.xlsx
ccicicilod.com,Phishing,mock_Mock_Data_01_08_2025.xlsx
cicicicicici.cn,Phishing,mock_Mock_Data_01_08_2025.xlsx
icicilbank.sbs,Phishing,mock_Mock_Data_01_08_2025.xlsx
icicillbank.cc,Phishing,mock_Mock_Data_01_08_2025.xlsx
icicibanlk.com,Phishing,mock_Mock_Data_01_08_2025.xlsx
aaadvantage.io,Phishing,mock_Mock_Data_01_08_2025.xlsx
scifidubai.com,Phishing,mock_Mock_Data_01_08_2025.xlsx
iiainfotech.com,Phishing,mock_Mock_Data_01_08_2025.xlsx
rcipromotions.com,Phishing,mock_Mock_Data_01_08_2025.xlsx
dmpromotion.com,Phishing,mock_Mock_Data_01_08_2025.xlsx
lalpuricicibank.com,Phishing,mock_Mock_Data_01_08_2025.xlsx
icici.crediwatch.org,Phishing,mock_Mock_Data_01_08_2025.xlsx
icicibanksales.in,Phishing,mock_Mock_Data_01_08_2025.xlsx
800e3e8e5b30.ngrok.io,Phishing,mock_Mock_Data_01_08_2025.xlsx
ici.cibank.com,Phishing,mock_Mock_Data_01_08_2025.xlsx
icic.ibank.com,Phishing,mock_Mock_Data_01_08_2025.xlsx
icici.bank.com,Phishing,mock_Mock_Data_01_08_2025.xlsx
iciciba.nk.com,Phishing,mock_Mock_Data_01_08_2025.xlsx
icicimoney2india.com,Phishing,mock_Mock_Data_01_08_2025.xlsx
bank-icici.cyou,Phishing,mock_Mock_Data_01_08_2025.xlsx
cicbank.finance,Phishing,mock_Mock_Data_01_08_2025.xlsx
mx7.icicibanklogin.com,Phishing,mock_Mock_Data_01_08_2025.xlsx
videokyc.icicibsnk.com,Phishing,mock_Mock_Data_01_08_2025.xlsx
icicin.net,Phishing,mock_Mock_Data_01_08_2025.xlsx
icicin.ch,Phishing,mock_Mock_Data_01_08_2025.xlsx
iciclo.com,Phishing,mock_Mock_Data_01_08_2025.xlsx
cicici.xin,Phishing,mock_Mock_Data_01_08_2025.xlsx
4ward25.com,Phishing,mock_Mock_Data_01_08_2025.xlsx
zicici.com,Phishing,mock_Mock_Data_01_08_2025.xlsx
www.moviez.ml,Phishing,mock_Mock_Data_01_08_2025.xlsx
iciciaccount.com,Phishing,mock_Mock_Data_01_08_2025.xlsx
icicibankestatement.com,Phishing,mock_Mock_Data_01_08_2025.xlsx
icicibankmerchant.com,Phishing,mock_Mock_Data_01_08_2025.xlsx
icicibanknriservices.com,Phishing,mock_Mock_Data_01_08_2025.xlsx
icicihfcfd.com,Phishing,mock_Mock_Data_01_08_2025.xlsx
onlineicicibank.com,Phishing,mock_Mock_Data_01_08_2025.xlsx
icico.xyz,Phishing,mock_Mock_Data_01_08_2025.xlsx
icicin.org,Phishing,mock_Mock_Data_01_08_2025.xlsx
icicin.biz,Phishing,mock_Mock_Data_01_08_2025.xlsx
bit.ly,Phishing,mock_Mock_Data_01_08_2025.xlsx
icici.candlesrider.com,Phishing,mock_Mock_Data_01_08_2025.xlsx
icicin.eu,Phishing,mock_Mock_Data_01_08_2025.xlsx
icici.figo.in,Phishing,mock_Mock_Data_01_08_2025.xlsx
icicingenieria.com,Phishing,mock_Mock_Data_01_08_2025.xlsx
cicici.cn,Phishing,mock_Mock_Data_01_08_2025.xlsx
icicicarrier.com,Phishing,mock_Mock_Data_01_08_2025.xlsx
icici.securehostdns.com,Phishing,mock_Mock_Data_01_08_2025.xlsx
cicici.ci,Phishing,mock_Mock_Data_01_08_2025.xlsx
icicic.cn,Phishing,mock_Mock_Data_01_08_2025.xlsx
icici.sbi.au,Phishing,mock_Mock_Data_01_08_2025.xlsx
xn--ccbank-2vabb.com,Phishing,mock_Mock_Data_01_08_2025.xlsx
xn--ccbank-h8abb.com,Phishing,mock_Mock_Data_01_08_2025.xlsx
xn--ccbank-vvabb.com,Phishing,mock_Mock_Data_01_08_2025.xlsx
loginindusinds.com,Phishing,mock_Mock_Data_01_08_2025.xlsx
indusindslogin.com,Phishing,mock_Mock_Data_01_08_2025.xlsx
icicidirect.finux.com,Phishing,mock_Mock_Data_01_08_2025.xlsx
spocto360-icici.smartcollect.digital,Phishing,mock_Mock_Data_01_08_2025.xlsx
icici.carriers.in,Phishing,mock_Mock_Data_01_08_2025.xlsx
icici.billpro.online,Phishing,mock_Mock_Data_01_08_2025.xlsx
icicirewardspro.in.ultimacare.in,Phishing,mock_Mock_Data_01_08_2025.xlsx
icici.toll.cust.it,Phishing,mock_Mock_Data_01_08_2025.xlsx
kyc-icicimpocket3385-f6f3ab.online,Phishing,mock_Mock_Data_01_08_2025.xlsx
apps.iciciprupms.com,Phishing,mock_Mock_Data_01_08_2025.xlsx
apicici.com,Phishing,mock_Mock_Data_01_08_2025.xlsx
icicibank.reliablegroupindia.com,Phishing,mock_Mock_Data_01_08_2025.xlsx
icicibank.inifinity.com,Phishing,mock_Mock_Data_01_08_2025.xlsx
iciciservices.fasteasy.in,Phishing,mock_Mock_Data_01_08_2025.xlsx
icici.wrms.com,Phishing,mock_Mock_Data_01_08_2025.xlsx
icici.fastage.com,Phishing,mock_Mock_Data_01_08_2025.xlsx
managecredit.in,Phishing,mock_Mock_Data_01_08_2025.xlsx
icicibank.comvanguard.com,Phishing,mock_Mock_Data_01_08_2025.xlsx
icici-preprod-analytics.thewitslab.com,Phishing,mock_Mock_Data_01_08_2025.xlsx
sklep-detal.elgon.pl,Phishing,mock_Mock_Data_01_08_2025.xlsx
icicin.online,Phishing,mock_Mock_Data_01_08_2025.xlsx
icicin.info,Phishing,mock_Mock_Data_01_08_2025.xlsx
iciclo.com.br,Phishing,mock_Mock_Data_01_08_2025.xlsx
pop.icicbank.com,Phishing,mock_Mock_Data_01_08_2025.xlsx
ilmds.icicilombard.com.us.cas.ms,Phishing,mock_Mock_Data_01_08_2025.xlsx
ilmds.icicilombard.com.mcas.ms,Phishing,mock_Mock_Data_01_08_2025.xlsx
mailout.ext.icicbank.com,Phishing,mock_Mock_Data_01_08_2025.xlsx
posta.ext.icicbank.com,Phishing,mock_Mock_Data_01_08_2025.xlsx
icici.hmi-tech.in,Phishing,mock_Mock_Data_01_08_2025.xlsx
gpvpn.icicicbank.com,Phishing,mock_Mock_Data_01_08_2025.xlsx
ww25.eazypayicicibank.com,Phishing,mock_Mock_Data_01_08_2025.xlsx
icici.pertsol.com,Phishing,mock_Mock_Data_01_08_2025.xlsx
icici.nexusi.in,Phishing,mock_Mock_Data_01_08_2025.xlsx
icicibank.rf.gd,Phishing,mock_Mock_Data_01_08_2025.xlsx
bicicimimarlik.com,Phishing,mock_Mock_Data_01_08_2025.xlsx
biciciyapi.com,Phishing,mock_Mock_Data_01_08_2025.xlsx
icicibanklimitedindia.com,Phishing,mock_Mock_Data_01_08_2025.xlsx
iccebank.com,Phishing,mock_Mock_Data_01_08_2025.xlsx
icicicustomercare.in,Phishing,mock_Mock_Data_01_08_2025.xlsx
gpvpn.icicibannk.com,Phishing,mock_Mock_Data_01_08_2025.xlsx
www.icicibank-personalloan-bangalore.digiloan.in,Phishing,mock_Mock_Data_01_08_2025.xlsx
acqweb.iciciank.com,Phishing,mock_Mock_Data_01_08_2025.xlsx
ww25.icici.myclassboard.co,Phishing,mock_Mock_Data_01_08_2025.xlsx
icici.flg.in,Phishing,mock_Mock_Data_01_08_2025.xlsx
tw.icicbank.com,Phishing,mock_Mock_Data_01_08_2025.xlsx
alumni.icicbank.com,Phishing,mock_Mock_Data_01_08_2025.xlsx
icici.five.in,Phishing,mock_Mock_Data_01_08_2025.xlsx
mail.comune.icici-bank.com,Phishing,mock_Mock_Data_01_08_2025.xlsx
ww35.icicibannk.com,Phishing,mock_Mock_Data_01_08_2025.xlsx
com.ext.icicbank.com,Phishing,mock_Mock_Data_01_08_2025.xlsx
icicibank.co.in.familytiessc.com,Phishing,mock_Mock_Data_01_08_2025.xlsx
icicibankaccounts.com,Phishing,mock_Mock_Data_01_08_2025.xlsx
bk.icicibanklogin.com,Phishing,mock_Mock_Data_01_08_2025.xlsx
bnk-en.icicibanklogin.com,Phishing,mock_Mock_Data_01_08_2025.xlsx
dgw.icicibanklogin.com,Phishing,mock_Mock_Data_01_08_2025.xlsx
ww17.w.icicibanklogin.com,Phishing,mock_Mock_Data_01_08_2025.xlsx
ww25.autodiscover.icicibank.co,Phishing,mock_Mock_Data_01_08_2025.xlsx
www.icicibankpersonalloanbangalore.digitloan.in,Phishing,mock_Mock_Data_01_08_2025.xlsx
iccank.net,Phishing,mock_Mock_Data_01_08_2025.xlsx
icici.dev.sharajman.com,Phishing,mock_Mock_Data_01_08_2025.xlsx
icicicic.cn,Phishing,mock_Mock_Data_01_08_2025.xlsx
icici.kudosfinance.in,Phishing,mock_Mock_Data_01_08_2025.xlsx
icici.cdotbihar.org,Phishing,mock_Mock_Data_01_08_2025.xlsx
icicibank.nu,Phishing,mock_Mock_Data_01_08_2025.xlsx
cici.city,Phishing,mock_Mock_Data_01_08_2025.xlsx
cicici.net,Phishing,mock_Mock_Data_01_08_2025.xlsx
icicibankltd.ph,Phishing,mock_Mock_Data_01_08_2025.xlsx
demo.icicihfc.gravithy.com,Phishing,mock_Mock_Data_01_08_2025.xlsx
foreveryoung.vip,Phishing,mock_Mock_Data_01_08_2025.xlsx
advantage.finance,Phishing,mock_Mock_Data_01_08_2025.xlsx
icicibank-data.pilotlogistics.com,Phishing,mock_Mock_Data_01_08_2025.xlsx
nlnlkicicibank-staging.kaluga24.tv,Phishing,mock_Mock_Data_01_08_2025.xlsx
icicci.com,Phishing,mock_Mock_Data_01_08_2025.xlsx
iciclient.com,Phishing,mock_Mock_Data_01_08_2025.xlsx
icicibnk.ae,Phishing,mock_Mock_Data_01_08_2025.xlsx
icic.r.top,Phishing,mock_Mock_Data_01_08_2025.xlsx
icici-lombard.fm,Phishing,mock_Mock_Data_01_08_2025.xlsx
icici-lombard.la,Phishing,mock_Mock_Data_01_08_2025.xlsx
icicudirect.co,Phishing,mock_Mock_Data_01_08_2025.xlsx
icicidirect.me,Phishing,mock_Mock_Data_01_08_2025.xlsx
icividirect.com,Phishing,mock_Mock_Data_01_08_2025.xlsx
icicldirect.co,Phishing,mock_Mock_Data_01_08_2025.xlsx
iclcidirect.co,Phishing,mock_Mock_Data_01_08_2025.xlsx
ivicidirect.com,Phishing,mock_Mock_Data_01_08_2025.xlsx
icicidireft.co,Phishing,mock_Mock_Data_01_08_2025.xlsx
dsaicicibank.com,Phishing,mock_Mock_Data_01_08_2025.xlsx
foreveryoung.recipes,Phishing,mock_Mock_Data_01_08_2025.xlsx
qkns-icici-prod1-centralindia-01.regional.azure-api.net,Phishing,mock_Mock_Data_01_08_2025.xlsx
qkns-icici-prod1.configuration.azure-api.net,Phishing,mock_Mock_Data_01_08_2025.xlsx
icicilombardgeneral.com,Phishing,mock_Mock_Data_01_08_2025.xlsx
qkns-icici-prod1.management.azure-api.net,Phishing,mock_Mock_Data_01_08_2025.xlsx
qkns-icici-prod1.portal.azure-api.net,Phishing,mock_Mock_Data_01_08_2025.xlsx
qkns-icici-prod1.scm.azure-api.net,Phishing,mock_Mock_Data_01_08_2025.xlsx
qkns-icici-prod1.unique.azure-api.net,Phishing,mock_Mock_Data_01_08_2025.xlsx
qkns-icici-prod1.unique.developer.azure-api.net,Phishing,mock_Mock_Data_01_08_2025.xlsx
eiciciportal.loginsupport.in,Phishing,mock_Mock_Data_01_08_2025.xlsx
universal-api-dot-icicibank-c4m.appspot.com,Phishing,mock_Mock_Data_01_08_2025.xlsx
icicibankconnect.co,Phishing,mock_Mock_Data_01_08_2025.xlsx
icicilombardoverseastravelinsurance.ooo,Phishing,mock_Mock_Data_01_08_2025.xlsx
icicilombard24x7.ooo,Phishing,mock_Mock_Data_01_08_2025.xlsx
icicibankonnect.in,Phishing,mock_Mock_Data_01_08_2025.xlsx
icici.cc,Phishing,mock_Mock_Data_01_08_2025.xlsx
icici.manjusree.com,Phishing,mock_Mock_Data_01_08_2025.xlsx
icicibanksales.com,Phishing,mock_Mock_Data_01_08_2025.xlsx
icicihfc.foxboxrewards.com,Phishing,mock_Mock_Data_01_08_2025.xlsx
icicibanknet.com,Phishing,mock_Mock_Data_01_08_2025.xlsx
icicibankpaytm.com,Phishing,mock_Mock_Data_01_08_2025.xlsx
icicibank.bo,Phishing,mock_Mock_Data_01_08_2025.xlsx
hussam22icici.website,Phishing,mock_Mock_Data_01_08_2025.xlsx
icicicorporatebanking.co.in,Phishing,mock_Mock_Data_01_08_2025.xlsx
encryption-icicibank.snnhbdwfk.ru,Phishing,mock_Mock_Data_01_08_2025.xlsx
icicimaster.kittybloger.strutlearning.com,Phishing,mock_Mock_Data_01_08_2025.xlsx
icicibank.cardservice.in,Phishing,mock_Mock_Data_01_08_2025.xlsx
cicibnk.online,Phishing,mock_Mock_Data_01_08_2025.xlsx
icicilombardtravel.com,Phishing,mock_Mock_Data_01_08_2025.xlsx
icici.git.gitlab.git.git.winetrove.co.uk,Phishing,mock_Mock_Data_01_08_2025.xlsx
icici.platinum.cc,Phishing,mock_Mock_Data_01_08_2025.xlsx
icici.indiafilings.com,Phishing,mock_Mock_Data_01_08_2025.xlsx
accounts.icici.eximfiles.io,Phishing,mock_Mock_Data_01_08_2025.xlsx
icici.bankifsccode.finance,Phishing,mock_Mock_Data_01_08_2025.xlsx
assets.icicibank.com.mcas.ms,Phishing,mock_Mock_Data_01_08_2025.xlsx
assets.icicibank.com.admin-mcas.ms,Phishing,mock_Mock_Data_01_08_2025.xlsx
icici-icici-stagingproxy.cloud.sitefinity.com,Phishing,mock_Mock_Data_01_08_2025.xlsx
iciciservices.dspfastrecharge.com,Phishing,mock_Mock_Data_01_08_2025.xlsx
bk.ciibank.de,Phishing,mock_Mock_Data_01_08_2025.xlsx
icici.luxindustries.com,Phishing,mock_Mock_Data_01_08_2025.xlsx
icici.fanz.in,Phishing,mock_Mock_Data_01_08_2025.xlsx
icicibank-staging.kinokong.cc,Phishing,mock_Mock_Data_01_08_2025.xlsx
howtoredeemicicicreditcardrewardpointsonline.ml,Phishing,mock_Mock_Data_01_08_2025.xlsx
eest.in,Phishing,mock_Mock_Data_01_08_2025.xlsx
www.surcation.com,Phishing,mock_Mock_Data_01_08_2025.xlsx
icicit.cn,Phishing,mock_Mock_Data_01_08_2025.xlsx
oticicith.ml,Phishing,mock_Mock_Data_01_08_2025.xlsx
iscconline.com,Phishing,mock_Mock_Data_01_08_2025.xlsx
mobileicicibank.com,Phishing,mock_Mock_Data_01_08_2025.xlsx
comicicidirect.com,Phishing,mock_Mock_Data_01_08_2025.xlsx
iciciauction.com,Phishing,mock_Mock_Data_01_08_2025.xlsx
icicit.net,Phishing,mock_Mock_Data_01_08_2025.xlsx
icicivehichleinsurance.com,Phishing,mock_Mock_Data_01_08_2025.xlsx
icicibankhyd.com,Phishing,mock_Mock_Data_01_08_2025.xlsx
icibank.org,Phishing,mock_Mock_Data_01_08_2025.xlsx
2icicibank.com,Phishing,mock_Mock_Data_01_08_2025.xlsx
clicici.net,Phishing,mock_Mock_Data_01_08_2025.xlsx
icicibank-vip.top,Phishing,mock_Mock_Data_01_08_2025.xlsx
icici.cn,Phishing,mock_Mock_Data_01_08_2025.xlsx
icicigroup.com.cn,Phishing,mock_Mock_Data_01_08_2025.xlsx
icicigroup.cn,Phishing,mock_Mock_Data_01_08_2025.xlsx
aicici.org,Phishing,mock_Mock_Data_01_08_2025.xlsx
icicilombardmails.com,Phishing,mock_Mock_Data_01_08_2025.xlsx
icici3a.xyz,Phishing,mock_Mock_Data_01_08_2025.xlsx
icicismartcard.com,Phishing,mock_Mock_Data_01_08_2025.xlsx
icicibankstatements.in,Phishing,mock_Mock_Data_01_08_2025.xlsx
icicibank.infonity.com,Phishing,mock_Mock_Data_01_08_2025.xlsx
iciciba.comk.com,Phishing,mock_Mock_Data_01_08_2025.xlsx
icici.evolvewebinfo.in,Phishing,mock_Mock_Data_01_08_2025.xlsx
icicibank.razorpa.com,Phishing,mock_Mock_Data_01_08_2025.xlsx
icici.squareoffbots.com,Phishing,mock_Mock_Data_01_08_2025.xlsx
icici.masterpay.pro,Phishing,mock_Mock_Data_01_08_2025.xlsx
icici.gatisofttech.com,Phishing,mock_Mock_Data_01_08_2025.xlsx
icicibank.dev.test4wd.com,Phishing,mock_Mock_Data_01_08_2025.xlsx
icici.infomedha.in,Phishing,mock_Mock_Data_01_08_2025.xlsx
icicibank.infomedha.in,Phishing,mock_Mock_Data_01_08_2025.xlsx
icici.ariticapp.com,Phishing,mock_Mock_Data_01_08_2025.xlsx
icici.nom.za,Phishing,mock_Mock_Data_01_08_2025.xlsx
iciciadcampagin.dhanyogis.com,Phishing,mock_Mock_Data_01_08_2025.xlsx
visiticici.com,Phishing,mock_Mock_Data_01_08_2025.xlsx
nearshopicici.nearshopping.org,Phishing,mock_Mock_Data_01_08_2025.xlsx
customercareicicibank.in,Phishing,mock_Mock_Data_01_08_2025.xlsx
icicilombard.tw,Phishing,mock_Mock_Data_01_08_2025.xlsx
cic-bank.com,Phishing,mock_Mock_Data_01_08_2025.xlsx
mail-icicibank.co.in,Phishing,mock_Mock_Data_01_08_2025.xlsx
cicicim.com,Phishing,mock_Mock_Data_01_08_2025.xlsx
iciciloan.ubona.com,Phishing,mock_Mock_Data_01_08_2025.xlsx
www.icicibank-staging.la2-univer.ru,Phishing,mock_Mock_Data_01_08_2025.xlsx
icicibank.mytruebank.com,Phishing,mock_Mock_Data_01_08_2025.xlsx
icicibankhome.in,Phishing,mock_Mock_Data_01_08_2025.xlsx
icicibankindia.co.in,Phishing,mock_Mock_Data_01_08_2025.xlsx
icici.pro,Phishing,mock_Mock_Data_01_08_2025.xlsx
campaign-icicibanksmartech-54938-583899-16329857-raghavendra.dm,Phishing,mock_Mock_Data_01_08_2025.xlsx
icicibankfinance.co.in,Phishing,mock_Mock_Data_01_08_2025.xlsx
icicibank.solutions,Phishing,mock_Mock_Data_01_08_2025.xlsx
vultrtechnologies.com,Phishing,mock_Mock_Data_01_08_2025.xlsx
cappicicipi.my.id,Phishing,mock_Mock_Data_01_08_2025.xlsx
gohighlevel.blog,Phishing,mock_Mock_Data_01_08_2025.xlsx
staging.cicd.iciciprulife.co,Phishing,mock_Mock_Data_01_08_2025.xlsx
m.api.icicicdirect.com,Phishing,mock_Mock_Data_01_08_2025.xlsx
ilmuse.icicilombard.co,Phishing,mock_Mock_Data_01_08_2025.xlsx
test.ams.iciciprulife.co,Phishing,mock_Mock_Data_01_08_2025.xlsx
diciciy.com,Phishing,mock_Mock_Data_01_08_2025.xlsx
icici.banklocationmaps.fr,Phishing,mock_Mock_Data_01_08_2025.xlsx
ccbank.xyz,Phishing,mock_Mock_Data_01_08_2025.xlsx
icici20241104.nbupaymentsvendorcerts.com,Phishing,mock_Mock_Data_01_08_2025.xlsx
myicicilombard.zapto.xyz,Phishing,mock_Mock_Data_01_08_2025.xlsx
obuk-api-iciciuk.macroiglobal.co.uk,Phishing,mock_Mock_Data_01_08_2025.xlsx
icicibank.com.co,Phishing,mock_Mock_Data_01_08_2025.xlsx
icibank.in,Phishing,mock_Mock_Data_01_08_2025.xlsx
icicilombard-smr.in.anandvanresidency.com,Phishing,mock_Mock_Data_01_08_2025.xlsx
findresultsonline.com,Phishing,mock_Mock_Data_01_08_2025.xlsx
icici.ttus.co.in,Phishing,mock_Mock_Data_01_08_2025.xlsx
iyfbodn.com,Phishing,mock_Mock_Data_01_08_2025.xlsx
icicipg.ms,Phishing,mock_Mock_Data_01_08_2025.xlsx
payicici.royalstarglobaltrust.com,Phishing,mock_Mock_Data_01_08_2025.xlsx
cicicici.direct.quickconnect.cn,Phishing,mock_Mock_Data_01_08_2025.xlsx
ww25.careericici.com,Phishing,mock_Mock_Data_01_08_2025.xlsx
www.myrewardscredit.in,Phishing,mock_Mock_Data_01_08_2025.xlsx
icici.next.co.in,Phishing,mock_Mock_Data_01_08_2025.xlsx
cicici.us.kg,Phishing,mock_Mock_Data_01_08_2025.xlsx
icici-retail.hod.life,Phishing,mock_Mock_Data_01_08_2025.xlsx
test.app.icicibamk.com,Phishing,mock_Mock_Data_01_08_2025.xlsx
ww17.api.icicibamk.com,Phishing,mock_Mock_Data_01_08_2025.xlsx
dev.admin.iciciproperties.com,Phishing,mock_Mock_Data_01_08_2025.xlsx
gisinfotech.net,Phishing,mock_Mock_Data_01_08_2025.xlsx
cicici.autocode.gg,Phishing,mock_Mock_Data_01_08_2025.xlsx
cicicicicici.direct.quickconnect.to,Phishing,mock_Mock_Data_01_08_2025.xlsx
icici.dsi.dev,Phishing,mock_Mock_Data_01_08_2025.xlsx
fficici.payuat.com,Phishing,mock_Mock_Data_01_08_2025.xlsx
returnicici.qtechsoftware.com,Phishing,mock_Mock_Data_01_08_2025.xlsx
tmcicici.com,Phishing,mock_Mock_Data_01_08_2025.xlsx
beicicimagto.ml,Phishing,mock_Mock_Data_01_08_2025.xlsx
rewardsclaim.in,Phishing,mock_Mock_Data_01_08_2025.xlsx
icicidirect.blogspot.tw,Phishing,mock_Mock_Data_01_08_2025.xlsx
icici-upi.1automations.com,Phishing,mock_Mock_Data_01_08_2025.xlsx
icicibank.career.ca,Phishing,mock_Mock_Data_01_08_2025.xlsx
icici.billingbooster.com,Phishing,mock_Mock_Data_01_08_2025.xlsx
icici.storyloyalty.com,Phishing,mock_Mock_Data_01_08_2025.xlsx
icicihealth.com,Phishing,mock_Mock_Data_01_08_2025.xlsx
hostmaster.icicicareer.com,Phishing,mock_Mock_Data_01_08_2025.xlsx
icici.digitify.app,Phishing,mock_Mock_Data_01_08_2025.xlsx
ucjdficicibank3820.molly.gpinfo.eu,Phishing,mock_Mock_Data_01_08_2025.xlsx
icicibankltd.masterjp-thebest.shop,Phishing,mock_Mock_Data_01_08_2025.xlsx
icici.banklocationmaps.in,Phishing,mock_Mock_Data_01_08_2025.xlsx
icici.bank.cariar.com,Phishing,mock_Mock_Data_01_08_2025.xlsx
icici-share-login.loginiiportal.com,Phishing,mock_Mock_Data_01_08_2025.xlsx
ww11.icicibankbizcircle.taolu.lol,Phishing,mock_Mock_Data_01_08_2025.xlsx
icici.foudation.org,Phishing,mock_Mock_Data_01_08_2025.xlsx
icici.com.es,Phishing,mock_Mock_Data_01_08_2025.xlsx
icici-uat.goldbee.in,Phishing,mock_Mock_Data_01_08_2025.xlsx
icici.carer.com,Phishing,mock_Mock_Data_01_08_2025.xlsx
icici.exam.org,Phishing,mock_Mock_Data_01_08_2025.xlsx
icicibankk.cc,Phishing,mock_Mock_Data_01_08_2025.xlsx
icicibankclaimreward-icicibank.eservicemoi-govkw.com,Phishing,mock_Mock_Data_01_08_2025.xlsx
icicisecurities.in-com.org,Phishing,mock_Mock_Data_01_08_2025.xlsx
icicibankltd-my.sharepoint.com,Phishing,mock_Mock_Data_01_08_2025.xlsx
icicibankltd.sharepoint.com,Phishing,mock_Mock_Data_01_08_2025.xlsx
campaign-icicibanksmartech-54938-581889-53729628-dayanand.th,Phishing,mock_Mock_Data_01_08_2025.xlsx
campaign-icicibanksmartech-54938-581889-16329857-raghavendra.dm,Phishing,mock_Mock_Data_01_08_2025.xlsx
icicibank.om,Phishing,mock_Mock_Data_01_08_2025.xlsx
api.abha.iciciprulife.co,Phishing,mock_Mock_Data_01_08_2025.xlsx
icicibank-staging.govjobfinder.com,Phishing,mock_Mock_Data_01_08_2025.xlsx
icicibank.c1neon.com,Phishing,mock_Mock_Data_01_08_2025.xlsx
icicilifeinsurance.com,Phishing,mock_Mock_Data_01_08_2025.xlsx
icici-api.complyment.com,Phishing,mock_Mock_Data_01_08_2025.xlsx
iciciapi.omnistrate.com,Phishing,mock_Mock_Data_01_08_2025.xlsx
iciciservices.shristype.com,Phishing,mock_Mock_Data_01_08_2025.xlsx
iciciservices.takeitec.in,Phishing,mock_Mock_Data_01_08_2025.xlsx
iciciservices.extraincome.org.in,Phishing,mock_Mock_Data_01_08_2025.xlsx
iciciservices.trusteasy.in,Phishing,mock_Mock_Data_01_08_2025.xlsx
icicidirects.co,Phishing,mock_Mock_Data_01_08_2025.xlsx
icicitrading.co,Phishing,mock_Mock_Data_01_08_2025.xlsx
icici.qdegrees.com,Phishing,mock_Mock_Data_01_08_2025.xlsx
iciciservices.otavamnr.co,Phishing,mock_Mock_Data_01_08_2025.xlsx
icicinri.com,Phishing,mock_Mock_Data_01_08_2025.xlsx
icicitoken.ledgers.cloud,Phishing,mock_Mock_Data_01_08_2025.xlsx
icici.carrer.in,Phishing,mock_Mock_Data_01_08_2025.xlsx
icicibank.fbmlive.com,Phishing,mock_Mock_Data_01_08_2025.xlsx
icici.woho.in,Phishing,mock_Mock_Data_01_08_2025.xlsx
icicibank.carreer.com,Phishing,mock_Mock_Data_01_08_2025.xlsx
icicifake.000webhostapp.com,Phishing,mock_Mock_Data_01_08_2025.xlsx
icicipru.amc.in,Phishing,mock_Mock_Data_01_08_2025.xlsx
iciciint.cubehighways.com,Phishing,mock_Mock_Data_01_08_2025.xlsx
icicicj.shop,Phishing,mock_Mock_Data_01_08_2025.xlsx
api-admin-icici-bap-preprod.bharatvyapaar.com,Phishing,mock_Mock_Data_01_08_2025.xlsx
iciciprulife-evl.onignio.com,Phishing,mock_Mock_Data_01_08_2025.xlsx
it.icici.asset.com,Phishing,mock_Mock_Data_01_08_2025.xlsx
icicipru.co,Phishing,mock_Mock_Data_01_08_2025.xlsx
icici.birect.com,Phishing,mock_Mock_Data_01_08_2025.xlsx
icicibank.giftz.ai,Phishing,mock_Mock_Data_01_08_2025.xlsx
icicihdfc.com,Phishing,mock_Mock_Data_01_08_2025.xlsx
foreveryoung.enterprises,Phishing,mock_Mock_Data_01_08_2025.xlsx
foreveryoung.luxury,Phishing,mock_Mock_Data_01_08_2025.xlsx
foreveryoungrp.com,Phishing,mock_Mock_Data_01_08_2025.xlsx
cs-iciciprulife.com,Phishing,mock_Mock_Data_01_08_2025.xlsx
www.my.bicici.com,Phishing,mock_Mock_Data_01_08_2025.xlsx
ww51.icicicibank.com,Phishing,mock_Mock_Data_01_08_2025.xlsx
add.icicici.com,Phishing,mock_Mock_Data_01_08_2025.xlsx
www.ww.icicidirct.com,Phishing,mock_Mock_Data_01_08_2025.xlsx
content.icicidirect.co,Phishing,mock_Mock_Data_01_08_2025.xlsx
kaanficici.com,Phishing,mock_Mock_Data_01_08_2025.xlsx
ww38.icicibankcareer.xyz,Phishing,mock_Mock_Data_01_08_2025.xlsx
ww38.icicibankpersonalloan.xyz,Phishing,mock_Mock_Data_01_08_2025.xlsx
www.app.icicibankcreditcard.com,Phishing,mock_Mock_Data_01_08_2025.xlsx
hostmaster.www.icicibankcreditcard.com,Phishing,mock_Mock_Data_01_08_2025.xlsx
www.in.icicibankcreditcard.com,Phishing,mock_Mock_Data_01_08_2025.xlsx
www.old.icicibankcreditcard.com,Phishing,mock_Mock_Data_01_08_2025.xlsx
www.www.metric.icicibankcreditcard.com,Phishing,mock_Mock_Data_01_08_2025.xlsx
www.icicibank.icicilombart.com,Phishing,mock_Mock_Data_01_08_2025.xlsx
forums.icicibankcreditcard.com,Phishing,mock_Mock_Data_01_08_2025.xlsx
reports.icicibankcreditcard.com,Phishing,mock_Mock_Data_01_08_2025.xlsx
mail.icicibankco.com,Phishing,mock_Mock_Data_01_08_2025.xlsx
catalog.eazypayicicibank.com,Phishing,mock_Mock_Data_01_08_2025.xlsx
checkmypersonalloanstatusicicibank.com.cialisonla.com,Phishing,mock_Mock_Data_01_08_2025.xlsx
ebrubicici.com,Phishing,mock_Mock_Data_01_08_2025.xlsx
admin.wwwicicibank.com,Phishing,mock_Mock_Data_01_08_2025.xlsx
icicibank.comndeed.com,Phishing,mock_Mock_Data_01_08_2025.xlsx
acqweb.icicicibank.com,Phishing,mock_Mock_Data_01_08_2025.xlsx
eazypayapp.icicibnk.com,Phishing,mock_Mock_Data_01_08_2025.xlsx
icicidirectn.co,Phishing,mock_Mock_Data_01_08_2025.xlsx
icicibankonnect.co,Phishing,mock_Mock_Data_01_08_2025.xlsx
icicibank.newsfeedsmartapps.com,Phishing,mock_Mock_Data_01_08_2025.xlsx
icicibankkonnect.co,Phishing,mock_Mock_Data_01_08_2025.xlsx
icicibankbizcircle.rawranked.com,Phishing,mock_Mock_Data_01_08_2025.xlsx
ns.icicidirectlogin.com,Phishing,mock_Mock_Data_01_08_2025.xlsx
eazypay.icicibak.com,Phishing,mock_Mock_Data_01_08_2025.xlsx
yoginicici.com,Phishing,mock_Mock_Data_01_08_2025.xlsx
ww16.dns1.icicibank.sbs,Phishing,mock_Mock_Data_01_08_2025.xlsx
icicibank.flatworldrewards.com,Phishing,mock_Mock_Data_01_08_2025.xlsx
www.icicibank.comflowise.symptomsoflowoxygen.site,Phishing,mock_Mock_Data_01_08_2025.xlsx
aiadvantage.info,Phishing,mock_Mock_Data_01_08_2025.xlsx
moneyworld.top,Phishing,mock_Mock_Data_01_08_2025.xlsx
icicenter.org,Phishing,mock_Mock_Data_01_08_2025.xlsx
cclcinvestments.com,Phishing,mock_Mock_Data_01_08_2025.xlsx
rewardsicici.com,Phishing,mock_Mock_Data_01_08_2025.xlsx
icicibank.io,Phishing,mock_Mock_Data_01_08_2025.xlsx
clclcl.cloud,Phishing,mock_Mock_Data_01_08_2025.xlsx
lclcldd.org,Phishing,mock_Mock_Data_01_08_2025.xlsx
icicl.icu,Phishing,mock_Mock_Data_01_08_2025.xlsx
moneymeals.app,Phishing,mock_Mock_Data_01_08_2025.xlsx
icicnsg.com,Phishing,mock_Mock_Data_01_08_2025.xlsx
cicifinance.com,Phishing,mock_Mock_Data_01_08_2025.xlsx
seconline.com,Phishing,mock_Mock_Data_01_08_2025.xlsx
ecicsinsurance.com,Phishing,mock_Mock_Data_01_08_2025.xlsx
iciciservices.online,Phishing,mock_Mock_Data_01_08_2025.xlsx
icicicareers.cloud,Phishing,mock_Mock_Data_01_08_2025.xlsx
foreveryong.lat,Phishing,mock_Mock_Data_01_08_2025.xlsx
lclclcklc.xyz,Phishing,mock_Mock_Data_01_08_2025.xlsx
beattheheat.asia,Phishing,mock_Mock_Data_01_08_2025.xlsx
mekicici.fun,Phishing,mock_Mock_Data_01_08_2025.xlsx
sotericicients.shop,Phishing,mock_Mock_Data_01_08_2025.xlsx
moneyworld.money,Phishing,mock_Mock_Data_01_08_2025.xlsx
ww17.dashboards.icicicdirect.com,Phishing,mock_Mock_Data_01_08_2025.xlsx
icici.icicilombart.com,Phishing,mock_Mock_Data_01_08_2025.xlsx
icicibankgames.byethost.com,Phishing,mock_Mock_Data_01_08_2025.xlsx
icicibanklearn.byethost.com,Phishing,mock_Mock_Data_01_08_2025.xlsx
banklearn.blogspot.com,Phishing,mock_Mock_Data_01_08_2025.xlsx
banklearn.byethost.com,Phishing,mock_Mock_Data_01_08_2025.xlsx
57e0d8d2686c.dms.iciciprulife.co,Phishing,mock_Mock_Data_01_08_2025.xlsx
57e0d8d2686c.healthclaims.iciciprulife.co,Phishing,mock_Mock_Data_01_08_2025.xlsx
57e0d8d2686c.shikhileexed.iciciprulife.co,Phishing,mock_Mock_Data_01_08_2025.xlsx
icicinribanking.byethost.com,Phishing,mock_Mock_Data_01_08_2025.xlsx
icicibankfinancial.byethost.com,Phishing,mock_Mock_Data_01_08_2025.xlsx
icicifinancial.byethost.com,Phishing,mock_Mock_Data_01_08_2025.xlsx
iciciinsure.byethost.com,Phishing,mock_Mock_Data_01_08_2025.xlsx
icicibankinsure.byethost.com,Phishing,mock_Mock_Data_01_08_2025.xlsx
lclc1bank.byethost.com,Phishing,mock_Mock_Data_01_08_2025.xlsx
lclcibank.byethost.com,Phishing,mock_Mock_Data_01_08_2025.xlsx
icicitwowheelerloans.byethost.com,Phishing,mock_Mock_Data_01_08_2025.xlsx
icicifunding.byethost.com,Phishing,mock_Mock_Data_01_08_2025.xlsx
iciciassets.byethost.com,Phishing,mock_Mock_Data_01_08_2025.xlsx
icicifund.byethost.com,Phishing,mock_Mock_Data_01_08_2025.xlsx
icicistocks.byethost.com,Phishing,mock_Mock_Data_01_08_2025.xlsx
icicibankstocks.byethost.com,Phishing,mock_Mock_Data_01_08_2025.xlsx
icicibankcarinsurance.byethost.com,Phishing,mock_Mock_Data_01_08_2025.xlsx
icicibankconsumerfinance.byethost.com,Phishing,mock_Mock_Data_01_08_2025.xlsx
icicismartloans.byethost.com,Phishing,mock_Mock_Data_01_08_2025.xlsx
icicibankcapitalmarkets.byethost.com,Phishing,mock_Mock_Data_01_08_2025.xlsx
icicibankiplay.byethost.com,Phishing,mock_Mock_Data_01_08_2025.xlsx
icicibankinstantgoldloan.byethost.com,Phishing,mock_Mock_Data_01_08_2025.xlsx
icicibankflexicash.byethost.com,Phishing,mock_Mock_Data_01_08_2025.xlsx
icicibankfdi.byethost.com,Phishing,mock_Mock_Data_01_08_2025.xlsx
iciciholdinglimited.byethost.com,Phishing,mock_Mock_Data_01_08_2025.xlsx
iciciholdingslimited.byethost.com,Phishing,mock_Mock_Data_01_08_2025.xlsx
iciciholdingsltd.byethost.com,Phishing,mock_Mock_Data_01_08_2025.xlsx
icicibankholding.byethost.com,Phishing,mock_Mock_Data_01_08_2025.xlsx
icicibankholdings.byethost.com,Phishing,mock_Mock_Data_01_08_2025.xlsx
iciciholdings.byethost.com,Phishing,mock_Mock_Data_01_08_2025.xlsx
icicitrust.byethost.com,Phishing,mock_Mock_Data_01_08_2025.xlsx
icicbnk.byethost.com,Phishing,mock_Mock_Data_01_08_2025.xlsx
icicibnk.byethost.com,Phishing,mock_Mock_Data_01_08_2025.xlsx
icicifundings.byethost.com,Phishing,mock_Mock_Data_01_08_2025.xlsx
icicigroupcompanies.byethost.com,Phishing,mock_Mock_Data_01_08_2025.xlsx
pruicicilife.byethost.com,Phishing,mock_Mock_Data_01_08_2025.xlsx
icicibank.byethost.com,Phishing,mock_Mock_Data_01_08_2025.xlsx
icicilbank.cc,Phishing,mock_Mock_Data_01_08_2025.xlsx
icicisky.com,Phishing,mock_Mock_Data_01_08_2025.xlsx
simplexins.com,Phishing,mock_Mock_Data_01_08_2025.xlsx
icicibcsk.blog,Phishing,mock_Mock_Data_01_08_2025.xlsx
electrica-bicicileta-br11.sbs,Phishing,mock_Mock_Data_01_08_2025.xlsx
isliciciea.shop,Phishing,mock_Mock_Data_01_08_2025.xlsx
icicibonka.sbs,Phishing,mock_Mock_Data_01_08_2025.xlsx
radicicircolari.org,Phishing,mock_Mock_Data_01_08_2025.xlsx
radicicircolari.bio,Phishing,mock_Mock_Data_01_08_2025.xlsx
iciciibank.cc,Phishing,mock_Mock_Data_01_08_2025.xlsx
ffsandusr0vcarduaticicibank.ngo.za,Phishing,mock_Mock_Data_01_08_2025.xlsx
icicilbank.bond,Phishing,mock_Mock_Data_01_08_2025.xlsx
icicibankltd.karimnagarlive.in,Phishing,mock_Mock_Data_01_08_2025.xlsx
icicibankbg.help.org,Phishing,mock_Mock_Data_01_08_2025.xlsx
icicilibank.cc,Phishing,mock_Mock_Data_01_08_2025.xlsx
icbc-support.com,Phishing,mock_Mock_Data_01_08_2025.xlsx
ext.icicibnk.com,Phishing,mock_Mock_Data_01_08_2025.xlsx
buy.icicibamk.com,Phishing,mock_Mock_Data_01_08_2025.xlsx
crm.icicibamk.com,Phishing,mock_Mock_Data_01_08_2025.xlsx
edbabhappy.icicibank.live,Phishing,mock_Mock_Data_01_08_2025.xlsx
user.icici.de,Phishing,mock_Mock_Data_01_08_2025.xlsx
icici-account.top,Phishing,mock_Mock_Data_01_08_2025.xlsx
iccisupport.com,Phishing,mock_Mock_Data_01_08_2025.xlsx
icicibankbg.help,Phishing,mock_Mock_Data_01_08_2025.xlsx
icicibankbg.top,Phishing,mock_Mock_Data_01_08_2025.xlsx
ww38.icici.blog,Phishing,mock_Mock_Data_01_08_2025.xlsx
iciciiibank.cc,Phishing,mock_Mock_Data_01_08_2025.xlsx
rd.icicibannk.com,Phishing,mock_Mock_Data_01_08_2025.xlsx
iccgroup.partners,Phishing,mock_Mock_Data_01_08_2025.xlsx
iciciinbank.sbs,Phishing,mock_Mock_Data_01_08_2025.xlsx
icicu.icu,Phishing,mock_Mock_Data_01_08_2025.xlsx
icic-gift.sbs,Phishing,mock_Mock_Data_01_08_2025.xlsx
clclcls.site,Phishing,mock_Mock_Data_01_08_2025.xlsx
ww38.random.iciciamc.com,Phishing,mock_Mock_Data_01_08_2025.xlsx
licici.com,Phishing,mock_Mock_Data_01_08_2025.xlsx
icic-gift.cfd,Phishing,mock_Mock_Data_01_08_2025.xlsx
icicisupport.services,Phishing,mock_Mock_Data_01_08_2025.xlsx
mx7.iciciprulife.co,Phishing,mock_Mock_Data_01_08_2025.xlsx
icicibankiv.sbs,Phishing,mock_Mock_Data_01_08_2025.xlsx
icicibankue.sbs,Phishing,mock_Mock_Data_01_08_2025.xlsx
ww25.inzqdoapnext.icicibamk.com,Phishing,mock_Mock_Data_01_08_2025.xlsx
money-world.online,Phishing,mock_Mock_Data_01_08_2025.xlsx
ww38.inprepaid.icicilogin.com,Phishing,mock_Mock_Data_01_08_2025.xlsx
57e0d8d2686c.correo.iciciprulife.co,Phishing,mock_Mock_Data_01_08_2025.xlsx
icici.carrers.com,Phishing,mock_Mock_Data_01_08_2025.xlsx
57e0d8d2686c.remote.iciciprulife.co,Phishing,mock_Mock_Data_01_08_2025.xlsx
oficicinati.it.com,Phishing,mock_Mock_Data_01_08_2025.xlsx
icicestvrai.fr,Phishing,mock_Mock_Data_01_08_2025.xlsx
icicarecrute.fr,Phishing,mock_Mock_Data_01_08_2025.xlsx
icicaplante.fr,Phishing,mock_Mock_Data_01_08_2025.xlsx
icicciaio.it,Phishing,mock_Mock_Data_01_08_2025.xlsx
eticicibebe.xxx,Phishing,mock_Mock_Data_01_08_2025.xlsx
foreveryoung.cc,Phishing,mock_Mock_Data_01_08_2025.xlsx
foreveryoung.bio,Phishing,mock_Mock_Data_01_08_2025.xlsx
icicibsnk.buzz,Phishing,mock_Mock_Data_01_08_2025.xlsx
iciciaccount.top,Phishing,mock_Mock_Data_01_08_2025.xlsx
icicibsnk.cfd,Phishing,mock_Mock_Data_01_08_2025.xlsx
iciciaccount.cfd,Phishing,mock_Mock_Data_01_08_2025.xlsx
icicibsnk.sbs,Phishing,mock_Mock_Data_01_08_2025.xlsx
vpicicibank.com,Phishing,mock_Mock_Data_01_08_2025.xlsx
team-icicibank.com,Phishing,mock_Mock_Data_01_08_2025.xlsx
icicibankservices.com,Phishing,mock_Mock_Data_01_08_2025.xlsx
m.icici-bank.com,Phishing,mock_Mock_Data_01_08_2025.xlsx
lclclc.lc,Phishing,mock_Mock_Data_01_08_2025.xlsx
icici.autopay.co,Phishing,mock_Mock_Data_01_08_2025.xlsx
icicbe.com,Phishing,mock_Mock_Data_01_08_2025.xlsx
iciholdings.com,Phishing,mock_Mock_Data_01_08_2025.xlsx
moneyworld.it.com,Phishing,mock_Mock_Data_01_08_2025.xlsx
icbank-points.cfd,Phishing,mock_Mock_Data_01_08_2025.xlsx
iciholdings.online,Phishing,mock_Mock_Data_01_08_2025.xlsx
icici-prudential-mutualfund-dev.conspire.app,Phishing,mock_Mock_Data_01_08_2025.xlsx
scsignatureliving.com,Phishing,mock_Mock_Data_01_08_2025.xlsx
8394bcb5-9c53-4215-b9c3-2c70b159ccfa.icici.de,Phishing,mock_Mock_Data_01_08_2025.xlsx
iciciqiv.pages.dev,Phishing,mock_Mock_Data_01_08_2025.xlsx
ww1.icicidierct.com,Phishing,mock_Mock_Data_01_08_2025.xlsx
2084b156-25b2-4493-8565-c3a93c6a21ab.icicibank.live,Phishing,mock_Mock_Data_01_08_2025.xlsx
cardsprotection.in,Phishing,mock_Mock_Data_01_08_2025.xlsx
points-icici.sbs,Phishing,mock_Mock_Data_01_08_2025.xlsx
icici-linkpoint.sbs,Phishing,mock_Mock_Data_01_08_2025.xlsx
ww17.int.icicibamk.com,Phishing,mock_Mock_Data_01_08_2025.xlsx
int.icicibamk.com,Phishing,mock_Mock_Data_01_08_2025.xlsx
foreveryoung.click,Phishing,mock_Mock_Data_01_08_2025.xlsx
ww17.inrprepaid.icicibamk.com,Phishing,mock_Mock_Data_01_08_2025.xlsx
ww25.bigdata.icicibamk.com,Phishing,mock_Mock_Data_01_08_2025.xlsx
sitemap.secureicicidirect.com,Phishing,mock_Mock_Data_01_08_2025.xlsx
ww25.service.icicibamk.com,Phishing,mock_Mock_Data_01_08_2025.xlsx
ww25.fastagalogin.icicibamk.com,Phishing,mock_Mock_Data_01_08_2025.xlsx
ww38.iihc.icicilomboard.com,Phishing,mock_Mock_Data_01_08_2025.xlsx
account.icicisecurity.com,Phishing,mock_Mock_Data_01_08_2025.xlsx
california.icicicdirect.com,Phishing,mock_Mock_Data_01_08_2025.xlsx
ww38.i.icicilomboard.com,Phishing,mock_Mock_Data_01_08_2025.xlsx
ww38.crm.icicilomboard.com,Phishing,mock_Mock_Data_01_08_2025.xlsx
ww16.help.icicibamk.com,Phishing,mock_Mock_Data_01_08_2025.xlsx
ww38.support.icicilomboard.com,Phishing,mock_Mock_Data_01_08_2025.xlsx
ww38.demo.icicilomboard.com,Phishing,mock_Mock_Data_01_08_2025.xlsx
ww38.dev.icicilomboard.com,Phishing,mock_Mock_Data_01_08_2025.xlsx
ww25.staging.icicicdirect.com,Phishing,mock_Mock_Data_01_08_2025.xlsx
ww38.sitemap.icicilomboard.com,Phishing,mock_Mock_Data_01_08_2025.xlsx
ww38.administration.icicilomboard.com,Phishing,mock_Mock_Data_01_08_2025.xlsx
ww38.user.icicilomboard.com,Phishing,mock_Mock_Data_01_08_2025.xlsx
inrprepaid.icicibsnk.com,Phishing,mock_Mock_Data_01_08_2025.xlsx
ww25.mobile.icicibamk.com,Phishing,mock_Mock_Data_01_08_2025.xlsx
www.forum.icicicdirect.com,Phishing,mock_Mock_Data_01_08_2025.xlsx
ww38.api.icicilomboard.com,Phishing,mock_Mock_Data_01_08_2025.xlsx
ww38.icicilomboard.com,Phishing,mock_Mock_Data_01_08_2025.xlsx
ww38.securesmtp.icicilomboard.com,Phishing,mock_Mock_Data_01_08_2025.xlsx
ww38.smtp.icicilomboard.com,Phishing,mock_Mock_Data_01_08_2025.xlsx
ww38.partner.icicilomboard.com,Phishing,mock_Mock_Data_01_08_2025.xlsx
ww38.fastrack.icicilomboard.com,Phishing,mock_Mock_Data_01_08_2025.xlsx
ww38.tickets.icicilomboard.com,Phishing,mock_Mock_Data_01_08_2025.xlsx
ww25.collectionsapp.icicibamk.com,Phishing,mock_Mock_Data_01_08_2025.xlsx
ww38.edison.icicilomboard.com,Phishing,mock_Mock_Data_01_08_2025.xlsx
ww38.bi.icicilomboard.com,Phishing,mock_Mock_Data_01_08_2025.xlsx
ww25.forum.icicicdirect.com,Phishing,mock_Mock_Data_01_08_2025.xlsx
ww38.staging.icicilomboard.com,Phishing,mock_Mock_Data_01_08_2025.xlsx
arcosdr.iciciprulife.co,Phishing,mock_Mock_Data_01_08_2025.xlsx
ww25.autodiscover.icicilombard.co,Phishing,mock_Mock_Data_01_08_2025.xlsx
ww17.fastaglogin.icicibamk.com,Phishing,mock_Mock_Data_01_08_2025.xlsx
ww25.ww5.icicibamk.com,Phishing,mock_Mock_Data_01_08_2025.xlsx
www.ilens.icicibamk.com,Phishing,mock_Mock_Data_01_08_2025.xlsx
ww38.workflow.icicilomboard.com,Phishing,mock_Mock_Data_01_08_2025.xlsx
ww25.notexistscollectionsapp.icicibamk.com,Phishing,mock_Mock_Data_01_08_2025.xlsx
ww16.directlink.icicicdirect.com,Phishing,mock_Mock_Data_01_08_2025.xlsx
ww17.help.icicibamk.com,Phishing,mock_Mock_Data_01_08_2025.xlsx
ww25.backup.icicicdirect.com,Phishing,mock_Mock_Data_01_08_2025.xlsx
ww25.log.icicibamk.com,Phishing,mock_Mock_Data_01_08_2025.xlsx
ww38.nysa.iciciclombard.com,Phishing,mock_Mock_Data_01_08_2025.xlsx
ww25.itasktrailportal.icicprulife.com,Phishing,mock_Mock_Data_01_08_2025.xlsx
ww25.cmart.icicibamk.com,Phishing,mock_Mock_Data_01_08_2025.xlsx
ww25.notexistsautodiscover.icicibamk.com,Phishing,mock_Mock_Data_01_08_2025.xlsx
ww17.site1.icicibamk.com,Phishing,mock_Mock_Data_01_08_2025.xlsx
ww16.shop.icicicdirect.com,Phishing,mock_Mock_Data_01_08_2025.xlsx
ww38.uat.iciciclombard.com,Phishing,mock_Mock_Data_01_08_2025.xlsx
vmsweb.icicibsnk.com,Phishing,mock_Mock_Data_01_08_2025.xlsx
ww25.105e7afe-d35c-4f34-9773-887704acf9d1.icicibamk.com,Phishing,mock_Mock_Data_01_08_2025.xlsx
vkyc.icicibannk.com,Phishing,mock_Mock_Data_01_08_2025.xlsx
ww25.vpn.icicibamk.com,Phishing,mock_Mock_Data_01_08_2025.xlsx
acqweb.icicibamk.com,Phishing,mock_Mock_Data_01_08_2025.xlsx
ww16.help.icicicdirect.com,Phishing,mock_Mock_Data_01_08_2025.xlsx
ww25.in.icicicdirect.com,Phishing,mock_Mock_Data_01_08_2025.xlsx
ww25.forums.icicicdirect.com,Phishing,mock_Mock_Data_01_08_2025.xlsx
ww17.demo.icicicdirect.com,Phishing,mock_Mock_Data_01_08_2025.xlsx
ww25.temp.icicibamk.com,Phishing,mock_Mock_Data_01_08_2025.xlsx
ww25.help.icicicdirect.com,Phishing,mock_Mock_Data_01_08_2025.xlsx
ww17.wiki.icicibamk.com,Phishing,mock_Mock_Data_01_08_2025.xlsx
ww17.icici.icicibamk.com,Phishing,mock_Mock_Data_01_08_2025.xlsx
infinity.icicibbank.com,Phishing,mock_Mock_Data_01_08_2025.xlsx
icicixltops.com,Phishing,mock_Mock_Data_01_08_2025.xlsx
www.safeicici.com.elite-investcapital.com,Phishing,mock_Mock_Data_01_08_2025.xlsx
homeclub.shop,Phishing,mock_Mock_Data_01_08_2025.xlsx
simplizi.fr,Phishing,mock_Mock_Data_01_08_2025.xlsx
icc-online.com,Phishing,mock_Mock_Data_01_08_2025.xlsx
foreveryoung.online,Phishing,mock_Mock_Data_01_08_2025.xlsx
icici-paylink.click,Phishing,mock_Mock_Data_01_08_2025.xlsx
icici-paylink.asia,Phishing,mock_Mock_Data_01_08_2025.xlsx
bkicici.com,Phishing,mock_Mock_Data_01_08_2025.xlsx
nclcinvestments.xyz,Phishing,mock_Mock_Data_01_08_2025.xlsx
icicibcxk.sbs,Phishing,mock_Mock_Data_01_08_2025.xlsx
icic-oc.org,Phishing,mock_Mock_Data_01_08_2025.xlsx
iciiinsurance.com,Phishing,mock_Mock_Data_01_08_2025.xlsx
icici.lat,Phishing,mock_Mock_Data_01_08_2025.xlsx
rnydaappdynamics.iciciprulife.co,Phishing,mock_Mock_Data_01_08_2025.xlsx
imap2.iciciprulife.co,Phishing,mock_Mock_Data_01_08_2025.xlsx
grsqlwebdisk.iciciprulife.co,Phishing,mock_Mock_Data_01_08_2025.xlsx
57e0d8d2686c.mail10.iciciprulife.co,Phishing,mock_Mock_Data_01_08_2025.xlsx
2df626a5-1a89-4150-92dd-eeaf90838345.random.iciciprulife.co,Phishing,mock_Mock_Data_01_08_2025.xlsx
57e0d8d2686c.smx2.iciciprulife.co,Phishing,mock_Mock_Data_01_08_2025.xlsx
57e0d8d2686c.notexistsrds1.iciciprulife.co,Phishing,mock_Mock_Data_01_08_2025.xlsx
57e0d8d2686c.whatsapp.iciciprulife.co,Phishing,mock_Mock_Data_01_08_2025.xlsx
4a17ec06-0f3f-4f59-b221-aa4f44d14059.random.iciciprulife.co,Phishing,mock_Mock_Data_01_08_2025.xlsx
shop.icicibannk.com,Phishing,mock_Mock_Data_01_08_2025.xlsx
ww25.3.icicibamk.com,Phishing,mock_Mock_Data_01_08_2025.xlsx
ww25.dash.icicibamk.com,Phishing,mock_Mock_Data_01_08_2025.xlsx
1c1c1c1c.xyz,Phishing,mock_Mock_Data_01_08_2025.xlsx
fasttaglogin.icicibannk.com,Phishing,mock_Mock_Data_01_08_2025.xlsx
ww17.buy.icicibamk.com,Phishing,mock_Mock_Data_01_08_2025.xlsx
www.icicigroup.shaerepoint.com,Phishing,mock_Mock_Data_01_08_2025.xlsx
cemalcici.com,Phishing,mock_Mock_Data_01_08_2025.xlsx
janficici.com,Phishing,mock_Mock_Data_01_08_2025.xlsx
cicbankfinance.com,Phishing,mock_Mock_Data_01_08_2025.xlsx
ww17.iviewnlbs.icicibamk.com,Phishing,mock_Mock_Data_01_08_2025.xlsx
ww25.indtantforex.icicibamk.com,Phishing,mock_Mock_Data_01_08_2025.xlsx
bentkkgntzww25.lead.icicibamk.com,Phishing,mock_Mock_Data_01_08_2025.xlsx
ww25.easypaycollect.icicibamk.com,Phishing,mock_Mock_Data_01_08_2025.xlsx
ww38.ext.icicibnk.com,Phishing,mock_Mock_Data_01_08_2025.xlsx
icic-in.sbs,Phishing,mock_Mock_Data_01_08_2025.xlsx
www.bk-inc-1.xyz,Phishing,mock_Mock_Data_01_08_2025.xlsx
bkinc1i.xyz,Phishing,mock_Mock_Data_01_08_2025.xlsx
brkinc1s.xyz,Phishing,mock_Mock_Data_01_08_2025.xlsx
icici-lms.gvmtechnologies.net,Phishing,mock_Mock_Data_01_08_2025.xlsx
icici-securitiesgo.vip,Phishing,mock_Mock_Data_01_08_2025.xlsx
13.232.20.241,Phishing,mock_Mock_Data_01_08_2025.xlsx
indiapoinr.top,Phishing,mock_Mock_Data_01_08_2025.xlsx
icpoinr.top,Phishing,mock_Mock_Data_01_08_2025.xlsx
icic-in.icu,Phishing,mock_Mock_Data_01_08_2025.xlsx
getyourgift.cfd,Phishing,mock_Mock_Data_01_08_2025.xlsx
iciciinsede.com,Phishing,mock_Mock_Data_01_08_2025.xlsx
visagemstonecreditcards.attoinfotech.com,Phishing,mock_Mock_Data_01_08_2025.xlsx
bkinc1y.xyz,Phishing,mock_Mock_Data_01_08_2025.xlsx
bkinc1conline.xyz,Phishing,mock_Mock_Data_01_08_2025.xlsx
inseebk1.xyz,Phishing,mock_Mock_Data_01_08_2025.xlsx
inseebk.xyz,Phishing,mock_Mock_Data_01_08_2025.xlsx
bkinseed1.xyz,Phishing,mock_Mock_Data_01_08_2025.xlsx
bkinseed.xyz,Phishing,mock_Mock_Data_01_08_2025.xlsx
iciciinseded.com,Phishing,mock_Mock_Data_01_08_2025.xlsx
iciciinsedef.com,Phishing,mock_Mock_Data_01_08_2025.xlsx
iciciinsedeb.com,Phishing,mock_Mock_Data_01_08_2025.xlsx
iciciinsedes.com,Phishing,mock_Mock_Data_01_08_2025.xlsx
iciciinsedee.com,Phishing,mock_Mock_Data_01_08_2025.xlsx
icici-securitiesit.vip,Phishing,mock_Mock_Data_01_08_2025.xlsx
icici-securitiesup.vip,Phishing,mock_Mock_Data_01_08_2025.xlsx
icicistore.co.in,Phishing,mock_Mock_Data_01_08_2025.xlsx
icici-securitiesin.com,Phishing,mock_Mock_Data_01_08_2025.xlsx
icici-securitiesit.com,Phishing,mock_Mock_Data_01_08_2025.xlsx
icici-securitiesin.vip,Phishing,mock_Mock_Data_01_08_2025.xlsx
icicibanksite.web.app,Phishing,mock_Mock_Data_01_08_2025.xlsx
icicisecuritiesex.com,Phishing,mock_Mock_Data_01_08_2025.xlsx
cardnetwork.in,Phishing,mock_Mock_Data_01_08_2025.xlsx
icicisecuritiesin.com,Phishing,mock_Mock_Data_01_08_2025.xlsx
icicisecuritiesindia.com,Phishing,mock_Mock_Data_01_08_2025.xlsx
managemycardicici.in,Phishing,mock_Mock_Data_01_08_2025.xlsx
icicistorepoint.in,Phishing,mock_Mock_Data_01_08_2025.xlsx
icici-securities.vip,Phishing,mock_Mock_Data_01_08_2025.xlsx
icicservice.site,Phishing,mock_Mock_Data_01_08_2025.xlsx
rewardspointicicibank.com,Phishing,mock_Mock_Data_01_08_2025.xlsx
icicilombard2024.samaaro.com,Phishing,mock_Mock_Data_01_08_2025.xlsx
shopscnw77.github.io,Phishing,mock_Mock_Data_01_08_2025.xlsx
icicilombard.nworx.app,Phishing,mock_Mock_Data_01_08_2025.xlsx
icicloanservice.com,Phishing,mock_Mock_Data_01_08_2025.xlsx
redeemmyclaim.in,Phishing,mock_Mock_Data_01_08_2025.xlsx
icicibank-9020.zendesk.com,Phishing,mock_Mock_Data_01_08_2025.xlsx
rewardsmyclaim.in,Phishing,mock_Mock_Data_01_08_2025.xlsx
icicidirect.willjini.com,Phishing,mock_Mock_Data_01_08_2025.xlsx
servicescard.online,Phishing,mock_Mock_Data_01_08_2025.xlsx
cardprotections.info,Phishing,mock_Mock_Data_01_08_2025.xlsx
redeemspoints.in,Phishing,mock_Mock_Data_01_08_2025.xlsx
icici.mycardcare.in,Phishing,mock_Mock_Data_01_08_2025.xlsx
cpservice.online,Phishing,mock_Mock_Data_01_08_2025.xlsx
icireward.com,Phishing,mock_Mock_Data_01_08_2025.xlsx
redeemsclaims.in,Phishing,mock_Mock_Data_01_08_2025.xlsx
redeemclaims.in,Phishing,mock_Mock_Data_01_08_2025.xlsx
rewardclaimapp.com,Phishing,mock_Mock_Data_01_08_2025.xlsx
www.pysdru.com,Phishing,mock_Mock_Data_01_08_2025.xlsx
mycardbenifit.in,Phishing,mock_Mock_Data_01_08_2025.xlsx
cppcard.online,Phishing,mock_Mock_Data_01_08_2025.xlsx
icicirewardstore.com,Phishing,mock_Mock_Data_01_08_2025.xlsx
3e92692b-1692-43e1-a5a6-35313752fa49-00-wrefxn3i7fuk.pike.replit.dev,Phishing,mock_Mock_Data_01_08_2025.xlsx
7ddccc4d-f6cb-4b23-ba8f-804627443bbf-00-3jlytvolrbk4u.pike.replit.dev,Phishing,mock_Mock_Data_01_08_2025.xlsx
mycardsapp.in,Phishing,mock_Mock_Data_01_08_2025.xlsx
icicirewardonline.com,Phishing,mock_Mock_Data_01_08_2025.xlsx
www.krtdsr.com,Phishing,mock_Mock_Data_01_08_2025.xlsx
81a8e64d-58d2-4d79-aff3-19ac624b530b-00-1nhchjvgh7knk.sisko.replit.dev,Phishing,mock_Mock_Data_01_08_2025.xlsx
rewardicici.com,Phishing,mock_Mock_Data_01_08_2025.xlsx
applyonline-sarvise.online,Phishing,mock_Mock_Data_01_08_2025.xlsx
icicireward.com,Phishing,mock_Mock_Data_01_08_2025.xlsx
iciccbevk.shop,Phishing,mock_Mock_Data_01_08_2025.xlsx
airtel8k.xyz,Suspected,mock_Mock_Data_01_08_2025.xlsx
airtelconnect.in,Suspected,mock_Mock_Data_01_08_2025.xlsx
hrteam@airtelcareer.in,Phishing,mock_Mock_Data_03_09_2025.xlsx
no-reply@ezweb.ne.jp,Phishing,mock_Mock_Data_03_09_2025.xlsx
jaimemartin@eprosima.com,Phishing,mock_Mock_Data_03_09_2025.xlsx
hr_general_announcement_kftb4tsvoqznmgs=mgomez@intelnt.com,Phishing,mock_Mock_Data_03_09_2025.xlsx
noreply@elatihsupport.hrdcorp.gov.my,Phishing,mock_Mock_Data_03_09_2025.xlsx
mateo.alandia@presidencia.gob.bo,Phishing,mock_Mock_Data_03_09_2025.xlsx
joliver@ofgpr.com,Phishing,mock_Mock_Data_03_09_2025.xlsx
ghendry1@wbhsi.net,Phishing,mock_Mock_Data_03_09_2025.xlsx
billing@kh1-solutions.net,Phishing,mock_Mock_Data_03_09_2025.xlsx
ricardo@timcoconstructioninc.com,Phishing,mock_Mock_Data_03_09_2025.xlsx
copterdrummer@virginmedia.com,Phishing,mock_Mock_Data_03_09_2025.xlsx
police.com.in.gov33@officereportcrime.org,Phishing,mock_Mock_Data_03_09_2025.xlsx
jade-kuester81@carpetcleaningbirmingham.biz,Phishing,mock_Mock_Data_03_09_2025.xlsx
mrityunjoy.sarkar@peregrine-security.com,Phishing,mock_Mock_Data_03_09_2025.xlsx
j27558472@gmail.com,Phishing,mock_Mock_Data_03_09_2025.xlsx
sandrakate10033@gmail.com,Phishing,mock_Mock_Data_03_09_2025.xlsx
www.facebook.com,Phishing,mock_Mock_Data_03_09_2025.xlsx
x.com,Phishing,mock_Mock_Data_03_09_2025.xlsx
t.me,Phishing,mock_Mock_Data_03_09_2025.xlsx
www.instagram.com,Phishing,mock_Mock_Data_03_09_2025.xlsx
apkrabi.com,Phishing,mock_Mock_Data_03_09_2025.xlsx
d6fe0c069739d00222f181d0889b613a.serveo.net,Suspected,mock_Mock_Data_03_09_2025.xlsx
b8f277738070d157a98d353037639c04.serveo.net,Suspected,mock_Mock_Data_03_09_2025.xlsx
6c420d4c1db95737fab2efc94a340afd.serveo.net,Suspected,mock_Mock_Data_03_09_2025.xlsx
dc.crsorgi.gov.in.crs.vlewcert.info,Suspected,mock_Mock_Data_03_09_2025.xlsx
dc.crsorgi.gov.in.web.verfy.in,Suspected,mock_Mock_Data_03_09_2025.xlsx
bestportal.solutions,Phishing,mock_Mock_Data_03_09_2025.xlsx
www.dc.crsorgi.web.index.govien.shop,Suspected,mock_Mock_Data_03_09_2025.xlsx
www.d.ve-vr.xyz,Suspected,mock_Mock_Data_03_09_2025.xlsx
www.dc.crsorgi.gov.in.verfi.co.in,Suspected,mock_Mock_Data_03_09_2025.xlsx
cashkhelo.xyz,Phishing,mock_Mock_Data_03_09_2025.xlsx
sbi-front.vercel.app,Suspected,mock_Mock_Data_04_08_2025.xlsx
sbi-site.vercel.app,Suspected,mock_Mock_Data_04_08_2025.xlsx
hdfc-beige.vercel.app,Suspected,mock_Mock_Data_04_08_2025.xlsx
sbi-yono.pages.dev,Suspected,mock_Mock_Data_04_08_2025.xlsx
sbicreditcard4.pages.dev,Suspected,mock_Mock_Data_04_08_2025.xlsx
sbicreditcard6.pages.dev,Suspected,mock_Mock_Data_04_08_2025.xlsx
hdfc.pages.dev,Suspected,mock_Mock_Data_04_08_2025.xlsx
hdfcbank.pages.dev,Suspected,mock_Mock_Data_04_08_2025.xlsx
hdfcbankregalia.pages.dev,Suspected,mock_Mock_Data_04_08_2025.xlsx
hdfrewards.pages.dev,Suspected,mock_Mock_Data_04_08_2025.xlsx
rewardshdfc.pages.dev,Suspected,mock_Mock_Data_04_08_2025.xlsx
online-hdfc-card.pages.dev,Suspected,mock_Mock_Data_04_08_2025.xlsx
online-hdfckyc.pages.dev,Suspected,mock_Mock_Data_04_08_2025.xlsx
rewardshdfcapk.pages.dev,Suspected,mock_Mock_Data_04_08_2025.xlsx
cicici.pages.dev,Suspected,mock_Mock_Data_04_08_2025.xlsx
icicibank-netbanking.pages.dev,Suspected,mock_Mock_Data_04_08_2025.xlsx
icicilombard.pages.dev,Suspected,mock_Mock_Data_04_08_2025.xlsx
online-icici-net.pages.dev,Suspected,mock_Mock_Data_04_08_2025.xlsx
online-icicikyc.pages.dev,Suspected,mock_Mock_Data_04_08_2025.xlsx
onlinicicikyc.pages.dev,Suspected,mock_Mock_Data_04_08_2025.xlsx
bobfinancials.in,Phishing,mock_Mock_Data_04_08_2025.xlsx
ww16.bankofbarodashare.life,Phishing,mock_Mock_Data_04_08_2025.xlsx
bobcrd.online,Phishing,mock_Mock_Data_04_08_2025.xlsx
bankofbaroda.prod.paymentstogo.net,Phishing,mock_Mock_Data_04_08_2025.xlsx
bankofbaroda.shop,Phishing,mock_Mock_Data_04_08_2025.xlsx
bankofbaroda-gs.uat.paymentstogo.net,Phishing,mock_Mock_Data_04_08_2025.xlsx
bankofbaroda.uat.paymentstogo.net,Phishing,mock_Mock_Data_04_08_2025.xlsx
www.wildcard.bankofbarodauae.org,Phishing,mock_Mock_Data_04_08_2025.xlsx
bankofbaroda.carrer.com,Phishing,mock_Mock_Data_04_08_2025.xlsx
banikofbaroda.com,Phishing,mock_Mock_Data_05_08_2025.xlsx
bobb.com.cn,Phishing,mock_Mock_Data_07_08_2025.xlsx
bobank.org,Phishing,mock_Mock_Data_07_08_2025.xlsx
bobank.cn,Phishing,mock_Mock_Data_07_08_2025.xlsx
bobank.com,Phishing,mock_Mock_Data_07_08_2025.xlsx
bobank.net,Phishing,mock_Mock_Data_07_08_2025.xlsx
bobank.de,Phishing,mock_Mock_Data_07_08_2025.xlsx
bankofbaroda.dev,Phishing,mock_Mock_Data_12_08_2025.xlsx
bob-services.com,Phishing,mock_Mock_Data_12_08_2025.xlsx
hdfc3.mobi,Suspected,mock_Mock_Data_12_08_2025.xlsx
icicibankltd.asia,Suspected,mock_Mock_Data_12_08_2025.xlsx
icicibankltd.net,Suspected,mock_Mock_Data_12_08_2025.xlsx
icicicbank.top,Suspected,mock_Mock_Data_12_08_2025.xlsx
icicii.top,Suspected,mock_Mock_Data_12_08_2025.xlsx
hxxps://ifsc[.]bankifsccode[.]com,Phishing,mock_Mock_Data_12_09_2025.xlsx
hxxps://ifsc[.]bankifsccode[.]com/sbin0040524,Phishing,mock_Mock_Data_12_09_2025.xlsx
//rebrand[.]ly/yad,Phishing,mock_Mock_Data_12_09_2025.xlsx
hxxps://sbicreditcardenqui62[.]wixsite[.]com/my-site-1,Phishing,mock_Mock_Data_12_09_2025.xlsx
hdfcc.cfd,Phishing,mock_Mock_Data_12_09_2025.xlsx
demo.goyattrading.shop,Phishing,mock_Mock_Data_12_09_2025.xlsx
card.wingclaimrewards.com,Phishing,mock_Mock_Data_12_09_2025.xlsx
teamrecruitmentteam.in,Phishing,mock_Mock_Data_12_09_2025.xlsx
m2.emallcart.online,Phishing,mock_Mock_Data_12_09_2025.xlsx
hdfccampaign.credithorse.in,Phishing,mock_Mock_Data_12_09_2025.xlsx
hdfc.ramgopal.in,Phishing,mock_Mock_Data_12_09_2025.xlsx
supportcc.co.in,Phishing,mock_Mock_Data_12_09_2025.xlsx
gamweb.in,Phishing,mock_Mock_Data_12_09_2025.xlsx
m2.dc7.live,Phishing,mock_Mock_Data_12_09_2025.xlsx
upgradelimitapplication.in,Phishing,mock_Mock_Data_12_09_2025.xlsx
a2.dc2.live,Phishing,mock_Mock_Data_12_09_2025.xlsx
myrewardcredit.co.in,Phishing,mock_Mock_Data_12_09_2025.xlsx
prodv2.devhdfcbank.com,Phishing,mock_Mock_Data_12_09_2025.xlsx
online.wingoffercards.com,Phishing,mock_Mock_Data_12_09_2025.xlsx
www.a2.dcwo.live,Phishing,mock_Mock_Data_12_09_2025.xlsx
supportcreditcard.com,Phishing,mock_Mock_Data_12_09_2025.xlsx
payments.rbtv.workers.dev,Phishing,mock_Mock_Data_12_09_2025.xlsx
prod.devhdfcbank.com,Phishing,mock_Mock_Data_12_09_2025.xlsx
www.hdfcredeempoint.in,Phishing,mock_Mock_Data_12_09_2025.xlsx
mail.hdfcredeempoint.in,Phishing,mock_Mock_Data_12_09_2025.xlsx
staging.devhdfcbank.com,Phishing,mock_Mock_Data_12_09_2025.xlsx
tooter.in,Phishing,mock_Mock_Data_12_09_2025.xlsx
www.hdfcmoneymarket.in,Phishing,mock_Mock_Data_12_09_2025.xlsx
unlockfreedom.in,Phishing,mock_Mock_Data_12_09_2025.xlsx
click2fingage.com,Phishing,mock_Mock_Data_12_09_2025.xlsx
hdfcdebitc.wixsite.com,Phishing,mock_Mock_Data_12_09_2025.xlsx
hdfc-neu-4-six.vercel.app,Phishing,mock_Mock_Data_12_09_2025.xlsx
hdfc-31394.zendesk.com,Phishing,mock_Mock_Data_12_09_2025.xlsx
hdfc-43827.zendesk.com,Phishing,mock_Mock_Data_12_09_2025.xlsx
hdfc-93839.zendesk.com,Phishing,mock_Mock_Data_12_09_2025.xlsx
hdfc-17906.zendesk.com,Phishing,mock_Mock_Data_12_09_2025.xlsx
hdfc-56319.zendesk.com,Phishing,mock_Mock_Data_12_09_2025.xlsx
hdfc-53453.zendesk.com,Phishing,mock_Mock_Data_12_09_2025.xlsx
hdfc-91046.zendesk.com,Phishing,mock_Mock_Data_12_09_2025.xlsx
hdfc-37820.zendesk.com,Phishing,mock_Mock_Data_12_09_2025.xlsx
hdfc-27586.zendesk.com,Phishing,mock_Mock_Data_12_09_2025.xlsx
youtube.220913.xyz,Phishing,mock_Mock_Data_12_09_2025.xlsx
hdfcbank.speedynet.in,Phishing,mock_Mock_Data_12_09_2025.xlsx
www.hdfcbank.speedynet.in,Phishing,mock_Mock_Data_12_09_2025.xlsx
reward.wingiftscards.com,Phishing,mock_Mock_Data_12_09_2025.xlsx
hdfcapp.intch.xyz,Phishing,mock_Mock_Data_12_09_2025.xlsx
hdfc-56790.zendesk.com,Phishing,mock_Mock_Data_12_09_2025.xlsx
hdfc.i-on.store,Phishing,mock_Mock_Data_12_09_2025.xlsx
www.kosecbf.icu,Phishing,mock_Mock_Data_12_09_2025.xlsx
154.201.93.62,Phishing,mock_Mock_Data_12_09_2025.xlsx
h5.kosecbf.icu,Phishing,mock_Mock_Data_12_09_2025.xlsx
www.hdfc.balajigames.org,Phishing,mock_Mock_Data_12_09_2025.xlsx
get.myclaimoffercards.com,Phishing,mock_Mock_Data_12_09_2025.xlsx
get.onlinecardmyrewards.com,Phishing,mock_Mock_Data_12_09_2025.xlsx
hdcarehelp.com,Phishing,mock_Mock_Data_12_09_2025.xlsx
ww.hhdfcbank.com,Phishing,mock_Mock_Data_12_09_2025.xlsx
www.res61.hdfccbank.com,Phishing,mock_Mock_Data_12_09_2025.xlsx
claim.mygetrewards.com,Phishing,mock_Mock_Data_12_09_2025.xlsx
mygetrewards.com,Phishing,mock_Mock_Data_12_09_2025.xlsx
cardgage.com,Phishing,mock_Mock_Data_12_09_2025.xlsx
35.154.33.8,Phishing,mock_Mock_Data_12_09_2025.xlsx
hdfcbank.vercel.app,Phishing,mock_Mock_Data_12_09_2025.xlsx
priyanshu.hdfc.app,Phishing,mock_Mock_Data_12_09_2025.xlsx
hdfcuat.bank.in,Phishing,mock_Mock_Data_12_09_2025.xlsx
t3.sms-api.xyz,Phishing,mock_Mock_Data_12_09_2025.xlsx
t2.sms-api.xyz,Phishing,mock_Mock_Data_12_09_2025.xlsx
t1.sms-api.xyz,Phishing,mock_Mock_Data_12_09_2025.xlsx
hdrewardcards.com,Phishing,mock_Mock_Data_12_09_2025.xlsx
tf5edq7h.pages.dev,Phishing,mock_Mock_Data_12_09_2025.xlsx
mycardupgrades.com,Phishing,mock_Mock_Data_12_09_2025.xlsx
pan-update-online1.web.app,Phishing,mock_Mock_Data_12_09_2025.xlsx
t1.tkpooja.cloud,Phishing,mock_Mock_Data_12_09_2025.xlsx
t3.tkpooja.cloud,Phishing,mock_Mock_Data_12_09_2025.xlsx
t6.tkpooja.cloud,Phishing,mock_Mock_Data_12_09_2025.xlsx
www.mycardlimit.online,Phishing,mock_Mock_Data_12_09_2025.xlsx
t2.tkpooja.cloud,Phishing,mock_Mock_Data_12_09_2025.xlsx
mycardhelps.com,Phishing,mock_Mock_Data_12_09_2025.xlsx
my.claimofferreward.com,Phishing,mock_Mock_Data_12_09_2025.xlsx
getclaimofferhdfc.com,Phishing,mock_Mock_Data_12_09_2025.xlsx
hdfastco.icu,Phishing,mock_Mock_Data_12_09_2025.xlsx
hdfastcome.icu,Phishing,mock_Mock_Data_12_09_2025.xlsx
hdfc-neu-3-mlz5.vercel.app,Phishing,mock_Mock_Data_12_09_2025.xlsx
www.redeemmycards.in,Phishing,mock_Mock_Data_12_09_2025.xlsx
hdfc-76212.zendesk.com,Phishing,mock_Mock_Data_12_09_2025.xlsx
hdfc-neu-5.vercel.app,Phishing,mock_Mock_Data_12_09_2025.xlsx
hdfc-bankonline.com,Phishing,mock_Mock_Data_12_09_2025.xlsx
hdfc-update-pan.web.app,Phishing,mock_Mock_Data_12_09_2025.xlsx
hdfc-32-pan-update.web.app,Phishing,mock_Mock_Data_12_09_2025.xlsx
hdfc.osprocure-test.in,Phishing,mock_Mock_Data_12_09_2025.xlsx
hdfc.biz,Phishing,mock_Mock_Data_12_09_2025.xlsx
arithmeticpro.netlify.app,Phishing,mock_Mock_Data_12_09_2025.xlsx
hdfcperksholidayoffer.rewardzpromo.com,Phishing,mock_Mock_Data_12_09_2025.xlsx
www.applyonlinehdfcbank.com,Phishing,mock_Mock_Data_12_09_2025.xlsx
hdfc-hdfc-xi.vercel.app,Phishing,mock_Mock_Data_12_09_2025.xlsx
hdfcba.zendesk.com,Phishing,mock_Mock_Data_12_09_2025.xlsx
hdfc-41891.zendesk.com,Phishing,mock_Mock_Data_12_09_2025.xlsx
hdfcbank-90690.zendesk.com,Phishing,mock_Mock_Data_12_09_2025.xlsx
hdfcbank-41511.zendesk.com,Phishing,mock_Mock_Data_12_09_2025.xlsx
www.netbankingshdfc.com,Phishing,mock_Mock_Data_12_09_2025.xlsx
hdfcbank-27065.zendesk.com,Phishing,mock_Mock_Data_12_09_2025.xlsx
13.127.221.31,Phishing,mock_Mock_Data_12_09_2025.xlsx
myclaimspoint.com,Phishing,mock_Mock_Data_12_09_2025.xlsx
15.206.192.241,Phishing,mock_Mock_Data_12_09_2025.xlsx
38.165.19.200,Phishing,mock_Mock_Data_12_09_2025.xlsx
app.hdfcstockmarket.cc,Phishing,mock_Mock_Data_12_09_2025.xlsx
www-hdfcbank-com.translate.goog,Phishing,mock_Mock_Data_12_09_2025.xlsx
hdfc8671.zendesk.com,Phishing,mock_Mock_Data_12_09_2025.xlsx
h5.drhhfcvipxz.top,Phishing,mock_Mock_Data_12_09_2025.xlsx
hdfc-neu-3-henna.vercel.app,Phishing,mock_Mock_Data_12_09_2025.xlsx
hdfcreward.cyou,Phishing,mock_Mock_Data_12_09_2025.xlsx
hdfc4810.zendesk.com,Phishing,mock_Mock_Data_12_09_2025.xlsx
h5.drhhfccxz.top,Phishing,mock_Mock_Data_12_09_2025.xlsx
nhaifastag.info,Phishing,mock_Mock_Data_12_09_2025.xlsx
i09.muletisunnyxx-g21.cloud,Phishing,mock_Mock_Data_12_09_2025.xlsx
159.65.157.110,Phishing,mock_Mock_Data_12_09_2025.xlsx
3.6.82.17,Phishing,mock_Mock_Data_12_09_2025.xlsx
160.187.54.235,Phishing,mock_Mock_Data_12_09_2025.xlsx
maxtn.bigcityexperience.com,Phishing,mock_Mock_Data_12_09_2025.xlsx
dev-offshore.wealthfy.com,Phishing,mock_Mock_Data_12_09_2025.xlsx
apidocs.apibanking.com,Phishing,mock_Mock_Data_12_09_2025.xlsx
hdfcltdhelp.zendesk.com,Phishing,mock_Mock_Data_12_09_2025.xlsx
hkjhkhkhkhkhkhkhkhkhkh.pages.dev,Phishing,mock_Mock_Data_12_09_2025.xlsx
hdfc-bank-app.vercel.app,Phishing,mock_Mock_Data_12_09_2025.xlsx
hdfcbank-35747.zendesk.com,Phishing,mock_Mock_Data_12_09_2025.xlsx
webhdfc-810ce.firebaseapp.com,Phishing,mock_Mock_Data_12_09_2025.xlsx
hdfpts.firebaseapp.com,Phishing,mock_Mock_Data_12_09_2025.xlsx
hdfc-99121.zendesk.com,Phishing,mock_Mock_Data_12_09_2025.xlsx
hdfc-57378.zendesk.com,Phishing,mock_Mock_Data_12_09_2025.xlsx
hdfc.managecard.co.in,Phishing,mock_Mock_Data_12_09_2025.xlsx
in.appurse.com,Phishing,mock_Mock_Data_12_09_2025.xlsx
hdfcbank-48709.zendesk.com,Phishing,mock_Mock_Data_12_09_2025.xlsx
hdfc-49762.zendesk.com,Phishing,mock_Mock_Data_12_09_2025.xlsx
hdfc-neu-3.vercel.app,Phishing,mock_Mock_Data_12_09_2025.xlsx
hdfc-neu-2.vercel.app,Phishing,mock_Mock_Data_12_09_2025.xlsx
hdfc-jdhjfdg.vercel.app,Phishing,mock_Mock_Data_12_09_2025.xlsx
13.126.51.54,Phishing,mock_Mock_Data_12_09_2025.xlsx
hdfc-95999.zendesk.com,Phishing,mock_Mock_Data_12_09_2025.xlsx
mygetclaimpoints.com,Phishing,mock_Mock_Data_12_09_2025.xlsx
hdfc.managecard.in,Phishing,mock_Mock_Data_12_09_2025.xlsx
vktnkl.vercel.app,Phishing,mock_Mock_Data_12_09_2025.xlsx
15.206.113.1,Phishing,mock_Mock_Data_12_09_2025.xlsx
nhaifastag.com,Phishing,mock_Mock_Data_12_09_2025.xlsx
hdfcbankinzhb.zendesk.com,Phishing,mock_Mock_Data_12_09_2025.xlsx
hdfc347.zendesk.com,Phishing,mock_Mock_Data_12_09_2025.xlsx
hdfc-4538.zendesk.com,Phishing,mock_Mock_Data_12_09_2025.xlsx
krishna.justchillstore.shop,Phishing,mock_Mock_Data_12_09_2025.xlsx
drhhfc.com,Phishing,mock_Mock_Data_12_09_2025.xlsx
newfasthdfcvip.com,Phishing,mock_Mock_Data_12_09_2025.xlsx
fastnetpro.com,Phishing,mock_Mock_Data_12_09_2025.xlsx
newfasthdfc.com,Phishing,mock_Mock_Data_12_09_2025.xlsx
randomnewhc.com,Phishing,mock_Mock_Data_12_09_2025.xlsx
13.127.91.63,Phishing,mock_Mock_Data_12_09_2025.xlsx
hdfc-nine.vercel.app,Phishing,mock_Mock_Data_12_09_2025.xlsx
hdfc-15481.zendesk.com,Phishing,mock_Mock_Data_12_09_2025.xlsx
hdfc-75391.zendesk.com,Phishing,mock_Mock_Data_12_09_2025.xlsx
hdfcbank-84186.zendesk.com,Phishing,mock_Mock_Data_12_09_2025.xlsx
hdfcbank4992.zendesk.com,Phishing,mock_Mock_Data_12_09_2025.xlsx
www.hdfc.manageuserapp.com,Phishing,mock_Mock_Data_12_09_2025.xlsx
182.79.233.118,Phishing,mock_Mock_Data_12_09_2025.xlsx
hdfc6e.zendesk.com,Phishing,mock_Mock_Data_12_09_2025.xlsx
hdfc-75745.zendesk.com,Phishing,mock_Mock_Data_12_09_2025.xlsx
hdfc.thewimpyswrath.com,Phishing,mock_Mock_Data_12_09_2025.xlsx
cardshdfc.com,Phishing,mock_Mock_Data_12_09_2025.xlsx
vite-react-tczo.vercel.app,Phishing,mock_Mock_Data_12_09_2025.xlsx
radeempoints.com,Phishing,mock_Mock_Data_12_09_2025.xlsx
www.myhdfccards.com,Phishing,mock_Mock_Data_12_09_2025.xlsx
sites.google.com,Phishing,mock_Mock_Data_12_09_2025.xlsx
arunwb.github.io,Phishing,mock_Mock_Data_12_09_2025.xlsx
hi-1qrs.web.app,Phishing,mock_Mock_Data_12_09_2025.xlsx
hi-1qrs.firebaseapp.com,Phishing,mock_Mock_Data_12_09_2025.xlsx
khushalk21.github.io,Phishing,mock_Mock_Data_12_09_2025.xlsx
hdfc4956.zendesk.com,Phishing,mock_Mock_Data_12_09_2025.xlsx
hd.dc8.live,Phishing,mock_Mock_Data_12_09_2025.xlsx
hdfc9113.zendesk.com,Phishing,mock_Mock_Data_12_09_2025.xlsx
hdfcbank4754.zendesk.com,Phishing,mock_Mock_Data_12_09_2025.xlsx
h-dfcp-0-int.vercel.app,Phishing,mock_Mock_Data_12_09_2025.xlsx
hdfcbank3180.zendesk.com,Phishing,mock_Mock_Data_12_09_2025.xlsx
www.hdfcinsurance.online,Phishing,mock_Mock_Data_12_09_2025.xlsx
vite-t-85sc.vercel.app,Phishing,mock_Mock_Data_12_09_2025.xlsx
220.225.104.139,Phishing,mock_Mock_Data_12_09_2025.xlsx
mygetrewardsclaim.com,Phishing,mock_Mock_Data_12_09_2025.xlsx
hdfcbank3846.zendesk.com,Phishing,mock_Mock_Data_12_09_2025.xlsx
45-1em.pages.dev,Phishing,mock_Mock_Data_12_09_2025.xlsx
dtrymn.vercel.app,Phishing,mock_Mock_Data_12_09_2025.xlsx
gamer0124.github.io,Phishing,mock_Mock_Data_12_09_2025.xlsx
hdfcinsurance.help,Phishing,mock_Mock_Data_12_09_2025.xlsx
hdfc-dil.vercel.app,Phishing,mock_Mock_Data_12_09_2025.xlsx
free-office.xyz,Phishing,mock_Mock_Data_12_09_2025.xlsx
hdfc.creditcardlogin.in,Phishing,mock_Mock_Data_12_09_2025.xlsx
lmkdrt.vercel.app,Phishing,mock_Mock_Data_12_09_2025.xlsx
hdfccredit.in,Phishing,mock_Mock_Data_12_09_2025.xlsx
www.hdfccredit.in,Phishing,mock_Mock_Data_12_09_2025.xlsx
getrewardspoints.com,Phishing,mock_Mock_Data_12_09_2025.xlsx
online-hd.pages.dev,Phishing,mock_Mock_Data_12_09_2025.xlsx
www.supportsmycards.in,Phishing,mock_Mock_Data_12_09_2025.xlsx
hdfczerox-news-projects-30bc6bd4.vercel.app,Phishing,mock_Mock_Data_12_09_2025.xlsx
claimvouchers.in,Phishing,mock_Mock_Data_12_09_2025.xlsx
tsrbjhk.vercel.app,Phishing,mock_Mock_Data_12_09_2025.xlsx
da.gd,Phishing,mock_Mock_Data_12_09_2025.xlsx
twdsa.bizinfotools.com,Phishing,mock_Mock_Data_12_09_2025.xlsx
bizinfotools.com,Phishing,mock_Mock_Data_12_09_2025.xlsx
hdfc-cpp.site,Phishing,mock_Mock_Data_12_09_2025.xlsx
mypointsrewards.com,Phishing,mock_Mock_Data_12_09_2025.xlsx
fileasis.com,Phishing,mock_Mock_Data_12_09_2025.xlsx
cpp-support.help,Phishing,mock_Mock_Data_12_09_2025.xlsx
www.hdfcreward.com,Phishing,mock_Mock_Data_12_09_2025.xlsx
hdfc.cppio.info,Phishing,mock_Mock_Data_12_09_2025.xlsx
hdfc-cpp.shop,Phishing,mock_Mock_Data_12_09_2025.xlsx
www.mycardloginhdfc.in,Phishing,mock_Mock_Data_12_09_2025.xlsx
hdfc-bank-new-opal.vercel.app,Phishing,mock_Mock_Data_12_09_2025.xlsx
hdfcbank.begenuin.com,Phishing,mock_Mock_Data_12_09_2025.xlsx
hdfc-cpp.life,Phishing,mock_Mock_Data_12_09_2025.xlsx
vjhdtry.vercel.app,Phishing,mock_Mock_Data_12_09_2025.xlsx
mycardhdf.in,Phishing,mock_Mock_Data_12_09_2025.xlsx
plancppproo.com,Phishing,mock_Mock_Data_12_09_2025.xlsx
cppsupport.help,Phishing,mock_Mock_Data_12_09_2025.xlsx
www.hdfc.mymanageapp.com,Phishing,mock_Mock_Data_12_09_2025.xlsx
hdfc-bank-mpower-learning-app.onlinehackz.com,Phishing,mock_Mock_Data_12_09_2025.xlsx
hdfc8630.zendesk.com,Phishing,mock_Mock_Data_12_09_2025.xlsx
hdfc-preview.vishalb.dev,Phishing,mock_Mock_Data_12_09_2025.xlsx
mail.myhelpcards.in,Phishing,mock_Mock_Data_12_09_2025.xlsx
test.esafgoldloan.site,Phishing,mock_Mock_Data_12_09_2025.xlsx
hdfcbank8491.zendesk.com,Phishing,mock_Mock_Data_12_09_2025.xlsx
www.myhelpcards.in,Phishing,mock_Mock_Data_12_09_2025.xlsx
www.cardhelp.in,Phishing,mock_Mock_Data_12_09_2025.xlsx
hdfcbankfastag.in,Phishing,mock_Mock_Data_12_09_2025.xlsx
www.hdfcbanks.site,Phishing,mock_Mock_Data_12_09_2025.xlsx
test73.besthr.in,Phishing,mock_Mock_Data_12_09_2025.xlsx
ppplanprotection.com,Phishing,mock_Mock_Data_12_09_2025.xlsx
myhdfclogin.com,Phishing,mock_Mock_Data_12_09_2025.xlsx
online-kychd.pages.dev,Phishing,mock_Mock_Data_12_09_2025.xlsx
ahmedtamim19050.github.io,Phishing,mock_Mock_Data_12_09_2025.xlsx
hdfc.samcostocks.cc,Phishing,mock_Mock_Data_12_09_2025.xlsx
learnemp.github.io,Phishing,mock_Mock_Data_12_09_2025.xlsx
hcdonline.site,Phishing,mock_Mock_Data_12_09_2025.xlsx
hdconline.site,Phishing,mock_Mock_Data_12_09_2025.xlsx
hdfcrecruitment.in,Phishing,mock_Mock_Data_12_09_2025.xlsx
play.hdfcincrase.today,Phishing,mock_Mock_Data_12_09_2025.xlsx
abcdlive.onedataentrysolution.in,Phishing,mock_Mock_Data_12_09_2025.xlsx
eventh-demo.upgrade2linux.com,Phishing,mock_Mock_Data_12_09_2025.xlsx
hdfclimit.site,Phishing,mock_Mock_Data_12_09_2025.xlsx
hdfcards.com,Phishing,mock_Mock_Data_12_09_2025.xlsx
loginmyhdfc.com,Phishing,mock_Mock_Data_12_09_2025.xlsx
rewardsmycards.com,Phishing,mock_Mock_Data_12_09_2025.xlsx
myclaimsreward.com,Phishing,mock_Mock_Data_12_09_2025.xlsx
askcchelp.in,Phishing,mock_Mock_Data_12_09_2025.xlsx
fac-unions.com,Phishing,mock_Mock_Data_12_09_2025.xlsx
mehrahdf.wvrgh.cloud,Phishing,mock_Mock_Data_12_09_2025.xlsx
onlinehdfccapitals.com,Phishing,mock_Mock_Data_12_09_2025.xlsx
hdfccardrewards.com,Phishing,mock_Mock_Data_12_09_2025.xlsx
www.hdfclive.onedataentrysolution.in,Phishing,mock_Mock_Data_12_09_2025.xlsx
capitalmorph.com,Phishing,mock_Mock_Data_12_09_2025.xlsx
hdfc-new-sv.vercel.app,Phishing,mock_Mock_Data_12_09_2025.xlsx
hdfc-sec-kohl-newoip.vercel.app,Phishing,mock_Mock_Data_12_09_2025.xlsx
netportall.com,Phishing,mock_Mock_Data_12_09_2025.xlsx
mycredit.cardlimit.live,Phishing,mock_Mock_Data_12_09_2025.xlsx
hdfccardbank.com,Phishing,mock_Mock_Data_12_09_2025.xlsx
online-hd4c.pages.dev,Phishing,mock_Mock_Data_12_09_2025.xlsx
hdfc.zoutons.com,Phishing,mock_Mock_Data_12_09_2025.xlsx
loginhdcfc.buzz,Phishing,mock_Mock_Data_12_09_2025.xlsx
hd-azq.pages.dev,Phishing,mock_Mock_Data_12_09_2025.xlsx
pl.bizinfotools.com,Phishing,mock_Mock_Data_12_09_2025.xlsx
instantconfirmation.site,Phishing,mock_Mock_Data_12_09_2025.xlsx
ww38.feda.bobibank.com,Phishing,mock_Mock_Data_14_08_2025.xlsx
airtel-merchants.co.in,Suspected,mock_Mock_Data_19_08_2025.xlsx
airtelmusic.in,Suspected,mock_Mock_Data_19_08_2025.xlsx
airtel-topup.in,Suspected,mock_Mock_Data_19_08_2025.xlsx
airtelcareer.in,Phishing,mock_Mock_Data_19_08_2025.xlsx
airtel-in.click,Suspected,mock_Mock_Data_19_08_2025.xlsx
dccrsorgigov.xyz,Suspected,mock_Mock_Data_19_08_2025.xlsx
crsorgii.xyz,Suspected,mock_Mock_Data_19_08_2025.xlsx
campicicin.pro,Suspected,mock_Mock_Data_19_08_2025.xlsx
icicira.top,Suspected,mock_Mock_Data_19_08_2025.xlsx
hdfcbank.men,Suspected,mock_Mock_Data_19_08_2025.xlsx
hdfcbank.stream,Suspected,mock_Mock_Data_19_08_2025.xlsx
hdfcghj.top,Suspected,mock_Mock_Data_19_08_2025.xlsx
hdfcsecpr.net,Suspected,mock_Mock_Data_19_08_2025.xlsx
iocl.ind.in,Suspected,mock_Mock_Data_19_08_2025.xlsx
bankofbaroda.co,Phishing,mock_Mock_Data_21_08_2025.xlsx
bzhzsbi.icu,Suspected,mock_Mock_Data_21_08_2025.xlsx
eqidsbi.icu,Suspected,mock_Mock_Data_21_08_2025.xlsx
sbi-group.net,Suspected,mock_Mock_Data_21_08_2025.xlsx
airtelxtreamfiber.in,Phishing,mock_Mock_Data_22_08_2025.xlsx
airtelcareers.in,Suspected,mock_Mock_Data_22_08_2025.xlsx
airtelmh.in,Suspected,mock_Mock_Data_22_08_2025.xlsx
airtelwifi.co.in,Suspected,mock_Mock_Data_22_08_2025.xlsx
airtel-wifi.in,Suspected,mock_Mock_Data_22_08_2025.xlsx
bhartiairtel.ind.in,Suspected,mock_Mock_Data_22_08_2025.xlsx
banksofbarodaa.com,Phishing,mock_Mock_Data_25_08_2025.xlsx
aegisbi.app,Suspected,mock_Mock_Data_25_08_2025.xlsx
icicicardprotection.in,Suspected,mock_Mock_Data_25_08_2025.xlsx
iciciloan.in,Suspected,mock_Mock_Data_25_08_2025.xlsx
icicirewardsstore.in,Suspected,mock_Mock_Data_25_08_2025.xlsx
mycardsicici.in,Suspected,mock_Mock_Data_25_08_2025.xlsx
myrewardhdfc.in,Suspected,mock_Mock_Data_25_08_2025.xlsx
nosbi.pro,Suspected,mock_Mock_Data_28_08_2025.xlsx
creditcardservicehdfc.in,Suspected,mock_Mock_Data_28_08_2025.xlsx
bhdfc11.top,Suspected,mock_Mock_Data_28_08_2025.xlsx
bankofbaroada.com,Phishing,mock_Mock_Data_29_08_2025.xlsx
pruicici.co.in,Suspected,mock_Mock_Data_29_08_2025.xlsx
fitsbi.in,Suspected,mock_Mock_Data_29_08_2025.xlsx
helpdesksbi.in,Suspected,mock_Mock_Data_29_08_2025.xlsx
hrdsbi.co.in,Suspected,mock_Mock_Data_29_08_2025.xlsx
hrsbi.co.in,Suspected,mock_Mock_Data_29_08_2025.xlsx
hr-sbi.co.in,Suspected,mock_Mock_Data_29_08_2025.xlsx
sbicardplan.in,Suspected,mock_Mock_Data_29_08_2025.xlsx
sbihr.co.in,Suspected,mock_Mock_Data_29_08_2025.xlsx
sbi-hr.co.in,Suspected,mock_Mock_Data_29_08_2025.xlsx
crsorgdc.in,Suspected,mock_Mock_Data_29_08_2025.xlsx
crsorgigoovi.in,Suspected,mock_Mock_Data_29_08_2025.xlsx
agvb-digital.com,Phishing,mock_Mock_Data_31_07_2025.xlsx
sbzsaee.replit.app,Phishing,mock_Mock_Data_31_07_2025.xlsx
sbi.adminlogin.in,Phishing,mock_Mock_Data_31_07_2025.xlsx
parvez-2001.github.io,Phishing,mock_Mock_Data_31_07_2025.xlsx
lzesa.replit.app,Phishing,mock_Mock_Data_31_07_2025.xlsx
sii8uyth.web.app,Phishing,mock_Mock_Data_31_07_2025.xlsx
p1-nr4d.vercel.app,Phishing,mock_Mock_Data_31_07_2025.xlsx
lcswq.replit.app,Phishing,mock_Mock_Data_31_07_2025.xlsx
edvfb.pages.dev,Phishing,mock_Mock_Data_31_07_2025.xlsx
activenetbanking.co.in,Phishing,mock_Mock_Data_31_07_2025.xlsx
cardcaresapplication.in,Phishing,mock_Mock_Data_31_07_2025.xlsx
yonomyapp.com,Phishing,mock_Mock_Data_31_07_2025.xlsx
bnkrewrdzs-s.replit.app,Phishing,mock_Mock_Data_31_07_2025.xlsx
sblankt.vercel.app,Phishing,mock_Mock_Data_31_07_2025.xlsx
applyonlinesolution.site,Phishing,mock_Mock_Data_31_07_2025.xlsx
cgfy89dtfy.vercel.app,Phishing,mock_Mock_Data_31_07_2025.xlsx
cardworldsbi.in,Phishing,mock_Mock_Data_31_07_2025.xlsx
fastcardssolutions.online,Phishing,mock_Mock_Data_31_07_2025.xlsx
nsbl.replit.app,Phishing,mock_Mock_Data_31_07_2025.xlsx
rsewe.replit.app,Phishing,mock_Mock_Data_31_07_2025.xlsx
rebrand.ly,Phishing,mock_Mock_Data_31_07_2025.xlsx
msfy.in,Phishing,mock_Mock_Data_31_07_2025.xlsx
26a52502-c868-4d8e-ac2f-b0ea64abaf2a-00-27xss7mit6q1a.sisko.replit.dev,Phishing,mock_Mock_Data_31_07_2025.xlsx
hrmssbi.com,Phishing,mock_Mock_Data_31_07_2025.xlsx
clone-for-educational-purpose.vercel.app,Phishing,mock_Mock_Data_31_07_2025.xlsx
sbicreditcardw.wixsite.com,Phishing,mock_Mock_Data_31_07_2025.xlsx
5d16a33e-8d20-46d4-be2b-af5cfdb73cfc-00-2kidm7qld9lho.pike.replit.dev,Phishing,mock_Mock_Data_31_07_2025.xlsx
iamankit19.github.io,Phishing,mock_Mock_Data_31_07_2025.xlsx
sb-p-tbjh.vercel.app,Phishing,mock_Mock_Data_31_07_2025.xlsx
87a5f526-970a-4945-92c1-c9a1f1d6f28e-00-2y8umi17mu65w.sisko.replit.dev,Phishing,mock_Mock_Data_31_07_2025.xlsx
779fbf59-c116-475e-9fa8-8feae4f38333-00-nypqd7g26a7.sisko.replit.dev,Phishing,mock_Mock_Data_31_07_2025.xlsx
sb-murex-alpha.vercel.app,Phishing,mock_Mock_Data_31_07_2025.xlsx
ysupdateverfyall.wixsite.com,Phishing,mock_Mock_Data_31_07_2025.xlsx
24e2705d-933e-4e13-a722-9a5d9a7f80c3-00-1hkqh38jos5xo.sisko.replit.dev,Phishing,mock_Mock_Data_31_07_2025.xlsx
sbicardonlineuse.wixsite.com,Phishing,mock_Mock_Data_31_07_2025.xlsx
updateverifying66.wixsite.com,Phishing,mock_Mock_Data_31_07_2025.xlsx
customer-cares.site,Phishing,mock_Mock_Data_31_07_2025.xlsx
raju.vercel.app,Phishing,mock_Mock_Data_31_07_2025.xlsx
sblk.replit.app,Phishing,mock_Mock_Data_31_07_2025.xlsx
rewdzpoint.replit.app,Phishing,mock_Mock_Data_31_07_2025.xlsx
messein.pages.dev,Phishing,mock_Mock_Data_31_07_2025.xlsx
sbi.profileapps.in,Phishing,mock_Mock_Data_31_07_2025.xlsx
cute-choux-a0064b.netlify.app,Phishing,mock_Mock_Data_31_07_2025.xlsx
claim-s.replit.app,Phishing,mock_Mock_Data_31_07_2025.xlsx
sywyqe-s.replit.app,Phishing,mock_Mock_Data_31_07_2025.xlsx
kali-beta.vercel.app,Phishing,mock_Mock_Data_31_07_2025.xlsx
01a-five.vercel.app,Phishing,mock_Mock_Data_31_07_2025.xlsx
011-two.vercel.app,Phishing,mock_Mock_Data_31_07_2025.xlsx
08c97d5d-2445-4cd3-a308-8a55c32167a9-00-21ng9b1eqafu3.sisko.replit.dev,Phishing,mock_Mock_Data_31_07_2025.xlsx
cardsactivateed.online,Phishing,mock_Mock_Data_31_07_2025.xlsx
sbi.loginprofile.in,Phishing,mock_Mock_Data_31_07_2025.xlsx
trained.replit.app,Phishing,mock_Mock_Data_31_07_2025.xlsx
13.61.0.81,Phishing,mock_Mock_Data_31_07_2025.xlsx
54.163.52.162,Phishing,mock_Mock_Data_31_07_2025.xlsx
onlyoffer.replit.app,Phishing,mock_Mock_Data_31_07_2025.xlsx
sbifinanceonline.com,Phishing,mock_Mock_Data_31_07_2025.xlsx
sb-p-2avb.vercel.app,Phishing,mock_Mock_Data_31_07_2025.xlsx
sb-p-19of.vercel.app,Phishing,mock_Mock_Data_31_07_2025.xlsx
sb-uaj7.vercel.app,Phishing,mock_Mock_Data_31_07_2025.xlsx
sb-p-dlhp.vercel.app,Phishing,mock_Mock_Data_31_07_2025.xlsx
08398f34-7924-403b-822d-d88939f70d88-00-3elv7abqdc5bx.sisko.replit.dev,Phishing,mock_Mock_Data_31_07_2025.xlsx
hots.wmtreviewssales.com,Phishing,mock_Mock_Data_31_07_2025.xlsx
sb-p-53rh.vercel.app,Phishing,mock_Mock_Data_31_07_2025.xlsx
sb-sggm.vercel.app,Phishing,mock_Mock_Data_31_07_2025.xlsx
updatesc.com,Phishing,mock_Mock_Data_31_07_2025.xlsx
s-yn146.pages.dev,Phishing,mock_Mock_Data_31_07_2025.xlsx
sb-p-23yp.vercel.app,Phishing,mock_Mock_Data_31_07_2025.xlsx
www.onlinesbicredits.com,Phishing,mock_Mock_Data_31_07_2025.xlsx
sb-bysf.vercel.app,Phishing,mock_Mock_Data_31_07_2025.xlsx
sink.livik.cloud,Phishing,mock_Mock_Data_31_07_2025.xlsx
sbi-finance.icu,Phishing,mock_Mock_Data_31_07_2025.xlsx
sb-jrxx.vercel.app,Phishing,mock_Mock_Data_31_07_2025.xlsx
invizible84.github.io,Phishing,mock_Mock_Data_31_07_2025.xlsx
lgy1uhb.vercel.app,Phishing,mock_Mock_Data_31_07_2025.xlsx
sb-8hfj.vercel.app,Phishing,mock_Mock_Data_31_07_2025.xlsx
s7tgqx4wd.pages.dev,Phishing,mock_Mock_Data_31_07_2025.xlsx
kupsn-m.replit.app,Phishing,mock_Mock_Data_31_07_2025.xlsx
onlinepayment.sbs,Phishing,mock_Mock_Data_31_07_2025.xlsx
peppery-e.replit.app,Phishing,mock_Mock_Data_31_07_2025.xlsx
clahy-m.replit.app,Phishing,mock_Mock_Data_31_07_2025.xlsx
stetabankcreditcar.wixsite.com,Phishing,mock_Mock_Data_31_07_2025.xlsx
secest.replit.app,Phishing,mock_Mock_Data_31_07_2025.xlsx
sb-3lqx.vercel.app,Phishing,mock_Mock_Data_31_07_2025.xlsx
sb-eldf.vercel.app,Phishing,mock_Mock_Data_31_07_2025.xlsx
farof.replit.app,Phishing,mock_Mock_Data_31_07_2025.xlsx
klyj1tfy.vercel.app,Phishing,mock_Mock_Data_31_07_2025.xlsx
sb-sigma-orpin.vercel.app,Phishing,mock_Mock_Data_31_07_2025.xlsx
sbpfpro-8jky.vercel.app,Phishing,mock_Mock_Data_31_07_2025.xlsx
clickredeem.replit.app,Phishing,mock_Mock_Data_31_07_2025.xlsx
sb-66oe.vercel.app,Phishing,mock_Mock_Data_31_07_2025.xlsx
lumse.replit.app,Phishing,mock_Mock_Data_31_07_2025.xlsx
sb-nxon.vercel.app,Phishing,mock_Mock_Data_31_07_2025.xlsx
sb-r2v8.vercel.app,Phishing,mock_Mock_Data_31_07_2025.xlsx
cok197-16.pages.dev,Phishing,mock_Mock_Data_31_07_2025.xlsx
gugj1-576.pages.dev,Phishing,mock_Mock_Data_31_07_2025.xlsx
hydhc1-36a.pages.dev,Phishing,mock_Mock_Data_31_07_2025.xlsx
ajol1-78a.pages.dev,Phishing,mock_Mock_Data_31_07_2025.xlsx
jis1-868.pages.dev,Phishing,mock_Mock_Data_31_07_2025.xlsx
sb-8bl1.vercel.app,Phishing,mock_Mock_Data_31_07_2025.xlsx
axkj.pages.dev,Phishing,mock_Mock_Data_31_07_2025.xlsx
axgh-123az.pages.dev,Phishing,mock_Mock_Data_31_07_2025.xlsx
545646546464646464646464646.pages.dev,Phishing,mock_Mock_Data_31_07_2025.xlsx
sbi-yono-online.vercel.app,Phishing,mock_Mock_Data_31_07_2025.xlsx
rewdz.replit.app,Phishing,mock_Mock_Data_31_07_2025.xlsx
wrieai.replit.app,Phishing,mock_Mock_Data_31_07_2025.xlsx
fodhj70.replit.app,Phishing,mock_Mock_Data_31_07_2025.xlsx
sb-rcs5.vercel.app,Phishing,mock_Mock_Data_31_07_2025.xlsx
hbjdtyf.netlify.app,Phishing,mock_Mock_Data_31_07_2025.xlsx
kurdigitmrr.replit.app,Phishing,mock_Mock_Data_31_07_2025.xlsx
promosbi.site,Phishing,mock_Mock_Data_31_07_2025.xlsx
sxzb18-13.pages.dev,Phishing,mock_Mock_Data_31_07_2025.xlsx
testsbcoll-76.pages.dev,Phishing,mock_Mock_Data_31_07_2025.xlsx
dtybjk.vercel.app,Phishing,mock_Mock_Data_31_07_2025.xlsx
collectrewards.pages.dev,Phishing,mock_Mock_Data_31_07_2025.xlsx
sb-p7fk.vercel.app,Phishing,mock_Mock_Data_31_07_2025.xlsx
upateredeems.replit.app,Phishing,mock_Mock_Data_31_07_2025.xlsx
transversals.replit.app,Phishing,mock_Mock_Data_31_07_2025.xlsx
yonobank.replit.app,Phishing,mock_Mock_Data_31_07_2025.xlsx
yonosbi.replit.app,Phishing,mock_Mock_Data_31_07_2025.xlsx
ytmnkl.vercel.app,Phishing,mock_Mock_Data_31_07_2025.xlsx
sbirewardzrs14453.replit.app,Phishing,mock_Mock_Data_31_07_2025.xlsx
sblrewd.vercel.app,Phishing,mock_Mock_Data_31_07_2025.xlsx
efootball-ooss.github.io,Phishing,mock_Mock_Data_31_07_2025.xlsx
spoortika.github.io,Phishing,mock_Mock_Data_31_07_2025.xlsx
cc2415c0-c363-4426-a790-81caf3ef30be-00-1l3l0y76g9jyh.pike.replit.dev,Phishing,mock_Mock_Data_31_07_2025.xlsx
14453rewardsbi7i.replit.app,Phishing,mock_Mock_Data_31_07_2025.xlsx
volcano-rewardsbi7i.replit.app,Phishing,mock_Mock_Data_31_07_2025.xlsx
dfcfcherewared.buzz,Phishing,mock_Mock_Data_31_07_2025.xlsx
profitable-moral-collaborativesoftware-rewardsbi7i.replit.app,Phishing,mock_Mock_Data_31_07_2025.xlsx
sbisecurities.github.io,Phishing,mock_Mock_Data_31_07_2025.xlsx
state-bank-of-india-create.github.io,Phishing,mock_Mock_Data_31_07_2025.xlsx
4f2fd8dd-a799-42c5-9059-c803e0ddabf6-00-2ylwfgr9ah90z.pike.replit.dev,Phishing,mock_Mock_Data_31_07_2025.xlsx
8a121b59-4664-4e2a-a147-2d51c56ab09a-00-1pdzkw4q7d4lp.pike.replit.dev,Phishing,mock_Mock_Data_31_07_2025.xlsx
472aa9fe-6011-4a3c-9789-f426e2de5c6e-00-5h038kihilpi.pike.replit.dev,Phishing,mock_Mock_Data_31_07_2025.xlsx
50a996f6-9a43-4da2-9c18-3df64f51dc66-00-3v3js32ara3td.pike.replit.dev,Phishing,mock_Mock_Data_31_07_2025.xlsx
6bb19781-7387-4344-99f4-e4b562259207-00-2wovn0sfhxbr6.pike.replit.dev,Phishing,mock_Mock_Data_31_07_2025.xlsx
ravisachincodinglife.github.io,Phishing,mock_Mock_Data_31_07_2025.xlsx
sb-beln.vercel.app,Phishing,mock_Mock_Data_31_07_2025.xlsx
0d7c3e87-dd87-4b81-b978-3e86245c24bf-00-dw7jzme31kjl.sisko.replit.dev,Phishing,mock_Mock_Data_31_07_2025.xlsx
a49cbc09-0bfb-4a0c-a888-d0002ccdfdfa-00-17xtgxjufsiia.sisko.replit.dev,Phishing,mock_Mock_Data_31_07_2025.xlsx
adba5ec6-0ee4-4f6c-b940-6b8dd0d04e03-00-2ijw4f6qf0rkw.sisko.replit.dev,Phishing,mock_Mock_Data_31_07_2025.xlsx
a9f87840-a97f-4ffe-89b4-dded53f1be3b-00-3744y4tt03a1b.pike.replit.dev,Phishing,mock_Mock_Data_31_07_2025.xlsx
4d842edf-e711-482d-817e-fa0040cd26e9-00-2a8xatnstylyu.pike.replit.dev,Phishing,mock_Mock_Data_31_07_2025.xlsx
sb-ad21.vercel.app,Phishing,mock_Mock_Data_31_07_2025.xlsx
sbisony.blogspot.com,Phishing,mock_Mock_Data_31_07_2025.xlsx
sb-174a.pages.dev,Phishing,mock_Mock_Data_31_07_2025.xlsx
87589d5c-3319-4d9b-b4b7-75ce0d9a9202-00-2gpov9d2zvdrx.sisko.replit.dev,Phishing,mock_Mock_Data_31_07_2025.xlsx
98.70.54.147,Phishing,mock_Mock_Data_31_07_2025.xlsx
thnrgj.vercel.app,Phishing,mock_Mock_Data_31_07_2025.xlsx
log.chankepar.cfd,Phishing,mock_Mock_Data_31_07_2025.xlsx
wqhyk.vercel.app,Phishing,mock_Mock_Data_31_07_2025.xlsx
ab525792-0d59-4b1c-bdf0-c130ef6fbd5f-00-1r7ebzxilka2q.pike.replit.dev,Phishing,mock_Mock_Data_31_07_2025.xlsx
sbibankingonline.rf.gd,Phishing,mock_Mock_Data_31_07_2025.xlsx
sbirewadserfd.vercel.app,Phishing,mock_Mock_Data_31_07_2025.xlsx
sb-7615.vercel.app,Phishing,mock_Mock_Data_31_07_2025.xlsx
sbpfpr-e9lf.vercel.app,Phishing,mock_Mock_Data_31_07_2025.xlsx
ztgnjk.vercel.app,Phishing,mock_Mock_Data_31_07_2025.xlsx
sb-fdmz.vercel.app,Phishing,mock_Mock_Data_31_07_2025.xlsx
nuiii8uu.pages.dev,Phishing,mock_Mock_Data_31_07_2025.xlsx
hgfvd.vercel.app,Phishing,mock_Mock_Data_31_07_2025.xlsx
sb-q4n7.vercel.app,Phishing,mock_Mock_Data_31_07_2025.xlsx
jdhfgtr.vercel.app,Phishing,mock_Mock_Data_31_07_2025.xlsx
sbpfpr-neon.vercel.app,Phishing,mock_Mock_Data_31_07_2025.xlsx
4285556c-66a7-45a3-a905-7652c91bf325-00-3gyn9n9ro02ez.sisko.replit.dev,Phishing,mock_Mock_Data_31_07_2025.xlsx
bdtrh.vercel.app,Phishing,mock_Mock_Data_31_07_2025.xlsx
sb-rduf.vercel.app,Phishing,mock_Mock_Data_31_07_2025.xlsx
sb-xzfc.vercel.app,Phishing,mock_Mock_Data_31_07_2025.xlsx
sb-6xuz.vercel.app,Phishing,mock_Mock_Data_31_07_2025.xlsx
86553513-7ebc-4f96-944d-959eb4194ae6-00-v7w6qt1a87vc.pike.replit.dev,Phishing,mock_Mock_Data_31_07_2025.xlsx
sb-b4g9.vercel.app,Phishing,mock_Mock_Data_31_07_2025.xlsx
zbc-58t.pages.dev,Phishing,mock_Mock_Data_31_07_2025.xlsx
bvccc.vercel.app,Phishing,mock_Mock_Data_31_07_2025.xlsx
sb-n5wq.vercel.app,Phishing,mock_Mock_Data_31_07_2025.xlsx
sb-zg4v.vercel.app,Phishing,mock_Mock_Data_31_07_2025.xlsx
lakshmy08.github.io,Phishing,mock_Mock_Data_31_07_2025.xlsx
qtzltnm.netlify.app,Phishing,mock_Mock_Data_31_07_2025.xlsx
sbn-55b7.vercel.app,Phishing,mock_Mock_Data_31_07_2025.xlsx
jhur8ui.pages.dev,Phishing,mock_Mock_Data_31_07_2025.xlsx
tmkocj-264.pages.dev,Phishing,mock_Mock_Data_31_07_2025.xlsx
sbd01-mauve.vercel.app,Phishing,mock_Mock_Data_31_07_2025.xlsx
mudraloanfinance.online,Phishing,mock_Mock_Data_31_07_2025.xlsx
sbn-c196.vercel.app,Phishing,mock_Mock_Data_31_07_2025.xlsx
ae006b7e-8b41-40f9-92e7-b26296df62db-00-11fbnh0u0srpl.pike.replit.dev,Phishing,mock_Mock_Data_31_07_2025.xlsx
www.chandkebparchaloji.buzz,Phishing,mock_Mock_Data_31_07_2025.xlsx
sb-wvo2.vercel.app,Phishing,mock_Mock_Data_31_07_2025.xlsx
rdpnlsrmkrilxwe2adfadf.buzz,Phishing,mock_Mock_Data_31_07_2025.xlsx
sb-zbjo.vercel.app,Phishing,mock_Mock_Data_31_07_2025.xlsx
sb-7943.vercel.app,Phishing,mock_Mock_Data_31_07_2025.xlsx
qvt7dws8tw.pages.dev,Phishing,mock_Mock_Data_31_07_2025.xlsx
retailonlinesbisbi.vercel.app,Phishing,mock_Mock_Data_31_07_2025.xlsx
sbn-main-walp.vercel.app,Phishing,mock_Mock_Data_31_07_2025.xlsx
chandkeparchalo.buzz,Phishing,mock_Mock_Data_31_07_2025.xlsx
sbpfpro-zeta.vercel.app,Phishing,mock_Mock_Data_31_07_2025.xlsx
35dfb100-b427-476c-af2b-0221248bec61-00-1dzuk3p5gu8wv.sisko.replit.dev,Phishing,mock_Mock_Data_31_07_2025.xlsx
ramlakhankihelloresourse.buzz,Phishing,mock_Mock_Data_31_07_2025.xlsx
x2-puce.vercel.app,Phishing,mock_Mock_Data_31_07_2025.xlsx
sb-qgis.vercel.app,Phishing,mock_Mock_Data_31_07_2025.xlsx
peru-boring-automaticparallelization-raja2456in.replit.app,Phishing,mock_Mock_Data_31_07_2025.xlsx
df478903-9d72-4a81-9b5a-dc8e74085111-00-3aqviv7kz7vjn.sisko.replit.dev,Phishing,mock_Mock_Data_31_07_2025.xlsx
chartreuse-demanding-match-raja2456in.replit.app,Phishing,mock_Mock_Data_31_07_2025.xlsx
zdfkyt.netlify.app,Phishing,mock_Mock_Data_31_07_2025.xlsx
hidden-fumbling-properties-raja2456in.replit.app,Phishing,mock_Mock_Data_31_07_2025.xlsx
agonizing-transparent-background-raja2456in.replit.app,Phishing,mock_Mock_Data_31_07_2025.xlsx
50311d0e-25c7-403d-99ac-26753f9689e1-00-e9v1twgygg22.sisko.replit.dev,Phishing,mock_Mock_Data_31_07_2025.xlsx
sbn-main-vxnf.vercel.app,Phishing,mock_Mock_Data_31_07_2025.xlsx
open-offensive-driverwrapper-redmmblack.replit.app,Phishing,mock_Mock_Data_31_07_2025.xlsx
sbloihg.vercel.app,Phishing,mock_Mock_Data_31_07_2025.xlsx
royalblue-clearcut-resources-redmmblack.replit.app,Phishing,mock_Mock_Data_31_07_2025.xlsx
sbn-main-wjjx.vercel.app,Phishing,mock_Mock_Data_31_07_2025.xlsx
sb-nh1l.vercel.app,Phishing,mock_Mock_Data_31_07_2025.xlsx
kiuuyht.pages.dev,Phishing,mock_Mock_Data_31_07_2025.xlsx
sbn-main-h7pd.vercel.app,Phishing,mock_Mock_Data_31_07_2025.xlsx
mediumpurple-vacant-conferences-rdeemrwrd.replit.app,Phishing,mock_Mock_Data_31_07_2025.xlsx
limping-cluttered-procedurallanguage-rdeemrwrd.replit.app,Phishing,mock_Mock_Data_31_07_2025.xlsx
bgytrdde.pages.dev,Phishing,mock_Mock_Data_31_07_2025.xlsx
pra-2h.pages.dev,Phishing,mock_Mock_Data_31_07_2025.xlsx
k-1499.pages.dev,Phishing,mock_Mock_Data_31_07_2025.xlsx
uneven-preemptive-qbasic-rdeemrwrd.replit.app,Phishing,mock_Mock_Data_31_07_2025.xlsx
sbn-main-roex.vercel.app,Phishing,mock_Mock_Data_31_07_2025.xlsx
hinsyt.pages.dev,Phishing,mock_Mock_Data_31_07_2025.xlsx
nimble-huge-cryptocurrency-rdeemrwrd.replit.app,Phishing,mock_Mock_Data_31_07_2025.xlsx
fc0fac5b-bbaf-4f03-a0d2-743b1c9fb66d-00-3bp3rri86nd9a.pike.replit.dev,Phishing,mock_Mock_Data_31_07_2025.xlsx
sbn-main-fg67.vercel.app,Phishing,mock_Mock_Data_31_07_2025.xlsx
048bbf22-030f-4c20-b498-97522b94a09e-00-2pf1xy4cidex6.sisko.replit.dev,Phishing,mock_Mock_Data_31_07_2025.xlsx
chocolate-rectangular-applicationserver-rdeemrwrd.replit.app,Phishing,mock_Mock_Data_31_07_2025.xlsx
sbn-main-esuq.vercel.app,Phishing,mock_Mock_Data_31_07_2025.xlsx
eada594a-55bd-4f89-8e51-44c7859c85be-00-aubelet62qx2.pike.replit.dev,Phishing,mock_Mock_Data_31_07_2025.xlsx
sbn-main-v4ap.vercel.app,Phishing,mock_Mock_Data_31_07_2025.xlsx
goldendevil046-001-site1.otempurl.com,Phishing,mock_Mock_Data_31_07_2025.xlsx
slushy-portly-computergames-rdeemrwrd.replit.app,Phishing,mock_Mock_Data_31_07_2025.xlsx
mam-unlawful-lemonchiffon-website.replit.app,Phishing,mock_Mock_Data_31_07_2025.xlsx
srtjvhk.vercel.app,Phishing,mock_Mock_Data_31_07_2025.xlsx
f8b36500-0f99-44f2-8149-a8de8561970e-00-28ffszxxis0vl.pike.replit.dev,Phishing,mock_Mock_Data_31_07_2025.xlsx
axlwfmvkrs.replit.app,Phishing,mock_Mock_Data_31_07_2025.xlsx
cooperative-enormous-outcomes.replit.app,Phishing,mock_Mock_Data_31_07_2025.xlsx
373d897a-eaa9-46a1-859d-8df24f8cdee4-00-21kjv19gwa86o.pike.replit.dev,Phishing,mock_Mock_Data_31_07_2025.xlsx
alarming-sane-emulatorslksdkjflknxclvjdlfkfj.replit.app,Phishing,mock_Mock_Data_31_07_2025.xlsx
logn-sb-rwd.replit.app,Phishing,mock_Mock_Data_31_07_2025.xlsx
sbn-main-tcuc.vercel.app,Phishing,mock_Mock_Data_31_07_2025.xlsx
jis-129.pages.dev,Phishing,mock_Mock_Data_31_07_2025.xlsx
sbn-main-f97g.vercel.app,Phishing,mock_Mock_Data_31_07_2025.xlsx
sbn-main-igh3.vercel.app,Phishing,mock_Mock_Data_31_07_2025.xlsx
ioclrecruit.in,Phishing,mock_Mock_Data_31_07_2025.xlsx
finallyinertia.top,Phishing,mock_Mock_Data_31_07_2025.xlsx
www.indian-oils.com,Phishing,mock_Mock_Data_31_07_2025.xlsx
settlexlcp.com,Phishing,mock_Mock_Data_31_07_2025.xlsx
petrolpumpsdealerchyan.com,Phishing,mock_Mock_Data_31_07_2025.xlsx
petrolpumpdealerchayan.com,Phishing,mock_Mock_Data_31_07_2025.xlsx
indianoilcorporationsltd.com,Phishing,mock_Mock_Data_31_07_2025.xlsx
www.zoominfo.com,Phishing,mock_Mock_Data_31_07_2025.xlsx
blueimpactnetwork.top,Phishing,mock_Mock_Data_31_07_2025.xlsx
fitnessfanfare,Phishing,mock_Mock_Data_31_07_2025.xlsx
bluemetricsolutions.top,Phishing,mock_Mock_Data_31_07_2025.xlsx
marketingmedia.pro,Phishing,mock_Mock_Data_31_07_2025.xlsx
marketingmediawhite.pro,Phishing,mock_Mock_Data_31_07_2025.xlsx
blueorbitdigital.top,Phishing,mock_Mock_Data_31_07_2025.xlsx
m.facebook.com,Phishing,mock_Mock_Data_31_07_2025.xlsx
indianoilcorporations.in,Phishing,mock_Mock_Data_31_07_2025.xlsx
petrolpump-ksk.com,Phishing,mock_Mock_Data_31_07_2025.xlsx
info@petrolpumpsdealerschayan.com,Phishing,mock_Mock_Data_31_07_2025.xlsx
ioclapply.in,Phishing,mock_Mock_Data_31_07_2025.xlsx
iocludr.com,Phishing,mock_Mock_Data_31_07_2025.xlsx
petrolpumpdealervitrakchayan.in,Phishing,mock_Mock_Data_31_07_2025.xlsx
indianoiluxtw.top,Phishing,mock_Mock_Data_31_07_2025.xlsx
www.iocl-apply.in,Phishing,mock_Mock_Data_31_07_2025.xlsx
fadedfable.digital,Phishing,mock_Mock_Data_31_07_2025.xlsx
v1.mk,Phishing,mock_Mock_Data_31_07_2025.xlsx
petrolpumpvitrkdealerchayan.com,Phishing,mock_Mock_Data_31_07_2025.xlsx
liocl.com,Phishing,mock_Mock_Data_31_07_2025.xlsx
www.iiocl.com,Phishing,mock_Mock_Data_31_07_2025.xlsx
indanenearme.in,Phishing,mock_Mock_Data_31_07_2025.xlsx
iocl.com@indolj.cyou,Phishing,mock_Mock_Data_31_07_2025.xlsx
iolpoi.cyou,Phishing,mock_Mock_Data_31_07_2025.xlsx
indol0.cyou,Phishing,mock_Mock_Data_31_07_2025.xlsx
iolhah.cyou,Phishing,mock_Mock_Data_31_07_2025.xlsx
iolxxw.cyou,Phishing,mock_Mock_Data_31_07_2025.xlsx
iol68m.cyou,Phishing,mock_Mock_Data_31_07_2025.xlsx
iol3ax.cyou,Phishing,mock_Mock_Data_31_07_2025.xlsx
niclogin.co,Phishing,synthetic_v2
icici-banking.xyz,Phishing,synthetic_v2
hdfc-verify.net,Phishing,synthetic_v2
hdfclogin.net,Phishing,synthetic_v2
uidaiupdate.xyz,Phishing,synthetic_v2
bob-banking.net,Phishing,synthetic_v2
nic-secure.info,Phishing,synthetic_v2
irctcverify.xyz,Phishing,synthetic_v2
airtel-support.info,Phishing,synthetic_v2
irctcsecure.info,Phishing,synthetic_v2
sbiverify.org,Phishing,synthetic_v2
bobsecure.xyz,Phishing,synthetic_v2
sbi-help.net,Phishing,synthetic_v2
bobverify.org,Phishing,synthetic_v2
iocl-help.top,Phishing,synthetic_v2
hdfc-verify.xyz,Phishing,synthetic_v2
ioclupdate.info,Phishing,synthetic_v2
iocllogin.info,Phishing,synthetic_v2
pnb-support.org,Phishing,synthetic_v2
uidai-help.info,Phishing,synthetic_v2
nic-banking.net,Phishing,synthetic_v2
irctc-banking.top,Phishing,synthetic_v2
nic-support.in,Phishing,synthetic_v2
iciciupdate.org,Phishing,synthetic_v2
bobverify.in,Phishing,synthetic_v2
sbiupdate.top,Phishing,synthetic_v2
bob-support.xyz,Phishing,synthetic_v2
iciciupdate.top,Phishing,synthetic_v2
bobupdate.co,Phishing,synthetic_v2
irctc-online.in,Phishing,synthetic_v2
hdfc-secure.xyz,Phishing,synthetic_v2
uidai-verify.info,Phishing,synthetic_v2
pnbupdate.net,Phishing,synthetic_v2
irctc-verify.info,Phishing,synthetic_v2
irctcupdate.xyz,Phishing,synthetic_v2
sbiverify.net,Phishing,synthetic_v2
nicsecure.in,Phishing,synthetic_v2
sbiupdate.co,Phishing,synthetic_v2
uidai-online.info,Phishing,synthetic_v2
hdfc-login.net,Phishing,synthetic_v2
niclogin.info,Phishing,synthetic_v2
uidai-login.xyz,Phishing,synthetic_v2
iocl-support.info,Phishing,synthetic_v2
pnb-secure.in,Phishing,synthetic_v2
nic-online.info,Phishing,synthetic_v2
hdfc-verify.in,Phishing,synthetic_v2
iocl-support.net,Phishing,synthetic_v2
hdfc-help.info,Phishing,synthetic_v2
icici-secure.co,Phishing,synthetic_v2
pnbupdate.xyz,Phishing,synthetic_v2
nicsecure.xyz,Phishing,synthetic_v2
uidaiverify.co,Phishing,synthetic_v2
uidai-support.org,Phishing,synthetic_v2
uidai-login.top,Phishing,synthetic_v2
irctc-secure.org,Phishing,synthetic_v2
iciciupdate.in,Phishing,synthetic_v2
ioclsecure.co,Phishing,synthetic_v2
uidailogin.xyz,Phishing,synthetic_v2
sbi-online.in,Phishing,synthetic_v2
hdfc-banking.org,Phishing,synthetic_v2
sbi-login.info,Phishing,synthetic_v2
bobsecure.info,Phishing,synthetic_v2
icici-help.top,Phishing,synthetic_v2
bob-secure.in,Phishing,synthetic_v2
uidai-verify.xyz,Phishing,synthetic_v2
hdfclogin.org,Phishing,synthetic_v2
airtel-login.in,Phishing,synthetic_v2
iocl-online.in,Phishing,synthetic_v2
hdfc-online.co,Phishing,synthetic_v2
iocl-secure.top,Phishing,synthetic_v2
airtelupdate.info,Phishing,synthetic_v2
bob-login.xyz,Phishing,synthetic_v2
irctc-login.org,Phishing,synthetic_v2
irctclogin.co,Phishing,synthetic_v2
pnbsecure.org,Phishing,synthetic_v2
ioclverify.net,Phishing,synthetic_v2
pnb-online.info,Phishing,synthetic_v2
ioclverify.co,Phishing,synthetic_v2
icici-login.top,Phishing,synthetic_v2
sbi-secure.info,Phishing,synthetic_v2
pnb-secure.xyz,Phishing,synthetic_v2
iocl-banking.org,Phishing,synthetic_v2
irctcupdate.in,Phishing,synthetic_v2
hdfc-help.co,Phishing,synthetic_v2
sbi-support.xyz,Phishing,synthetic_v2
uidaiverify.xyz,Phishing,synthetic_v2
icici-login.co,Phishing,synthetic_v2
pnb-banking.org,Phishing,synthetic_v2
boblogin.top,Phishing,synthetic_v2
icici-support.top,Phishing,synthetic_v2
uidai-login.co,Phishing,synthetic_v2
hdfc-update.info,Phishing,synthetic_v2
sbiupdate.org,Phishing,synthetic_v2
hdfc.secure--update.net,Phishing,synthetic_v2
iocl.service--banking.top,Phishing,synthetic_v2
sbi.secure-secure.xyz,Phishing,synthetic_v2
irctc.service--online.in,Phishing,synthetic_v2
nic.service--login.co,Phishing,synthetic_v2
bob.service--login.co,Phishing,synthetic_v2
uidai.check--verify.org,Phishing,synthetic_v2
irctc.portal--support.co,Phishing,synthetic_v2
uidai.portal--support.in,Phishing,synthetic_v2
bob.secure--secure.org,Phishing,synthetic_v2
sbi.service--banking.info,Phishing,synthetic_v2
bob.service--update.co,Phishing,synthetic_v2
bob.check--support.top,Phishing,synthetic_v2
irctc.secure-secure.in,Phishing,synthetic_v2
pnb.secure-verify.net,Phishing,synthetic_v2
airtel.secure--help.in,Phishing,synthetic_v2
irctc.service-login.net,Phishing,synthetic_v2
airtel.secure-verify.net,Phishing,synthetic_v2
bob.secure--secure.xyz,Phishing,synthetic_v2
bob.service--online.org,Phishing,synthetic_v2
pnb.check--update.xyz,Phishing,synthetic_v2
uidai.secure--help.org,Phishing,synthetic_v2
pnb.portal-update.top,Phishing,synthetic_v2
hdfc.secure-update.net,Phishing,synthetic_v2
sbi.service-verify.xyz,Phishing,synthetic_v2
iocl.portal--online.xyz,Phishing,synthetic_v2
bob.secure-secure.net,Phishing,synthetic_v2
icici.secure-verify.info,Phishing,synthetic_v2
irctc.portal--update.xyz,Phishing,synthetic_v2
sbi.secure--update.xyz,Phishing,synthetic_v2
icici.service--update.org,Phishing,synthetic_v2
icici.secure-verify.co,Phishing,synthetic_v2
irctc.service--support.top,Phishing,synthetic_v2
icici.check--secure.net,Phishing,synthetic_v2
sbi.secure--verify.info,Phishing,synthetic_v2
irctc.check--help.net,Phishing,synthetic_v2
irctc.secure--secure.in,Phishing,synthetic_v2
hdfc.portal-update.co,Phishing,synthetic_v2
pnb.secure--update.net,Phishing,synthetic_v2
irctc.portal-verify.top,Phishing,synthetic_v2
icici.service--secure.top,Phishing,synthetic_v2
nic.portal--help.xyz,Phishing,synthetic_v2
icici.check--online.co,Phishing,synthetic_v2
hdfc.service--banking.net,Phishing,synthetic_v2
hdfc.secure-secure.info,Phishing,synthetic_v2
pnb.portal--update.info,Phishing,synthetic_v2
icici.secure--support.top,Phishing,synthetic_v2
sbi.check--banking.net,Phishing,synthetic_v2
hdfc.check--online.xyz,Phishing,synthetic_v2
sbi.service-login.net,Phishing,synthetic_v2
iocl.check--update.co,Phishing,synthetic_v2
hdfc.check--update.info,Phishing,synthetic_v2
icici.portal--help.info,Phishing,synthetic_v2
pnb.check--login.co,Phishing,synthetic_v2
pnb.portal--banking.top,Phishing,synthetic_v2
bob.check--help.info,Phishing,synthetic_v2
uidai.secure-secure.co,Phishing,synthetic_v2
hdfc.check--login.in,Phishing,synthetic_v2
irctc.service--support.xyz,Phishing,synthetic_v2
bob.portal--update.co,Phishing,synthetic_v2
uidai.portal-update.info,Phishing,synthetic_v2
irctc.check--update.net,Phishing,synthetic_v2
hdfc.secure--support.top,Phishing,synthetic_v2
icici.portal--online.org,Phishing,synthetic_v2
nic.service--secure.net,Phishing,synthetic_v2
bob.check-update.xyz,Phishing,synthetic_v2
sbi.secure--secure.co,Phishing,synthetic_v2
sbi.check-update.net,Phishing,synthetic_v2
sbi.check--login.xyz,Phishing,synthetic_v2
uidai.secure--banking.net,Phishing,synthetic_v2
iocl.check--online.xyz,Phishing,synthetic_v2
sbi.check--online.in,Phishing,synthetic_v2
hdfc.check--login.info,Phishing,synthetic_v2
nic.service-update.org,Phishing,synthetic_v2
nic.service--help.info,Phishing,synthetic_v2
airtel.secure--support.info,Phishing,synthetic_v2
iocl.service-secure.net,Phishing,synthetic_v2
icici.check-login.co,Phishing,synthetic_v2
uidai.service--support.co,Phishing,synthetic_v2
uidai.secure--online.co,Phishing,synthetic_v2
bob.portal--verify.org,Phishing,synthetic_v2
iocl.secure--banking.top,Phishing,synthetic_v2
iocl.secure--help.xyz,Phishing,synthetic_v2
icici.check-secure.xyz,Phishing,synthetic_v2
bob.portal-login.xyz,Phishing,synthetic_v2
bob.check-login.top,Phishing,synthetic_v2
bob.secure--login.top,Phishing,synthetic_v2
pnb.service--login.net,Phishing,synthetic_v2
airtel.service--secure.org,Phishing,synthetic_v2
icici.service-secure.in,Phishing,synthetic_v2
bob.portal--secure.top,Phishing,synthetic_v2
pnb.check-update.info,Phishing,synthetic_v2
airtel.secure--secure.net,Phishing,synthetic_v2
uidai.service-secure.info,Phishing,synthetic_v2
uidai.portal--banking.co,Phishing,synthetic_v2
pnb.secure--online.co,Phishing,synthetic_v2
sbi.secure--support.org,Phishing,synthetic_v2
airtel.secure--update.net,Phishing,synthetic_v2
nic.service--banking.xyz,Phishing,synthetic_v2
pnb.check-secure.xyz,Phishing,synthetic_v2
acceso-al-correo-electronico.webflow.io,Phishing,phishtank
login.marineelectronicscheap.com,Phishing,phishtank
pay.promoativadalinha.top,Phishing,phishtank
ineffable-unicorn-195997.framer.app,Phishing,phishtank
pay.pagamento-desconto-aprovado.com,Phishing,phishtank
pay.paypagementoseguroltda.site,Phishing,phishtank
finalizar-pendencia.vercel.app,Phishing,phishtank
storage.googleapis.com,Phishing,phishtank
docs.google.com,Phishing,phishtank
portalsemanafeirao.vercel.app,Phishing,phishtank
v0-pagina-inicial-com-imagens.vercel.app,Phishing,phishtank
pub-f73adf40cab64201b704a66989da48e2.r2.dev,Phishing,phishtank
kemmler-electronic.com,Phishing,phishtank
unicampbr2.ukit.me,Phishing,phishtank
organic-grammar-461746.framer.app,Phishing,phishtank
nic-uniza-sk.weebly.com,Phishing,phishtank
tbaytelcommunicationservicemember.weebly.com,Phishing,phishtank
rackingindia.com,Phishing,phishtank
loginprincipalinicios.pages.dev,Phishing,phishtank
loginprincipalinicioyaas.pages.dev,Phishing,phishtank
app.bonuspromocao.pro,Phishing,phishtank
ofertasfinanceirasbr.vercel.app,Phishing,phishtank
pay.finalize-aqui-seu-pedido.shop,Phishing,phishtank
bt-communications-100923.weeblysite.com,Phishing,phishtank
allegrolokalnie.pl-576183681.cfd,Phishing,phishtank
suportenetpjempresa.digital,Phishing,phishtank
loginprincipalinicioya.pages.dev,Phishing,phishtank
austria-bank-login--hshssh2737.replit.app,Phishing,phishtank
doc-exodusweb3.nicepage.io,Phishing,phishtank
exodus-web.nicepage.io,Phishing,phishtank
www.venicecanoe.com,Phishing,phishtank
venicecanoe.com,Phishing,phishtank
seguniao.pro,Phishing,phishtank
organic-darling-060049.framer.app,Phishing,phishtank
myportal.qmagnaindia.com,Phishing,phishtank
nodry-owa-ozu.matt770555.workers.dev,Phishing,phishtank
www.excitonicpair.cfd,Phishing,phishtank
recepcioncfdisimm-fkhudhe6a7bzdeau.southcentralus-01.azurewebsites.net,Phishing,phishtank
technical-world-186128.framer.app,Phishing,phishtank
indianplacements.co.in,Phishing,phishtank
iniciodesesionuniversidadcentraldelecuador.weebly.com,Phishing,phishtank
webappsecureaccontswdtifdhger.nicguymosadpcu.biz.id,Phishing,phishtank
mailservercommunication.weebly.com,Phishing,phishtank
bricksmasons.org,Phishing,phishtank
organicshop99.com,Phishing,phishtank
iniciodesesion.framer.ai,Phishing,phishtank
organic-line-084152.framer.app,Phishing,phishtank
monicabrose.shop,Phishing,phishtank
acceclientnickel.cloudaccess.host,Phishing,phishtank
clinicaroua.ro,Phishing,phishtank
val1dardatosbio.webcindario.com,Phishing,phishtank
pay.promojanlinha.top,Phishing,phishtank
dry-owa-ozu.matt770555.workers.dev,Phishing,phishtank
communicative-selfies-758414.framer.app,Phishing,phishtank
mechanicsbank-business.co.com,Phishing,phishtank
clinicanewlifeprime.com.br,Phishing,phishtank
serviciosbilbao.cl,Phishing,phishtank
metrixor.com,Phishing,phishtank
app.maispromos.online,Phishing,phishtank
app.biapontosmax.pro,Phishing,phishtank
newcrystoprbjmanagementindia.com,Phishing,phishtank
pronicardevserv.webcindario.com,Phishing,phishtank
is.gd,Phishing,phishtank
seg-social.at,Phishing,phishtank
portaldeinicio.webcindario.com,Phishing,phishtank
15253055.solarmonkey.sk,Phishing,phishtank
canal-digital-web.vercel.app,Phishing,phishtank
fqyuanmo.com,Phishing,phishtank
a-comunicacion.com,Phishing,phishtank
loteriascaixaonlline-gov-l1.vercel.app,Phishing,phishtank
bnicrflre.com,Phishing,phishtank
iniciio-pr0duban.webcindario.com,Phishing,phishtank
peeldsb-rnicrosoft-login.work.gd,Phishing,phishtank
statsf-tm.everesttech.net,Phishing,phishtank
produ-inici0.webcindario.com,Phishing,phishtank
inicio-pr0du.webcindario.com,Phishing,phishtank
produinicio.webcindario.com,Phishing,phishtank
nickmacdonald111.wixsite.com,Phishing,phishtank
nickrushbrooke2.wixsite.com,Phishing,phishtank
ecuadordainicio.webcindario.com,Phishing,phishtank
finichdeliv.wpenginepowered.com,Phishing,phishtank
inicioprodu.webcindario.com,Phishing,phishtank
alimentiumconnectwebapi.azurewebsites.net,Phishing,phishtank
www.musical.gr,Phishing,phishtank
tbaytelcommunications.weebly.com,Phishing,phishtank
isonic.weebly.com,Phishing,phishtank
nichole-martins-074jk45-access-now.weebly.com,Phishing,phishtank
united-internet-d.openx.net,Phishing,phishtank
iniciobienvenido.webcindario.com,Phishing,phishtank
csbim-connect.web.app,Phishing,phishtank
csbim-connect.firebaseapp.com,Phishing,phishtank
dagroupindia.com,Phishing,phishtank
www.dropbox.com,Phishing,phishtank
pt.seg-social.at,Phishing,phishtank
iniciar-credito.webcindario.com,Phishing,phishtank
2fkcz7.share-eu1.hsforms.com,Phishing,phishtank
1my65.trk.elasticemail.com,Phishing,phishtank
nonenforceable976.cyltra.onl,Phishing,phishtank
incometaxrefund.wixstudio.com,Phishing,phishtank
nickygile330.mvt.so,Phishing,phishtank
s-cas-unicaen-fr.weebly.com,Phishing,phishtank
whitepinecl.com,Phishing,phishtank
usbitt.weebly.com,Phishing,phishtank
itsbio.link,Phishing,phishtank
flagcollection.com,Phishing,phishtank
osm.hlidskjalf.is,Phishing,phishtank
www.flagcollection.com,Phishing,phishtank
en.schlosshotel-zdikov.de,Phishing,phishtank
www.amiga68k.de,Phishing,phishtank
aplitaworld.com,Phishing,phishtank
amiga68k.de,Phishing,phishtank
app.cronogramaresgate.click,Phishing,phishtank
indiapost-in-govin.click,Phishing,phishtank
bafkreicjbo6ztthldlxtmc4sd4hmtqyjt7gysfknij5qtobvxe3wllrsbi.ipfs.dweb.link,Phishing,phishtank
inicio-promerica.webcindario.com,Phishing,phishtank
bafkreidrnxoveikateiqzhnpnb5fzdegpjpspbm3htagn3574amwuzzjkq.ipfs.dweb.link,Phishing,phishtank
bafkreibc53h7prboy5niccdnegrk54tj37bo3dnv4qywissdth7t5cv2qa.ipfs.dweb.link,Phishing,phishtank
bafkreic5d4mm5f3gg4qzvy3jezgwmgo2qzc7wyfy7iunicqyuxvgg5kmje.ipfs.dweb.link,Phishing,phishtank
bafkreibffjyduvy7m3v6x7bkfxgtyl6xrrx7zzfexamxhuhxmnic4g6llu.ipfs.dweb.link,Phishing,phishtank
bafkreifr6zy62mctuccuqfxrhi5suueyhza35h44qqpm6oq7r3pnb7iur4.ipfs.dweb.link,Phishing,phishtank
bafkreif5txdxel3kelxzpnbjeg4pdp5exkwi2ciwgbeed53pwqsoykj2qm.ipfs.dweb.link,Phishing,phishtank
href.li,Phishing,phishtank
notifyingtelekommunications.weebly.com,Phishing,phishtank
iniciar-sesion12.webcindario.com,Phishing,phishtank
iniciar-authbn.webcindario.com,Phishing,phishtank
1meqo.trk.elasticemail.com,Phishing,phishtank
sbisec-jp.games258.com,Phishing,phishtank
verificacfdi.facturaelectronica.sat.gob.mx.sisems.es.validaciondelicencia.com,Phishing,phishtank
unicaen0.weebly.com,Phishing,phishtank
kutt.it,Phishing,phishtank
mailchoiceindia.weebly.com,Phishing,phishtank
networkingtelekomunication.weebly.com,Phishing,phishtank
autocommunication.weebly.com,Phishing,phishtank
xn--actualitzacidecorreuelectrnicdegencatweb-k3d1a.weebly.com,Phishing,phishtank
rainbowcommunication.com.bd,Phishing,phishtank
mypnbkewane.weebly.com,Phishing,phishtank
tienda.reduxclinica.com.ec,Phishing,phishtank
hrbt1e6567m8-pages-dev.translate.goog,Phishing,phishtank
qa0sb4mjucd7-pages-dev.translate.goog,Phishing,phishtank
l2xh2ov6ux3un-pages-dev.translate.goog,Phishing,phishtank
540qkoz4qdqpx-pages-dev.translate.goog,Phishing,phishtank
o505lyw4d0okd-pages-dev.translate.goog,Phishing,phishtank
vdlvz5eh08yw1-pages-dev.translate.goog,Phishing,phishtank
kxgs92v9o27q8-pages-dev.translate.goog,Phishing,phishtank
bp3458eyjeik3h-pages-dev.translate.goog,Phishing,phishtank
nn5dd0yfca0os-pages-dev.translate.goog,Phishing,phishtank
ema4jz0bkzvsj-pages-dev.translate.goog,Phishing,phishtank
gn31mm483m8eu-pages-dev.translate.goog,Phishing,phishtank
h1cfjr47pth218.pages.dev,Phishing,phishtank
ek7n2cbxnbvngz-pages-dev.translate.goog,Phishing,phishtank
dcg7wx0jdvlnn-pages-dev.translate.goog,Phishing,phishtank
pqzhgfx8qww11g-pages-dev.translate.goog,Phishing,phishtank
zjda2nhrhy8mrf-pages-dev.translate.goog,Phishing,phishtank
bs6lum61rjw5co-pages-dev.translate.goog,Phishing,phishtank
h1cfjr47pth218-pages-dev.translate.goog,Phishing,phishtank
iszmzjsildwe.blogspot.com,Phishing,phishtank
vevqfe243-pages-dev.translate.goog,Phishing,phishtank
wvv2v224-pages-dev.translate.goog,Phishing,phishtank
9h3evw7i1f6d-pages-dev.translate.goog,Phishing,phishtank
xdl82h0t2swf-pages-dev.translate.goog,Phishing,phishtank
wtx0v4wp17yh-pages-dev.translate.goog,Phishing,phishtank
yj728x7pu3o4-pages-dev.translate.goog,Phishing,phishtank
sonicalerexzm.weebly.com,Phishing,phishtank
sonic-secure1.weebly.com,Phishing,phishtank
xn--soporteporcorreoelectrnicodelauniversidaduct0909-wve.weebly.com,Phishing,phishtank
ant.com.vn,Phishing,phishtank
netzerolinkwebcommunicationservice.weebly.com,Phishing,phishtank
sonic999.weebly.com,Phishing,phishtank
imagemcisp.com.br,Phishing,phishtank
shentelcommunicatiionsserverupgrade.weebly.com,Phishing,phishtank
l0ginsecion.webcindario.com,Phishing,phishtank
attcomunicationsupport.weebly.com,Phishing,phishtank
l.wl.co,Phishing,phishtank
iniciar-correo-web.weebly.com,Phishing,phishtank
nicoleclark332144.github.io,Phishing,phishtank
hasgoodtools.com,Phishing,phishtank
forcarorbike.com,Phishing,phishtank
iniciosecurity1.webcindario.com,Phishing,phishtank
url.emailprotection.link,Phishing,phishtank
bellrushhoursbills.weebly.com,Phishing,phishtank
marketplace-item-details-87452610.zya.me,Phishing,phishtank
niconbvmvvnmx.weebly.com,Phishing,phishtank
auburn-unicu-acc-sc.weebly.com,Phishing,phishtank
tbaytellcommunication.weebly.com,Phishing,phishtank
qrco.de,Phishing,phishtank
bizasvanicar.webcindario.com,Phishing,phishtank
vm02.viptronica.com,Phishing,phishtank
scientific-calculator-canicomp.web.app,Phishing,phishtank
scientific-calculator-canicomp.firebaseapp.com,Phishing,phishtank
bttelecomunication.w3spaces.com,Phishing,phishtank
spikenow.com,Phishing,phishtank
thecapitalindian.co.uk,Phishing,phishtank
britishtelecommunicationbil.w3spaces.com,Phishing,phishtank
britishtelecommunicationbill.w3spaces.com,Phishing,phishtank
sunpasstollsbill.com,Phishing,phishtank
b-t-coomunicationspage.w3spaces.com,Phishing,phishtank
website6275565.nicepage.io,Phishing,phishtank
connecticuttechnicalupdate4422.ukit.me,Phishing,phishtank
www.dakshcommunication.in,Phishing,phishtank
notedefraisbist.web.app,Phishing,phishtank
notedefraisbist.firebaseapp.com,Phishing,phishtank
usebiolink.com,Phishing,phishtank
gatewaytechnicalcollege.ukit.me,Phishing,phishtank
nicheuniversal.ukit.me,Phishing,phishtank
linknbio.com,Phishing,phishtank
inicio-decompras.webcindario.com,Phishing,phishtank
anular-ahora.webcindario.com,Phishing,phishtank
provicomprascom.webcindario.com,Phishing,phishtank
provicomprass.webcindario.com,Phishing,phishtank
cancelaciones-ar.webcindario.com,Phishing,phishtank
inicio-inicio.webcindario.com,Phishing,phishtank
provinciatoken24.webcindario.com,Phishing,phishtank
bipcompras-ar.webcindario.com,Phishing,phishtank
anular-compras.webcindario.com,Phishing,phishtank
ply-cfbindiana.web.app,Phishing,phishtank
ply-cfbindiana.firebaseapp.com,Phishing,phishtank
iniciarcuscatlan.webcindario.com,Phishing,phishtank
indianastateuniverityaccountupdate.ukit.me,Phishing,phishtank
comprastokenar.webcindario.com,Phishing,phishtank
comprastokenbip.webcindario.com,Phishing,phishtank
bipcancelarnett.webcindario.com,Phishing,phishtank
biptokencompra.webcindario.com,Phishing,phishtank
bipcancelarnet.webcindario.com,Phishing,phishtank
bipcancelarr.webcindario.com,Phishing,phishtank
ingresa-inicio.webcindario.com,Phishing,phishtank
provincia-compra.webcindario.com,Phishing,phishtank
luxurytechnical.com,Phishing,phishtank
bancoprovinciaar.webcindario.com,Phishing,phishtank
www.flowcode.com,Phishing,phishtank
pub-c7b916d0f569445e8ba4fd1d8b062375.r2.dev,Phishing,phishtank
viuonicoiscienic.web.app,Phishing,phishtank
viuonicoiscienic.firebaseapp.com,Phishing,phishtank
comunicadto0.webcindario.com,Phishing,phishtank
rpovmxxbh.webcindario.com,Phishing,phishtank
sibecotechnics.ru,Phishing,phishtank
provomsdl.webcindario.com,Phishing,phishtank
web-lnicio-rural.biz.site,Phishing,phishtank
provinclasbip.webcindario.com,Phishing,phishtank
provindkj.webcindario.com,Phishing,phishtank
provincml.webcindario.com,Phishing,phishtank
imusicantibavaresi.de,Phishing,phishtank
iniciobrural.webcindario.com,Phishing,phishtank
authjgxszcloxpnassocl.web.app,Phishing,phishtank
authjgxszcloxpnassocl.firebaseapp.com,Phishing,phishtank
jauniceverattisbannars.web.app,Phishing,phishtank
jauniceverattisbannars.firebaseapp.com,Phishing,phishtank
provinciashjk.webcindario.com,Phishing,phishtank
inicidaaavihn.webcindario.com,Phishing,phishtank
vanicadaranebanistercaris.web.app,Phishing,phishtank
vanicadaranebanistercaris.firebaseapp.com,Phishing,phishtank
provincikhome.webcindario.com,Phishing,phishtank
biprovinciahex.webcindario.com,Phishing,phishtank
yandex.ru,Phishing,phishtank
msbistorage.com,Phishing,phishtank
bietdoipokemonicefr.firebaseapp.com,Phishing,phishtank
allianceswisspass.live.itonicsit.de,Phishing,phishtank
karresults-nic-in.in,Phishing,phishtank
micronicsolutions.com,Phishing,phishtank
loyaltygateway.com,Phishing,phishtank
43.156.0.130,Phishing,phishtank
www.bookmarkindia.in,Phishing,phishtank
brounicaro.web.app,Phishing,phishtank
brounicaro.firebaseapp.com,Phishing,phishtank
salonandspaindia.com,Phishing,phishtank
engineersclubindia.com,Phishing,phishtank
samsunmechanical.myportfolio.com,Phishing,phishtank
iniciobanesconline.web.app,Phishing,phishtank
iniciobanesconline.firebaseapp.com,Phishing,phishtank
indianna-uplink.web.app,Phishing,phishtank
indianna-uplink.firebaseapp.com,Phishing,phishtank
apoyosbienestar.com,Phishing,phishtank
districtchronicles.com,Phishing,phishtank
servertechnicalnoticeimmestae-reconecting.pages.dev,Phishing,phishtank
ersfilter-my.sharepoint.com,Phishing,phishtank
