domain,label,source,domain_length,digit_ratio,dot_ratio,num_hyphens,hyphen_ratio,num_special_chars,special_char_ratio,subdomain_count,brand_keyword_position,registered_domain_length,has_cse_keyword_in_subdomain,is_malicious_gtld,brand_to_reg_length_ratio,min_brand_levenshtein,has_brand_in_path,has_ip,has_repeated_digits,is_common_tld,tld_length,entropy,has_login,has_signin,has_secure,has_account,has_verify,has_update,has_support,has_banking,has_paypal,has_auth,has_security,has_confirm,has_https
airtel-merchants.in,Phishing,training_set,19.0,0.0,0.05263157894736842,1.0,0.05263157894736842,0.0,0.0,0.0,1.0,19.0,0.0,0.0,0.3157894736842105,99.0,0.0,0.0,0.0,0.0,2.0,3.6163485660751635,0.0,0.0,0.0,0.0,0.0,0.0,0.0,0.0,0.0,0.0,0.0,0.0,0.0
airtelrecharge.co.in,Phishing,training_set,20.0,0.0,0.1,0.0,0.0,0.0,0.0,1.0,2.0,5.0,1.0,0.0,1.2,99.0,0.0,0.0,0.0,0.0,2.0,3.4464393446710155,0.0,0.0,0.0,0.0,0.0,0.0,0.0,0.0,0.0,0.0,0.0,0.0,0.0
airtelmerchant.in,Phishing,training_set,17.0,0.0,0.058823529411764705,0.0,0.0,0.0,0.0,0.0,1.0,17.0,0.0,0.0,0.35294117647058826,99.0,0.0,0.0,0.0,0.0,2.0,3.381580488309164,0.0,0.0,0.0,0.0,0.0,0.0,0.0,0.0,0.0,0.0,0.0,0.0,0.0
airtelinternetserviceprovider.co.in,Phishing,training_set,35.0,0.0,0.05714285714285714,0.0,0.0,0.0,0.0,1.0,2.0,5.0,1.0,0.0,1.2,99.0,0.0,0.0,0.0,0.0,2.0,3.5224592753013226,0.0,0.0,0.0,0.0,0.0,0.0,0.0,0.0,0.0,0.0,0.0,0.0,0.0
airtelpoint.top,Phishing,training_set,15.0,0.0,0.06666666666666667,0.0,0.0,0.0,0.0,0.0,1.0,15.0,0.0,1.0,0.4,0.6666666666666666,0.0,0.0,0.0,0.0,3.0,3.189898095464287,0.0,0.0,0.0,0.0,0.0,0.0,0.0,0.0,0.0,0.0,0.0,0.0,0.0
airtela.sbs,Phishing,training_set,11.0,0.0,0.09090909090909091,0.0,0.0,0.0,0.0,0.0,1.0,11.0,0.0,1.0,0.5454545454545454,0.16666666666666666,0.0,0.0,0.0,0.0,3.0,3.095795255000934,0.0,0.0,0.0,0.0,0.0,0.0,0.0,0.0,0.0,0.0,0.0,0.0,0.0
airtelairfiberkarnataka.xyz,Phishing,training_set,27.0,0.0,0.037037037037037035,0.0,0.0,0.0,0.0,0.0,1.0,27.0,0.0,1.0,0.2222222222222222,1.0,0.0,0.0,0.0,0.0,3.0,3.48582592784901,0.0,0.0,0.0,0.0,0.0,0.0,0.0,0.0,0.0,0.0,0.0,0.0,0.0
airtelbroadbandbangalore.xyz,Phishing,training_set,28.0,0.0,0.03571428571428571,0.0,0.0,0.0,0.0,0.0,1.0,28.0,0.0,1.0,0.21428571428571427,1.0,0.0,0.0,0.0,0.0,3.0,3.695947226387471,0.0,0.0,0.0,0.0,0.0,0.0,0.0,0.0,0.0,0.0,0.0,0.0,0.0
airteldthconnectionbengaluru.xyz,Phishing,training_set,32.0,0.0,0.03125,0.0,0.0,0.0,0.0,0.0,1.0,32.0,0.0,1.0,0.1875,1.0,0.0,0.0,0.0,0.0,3.0,4.015319531114783,0.0,0.0,0.0,0.0,0.0,0.0,0.0,0.0,0.0,0.0,0.0,0.0,0.0
airtelwificonnectiontumakuru.xyz,Phishing,training_set,32.0,0.0,0.03125,0.0,0.0,0.0,0.0,0.0,1.0,32.0,0.0,1.0,0.1875,1.0,0.0,0.0,0.0,0.0,3.0,3.9917292966721747,0.0,0.0,0.0,0.0,0.0,0.0,0.0,0.0,0.0,0.0,0.0,0.0,0.0
airtel365.com,Suspected,training_set,13.0,0.23076923076923078,0.07692307692307693,0.0,0.0,0.0,0.0,0.0,1.0,13.0,0.0,0.0,0.46153846153846156,0.5,0.0,0.0,0.0,1.0,3.0,3.7004397181410926,0.0,0.0,0.0,0.0,0.0,0.0,0.0,0.0,0.0,0.0,0.0,0.0,0.0
airtel-merchants.site,Suspected,training_set,21.0,0.0,0.047619047619047616,1.0,0.047619047619047616,0.0,0.0,0.0,1.0,21.0,0.0,1.0,0.2857142857142857,0.5,0.0,0.0,0.0,0.0,4.0,3.5585186130489057,0.0,0.0,0.0,0.0,0.0,0.0,0.0,0.0,0.0,0.0,0.0,0.0,0.0
airtelmerchnat.in,Suspected,training_set,17.0,0.0,0.058823529411764705,0.0,0.0,0.0,0.0,0.0,1.0,17.0,0.0,0.0,0.35294117647058826,99.0,0.0,0.0,0.0,0.0,2.0,3.381580488309164,0.0,0.0,0.0,0.0,0.0,0.0,0.0,0.0,0.0,0.0,0.0,0.0,0.0
airtel.club,Suspected,training_set,11.0,0.0,0.09090909090909091,0.0,0.0,0.0,0.0,0.0,1.0,11.0,0.0,0.0,0.5454545454545454,1.0,0.0,0.0,0.0,0.0,4.0,3.277613436819116,0.0,0.0,0.0,0.0,0.0,0.0,0.0,0.0,0.0,0.0,0.0,0.0,0.0
airtel121co.in,Suspected,training_set,14.0,0.21428571428571427,0.07142857142857142,0.0,0.0,0.0,0.0,0.0,1.0,14.0,0.0,0.0,0.42857142857142855,99.0,0.0,0.0,0.0,0.0,2.0,3.521640636343319,0.0,0.0,0.0,0.0,0.0,0.0,0.0,0.0,0.0,0.0,0.0,0.0,0.0
airtelfin.in,Suspected,training_set,12.0,0.0,0.08333333333333333,0.0,0.0,0.0,0.0,0.0,1.0,12.0,0.0,0.0,0.5,0.5,0.0,0.0,0.0,0.0,2.0,3.0220552088742,0.0,0.0,0.0,0.0,0.0,0.0,0.0,0.0,0.0,0.0,0.0,0.0,0.0
airtelmerchants.in,Suspected,training_set,18.0,0.0,0.05555555555555555,0.0,0.0,0.0,0.0,0.0,1.0,18.0,0.0,0.0,0.3333333333333333,99.0,0.0,0.0,0.0,0.0,2.0,3.503258334775645,0.0,0.0,0.0,0.0,0.0,0.0,0.0,0.0,0.0,0.0,0.0,0.0,0.0
airtelwifi.in,Suspected,training_set,13.0,0.0,0.07692307692307693,0.0,0.0,0.0,0.0,0.0,1.0,13.0,0.0,0.0,0.46153846153846156,99.0,0.0,0.0,0.0,0.0,2.0,3.085055102756477,0.0,0.0,0.0,0.0,0.0,0.0,0.0,0.0,0.0,0.0,0.0,0.0,0.0
airtel-5g.top,Suspected,training_set,13.0,0.07692307692307693,0.07692307692307693,1.0,0.07692307692307693,0.0,0.0,0.0,1.0,13.0,0.0,1.0,0.46153846153846156,0.6666666666666666,0.0,0.0,0.0,0.0,3.0,3.5465935642949384,0.0,0.0,0.0,0.0,0.0,0.0,0.0,0.0,0.0,0.0,0.0,0.0,0.0
airtele.xyz,Suspected,training_set,11.0,0.0,0.09090909090909091,0.0,0.0,0.0,0.0,0.0,1.0,11.0,0.0,1.0,0.5454545454545454,0.16666666666666666,0.0,0.0,0.0,0.0,3.0,3.277613436819116,0.0,0.0,0.0,0.0,0.0,0.0,0.0,0.0,0.0,0.0,0.0,0.0,0.0
airtelericsson.in,Suspected,training_set,17.0,0.0,0.058823529411764705,0.0,0.0,0.0,0.0,0.0,1.0,17.0,0.0,0.0,0.35294117647058826,99.0,0.0,0.0,0.0,0.0,2.0,3.337175341123077,0.0,0.0,0.0,0.0,0.0,0.0,0.0,0.0,0.0,0.0,0.0,0.0,0.0
airtelrechargeplan.com,Suspected,training_set,22.0,0.0,0.045454545454545456,0.0,0.0,0.0,0.0,0.0,1.0,22.0,0.0,0.0,0.2727272727272727,0.6666666666666666,0.0,0.0,0.0,1.0,3.0,3.6292196865240967,0.0,0.0,0.0,0.0,0.0,0.0,0.0,0.0,0.0,0.0,0.0,0.0,0.0
airtelspacex.in,Suspected,training_set,15.0,0.0,0.06666666666666667,0.0,0.0,0.0,0.0,0.0,1.0,15.0,0.0,0.0,0.4,99.0,0.0,0.0,0.0,0.0,2.0,3.506890595608519,0.0,0.0,0.0,0.0,0.0,0.0,0.0,0.0,0.0,0.0,0.0,0.0,0.0
airtel.cloud,Suspected,training_set,12.0,0.0,0.08333333333333333,0.0,0.0,0.0,0.0,0.0,1.0,12.0,0.0,0.0,0.5,99.0,0.0,0.0,0.0,0.0,5.0,3.4182958340544896,0.0,0.0,0.0,0.0,0.0,0.0,0.0,0.0,0.0,0.0,0.0,0.0,0.0
airtelrdc.shop,Suspected,training_set,14.0,0.0,0.07142857142857142,0.0,0.0,0.0,0.0,0.0,1.0,14.0,0.0,1.0,0.42857142857142855,0.5,0.0,0.0,0.0,0.0,4.0,3.6644977792004623,0.0,0.0,0.0,0.0,0.0,0.0,0.0,0.0,0.0,0.0,0.0,0.0,0.0
airtelhd.biz,Suspected,training_set,12.0,0.0,0.08333333333333333,0.0,0.0,0.0,0.0,0.0,1.0,12.0,0.0,0.0,0.5,0.3333333333333333,0.0,0.0,0.0,0.0,3.0,3.418295834054489,0.0,0.0,0.0,0.0,0.0,0.0,0.0,0.0,0.0,0.0,0.0,0.0,0.0
airtelmerchnats.net,Suspected,training_set,19.0,0.0,0.05263157894736842,0.0,0.0,0.0,0.0,0.0,1.0,19.0,0.0,0.0,0.3157894736842105,0.6666666666666666,0.0,0.0,0.0,1.0,3.0,3.4316235658474303,0.0,0.0,0.0,0.0,0.0,0.0,0.0,0.0,0.0,0.0,0.0,0.0,0.0
airteldataloan.in,Suspected,training_set,17.0,0.0,0.058823529411764705,0.0,0.0,0.0,0.0,0.0,1.0,17.0,0.0,0.0,0.35294117647058826,99.0,0.0,0.0,0.0,0.0,2.0,3.146286370662105,0.0,0.0,0.0,0.0,0.0,0.0,0.0,0.0,0.0,0.0,0.0,0.0,0.0
airtel-merchants.shop,Suspected,training_set,21.0,0.0,0.047619047619047616,1.0,0.047619047619047616,0.0,0.0,0.0,1.0,21.0,0.0,1.0,0.2857142857142857,1.0,0.0,0.0,0.0,0.0,4.0,3.820888851350188,0.0,0.0,0.0,0.0,0.0,0.0,0.0,0.0,0.0,0.0,0.0,0.0,0.0
airtelpay.world,Phishing,training_set,15.0,0.0,0.06666666666666667,0.0,0.0,0.0,0.0,0.0,1.0,15.0,0.0,0.0,0.4,0.5,0.0,0.0,0.0,0.0,5.0,3.5068905956085192,0.0,0.0,0.0,0.0,0.0,0.0,0.0,0.0,0.0,0.0,0.0,0.0,0.0
airtel-quickrecharge.world,Phishing,training_set,26.0,0.0,0.038461538461538464,1.0,0.038461538461538464,0.0,0.0,0.0,1.0,26.0,0.0,0.0,0.23076923076923078,0.75,0.0,0.0,0.0,0.0,5.0,3.9021748142117274,0.0,0.0,0.0,0.0,0.0,0.0,0.0,0.0,0.0,0.0,0.0,0.0,0.0
airtelstream.in,Suspected,training_set,15.0,0.0,0.06666666666666667,0.0,0.0,0.0,0.0,0.0,1.0,15.0,0.0,0.0,0.4,99.0,0.0,0.0,0.0,0.0,2.0,3.240223928941852,0.0,0.0,0.0,0.0,0.0,0.0,0.0,0.0,0.0,0.0,0.0,0.0,0.0
bhartiairtelnet.in,Suspected,training_set,18.0,0.0,0.05555555555555555,0.0,0.0,0.0,0.0,0.0,1.0,18.0,0.0,0.0,0.3333333333333333,99.0,0.0,0.0,0.0,0.0,2.0,3.1971597234241487,0.0,0.0,0.0,0.0,0.0,0.0,0.0,0.0,0.0,0.0,0.0,0.0,0.0
airtel121.in,Suspected,training_set,12.0,0.25,0.08333333333333333,0.0,0.0,0.0,0.0,0.0,1.0,12.0,0.0,0.0,0.5,0.5,0.0,0.0,0.0,0.0,2.0,3.2516291673878226,0.0,0.0,0.0,0.0,0.0,0.0,0.0,0.0,0.0,0.0,0.0,0.0,0.0
airtel-merchant.co.in,Suspected,training_set,21.0,0.0,0.09523809523809523,1.0,0.047619047619047616,0.0,0.0,1.0,2.0,5.0,1.0,0.0,1.2,99.0,0.0,0.0,0.0,0.0,2.0,3.6304126608739984,0.0,0.0,0.0,0.0,0.0,0.0,0.0,0.0,0.0,0.0,0.0,0.0,0.0
airtel-5g.net,Suspected,training_set,13.0,0.07692307692307693,0.07692307692307693,1.0,0.07692307692307693,0.0,0.0,0.0,1.0,13.0,0.0,0.0,0.46153846153846156,0.6666666666666666,0.0,0.0,0.0,1.0,3.0,3.3927474104487847,0.0,0.0,0.0,0.0,0.0,0.0,0.0,0.0,0.0,0.0,0.0,0.0,0.0
airtel-ug.info,Suspected,training_set,14.0,0.0,0.07142857142857142,1.0,0.07142857142857142,0.0,0.0,0.0,1.0,14.0,0.0,1.0,0.42857142857142855,0.75,0.0,0.0,0.0,0.0,4.0,3.6644977792004623,0.0,0.0,0.0,0.0,0.0,0.0,0.0,0.0,0.0,0.0,0.0,0.0,0.0
airteliqalerts.in,Suspected,training_set,17.0,0.0,0.058823529411764705,0.0,0.0,0.0,0.0,0.0,1.0,17.0,0.0,0.0,0.35294117647058826,99.0,0.0,0.0,0.0,0.0,2.0,3.2195282822995477,0.0,0.0,0.0,0.0,0.0,0.0,0.0,0.0,0.0,0.0,0.0,0.0,0.0
airteliqmail.in,Suspected,training_set,15.0,0.0,0.06666666666666667,0.0,0.0,0.0,0.0,0.0,1.0,15.0,0.0,0.0,0.4,99.0,0.0,0.0,0.0,0.0,2.0,3.106890595608519,0.0,0.0,0.0,0.0,0.0,0.0,0.0,0.0,0.0,0.0,0.0,0.0,0.0
airtelinfotel.in,Suspected,training_set,16.0,0.0,0.0625,0.0,0.0,0.0,0.0,0.0,1.0,16.0,0.0,0.0,0.375,99.0,0.0,0.0,0.0,0.0,2.0,3.202819531114783,0.0,0.0,0.0,0.0,0.0,0.0,0.0,0.0,0.0,0.0,0.0,0.0,0.0
airtelretailer.in,Suspected,training_set,17.0,0.0,0.058823529411764705,0.0,0.0,0.0,0.0,0.0,1.0,17.0,0.0,0.0,0.35294117647058826,99.0,0.0,0.0,0.0,0.0,2.0,2.895423870280316,0.0,0.0,0.0,0.0,0.0,0.0,0.0,0.0,0.0,0.0,0.0,0.0,0.0
airtel.org.in,Suspected,training_set,13.0,0.0,0.15384615384615385,0.0,0.0,0.0,0.0,1.0,2.0,6.0,1.0,0.0,1.0,0.75,0.0,0.0,0.0,0.0,2.0,3.238901256602631,0.0,0.0,0.0,0.0,0.0,0.0,0.0,0.0,0.0,0.0,0.0,0.0,0.0
bhartiairtel.live,Suspected,training_set,17.0,0.0,0.058823529411764705,0.0,0.0,0.0,0.0,0.0,1.0,17.0,0.0,1.0,0.35294117647058826,1.0,0.0,0.0,0.0,0.0,4.0,3.2195282822995477,0.0,0.0,0.0,0.0,0.0,0.0,0.0,0.0,0.0,0.0,0.0,0.0,0.0
bhartiairtel.online,Suspected,training_set,19.0,0.0,0.05263157894736842,0.0,0.0,0.0,0.0,0.0,1.0,19.0,0.0,1.0,0.3157894736842105,0.3333333333333333,0.0,0.0,0.0,0.0,6.0,3.3660913291191923,0.0,0.0,0.0,0.0,0.0,0.0,0.0,0.0,0.0,0.0,0.0,0.0,0.0
airtelconnect.com,Suspected,training_set,17.0,0.0,0.058823529411764705,0.0,0.0,0.0,0.0,0.0,1.0,17.0,0.0,0.0,0.35294117647058826,0.6666666666666666,0.0,0.0,0.0,1.0,3.0,3.337175341123077,0.0,0.0,0.0,0.0,0.0,0.0,0.0,0.0,0.0,0.0,0.0,0.0,0.0
airtelstore.co.in,Suspected,training_set,17.0,0.0,0.11764705882352941,0.0,0.0,0.0,0.0,1.0,2.0,5.0,1.0,0.0,1.2,99.0,0.0,0.0,0.0,0.0,2.0,3.381580488309164,0.0,0.0,0.0,0.0,0.0,0.0,0.0,0.0,0.0,0.0,0.0,0.0,0.0
airteldtd.in,Suspected,training_set,12.0,0.0,0.08333333333333333,0.0,0.0,0.0,0.0,0.0,1.0,12.0,0.0,0.0,0.5,0.5,0.0,0.0,0.0,0.0,2.0,3.084962500721156,0.0,0.0,0.0,0.0,0.0,0.0,0.0,0.0,0.0,0.0,0.0,0.0,0.0
airtel.website,Suspected,training_set,14.0,0.0,0.07142857142857142,0.0,0.0,0.0,0.0,0.0,1.0,14.0,0.0,0.0,0.42857142857142855,99.0,0.0,0.0,0.0,0.0,7.0,3.182005814760214,0.0,0.0,0.0,0.0,0.0,0.0,0.0,0.0,0.0,0.0,0.0,0.0,0.0
airtelprize.in,Suspected,training_set,14.0,0.0,0.07142857142857142,0.0,0.0,0.0,0.0,0.0,1.0,14.0,0.0,0.0,0.42857142857142855,99.0,0.0,0.0,0.0,0.0,2.0,3.182005814760214,0.0,0.0,0.0,0.0,0.0,0.0,0.0,0.0,0.0,0.0,0.0,0.0,0.0
airtelapp.xyz,Suspected,training_set,13.0,0.0,0.07692307692307693,0.0,0.0,0.0,0.0,0.0,1.0,13.0,0.0,1.0,0.46153846153846156,0.5,0.0,0.0,0.0,0.0,3.0,3.392747410448785,0.0,0.0,0.0,0.0,0.0,0.0,0.0,0.0,0.0,0.0,0.0,0.0,0.0
airtelcare.net,Suspected,training_set,14.0,0.0,0.07142857142857142,0.0,0.0,0.0,0.0,0.0,1.0,14.0,0.0,0.0,0.42857142857142855,0.6666666666666666,0.0,0.0,0.0,1.0,3.0,3.039148671903071,0.0,0.0,0.0,0.0,0.0,0.0,0.0,0.0,0.0,0.0,0.0,0.0,0.0
airtel-merchants.net,Suspected,training_set,20.0,0.0,0.05,1.0,0.05,0.0,0.0,0.0,1.0,20.0,0.0,0.0,0.3,0.6666666666666666,0.0,0.0,0.0,1.0,3.0,3.546439344671015,0.0,0.0,0.0,0.0,0.0,0.0,0.0,0.0,0.0,0.0,0.0,0.0,0.0
postpaidairtel.in,Suspected,training_set,17.0,0.0,0.058823529411764705,0.0,0.0,0.0,0.0,0.0,1.0,17.0,0.0,0.0,0.35294117647058826,99.0,0.0,0.0,0.0,0.0,2.0,3.4548223999466066,0.0,0.0,0.0,0.0,0.0,0.0,0.0,0.0,0.0,0.0,0.0,0.0,0.0
airtel.exchange,Suspected,training_set,15.0,0.0,0.06666666666666667,0.0,0.0,0.0,0.0,0.0,1.0,15.0,0.0,0.0,0.4,99.0,0.0,0.0,0.0,0.0,8.0,3.456564762130954,0.0,0.0,0.0,0.0,0.0,0.0,0.0,0.0,0.0,0.0,0.0,0.0,0.0
airtelpayment.online,Suspected,training_set,20.0,0.0,0.05,0.0,0.0,0.0,0.0,0.0,1.0,20.0,0.0,1.0,0.3,0.3333333333333333,0.0,0.0,0.0,0.0,6.0,3.446439344671015,0.0,0.0,0.0,0.0,0.0,0.0,0.0,0.0,0.0,0.0,0.0,0.0,0.0
airtel-5gg.top,Suspected,training_set,14.0,0.07142857142857142,0.07142857142857142,1.0,0.07142857142857142,0.0,0.0,0.0,1.0,14.0,0.0,1.0,0.42857142857142855,0.6666666666666666,0.0,0.0,0.0,0.0,3.0,3.521640636343319,0.0,0.0,0.0,0.0,0.0,0.0,0.0,0.0,0.0,0.0,0.0,0.0,0.0
airtelmerchnat.co.in,Suspected,training_set,20.0,0.0,0.1,0.0,0.0,0.0,0.0,1.0,2.0,5.0,1.0,0.0,1.2,99.0,0.0,0.0,0.0,0.0,2.0,3.521928094887362,0.0,0.0,0.0,0.0,0.0,0.0,0.0,0.0,0.0,0.0,0.0,0.0,0.0
airtel-ericsson.com,Suspected,training_set,19.0,0.0,0.05263157894736842,1.0,0.05263157894736842,0.0,0.0,0.0,1.0,19.0,0.0,0.0,0.3157894736842105,0.6666666666666666,0.0,0.0,0.0,1.0,3.0,3.616348566075164,0.0,0.0,0.0,0.0,0.0,0.0,0.0,0.0,0.0,0.0,0.0,0.0,0.0
airtel-broadband-plans.today,Suspected,training_set,28.0,0.0,0.03571428571428571,2.0,0.07142857142857142,0.0,0.0,0.0,1.0,28.0,0.0,0.0,0.21428571428571427,0.6,0.0,0.0,0.0,0.0,5.0,3.7229074943218805,0.0,0.0,0.0,0.0,0.0,0.0,0.0,0.0,0.0,0.0,0.0,0.0,0.0
airtel-broadband-plans-near-you.sbs,Suspected,training_set,35.0,0.0,0.02857142857142857,4.0,0.11428571428571428,0.0,0.0,0.0,1.0,35.0,0.0,1.0,0.17142857142857143,0.3333333333333333,0.0,0.0,0.0,0.0,3.0,3.797020431713804,0.0,0.0,0.0,0.0,0.0,0.0,0.0,0.0,0.0,0.0,0.0,0.0,0.0
airtelstarlink.org,Suspected,training_set,18.0,0.0,0.05555555555555555,0.0,0.0,0.0,0.0,0.0,1.0,18.0,0.0,0.0,0.3333333333333333,0.75,0.0,0.0,0.0,1.0,3.0,3.461320140211008,0.0,0.0,0.0,0.0,0.0,0.0,0.0,0.0,0.0,0.0,0.0,0.0,0.0
airtelstarlinks.in,Suspected,training_set,18.0,0.0,0.05555555555555555,0.0,0.0,0.0,0.0,0.0,1.0,18.0,0.0,0.0,0.3333333333333333,99.0,0.0,0.0,0.0,0.0,2.0,3.239097917988786,0.0,0.0,0.0,0.0,0.0,0.0,0.0,0.0,0.0,0.0,0.0,0.0,0.0
airtellink.com,Suspected,training_set,14.0,0.0,0.07142857142857142,0.0,0.0,0.0,0.0,0.0,1.0,14.0,0.0,0.0,0.42857142857142855,0.6666666666666666,0.0,0.0,0.0,1.0,3.0,3.521640636343319,0.0,0.0,0.0,0.0,0.0,0.0,0.0,0.0,0.0,0.0,0.0,0.0,0.0
airtel.firm.in,Suspected,training_set,14.0,0.0,0.14285714285714285,0.0,0.0,0.0,0.0,1.0,2.0,7.0,1.0,0.0,0.8571428571428571,1.0,0.0,0.0,0.0,0.0,2.0,3.182005814760214,0.0,0.0,0.0,0.0,0.0,0.0,0.0,0.0,0.0,0.0,0.0,0.0,0.0
airtelfiber.in,Suspected,training_set,14.0,0.0,0.07142857142857142,0.0,0.0,0.0,0.0,0.0,1.0,14.0,0.0,0.0,0.42857142857142855,99.0,0.0,0.0,0.0,0.0,2.0,3.182005814760214,0.0,0.0,0.0,0.0,0.0,0.0,0.0,0.0,0.0,0.0,0.0,0.0,0.0
airtelxtream.co.in,Suspected,training_set,18.0,0.0,0.1111111111111111,0.0,0.0,0.0,0.0,1.0,2.0,5.0,1.0,0.0,1.2,99.0,0.0,0.0,0.0,0.0,2.0,3.503258334775645,0.0,0.0,0.0,0.0,0.0,0.0,0.0,0.0,0.0,0.0,0.0,0.0,0.0
bhartairtel.co.in,Suspected,training_set,17.0,0.0,0.11764705882352941,0.0,0.0,0.0,0.0,1.0,2.0,5.0,1.0,0.0,1.2,99.0,0.0,0.0,0.0,0.0,2.0,3.4992275471326932,0.0,0.0,0.0,0.0,0.0,0.0,0.0,0.0,0.0,0.0,0.0,0.0,0.0
airtelairfiber.in,Suspected,training_set,17.0,0.0,0.058823529411764705,0.0,0.0,0.0,0.0,0.0,1.0,17.0,0.0,0.0,0.35294117647058826,99.0,0.0,0.0,0.0,0.0,2.0,3.101881223476018,0.0,0.0,0.0,0.0,0.0,0.0,0.0,0.0,0.0,0.0,0.0,0.0,0.0
airtelxtreamonline.in,Suspected,training_set,21.0,0.0,0.047619047619047616,0.0,0.0,0.0,0.0,0.0,1.0,21.0,0.0,0.0,0.2857142857142857,99.0,0.0,0.0,0.0,0.0,2.0,3.3320953986601696,0.0,0.0,0.0,0.0,0.0,0.0,0.0,0.0,0.0,0.0,0.0,0.0,0.0
bhartiairtelfoundation.co.in,Suspected,training_set,28.0,0.0,0.07142857142857142,0.0,0.0,0.0,0.0,1.0,2.0,5.0,1.0,0.0,1.2,99.0,0.0,0.0,0.0,0.0,2.0,3.6995138503199656,0.0,0.0,0.0,0.0,0.0,0.0,0.0,0.0,0.0,0.0,0.0,0.0,0.0
airtelvb.top,Suspected,training_set,12.0,0.0,0.08333333333333333,0.0,0.0,0.0,0.0,0.0,1.0,12.0,0.0,1.0,0.5,0.3333333333333333,0.0,0.0,0.0,0.0,3.0,3.418295834054489,0.0,0.0,0.0,0.0,0.0,0.0,0.0,0.0,0.0,0.0,0.0,0.0,0.0
airtelonebroadband.top,Suspected,training_set,22.0,0.0,0.045454545454545456,0.0,0.0,0.0,0.0,0.0,1.0,22.0,0.0,1.0,0.2727272727272727,0.6666666666666666,0.0,0.0,0.0,0.0,3.0,3.481714572986073,0.0,0.0,0.0,0.0,0.0,0.0,0.0,0.0,0.0,0.0,0.0,0.0,0.0
airtel-merchants.services,Suspected,training_set,25.0,0.0,0.04,1.0,0.04,0.0,0.0,0.0,1.0,25.0,0.0,0.0,0.24,99.0,0.0,0.0,0.0,0.0,8.0,3.6234651896016463,0.0,0.0,0.0,0.0,0.0,0.0,0.0,0.0,0.0,0.0,0.0,0.0,0.0
bankofbarodabank.in,Suspected,training_set,19.0,0.0,0.05263157894736842,0.0,0.0,0.0,0.0,0.0,1.0,19.0,0.0,0.0,0.631578947368421,99.0,0.0,0.0,0.0,0.0,2.0,3.1158340921632206,0.0,0.0,0.0,0.0,0.0,0.0,0.0,0.0,0.0,0.0,0.0,0.0,0.0
bankofbarodafin.in,Suspected,training_set,18.0,0.0,0.05555555555555555,0.0,0.0,0.0,0.0,0.0,1.0,18.0,0.0,0.0,0.6666666666666666,0.25,0.0,0.0,0.0,0.0,2.0,3.197159723424149,0.0,0.0,0.0,0.0,0.0,0.0,0.0,0.0,0.0,0.0,0.0,0.0,0.0
bankofbarodaworld.co.in,Suspected,training_set,23.0,0.0,0.08695652173913043,0.0,0.0,0.0,0.0,1.0,2.0,5.0,1.0,0.0,2.4,99.0,0.0,0.0,0.0,0.0,2.0,3.534219021180341,0.0,0.0,0.0,0.0,0.0,0.0,0.0,0.0,0.0,0.0,0.0,0.0,0.0
1bankofbaroda.co.in,Suspected,training_set,19.0,0.05263157894736842,0.10526315789473684,0.0,0.0,0.0,0.0,1.0,2.0,5.0,1.0,0.0,2.4,0.08333333333333333,0.0,0.0,0.0,0.0,2.0,3.431623565847431,0.0,0.0,0.0,0.0,0.0,0.0,0.0,0.0,0.0,0.0,0.0,0.0,0.0
thebankofbaroda.in,Suspected,training_set,18.0,0.0,0.05555555555555555,0.0,0.0,0.0,0.0,0.0,1.0,18.0,0.0,0.0,0.6666666666666666,0.25,0.0,0.0,0.0,0.0,2.0,3.5724312513221195,0.0,0.0,0.0,0.0,0.0,0.0,0.0,0.0,0.0,0.0,0.0,0.0,0.0
bankofbarodaa.co.in,Suspected,training_set,19.0,0.0,0.10526315789473684,0.0,0.0,0.0,0.0,1.0,2.0,5.0,1.0,0.0,2.4,0.08333333333333333,0.0,0.0,0.0,0.0,2.0,3.2608281712244556,0.0,0.0,0.0,0.0,0.0,0.0,0.0,0.0,0.0,0.0,0.0,0.0,0.0
bankofbaroda0.co.in,Suspected,training_set,19.0,0.05263157894736842,0.10526315789473684,0.0,0.0,0.0,0.0,1.0,2.0,5.0,1.0,0.0,2.4,0.08333333333333333,0.0,0.0,0.0,0.0,2.0,3.431623565847431,0.0,0.0,0.0,0.0,0.0,0.0,0.0,0.0,0.0,0.0,0.0,0.0,0.0
bankofbarodarewa.co.in,Suspected,training_set,22.0,0.0,0.09090909090909091,0.0,0.0,0.0,0.0,1.0,2.0,5.0,1.0,0.0,2.4,99.0,0.0,0.0,0.0,0.0,2.0,3.51602764126623,0.0,0.0,0.0,0.0,0.0,0.0,0.0,0.0,0.0,0.0,0.0,0.0,0.0
dc-crsorgi-gov.site,Phishing,training_set,19.0,0.0,0.05263157894736842,2.0,0.10526315789473684,0.0,0.0,0.0,1.0,19.0,0.0,1.0,0.3684210526315789,0.5,0.0,0.0,0.0,0.0,4.0,3.5110854081804272,0.0,0.0,0.0,0.0,0.0,0.0,0.0,0.0,0.0,0.0,0.0,0.0,0.0
crsverifycertificate.in,Phishing,training_set,23.0,0.0,0.043478260869565216,0.0,0.0,0.0,0.0,0.0,0.0,23.0,0.0,0.0,0.0,99.0,0.0,0.0,0.0,0.0,2.0,3.3816201079487347,0.0,0.0,0.0,0.0,1.0,0.0,0.0,0.0,0.0,0.0,0.0,0.0,0.0
dc.crsorge.in,Phishing,training_set,13.0,0.0,0.15384615384615385,0.0,0.0,0.0,0.0,1.0,0.0,10.0,0.0,0.0,0.0,0.14285714285714285,0.0,0.0,0.0,0.0,2.0,3.238901256602631,0.0,0.0,0.0,0.0,0.0,0.0,0.0,0.0,0.0,0.0,0.0,0.0,0.0
dc.crsorgi.gov.in.crs.vievvcert.info,Phishing,training_set,36.0,0.0,0.16666666666666666,0.0,0.0,0.0,0.0,5.0,2.0,14.0,1.0,1.0,0.5,0.5,0.0,0.0,0.0,0.0,4.0,3.495906598484245,0.0,0.0,0.0,0.0,0.0,0.0,0.0,0.0,0.0,0.0,0.0,0.0,0.0
crsor-go.shop,Phishing,training_set,13.0,0.0,0.07692307692307693,1.0,0.07692307692307693,0.0,0.0,0.0,0.0,13.0,0.0,1.0,0.0,0.2857142857142857,0.0,0.0,0.0,0.0,4.0,3.0269868333592873,0.0,0.0,0.0,0.0,0.0,0.0,0.0,0.0,0.0,0.0,0.0,0.0,0.0
crsorgi-gov.xyz,Phishing,training_set,15.0,0.0,0.06666666666666667,1.0,0.06666666666666667,0.0,0.0,0.0,1.0,15.0,0.0,1.0,0.4666666666666667,0.5,0.0,0.0,0.0,0.0,3.0,3.506890595608519,0.0,0.0,0.0,0.0,0.0,0.0,0.0,0.0,0.0,0.0,0.0,0.0,0.0
janma-mrityutathya.shop,Phishing,training_set,23.0,0.0,0.043478260869565216,1.0,0.043478260869565216,0.0,0.0,0.0,0.0,23.0,0.0,1.0,0.0,1.0,0.0,0.0,0.0,0.0,4.0,3.7081320646586016,0.0,0.0,0.0,0.0,0.0,0.0,0.0,0.0,0.0,0.0,0.0,0.0,0.0
csrorgi-gov.shop,Phishing,training_set,16.0,0.0,0.0625,1.0,0.0625,0.0,0.0,0.0,0.0,16.0,0.0,1.0,0.0,0.2857142857142857,0.0,0.0,0.0,0.0,4.0,3.327819531114783,0.0,0.0,0.0,0.0,0.0,0.0,0.0,0.0,0.0,0.0,0.0,0.0,0.0
www.dc.crsorgi.gov.in.verifycertificate.shop,Phishing,training_set,44.0,0.0,0.13636363636363635,0.0,0.0,0.0,0.0,5.0,2.0,22.0,1.0,1.0,0.3181818181818182,0.5,0.0,0.0,0.0,0.0,4.0,3.927975300790612,0.0,0.0,0.0,0.0,1.0,0.0,0.0,0.0,0.0,0.0,0.0,0.0,0.0
www.dc.crsorgi.gov.in.web.index.php.apnaqafila.shop,Phishing,training_set,51.0,0.0,0.17647058823529413,0.0,0.0,0.0,0.0,8.0,2.0,15.0,1.0,1.0,0.4666666666666667,0.5,0.0,0.0,0.0,0.0,4.0,4.02459985143605,0.0,0.0,0.0,0.0,0.0,0.0,0.0,0.0,0.0,0.0,0.0,0.0,0.0
www.acadmey.mange.project.indaxs.in,Phishing,training_set,35.0,0.0,0.14285714285714285,0.0,0.0,0.0,0.0,4.0,0.0,9.0,0.0,0.0,0.0,1.0,0.0,0.0,0.0,0.0,2.0,3.9328743603470455,0.0,0.0,0.0,0.0,0.0,0.0,0.0,0.0,0.0,0.0,0.0,0.0,0.0
birth.giantechnical.in,Phishing,training_set,22.0,0.0,0.09090909090909091,0.0,0.0,0.0,0.0,1.0,1.0,16.0,0.0,0.0,0.1875,0.5,0.0,0.0,0.0,0.0,2.0,3.4251185503571393,0.0,0.0,0.0,0.0,0.0,0.0,0.0,0.0,0.0,0.0,0.0,0.0,0.0
verificagovv.xyz,Phishing,training_set,16.0,0.0,0.0625,0.0,0.0,0.0,0.0,0.0,0.0,16.0,0.0,1.0,0.0,1.0,0.0,0.0,0.0,0.0,3.0,3.577819531114783,0.0,0.0,0.0,0.0,0.0,0.0,0.0,0.0,0.0,0.0,0.0,0.0,0.0
www.service.findapi.info,Phishing,training_set,24.0,0.0,0.125,0.0,0.0,0.0,0.0,2.0,0.0,12.0,0.0,1.0,0.0,0.6,0.0,0.0,0.0,0.0,4.0,3.605388542207534,0.0,0.0,0.0,0.0,0.0,0.0,0.0,0.0,0.0,0.0,0.0,0.0,0.0
error404.remgoerrocount.xyz,Phishing,training_set,27.0,0.1111111111111111,0.07407407407407407,0.0,0.0,0.0,0.0,1.0,0.0,18.0,0.0,1.0,0.0,1.0,0.0,0.0,0.0,0.0,3.0,3.5599000019230838,0.0,0.0,0.0,0.0,0.0,0.0,0.0,0.0,0.0,0.0,0.0,0.0,0.0
dc.crsorgi.gov.in.verifyc.xyz,Phishing,training_set,29.0,0.0,0.1724137931034483,0.0,0.0,0.0,0.0,4.0,2.0,11.0,1.0,1.0,0.6363636363636364,0.5,0.0,0.0,0.0,0.0,3.0,3.689901581992151,0.0,0.0,0.0,0.0,1.0,0.0,0.0,0.0,0.0,0.0,0.0,0.0,0.0
onlineservice.shop,Phishing,training_set,18.0,0.0,0.05555555555555555,0.0,0.0,0.0,0.0,0.0,0.0,18.0,0.0,1.0,0.0,1.0,0.0,0.0,0.0,0.0,4.0,3.4613201402110083,0.0,0.0,0.0,0.0,0.0,0.0,0.0,0.0,0.0,0.0,0.0,0.0,0.0
dc.crsorgi.govi.ltd,Phishing,training_set,19.0,0.0,0.15789473684210525,0.0,0.0,0.0,0.0,2.0,2.0,8.0,1.0,0.0,0.875,0.3333333333333333,0.0,0.0,0.0,0.0,3.0,3.3660913291191923,0.0,0.0,0.0,0.0,0.0,0.0,0.0,0.0,0.0,0.0,0.0,0.0,0.0
my.babaprint1.xyz,Phishing,training_set,17.0,0.058823529411764705,0.11764705882352941,0.0,0.0,0.0,0.0,1.0,0.0,14.0,0.0,1.0,0.0,1.0,0.0,0.0,0.0,0.0,3.0,3.6168746059562227,0.0,0.0,0.0,0.0,0.0,0.0,0.0,0.0,0.0,0.0,0.0,0.0,0.0
dc.crsorgi.gov.in.webi.ltd,Phishing,training_set,26.0,0.0,0.19230769230769232,0.0,0.0,0.0,0.0,4.0,2.0,8.0,1.0,0.0,0.875,0.5,0.0,0.0,0.0,0.0,3.0,3.686419411348773,0.0,0.0,0.0,0.0,0.0,0.0,0.0,0.0,0.0,0.0,0.0,0.0,0.0
dc.crsorgi.gov.in.index-view.shop,Phishing,training_set,33.0,0.0,0.15151515151515152,1.0,0.030303030303030304,0.0,0.0,4.0,2.0,15.0,1.0,1.0,0.4666666666666667,0.5,0.0,0.0,0.0,0.0,4.0,3.821226604916021,0.0,0.0,0.0,0.0,0.0,0.0,0.0,0.0,0.0,0.0,0.0,0.0,0.0
dc.crsorgi.gov.in.tech-site.info,Phishing,training_set,32.0,0.0,0.15625,1.0,0.03125,0.0,0.0,4.0,2.0,14.0,1.0,1.0,0.5,0.5,0.0,0.0,0.0,0.0,4.0,3.7150182662886326,0.0,0.0,0.0,0.0,0.0,0.0,0.0,0.0,0.0,0.0,0.0,0.0,0.0
dc.pgoneindia.shop,Phishing,training_set,18.0,0.0,0.1111111111111111,0.0,0.0,0.0,0.0,1.0,0.0,15.0,0.0,1.0,0.0,0.375,0.0,0.0,0.0,0.0,4.0,3.5032583347756456,0.0,0.0,0.0,0.0,0.0,0.0,0.0,0.0,0.0,0.0,0.0,0.0,0.0
crsorgi.gov.in.verifycertificate.shop,Phishing,training_set,37.0,0.0,0.10810810810810811,0.0,0.0,0.0,0.0,3.0,2.0,22.0,1.0,1.0,0.3181818181818182,0.5,0.0,0.0,0.0,0.0,4.0,3.807445176955242,0.0,0.0,0.0,0.0,1.0,0.0,0.0,0.0,0.0,0.0,0.0,0.0,0.0
dc.crsorgi.gov.in.adverify.in,Phishing,training_set,29.0,0.0,0.1724137931034483,0.0,0.0,0.0,0.0,4.0,2.0,11.0,1.0,0.0,0.6363636363636364,0.5,0.0,0.0,0.0,0.0,2.0,3.604031754555149,0.0,0.0,0.0,0.0,1.0,0.0,0.0,0.0,0.0,0.0,0.0,0.0,0.0
dcrsorgi.store,Phishing,training_set,14.0,0.0,0.07142857142857142,0.0,0.0,0.0,0.0,0.0,1.0,14.0,0.0,0.0,0.5,0.14285714285714285,0.0,0.0,0.0,0.0,5.0,3.182005814760214,0.0,0.0,0.0,0.0,0.0,0.0,0.0,0.0,0.0,0.0,0.0,0.0,0.0
dc.birth.dccrsorgi-govv.live,Phishing,training_set,28.0,0.0,0.10714285714285714,1.0,0.03571428571428571,0.0,0.0,2.0,1.0,19.0,0.0,1.0,0.3684210526315789,0.2857142857142857,0.0,0.0,0.0,0.0,4.0,3.743982153814128,0.0,0.0,0.0,0.0,0.0,0.0,0.0,0.0,0.0,0.0,0.0,0.0,0.0
dc.crsorgi.gov.in.viewcard.in,Phishing,training_set,29.0,0.0,0.1724137931034483,0.0,0.0,0.0,0.0,4.0,2.0,11.0,1.0,0.0,0.6363636363636364,0.5,0.0,0.0,0.0,0.0,2.0,3.5090356337908912,0.0,0.0,0.0,0.0,0.0,0.0,0.0,0.0,0.0,0.0,0.0,0.0,0.0
verifycertificate.cloud,Phishing,training_set,23.0,0.0,0.043478260869565216,0.0,0.0,0.0,0.0,0.0,0.0,23.0,0.0,0.0,0.0,99.0,0.0,0.0,0.0,0.0,5.0,3.6424896731661263,0.0,0.0,0.0,0.0,1.0,0.0,0.0,0.0,0.0,0.0,0.0,0.0,0.0
crsorginewindex.store,Suspected,training_set,21.0,0.0,0.047619047619047616,0.0,0.0,0.0,0.0,0.0,1.0,21.0,0.0,0.0,0.3333333333333333,99.0,0.0,0.0,0.0,0.0,5.0,3.558518613048906,0.0,0.0,0.0,0.0,0.0,0.0,0.0,0.0,0.0,0.0,0.0,0.0,0.0
adharprint.dccrsorgi-govv.live,Suspected,training_set,30.0,0.0,0.06666666666666667,1.0,0.03333333333333333,0.0,0.0,1.0,1.0,19.0,0.0,1.0,0.3684210526315789,0.2857142857142857,0.0,0.0,0.0,0.0,4.0,3.9232314287976204,0.0,0.0,0.0,0.0,0.0,0.0,0.0,0.0,0.0,0.0,0.0,0.0,0.0
crsorgi.gov.in.viewcard.in,Suspected,training_set,26.0,0.0,0.15384615384615385,0.0,0.0,0.0,0.0,3.0,2.0,11.0,1.0,0.0,0.6363636363636364,0.5,0.0,0.0,0.0,0.0,2.0,3.517559429596343,0.0,0.0,0.0,0.0,0.0,0.0,0.0,0.0,0.0,0.0,0.0,0.0,0.0
crsorgi.gov.in.w.viewcard.in,Suspected,training_set,28.0,0.0,0.17857142857142858,0.0,0.0,0.0,0.0,4.0,2.0,11.0,1.0,0.0,0.6363636363636364,0.5,0.0,0.0,0.0,0.0,2.0,3.508621780036165,0.0,0.0,0.0,0.0,0.0,0.0,0.0,0.0,0.0,0.0,0.0,0.0,0.0
crsorgi.gov.in.web.index.php.viewcard.in,Suspected,training_set,40.0,0.0,0.175,0.0,0.0,0.0,0.0,6.0,2.0,11.0,1.0,0.0,0.6363636363636364,0.5,0.0,0.0,0.0,0.0,2.0,3.8337834090041003,0.0,0.0,0.0,0.0,0.0,0.0,0.0,0.0,0.0,0.0,0.0,0.0,0.0
dc.crsorgi.gov.in.crovimng.online,Suspected,training_set,33.0,0.0,0.15151515151515152,0.0,0.0,0.0,0.0,4.0,2.0,15.0,1.0,1.0,0.4666666666666667,0.3333333333333333,0.0,0.0,0.0,0.0,6.0,3.472445544178841,0.0,0.0,0.0,0.0,0.0,0.0,0.0,0.0,0.0,0.0,0.0,0.0,0.0
passportt.dccrsorgi-govv.live,Suspected,training_set,29.0,0.0,0.06896551724137931,1.0,0.034482758620689655,0.0,0.0,1.0,1.0,19.0,0.0,1.0,0.3684210526315789,0.2857142857142857,0.0,0.0,0.0,0.0,4.0,3.788341339656749,0.0,0.0,0.0,0.0,0.0,0.0,0.0,0.0,0.0,0.0,0.0,0.0,0.0
rtps.dccrsorgi-govv.live,Suspected,training_set,24.0,0.0,0.08333333333333333,1.0,0.041666666666666664,0.0,0.0,1.0,1.0,19.0,0.0,1.0,0.3684210526315789,0.2857142857142857,0.0,0.0,0.0,0.0,4.0,3.6887218755408675,0.0,0.0,0.0,0.0,0.0,0.0,0.0,0.0,0.0,0.0,0.0,0.0,0.0
ucl.dccrsorgi-govv.live,Suspected,training_set,23.0,0.0,0.08695652173913043,1.0,0.043478260869565216,0.0,0.0,1.0,1.0,19.0,0.0,1.0,0.3684210526315789,0.2857142857142857,0.0,0.0,0.0,0.0,4.0,3.5883543471732335,0.0,0.0,0.0,0.0,0.0,0.0,0.0,0.0,0.0,0.0,0.0,0.0,0.0
crsgov.click,Suspected,training_set,12.0,0.0,0.08333333333333333,0.0,0.0,0.0,0.0,0.0,0.0,12.0,0.0,1.0,0.0,0.6,0.0,0.0,0.0,0.0,5.0,3.188721875540867,0.0,0.0,0.0,0.0,0.0,0.0,0.0,0.0,0.0,0.0,0.0,0.0,0.0
crsorgigob.xyz,Suspected,training_set,14.0,0.0,0.07142857142857142,0.0,0.0,0.0,0.0,0.0,1.0,14.0,0.0,1.0,0.5,0.42857142857142855,0.0,0.0,0.0,0.0,3.0,3.378783493486176,0.0,0.0,0.0,0.0,0.0,0.0,0.0,0.0,0.0,0.0,0.0,0.0,0.0
crsorgigovbirth.info,Suspected,training_set,20.0,0.0,0.05,0.0,0.0,0.0,0.0,0.0,1.0,20.0,0.0,1.0,0.35,0.75,0.0,0.0,0.0,0.0,4.0,3.5086949695628418,0.0,0.0,0.0,0.0,0.0,0.0,0.0,0.0,0.0,0.0,0.0,0.0,0.0
dccrsorgigov-in.in,Suspected,training_set,18.0,0.0,0.05555555555555555,1.0,0.05555555555555555,0.0,0.0,0.0,1.0,18.0,0.0,0.0,0.3888888888888889,99.0,0.0,0.0,0.0,0.0,2.0,3.350209029099897,0.0,0.0,0.0,0.0,0.0,0.0,0.0,0.0,0.0,0.0,0.0,0.0,0.0
crsgovbirth.xyz,Suspected,training_set,15.0,0.0,0.06666666666666667,0.0,0.0,0.0,0.0,0.0,0.0,15.0,0.0,1.0,0.0,1.0,0.0,0.0,0.0,0.0,3.0,3.773557262275185,0.0,0.0,0.0,0.0,0.0,0.0,0.0,0.0,0.0,0.0,0.0,0.0,0.0
crsorgiportal.com,Suspected,training_set,17.0,0.0,0.058823529411764705,0.0,0.0,0.0,0.0,0.0,1.0,17.0,0.0,0.0,0.4117647058823529,0.6666666666666666,0.0,0.0,0.0,1.0,3.0,3.41041725276052,0.0,0.0,0.0,0.0,0.0,0.0,0.0,0.0,0.0,0.0,0.0,0.0,0.0
dc.crs-orgi.com,Suspected,training_set,15.0,0.0,0.13333333333333333,1.0,0.06666666666666667,0.0,0.0,1.0,0.0,12.0,0.0,0.0,0.0,0.42857142857142855,0.0,0.0,0.0,1.0,3.0,3.189898095464287,0.0,0.0,0.0,0.0,0.0,0.0,0.0,0.0,0.0,0.0,0.0,0.0,0.0
dc.crsorgi.gov.logln.in,Suspected,training_set,23.0,0.0,0.17391304347826086,0.0,0.0,0.0,0.0,3.0,2.0,8.0,1.0,0.0,0.875,0.5,0.0,0.0,0.0,0.0,2.0,3.327484781955842,0.0,0.0,0.0,0.0,0.0,0.0,0.0,0.0,0.0,0.0,0.0,0.0,0.0
www.birth.ypuclportala.xyz,Suspected,training_set,26.0,0.0,0.11538461538461539,0.0,0.0,0.0,0.0,2.0,0.0,16.0,0.0,1.0,0.0,0.5,0.0,0.0,0.0,0.0,3.0,3.8731406795131322,0.0,0.0,0.0,0.0,0.0,0.0,0.0,0.0,0.0,0.0,0.0,0.0,0.0
www.dc.crsorgi.gov.in.index.viewscrit.org,Suspected,training_set,41.0,0.0,0.17073170731707318,0.0,0.0,0.0,0.0,6.0,2.0,13.0,1.0,0.0,0.5384615384615384,0.5,0.0,0.0,0.0,1.0,3.0,3.6130206037563655,0.0,0.0,0.0,0.0,0.0,0.0,0.0,0.0,0.0,0.0,0.0,0.0,0.0
yashcrsportal.site,Suspected,training_set,18.0,0.0,0.05555555555555555,0.0,0.0,0.0,0.0,0.0,0.0,18.0,0.0,1.0,0.0,0.5,0.0,0.0,0.0,0.0,4.0,3.572431251322119,0.0,0.0,0.0,0.0,0.0,0.0,0.0,0.0,0.0,0.0,0.0,0.0,0.0
crsorg.xyz,Suspected,training_set,10.0,0.0,0.1,0.0,0.0,0.0,0.0,0.0,0.0,10.0,0.0,1.0,0.0,0.14285714285714285,0.0,0.0,0.0,0.0,3.0,3.121928094887362,0.0,0.0,0.0,0.0,0.0,0.0,0.0,0.0,0.0,0.0,0.0,0.0,0.0
dc-crs-org-gov.xyz,Suspected,training_set,18.0,0.0,0.05555555555555555,3.0,0.16666666666666666,0.0,0.0,0.0,0.0,18.0,0.0,1.0,0.0,0.5,0.0,0.0,0.0,0.0,3.0,3.4613201402110083,0.0,0.0,0.0,0.0,0.0,0.0,0.0,0.0,0.0,0.0,0.0,0.0,0.0
dc-crsorgi-gov.shop,Suspected,training_set,19.0,0.0,0.05263157894736842,2.0,0.10526315789473684,0.0,0.0,0.0,1.0,19.0,0.0,1.0,0.3684210526315789,0.5,0.0,0.0,0.0,0.0,4.0,3.471354487013929,0.0,0.0,0.0,0.0,0.0,0.0,0.0,0.0,0.0,0.0,0.0,0.0,0.0
dc-crsorgive-gov.xyz,Suspected,training_set,20.0,0.0,0.05,2.0,0.1,0.0,0.0,0.0,1.0,20.0,0.0,1.0,0.35,0.2857142857142857,0.0,0.0,0.0,0.0,3.0,3.7219280948873616,0.0,0.0,0.0,0.0,0.0,0.0,0.0,0.0,0.0,0.0,0.0,0.0,0.0
dccrsorgi.shop,Suspected,training_set,14.0,0.0,0.07142857142857142,0.0,0.0,0.0,0.0,0.0,1.0,14.0,0.0,1.0,0.5,0.2857142857142857,0.0,0.0,0.0,0.0,4.0,3.2359263506290334,0.0,0.0,0.0,0.0,0.0,0.0,0.0,0.0,0.0,0.0,0.0,0.0,0.0
crsorgi-gov-in.store,Suspected,training_set,20.0,0.0,0.05,2.0,0.1,0.0,0.0,0.0,1.0,20.0,0.0,0.0,0.35,0.5,0.0,0.0,0.0,0.0,5.0,3.446439344671015,0.0,0.0,0.0,0.0,0.0,0.0,0.0,0.0,0.0,0.0,0.0,0.0,0.0
dc-crsorgi-gov.xyz,Suspected,training_set,18.0,0.0,0.05555555555555555,2.0,0.1111111111111111,0.0,0.0,0.0,1.0,18.0,0.0,1.0,0.3888888888888889,0.5,0.0,0.0,0.0,0.0,3.0,3.6143694458867563,0.0,0.0,0.0,0.0,0.0,0.0,0.0,0.0,0.0,0.0,0.0,0.0,0.0
dc-crsorgi.co.in,Suspected,training_set,16.0,0.0,0.125,1.0,0.0625,0.0,0.0,1.0,2.0,5.0,1.0,0.0,1.4,99.0,0.0,0.0,0.0,0.0,2.0,3.202819531114783,0.0,0.0,0.0,0.0,0.0,0.0,0.0,0.0,0.0,0.0,0.0,0.0,0.0
dccrsorgigovinverficrs.in,Suspected,training_set,25.0,0.0,0.04,0.0,0.0,0.0,0.0,0.0,1.0,25.0,0.0,0.0,0.28,99.0,0.0,0.0,0.0,0.0,2.0,3.413660689688186,0.0,0.0,0.0,0.0,0.0,0.0,0.0,0.0,0.0,0.0,0.0,0.0,0.0
dc.crsorgi-gov.xyz,Suspected,training_set,18.0,0.0,0.1111111111111111,1.0,0.05555555555555555,0.0,0.0,1.0,1.0,15.0,0.0,1.0,0.4666666666666667,0.5,0.0,0.0,0.0,0.0,3.0,3.6143694458867563,0.0,0.0,0.0,0.0,0.0,0.0,0.0,0.0,0.0,0.0,0.0,0.0,0.0
www.dc.crsorgi.gov.in.verifyinfo.xyz,Suspected,training_set,36.0,0.0,0.16666666666666666,0.0,0.0,0.0,0.0,5.0,2.0,14.0,1.0,1.0,0.5,0.5,0.0,0.0,0.0,0.0,3.0,3.787301737252941,0.0,0.0,0.0,0.0,1.0,0.0,0.0,0.0,0.0,0.0,0.0,0.0,0.0
www.dc.crsorgi.gov.in.web.dc-crsorgi.shop,Suspected,training_set,41.0,0.0,0.17073170731707318,1.0,0.024390243902439025,0.0,0.0,6.0,1.0,15.0,1.0,1.0,0.4666666666666667,0.5,0.0,0.0,0.0,0.0,4.0,3.7010606153279952,0.0,0.0,0.0,0.0,0.0,0.0,0.0,0.0,0.0,0.0,0.0,0.0,0.0
dccrsorgi-govv.live,Suspected,training_set,19.0,0.0,0.05263157894736842,1.0,0.05263157894736842,0.0,0.0,0.0,1.0,19.0,0.0,1.0,0.3684210526315789,0.2857142857142857,0.0,0.0,0.0,0.0,4.0,3.4713544870139286,0.0,0.0,0.0,0.0,0.0,0.0,0.0,0.0,0.0,0.0,0.0,0.0,0.0
crs.verifycertificatecrs.live,Suspected,training_set,29.0,0.0,0.06896551724137931,0.0,0.0,0.0,0.0,1.0,0.0,25.0,0.0,1.0,0.0,1.0,0.0,0.0,0.0,0.0,4.0,3.409705133058607,0.0,0.0,0.0,0.0,1.0,0.0,0.0,0.0,0.0,0.0,0.0,0.0,0.0
dcinfinityorg.site,Suspected,training_set,18.0,0.0,0.05555555555555555,0.0,0.0,0.0,0.0,0.0,0.0,18.0,0.0,1.0,0.0,0.5,0.0,0.0,0.0,0.0,4.0,3.5032583347756456,0.0,0.0,0.0,0.0,0.0,0.0,0.0,0.0,0.0,0.0,0.0,0.0,0.0
crsorg-dccertificate.sbs,Suspected,training_set,24.0,0.0,0.041666666666666664,1.0,0.041666666666666664,0.0,0.0,0.0,0.0,24.0,0.0,1.0,0.0,0.14285714285714285,0.0,0.0,0.0,0.0,3.0,3.605388542207534,0.0,0.0,0.0,0.0,0.0,0.0,0.0,0.0,0.0,0.0,0.0,0.0,0.0
crsorgi-gout.in,Suspected,training_set,15.0,0.0,0.06666666666666667,1.0,0.06666666666666667,0.0,0.0,0.0,1.0,15.0,0.0,0.0,0.4666666666666667,0.75,0.0,0.0,0.0,0.0,2.0,3.3735572622751855,0.0,0.0,0.0,0.0,0.0,0.0,0.0,0.0,0.0,0.0,0.0,0.0,0.0
dccrsorgionline.in,Suspected,training_set,18.0,0.0,0.05555555555555555,0.0,0.0,0.0,0.0,0.0,1.0,18.0,0.0,0.0,0.3888888888888889,99.0,0.0,0.0,0.0,0.0,2.0,3.3082708345352603,0.0,0.0,0.0,0.0,0.0,0.0,0.0,0.0,0.0,0.0,0.0,0.0,0.0
dccrsorgigovin.website,Suspected,training_set,22.0,0.0,0.045454545454545456,0.0,0.0,0.0,0.0,0.0,1.0,22.0,0.0,0.0,0.3181818181818182,99.0,0.0,0.0,0.0,0.0,7.0,3.6978458230844122,0.0,0.0,0.0,0.0,0.0,0.0,0.0,0.0,0.0,0.0,0.0,0.0,0.0
crsorgi-birh.in,Suspected,training_set,15.0,0.0,0.06666666666666667,1.0,0.06666666666666667,0.0,0.0,0.0,1.0,15.0,0.0,0.0,0.4666666666666667,1.0,0.0,0.0,0.0,0.0,2.0,3.272905595320056,0.0,0.0,0.0,0.0,0.0,0.0,0.0,0.0,0.0,0.0,0.0,0.0,0.0
dc-verifycertificate.org.in,Suspected,training_set,27.0,0.0,0.07407407407407407,1.0,0.037037037037037035,0.0,0.0,1.0,0.0,6.0,0.0,0.0,0.0,0.75,0.0,0.0,0.0,0.0,2.0,3.708048150071232,0.0,0.0,0.0,0.0,1.0,0.0,0.0,0.0,0.0,0.0,0.0,0.0,0.0
dc.crsorgi-gov.live,Suspected,training_set,19.0,0.0,0.10526315789473684,1.0,0.05263157894736842,0.0,0.0,1.0,1.0,16.0,0.0,1.0,0.4375,0.5,0.0,0.0,0.0,0.0,4.0,3.511085408180427,0.0,0.0,0.0,0.0,0.0,0.0,0.0,0.0,0.0,0.0,0.0,0.0,0.0
dc.crsorgi.gov.in.verifycertificate.fun,Suspected,training_set,39.0,0.0,0.1282051282051282,0.0,0.0,0.0,0.0,4.0,2.0,21.0,1.0,1.0,0.3333333333333333,0.5,0.0,0.0,0.0,0.0,3.0,3.779528989293003,0.0,0.0,0.0,0.0,1.0,0.0,0.0,0.0,0.0,0.0,0.0,0.0,0.0
dc.crsorgi.gov.in.crs.verifycertificate.org,Suspected,training_set,43.0,0.0,0.13953488372093023,0.0,0.0,0.0,0.0,5.0,2.0,21.0,1.0,0.0,0.3333333333333333,0.5,0.0,0.0,0.0,1.0,3.0,3.6471137439109835,0.0,0.0,0.0,0.0,1.0,0.0,0.0,0.0,0.0,0.0,0.0,0.0,0.0
dc.crsorgi.gov.in.techdc.shop,Suspected,training_set,29.0,0.0,0.1724137931034483,0.0,0.0,0.0,0.0,4.0,2.0,11.0,1.0,1.0,0.6363636363636364,0.5,0.0,0.0,0.0,0.0,4.0,3.6040317545551486,0.0,0.0,0.0,0.0,0.0,0.0,0.0,0.0,0.0,0.0,0.0,0.0,0.0
deluxonlineservice.shop,Suspected,training_set,23.0,0.0,0.043478260869565216,0.0,0.0,0.0,0.0,0.0,0.0,23.0,0.0,1.0,0.0,1.0,0.0,0.0,0.0,0.0,4.0,3.7409532604048397,0.0,0.0,0.0,0.0,0.0,0.0,0.0,0.0,0.0,0.0,0.0,0.0,0.0
crsorgi.gov.in.govi.ltd,Suspected,training_set,23.0,0.0,0.17391304347826086,0.0,0.0,0.0,0.0,3.0,2.0,8.0,1.0,0.0,0.875,0.3333333333333333,0.0,0.0,0.0,0.0,3.0,3.3816201079487347,0.0,0.0,0.0,0.0,0.0,0.0,0.0,0.0,0.0,0.0,0.0,0.0,0.0
dc.crsorgi.gov.in.pgoneindia.shop,Suspected,training_set,33.0,0.0,0.15151515151515152,0.0,0.0,0.0,0.0,4.0,2.0,15.0,1.0,1.0,0.4666666666666667,0.375,0.0,0.0,0.0,0.0,4.0,3.6165330442444006,0.0,0.0,0.0,0.0,0.0,0.0,0.0,0.0,0.0,0.0,0.0,0.0,0.0
dc.crsorgi.gov.in.web.lndax.xyz,Suspected,training_set,31.0,0.0,0.1935483870967742,0.0,0.0,0.0,0.0,5.0,2.0,9.0,1.0,1.0,0.7777777777777778,0.5,0.0,0.0,0.0,0.0,3.0,3.9377519554085865,0.0,0.0,0.0,0.0,0.0,0.0,0.0,0.0,0.0,0.0,0.0,0.0,0.0
dc.crsorgi.gov.in.web.php.lndax.xyz,Suspected,training_set,35.0,0.0,0.2,0.0,0.0,0.0,0.0,6.0,2.0,9.0,1.0,1.0,0.7777777777777778,0.5,0.0,0.0,0.0,0.0,3.0,4.05352631824773,0.0,0.0,0.0,0.0,0.0,0.0,0.0,0.0,0.0,0.0,0.0,0.0,0.0
dc.crsorgi.gov.in.web.phpii.site,Suspected,training_set,32.0,0.0,0.1875,0.0,0.0,0.0,0.0,5.0,2.0,10.0,1.0,1.0,0.7,0.5,0.0,0.0,0.0,0.0,4.0,3.7150182662886326,0.0,0.0,0.0,0.0,0.0,0.0,0.0,0.0,0.0,0.0,0.0,0.0,0.0
dcc.crsorgi.gov.in.viewall.in,Suspected,training_set,29.0,0.0,0.1724137931034483,0.0,0.0,0.0,0.0,4.0,2.0,10.0,1.0,0.0,0.7,0.5,0.0,0.0,0.0,0.0,2.0,3.604031754555149,0.0,0.0,0.0,0.0,0.0,0.0,0.0,0.0,0.0,0.0,0.0,0.0,0.0
www.dc.crsorgi.gov.in.crs.xpsdigi.solutions,Suspected,training_set,43.0,0.0,0.16279069767441862,0.0,0.0,0.0,0.0,6.0,2.0,17.0,1.0,0.0,0.4117647058823529,0.5,0.0,0.0,0.0,0.0,9.0,3.7078853265176623,0.0,0.0,0.0,0.0,0.0,0.0,0.0,0.0,0.0,0.0,0.0,0.0,0.0
www.dc.crsorgi.gov.in.indxn.xyz,Suspected,training_set,31.0,0.0,0.1935483870967742,0.0,0.0,0.0,0.0,5.0,2.0,9.0,1.0,1.0,0.7777777777777778,0.5,0.0,0.0,0.0,0.0,3.0,3.6066338100379283,0.0,0.0,0.0,0.0,0.0,0.0,0.0,0.0,0.0,0.0,0.0,0.0,0.0
crsorgi.net,Suspected,training_set,11.0,0.0,0.09090909090909091,0.0,0.0,0.0,0.0,0.0,1.0,11.0,0.0,0.0,0.6363636363636364,0.6666666666666666,0.0,0.0,0.0,1.0,3.0,3.2776134368191165,0.0,0.0,0.0,0.0,0.0,0.0,0.0,0.0,0.0,0.0,0.0,0.0,0.0
dccrsorgi-gov-in.shop,Phishing,training_set,21.0,0.0,0.047619047619047616,2.0,0.09523809523809523,0.0,0.0,0.0,1.0,21.0,0.0,1.0,0.3333333333333333,0.2857142857142857,0.0,0.0,0.0,0.0,4.0,3.5944656369614525,0.0,0.0,0.0,0.0,0.0,0.0,0.0,0.0,0.0,0.0,0.0,0.0,0.0
dccrsorgi-gov-in.today,Phishing,training_set,22.0,0.0,0.045454545454545456,2.0,0.09090909090909091,0.0,0.0,0.0,1.0,22.0,0.0,0.0,0.3181818181818182,0.2857142857142857,0.0,0.0,0.0,0.0,5.0,3.6978458230844127,0.0,0.0,0.0,0.0,0.0,0.0,0.0,0.0,0.0,0.0,0.0,0.0,0.0
dccrsorgi.in,Phishing,training_set,12.0,0.0,0.08333333333333333,0.0,0.0,0.0,0.0,0.0,1.0,12.0,0.0,0.0,0.5833333333333334,0.2857142857142857,0.0,0.0,0.0,0.0,2.0,3.084962500721156,0.0,0.0,0.0,0.0,0.0,0.0,0.0,0.0,0.0,0.0,0.0,0.0,0.0
dccrsorg.xyz,Phishing,training_set,12.0,0.0,0.08333333333333333,0.0,0.0,0.0,0.0,0.0,0.0,12.0,0.0,1.0,0.0,0.42857142857142855,0.0,0.0,0.0,0.0,3.0,3.2516291673878226,0.0,0.0,0.0,0.0,0.0,0.0,0.0,0.0,0.0,0.0,0.0,0.0,0.0
crsorgigovdc.shop,Phishing,training_set,17.0,0.0,0.058823529411764705,0.0,0.0,0.0,0.0,0.0,1.0,17.0,0.0,1.0,0.4117647058823529,1.0,0.0,0.0,0.0,0.0,4.0,3.337175341123077,0.0,0.0,0.0,0.0,0.0,0.0,0.0,0.0,0.0,0.0,0.0,0.0,0.0
crsorgin.fun,Phishing,training_set,12.0,0.0,0.08333333333333333,0.0,0.0,0.0,0.0,0.0,1.0,12.0,0.0,1.0,0.5833333333333334,0.14285714285714285,0.0,0.0,0.0,0.0,3.0,3.2516291673878226,0.0,0.0,0.0,0.0,0.0,0.0,0.0,0.0,0.0,0.0,0.0,0.0,0.0
crsorgigov.xyz,Phishing,training_set,14.0,0.0,0.07142857142857142,0.0,0.0,0.0,0.0,0.0,1.0,14.0,0.0,1.0,0.5,0.42857142857142855,0.0,0.0,0.0,0.0,3.0,3.378783493486176,0.0,0.0,0.0,0.0,0.0,0.0,0.0,0.0,0.0,0.0,0.0,0.0,0.0
crsorgi-gvo.tech,Phishing,training_set,16.0,0.0,0.0625,1.0,0.0625,0.0,0.0,0.0,1.0,16.0,0.0,0.0,0.4375,0.75,0.0,0.0,0.0,0.0,4.0,3.5,0.0,0.0,0.0,0.0,0.0,0.0,0.0,0.0,0.0,0.0,0.0,0.0,0.0
dc-crsorg.in,Phishing,training_set,12.0,0.0,0.08333333333333333,1.0,0.08333333333333333,0.0,0.0,0.0,0.0,12.0,0.0,0.0,0.0,0.14285714285714285,0.0,0.0,0.0,0.0,2.0,3.2516291673878226,0.0,0.0,0.0,0.0,0.0,0.0,0.0,0.0,0.0,0.0,0.0,0.0,0.0
crsorgibirth.shop,Phishing,training_set,17.0,0.0,0.058823529411764705,0.0,0.0,0.0,0.0,0.0,1.0,17.0,0.0,1.0,0.4117647058823529,1.0,0.0,0.0,0.0,0.0,4.0,3.337175341123077,0.0,0.0,0.0,0.0,0.0,0.0,0.0,0.0,0.0,0.0,0.0,0.0,0.0
crsapi.cloud,Suspected,training_set,12.0,0.0,0.08333333333333333,0.0,0.0,0.0,0.0,0.0,0.0,12.0,0.0,0.0,0.0,0.42857142857142855,0.0,0.0,0.0,0.0,5.0,3.418295834054489,0.0,0.0,0.0,0.0,0.0,0.0,0.0,0.0,0.0,0.0,0.0,0.0,0.0
crs-api.com,Suspected,training_set,11.0,0.0,0.09090909090909091,1.0,0.09090909090909091,0.0,0.0,0.0,0.0,11.0,0.0,0.0,0.0,0.6666666666666666,0.0,0.0,0.0,1.0,3.0,3.277613436819116,0.0,0.0,0.0,0.0,0.0,0.0,0.0,0.0,0.0,0.0,0.0,0.0,0.0
crsapi.vip,Suspected,training_set,10.0,0.0,0.1,0.0,0.0,0.0,0.0,0.0,0.0,10.0,0.0,0.0,0.0,0.42857142857142855,0.0,0.0,0.0,0.0,3.0,2.9219280948873623,0.0,0.0,0.0,0.0,0.0,0.0,0.0,0.0,0.0,0.0,0.0,0.0,0.0
crsapi.xyz,Suspected,training_set,10.0,0.0,0.1,0.0,0.0,0.0,0.0,0.0,0.0,10.0,0.0,1.0,0.0,0.42857142857142855,0.0,0.0,0.0,0.0,3.0,3.321928094887362,0.0,0.0,0.0,0.0,0.0,0.0,0.0,0.0,0.0,0.0,0.0,0.0,0.0
crsorggi.xyz,Suspected,training_set,12.0,0.0,0.08333333333333333,0.0,0.0,0.0,0.0,0.0,0.0,12.0,0.0,1.0,0.0,0.14285714285714285,0.0,0.0,0.0,0.0,3.0,3.2516291673878226,0.0,0.0,0.0,0.0,0.0,0.0,0.0,0.0,0.0,0.0,0.0,0.0,0.0
crsorgigov.cloud,Suspected,training_set,16.0,0.0,0.0625,0.0,0.0,0.0,0.0,0.0,1.0,16.0,0.0,0.0,0.4375,0.42857142857142855,0.0,0.0,0.0,0.0,5.0,3.327819531114783,0.0,0.0,0.0,0.0,0.0,0.0,0.0,0.0,0.0,0.0,0.0,0.0,0.0
crsorgigove.fun,Suspected,training_set,15.0,0.0,0.06666666666666667,0.0,0.0,0.0,0.0,0.0,1.0,15.0,0.0,1.0,0.4666666666666667,1.0,0.0,0.0,0.0,0.0,3.0,3.506890595608519,0.0,0.0,0.0,0.0,0.0,0.0,0.0,0.0,0.0,0.0,0.0,0.0,0.0
crsorgigove.shop,Suspected,training_set,16.0,0.0,0.0625,0.0,0.0,0.0,0.0,0.0,1.0,16.0,0.0,1.0,0.4375,1.0,0.0,0.0,0.0,0.0,4.0,3.327819531114783,0.0,0.0,0.0,0.0,0.0,0.0,0.0,0.0,0.0,0.0,0.0,0.0,0.0
crsorgi-goverment.online,Suspected,training_set,24.0,0.0,0.041666666666666664,1.0,0.041666666666666664,0.0,0.0,0.0,1.0,24.0,0.0,1.0,0.2916666666666667,0.3333333333333333,0.0,0.0,0.0,0.0,6.0,3.625814583693912,0.0,0.0,0.0,0.0,0.0,0.0,0.0,0.0,0.0,0.0,0.0,0.0,0.0
crsorgigovi.shop,Suspected,training_set,16.0,0.0,0.0625,0.0,0.0,0.0,0.0,0.0,1.0,16.0,0.0,1.0,0.4375,1.0,0.0,0.0,0.0,0.0,4.0,3.202819531114783,0.0,0.0,0.0,0.0,0.0,0.0,0.0,0.0,0.0,0.0,0.0,0.0,0.0
crsorgi-gov-in.digital,Suspected,training_set,22.0,0.0,0.045454545454545456,2.0,0.09090909090909091,0.0,0.0,0.0,1.0,22.0,0.0,0.0,0.3181818181818182,0.5,0.0,0.0,0.0,0.0,7.0,3.606936732175321,0.0,0.0,0.0,0.0,0.0,0.0,0.0,0.0,0.0,0.0,0.0,0.0,0.0
crs-orgi-govment.online,Suspected,training_set,23.0,0.0,0.043478260869565216,2.0,0.08695652173913043,0.0,0.0,0.0,0.0,23.0,0.0,1.0,0.0,0.3333333333333333,0.0,0.0,0.0,0.0,6.0,3.6753108689123644,0.0,0.0,0.0,0.0,0.0,0.0,0.0,0.0,0.0,0.0,0.0,0.0,0.0
crsorgi-in.org,Suspected,training_set,14.0,0.0,0.07142857142857142,1.0,0.07142857142857142,0.0,0.0,0.0,1.0,14.0,0.0,0.0,0.5,0.75,0.0,0.0,0.0,1.0,3.0,3.039148671903071,0.0,0.0,0.0,0.0,0.0,0.0,0.0,0.0,0.0,0.0,0.0,0.0,0.0
crsorgov.com,Suspected,training_set,12.0,0.0,0.08333333333333333,0.0,0.0,0.0,0.0,0.0,0.0,12.0,0.0,0.0,0.0,0.2857142857142857,0.0,0.0,0.0,1.0,3.0,2.8553885422075336,0.0,0.0,0.0,0.0,0.0,0.0,0.0,0.0,0.0,0.0,0.0,0.0,0.0
crsroigov.online,Suspected,training_set,16.0,0.0,0.0625,0.0,0.0,0.0,0.0,0.0,0.0,16.0,0.0,1.0,0.0,0.3333333333333333,0.0,0.0,0.0,0.0,6.0,3.327819531114783,0.0,0.0,0.0,0.0,0.0,0.0,0.0,0.0,0.0,0.0,0.0,0.0,0.0
crcorgi-gov.online,Suspected,training_set,18.0,0.0,0.05555555555555555,1.0,0.05555555555555555,0.0,0.0,0.0,0.0,18.0,0.0,1.0,0.0,0.14285714285714285,0.0,0.0,0.0,0.0,6.0,3.350209029099897,0.0,0.0,0.0,0.0,0.0,0.0,0.0,0.0,0.0,0.0,0.0,0.0,0.0
crseoigov.online,Suspected,training_set,16.0,0.0,0.0625,0.0,0.0,0.0,0.0,0.0,0.0,16.0,0.0,1.0,0.0,0.3333333333333333,0.0,0.0,0.0,0.0,6.0,3.327819531114783,0.0,0.0,0.0,0.0,0.0,0.0,0.0,0.0,0.0,0.0,0.0,0.0,0.0
crsergov.online,Suspected,training_set,15.0,0.0,0.06666666666666667,0.0,0.0,0.0,0.0,0.0,0.0,15.0,0.0,1.0,0.0,0.3333333333333333,0.0,0.0,0.0,0.0,6.0,3.3735572622751855,0.0,0.0,0.0,0.0,0.0,0.0,0.0,0.0,0.0,0.0,0.0,0.0,0.0
crsgovgov.online,Suspected,training_set,16.0,0.0,0.0625,0.0,0.0,0.0,0.0,0.0,0.0,16.0,0.0,1.0,0.0,0.3333333333333333,0.0,0.0,0.0,0.0,6.0,3.327819531114783,0.0,0.0,0.0,0.0,0.0,0.0,0.0,0.0,0.0,0.0,0.0,0.0,0.0
crsgovi.tech,Suspected,training_set,12.0,0.0,0.08333333333333333,0.0,0.0,0.0,0.0,0.0,0.0,12.0,0.0,0.0,0.0,0.42857142857142855,0.0,0.0,0.0,0.0,4.0,3.4182958340544896,0.0,0.0,0.0,0.0,0.0,0.0,0.0,0.0,0.0,0.0,0.0,0.0,0.0
crsgoviiorg.site,Suspected,training_set,16.0,0.0,0.0625,0.0,0.0,0.0,0.0,0.0,0.0,16.0,0.0,1.0,0.0,0.5,0.0,0.0,0.0,0.0,4.0,3.202819531114783,0.0,0.0,0.0,0.0,0.0,0.0,0.0,0.0,0.0,0.0,0.0,0.0,0.0
crsgovlive.xyz,Suspected,training_set,14.0,0.0,0.07142857142857142,0.0,0.0,0.0,0.0,0.0,0.0,14.0,0.0,1.0,0.0,1.0,0.0,0.0,0.0,0.0,3.0,3.6644977792004623,0.0,0.0,0.0,0.0,0.0,0.0,0.0,0.0,0.0,0.0,0.0,0.0,0.0
crsorg.space,Suspected,training_set,12.0,0.0,0.08333333333333333,0.0,0.0,0.0,0.0,0.0,0.0,12.0,0.0,0.0,0.0,0.14285714285714285,0.0,0.0,0.0,0.0,5.0,3.0849625007211556,0.0,0.0,0.0,0.0,0.0,0.0,0.0,0.0,0.0,0.0,0.0,0.0,0.0
crsorg-gov.life,Suspected,training_set,15.0,0.0,0.06666666666666667,1.0,0.06666666666666667,0.0,0.0,0.0,0.0,15.0,0.0,0.0,0.0,0.14285714285714285,0.0,0.0,0.0,0.0,4.0,3.506890595608519,0.0,0.0,0.0,0.0,0.0,0.0,0.0,0.0,0.0,0.0,0.0,0.0,0.0
crsorggov.tech,Suspected,training_set,14.0,0.0,0.07142857142857142,0.0,0.0,0.0,0.0,0.0,0.0,14.0,0.0,0.0,0.0,0.42857142857142855,0.0,0.0,0.0,0.0,4.0,3.2359263506290326,0.0,0.0,0.0,0.0,0.0,0.0,0.0,0.0,0.0,0.0,0.0,0.0,0.0
crsorgib-gov.xyz,Suspected,training_set,16.0,0.0,0.0625,1.0,0.0625,0.0,0.0,0.0,1.0,16.0,0.0,1.0,0.4375,0.14285714285714285,0.0,0.0,0.0,0.0,3.0,3.625,0.0,0.0,0.0,0.0,0.0,0.0,0.0,0.0,0.0,0.0,0.0,0.0,0.0
crsorgiclick.cloud,Suspected,training_set,18.0,0.0,0.05555555555555555,0.0,0.0,0.0,0.0,0.0,1.0,18.0,0.0,0.0,0.3888888888888889,99.0,0.0,0.0,0.0,0.0,5.0,3.281036112553423,0.0,0.0,0.0,0.0,0.0,0.0,0.0,0.0,0.0,0.0,0.0,0.0,0.0
crsorgiegov.com,Suspected,training_set,15.0,0.0,0.06666666666666667,0.0,0.0,0.0,0.0,0.0,1.0,15.0,0.0,0.0,0.4666666666666667,0.6666666666666666,0.0,0.0,0.0,1.0,3.0,3.1898980954642875,0.0,0.0,0.0,0.0,0.0,0.0,0.0,0.0,0.0,0.0,0.0,0.0,0.0
crsorgi--gov.live,Suspected,training_set,17.0,0.0,0.058823529411764705,2.0,0.11764705882352941,0.0,0.0,0.0,1.0,17.0,0.0,1.0,0.4117647058823529,0.5,0.0,0.0,0.0,0.0,4.0,3.381580488309164,0.0,0.0,0.0,0.0,0.0,0.0,0.0,0.0,0.0,0.0,0.0,0.0,0.0
crsorgigov.org,Suspected,training_set,14.0,0.0,0.07142857142857142,0.0,0.0,0.0,0.0,0.0,1.0,14.0,0.0,0.0,0.5,0.42857142857142855,0.0,0.0,0.0,1.0,3.0,2.788450457308289,0.0,0.0,0.0,0.0,0.0,0.0,0.0,0.0,0.0,0.0,0.0,0.0,0.0
crsorgigovein.website,Suspected,training_set,21.0,0.0,0.047619047619047616,0.0,0.0,0.0,0.0,0.0,1.0,21.0,0.0,0.0,0.3333333333333333,99.0,0.0,0.0,0.0,0.0,7.0,3.558518613048906,0.0,0.0,0.0,0.0,0.0,0.0,0.0,0.0,0.0,0.0,0.0,0.0,0.0
crsorgigovi.store,Suspected,training_set,17.0,0.0,0.058823529411764705,0.0,0.0,0.0,0.0,0.0,1.0,17.0,0.0,0.0,0.4117647058823529,99.0,0.0,0.0,0.0,0.0,5.0,3.175123135113461,0.0,0.0,0.0,0.0,0.0,0.0,0.0,0.0,0.0,0.0,0.0,0.0,0.0
crsorgigovin.online,Suspected,training_set,19.0,0.0,0.05263157894736842,0.0,0.0,0.0,0.0,0.0,1.0,19.0,0.0,1.0,0.3684210526315789,0.3333333333333333,0.0,0.0,0.0,0.0,6.0,3.2866294867861954,0.0,0.0,0.0,0.0,0.0,0.0,0.0,0.0,0.0,0.0,0.0,0.0,0.0
crsorgii.online,Suspected,training_set,15.0,0.0,0.06666666666666667,0.0,0.0,0.0,0.0,0.0,1.0,15.0,0.0,1.0,0.4666666666666667,0.14285714285714285,0.0,0.0,0.0,0.0,6.0,3.189898095464287,0.0,0.0,0.0,0.0,0.0,0.0,0.0,0.0,0.0,0.0,0.0,0.0,0.0
crsorginet.site,Suspected,training_set,15.0,0.0,0.06666666666666667,0.0,0.0,0.0,0.0,0.0,1.0,15.0,0.0,1.0,0.4666666666666667,0.42857142857142855,0.0,0.0,0.0,0.0,4.0,3.2402239289418517,0.0,0.0,0.0,0.0,0.0,0.0,0.0,0.0,0.0,0.0,0.0,0.0,0.0
crsorgovin.org,Suspected,training_set,14.0,0.0,0.07142857142857142,0.0,0.0,0.0,0.0,0.0,0.0,14.0,0.0,0.0,0.0,0.42857142857142855,0.0,0.0,0.0,1.0,3.0,2.9852281360342516,0.0,0.0,0.0,0.0,0.0,0.0,0.0,0.0,0.0,0.0,0.0,0.0,0.0
dc-crsorgi-gov-in.info,Suspected,training_set,22.0,0.0,0.045454545454545456,3.0,0.13636363636363635,0.0,0.0,0.0,1.0,22.0,0.0,1.0,0.3181818181818182,0.5,0.0,0.0,0.0,0.0,4.0,3.4474015047059154,0.0,0.0,0.0,0.0,0.0,0.0,0.0,0.0,0.0,0.0,0.0,0.0,0.0
dc-crsorgi.online,Suspected,training_set,17.0,0.0,0.058823529411764705,1.0,0.058823529411764705,0.0,0.0,0.0,1.0,17.0,0.0,1.0,0.4117647058823529,0.3333333333333333,0.0,0.0,0.0,0.0,6.0,3.4992275471326932,0.0,0.0,0.0,0.0,0.0,0.0,0.0,0.0,0.0,0.0,0.0,0.0,0.0
dccrsorggov.xyz,Suspected,training_set,15.0,0.0,0.06666666666666667,0.0,0.0,0.0,0.0,0.0,0.0,15.0,0.0,1.0,0.0,1.0,0.0,0.0,0.0,0.0,3.0,3.373557262275186,0.0,0.0,0.0,0.0,0.0,0.0,0.0,0.0,0.0,0.0,0.0,0.0,0.0
dccrsorggovin.xyz,Suspected,training_set,17.0,0.0,0.058823529411764705,0.0,0.0,0.0,0.0,0.0,0.0,17.0,0.0,1.0,0.0,1.0,0.0,0.0,0.0,0.0,3.0,3.6168746059562227,0.0,0.0,0.0,0.0,0.0,0.0,0.0,0.0,0.0,0.0,0.0,0.0,0.0
dccrsorgi-gov-in.live,Suspected,training_set,21.0,0.0,0.047619047619047616,2.0,0.09523809523809523,0.0,0.0,0.0,1.0,21.0,0.0,1.0,0.3333333333333333,0.2857142857142857,0.0,0.0,0.0,0.0,4.0,3.594465636961452,0.0,0.0,0.0,0.0,0.0,0.0,0.0,0.0,0.0,0.0,0.0,0.0,0.0
crsorgi.info,Suspected,training_set,12.0,0.0,0.08333333333333333,0.0,0.0,0.0,0.0,0.0,1.0,12.0,0.0,1.0,0.5833333333333334,0.75,0.0,0.0,0.0,0.0,4.0,3.084962500721156,0.0,0.0,0.0,0.0,0.0,0.0,0.0,0.0,0.0,0.0,0.0,0.0,0.0
crsorgi.org.in,Suspected,training_set,14.0,0.0,0.14285714285714285,0.0,0.0,0.0,0.0,1.0,2.0,6.0,1.0,0.0,1.1666666666666667,0.75,0.0,0.0,0.0,0.0,2.0,2.8962915290459277,0.0,0.0,0.0,0.0,0.0,0.0,0.0,0.0,0.0,0.0,0.0,0.0,0.0
crsorgi-gov1.in,Suspected,training_set,15.0,0.06666666666666667,0.06666666666666667,1.0,0.06666666666666667,0.0,0.0,0.0,1.0,15.0,0.0,0.0,0.4666666666666667,0.5,0.0,0.0,0.0,0.0,2.0,3.3735572622751855,0.0,0.0,0.0,0.0,0.0,0.0,0.0,0.0,0.0,0.0,0.0,0.0,0.0
crsorgii.in,Suspected,training_set,11.0,0.0,0.09090909090909091,0.0,0.0,0.0,0.0,0.0,1.0,11.0,0.0,0.0,0.6363636363636364,0.14285714285714285,0.0,0.0,0.0,0.0,2.0,2.845350936622437,0.0,0.0,0.0,0.0,0.0,0.0,0.0,0.0,0.0,0.0,0.0,0.0,0.0
crsorgiisite.co.in,Suspected,training_set,18.0,0.0,0.1111111111111111,0.0,0.0,0.0,0.0,1.0,2.0,5.0,1.0,0.0,1.4,99.0,0.0,0.0,0.0,0.0,2.0,3.169925001442312,0.0,0.0,0.0,0.0,0.0,0.0,0.0,0.0,0.0,0.0,0.0,0.0,0.0
crsorgs.in,Suspected,training_set,10.0,0.0,0.1,0.0,0.0,0.0,0.0,0.0,0.0,10.0,0.0,0.0,0.0,0.14285714285714285,0.0,0.0,0.0,0.0,2.0,2.9219280948873623,0.0,0.0,0.0,0.0,0.0,0.0,0.0,0.0,0.0,0.0,0.0,0.0,0.0
csrogir-gov.online,Suspected,training_set,18.0,0.0,0.05555555555555555,1.0,0.05555555555555555,0.0,0.0,0.0,0.0,18.0,0.0,1.0,0.0,0.3333333333333333,0.0,0.0,0.0,0.0,6.0,3.4613201402110083,0.0,0.0,0.0,0.0,0.0,0.0,0.0,0.0,0.0,0.0,0.0,0.0,0.0
dc-crsorg.co.in,Suspected,training_set,15.0,0.0,0.13333333333333333,1.0,0.06666666666666667,0.0,0.0,1.0,0.0,5.0,0.0,0.0,0.0,0.14285714285714285,0.0,0.0,0.0,0.0,2.0,3.189898095464287,0.0,0.0,0.0,0.0,0.0,0.0,0.0,0.0,0.0,0.0,0.0,0.0,0.0
dccrsorgg.in,Suspected,training_set,12.0,0.0,0.08333333333333333,0.0,0.0,0.0,0.0,0.0,0.0,12.0,0.0,0.0,0.0,0.42857142857142855,0.0,0.0,0.0,0.0,2.0,3.084962500721156,0.0,0.0,0.0,0.0,0.0,0.0,0.0,0.0,0.0,0.0,0.0,0.0,0.0
crsorgigoovi.live,Suspected,training_set,17.0,0.0,0.058823529411764705,0.0,0.0,0.0,0.0,0.0,1.0,17.0,0.0,1.0,0.4117647058823529,1.0,0.0,0.0,0.0,0.0,4.0,3.175123135113461,0.0,0.0,0.0,0.0,0.0,0.0,0.0,0.0,0.0,0.0,0.0,0.0,0.0
crsorgi-gov-in.buzz,Suspected,training_set,19.0,0.0,0.05263157894736842,2.0,0.10526315789473684,0.0,0.0,0.0,1.0,19.0,0.0,1.0,0.3684210526315789,0.5,0.0,0.0,0.0,0.0,4.0,3.6163485660751644,0.0,0.0,0.0,0.0,0.0,0.0,0.0,0.0,0.0,0.0,0.0,0.0,0.0
crsorgi-gov-in-web.online,Suspected,training_set,25.0,0.0,0.04,3.0,0.12,0.0,0.0,0.0,1.0,25.0,0.0,1.0,0.28,0.3333333333333333,0.0,0.0,0.0,0.0,6.0,3.643074189428569,0.0,0.0,0.0,0.0,0.0,0.0,0.0,0.0,0.0,0.0,0.0,0.0,0.0
crsorgigovt.xyz,Suspected,training_set,15.0,0.0,0.06666666666666667,0.0,0.0,0.0,0.0,0.0,1.0,15.0,0.0,1.0,0.4666666666666667,1.0,0.0,0.0,0.0,0.0,3.0,3.506890595608519,0.0,0.0,0.0,0.0,0.0,0.0,0.0,0.0,0.0,0.0,0.0,0.0,0.0
crsorgio.online,Suspected,training_set,15.0,0.0,0.06666666666666667,0.0,0.0,0.0,0.0,0.0,1.0,15.0,0.0,1.0,0.4666666666666667,0.14285714285714285,0.0,0.0,0.0,0.0,6.0,3.189898095464287,0.0,0.0,0.0,0.0,0.0,0.0,0.0,0.0,0.0,0.0,0.0,0.0,0.0
dccrsorgi.live,Suspected,training_set,14.0,0.0,0.07142857142857142,0.0,0.0,0.0,0.0,0.0,1.0,14.0,0.0,1.0,0.5,0.2857142857142857,0.0,0.0,0.0,0.0,4.0,3.3787834934861767,0.0,0.0,0.0,0.0,0.0,0.0,0.0,0.0,0.0,0.0,0.0,0.0,0.0
rgdccrsorgi.xyz,Suspected,training_set,15.0,0.0,0.06666666666666667,0.0,0.0,0.0,0.0,0.0,1.0,15.0,0.0,1.0,0.4666666666666667,1.0,0.0,0.0,0.0,0.0,3.0,3.323231428797621,0.0,0.0,0.0,0.0,0.0,0.0,0.0,0.0,0.0,0.0,0.0,0.0,0.0
crsgov-in.shop,Suspected,training_set,14.0,0.0,0.07142857142857142,1.0,0.07142857142857142,0.0,0.0,0.0,0.0,14.0,0.0,1.0,0.0,1.0,0.0,0.0,0.0,0.0,4.0,3.521640636343319,0.0,0.0,0.0,0.0,0.0,0.0,0.0,0.0,0.0,0.0,0.0,0.0,0.0
crsorgigoov.info,Suspected,training_set,16.0,0.0,0.0625,0.0,0.0,0.0,0.0,0.0,1.0,16.0,0.0,1.0,0.4375,0.75,0.0,0.0,0.0,0.0,4.0,3.125,0.0,0.0,0.0,0.0,0.0,0.0,0.0,0.0,0.0,0.0,0.0,0.0,0.0
crsorgi-gov-in-index-web.shop,Suspected,training_set,29.0,0.0,0.034482758620689655,4.0,0.13793103448275862,0.0,0.0,0.0,1.0,29.0,0.0,1.0,0.2413793103448276,0.5,0.0,0.0,0.0,0.0,4.0,3.909368063943885,0.0,0.0,0.0,0.0,0.0,0.0,0.0,0.0,0.0,0.0,0.0,0.0,0.0
crsorgi-gov-in-viawcert.site,Suspected,training_set,28.0,0.0,0.03571428571428571,3.0,0.10714285714285714,0.0,0.0,0.0,1.0,28.0,0.0,1.0,0.25,0.5,0.0,0.0,0.0,0.0,4.0,3.682005814760214,0.0,0.0,0.0,0.0,0.0,0.0,0.0,0.0,0.0,0.0,0.0,0.0,0.0
acscrsorgi.in,Suspected,training_set,13.0,0.0,0.07692307692307693,0.0,0.0,0.0,0.0,0.0,1.0,13.0,0.0,0.0,0.5384615384615384,0.42857142857142855,0.0,0.0,0.0,0.0,2.0,3.0850551027564768,0.0,0.0,0.0,0.0,0.0,0.0,0.0,0.0,0.0,0.0,0.0,0.0,0.0
crsgov-co.in,Suspected,training_set,12.0,0.0,0.08333333333333333,1.0,0.08333333333333333,0.0,0.0,0.0,0.0,12.0,0.0,0.0,0.0,99.0,0.0,0.0,0.0,0.0,2.0,3.251629167387823,0.0,0.0,0.0,0.0,0.0,0.0,0.0,0.0,0.0,0.0,0.0,0.0,0.0
crsorgigovs.co.in,Suspected,training_set,17.0,0.0,0.11764705882352941,0.0,0.0,0.0,0.0,1.0,2.0,5.0,1.0,0.0,1.4,99.0,0.0,0.0,0.0,0.0,2.0,3.1018812234760182,0.0,0.0,0.0,0.0,0.0,0.0,0.0,0.0,0.0,0.0,0.0,0.0,0.0
crsorgovs.in,Suspected,training_set,12.0,0.0,0.08333333333333333,0.0,0.0,0.0,0.0,0.0,0.0,12.0,0.0,0.0,0.0,0.42857142857142855,0.0,0.0,0.0,0.0,2.0,3.084962500721156,0.0,0.0,0.0,0.0,0.0,0.0,0.0,0.0,0.0,0.0,0.0,0.0,0.0
dccrsorgi.co.in,Suspected,training_set,15.0,0.0,0.13333333333333333,0.0,0.0,0.0,0.0,1.0,2.0,5.0,1.0,0.0,1.4,0.2857142857142857,0.0,0.0,0.0,0.0,2.0,3.0565647621309537,0.0,0.0,0.0,0.0,0.0,0.0,0.0,0.0,0.0,0.0,0.0,0.0,0.0
crsorggi.co.in,Suspected,training_set,14.0,0.0,0.14285714285714285,0.0,0.0,0.0,0.0,1.0,0.0,5.0,0.0,0.0,0.0,0.14285714285714285,0.0,0.0,0.0,0.0,2.0,2.950212064914747,0.0,0.0,0.0,0.0,0.0,0.0,0.0,0.0,0.0,0.0,0.0,0.0,0.0
crsorgi-gov-in-index.online,Suspected,training_set,27.0,0.0,0.037037037037037035,3.0,0.1111111111111111,0.0,0.0,0.0,1.0,27.0,0.0,1.0,0.25925925925925924,0.3333333333333333,0.0,0.0,0.0,0.0,6.0,3.587858798299508,0.0,0.0,0.0,0.0,0.0,0.0,0.0,0.0,0.0,0.0,0.0,0.0,0.0
crsgovorg.in,Suspected,training_set,12.0,0.0,0.08333333333333333,0.0,0.0,0.0,0.0,0.0,0.0,12.0,0.0,0.0,0.0,99.0,0.0,0.0,0.0,0.0,2.0,3.084962500721156,0.0,0.0,0.0,0.0,0.0,0.0,0.0,0.0,0.0,0.0,0.0,0.0,0.0
auths.info,Suspected,training_set,10.0,0.0,0.1,0.0,0.0,0.0,0.0,0.0,0.0,10.0,0.0,1.0,0.0,0.75,0.0,0.0,0.0,0.0,4.0,3.321928094887362,0.0,0.0,0.0,0.0,0.0,0.0,0.0,0.0,0.0,1.0,0.0,0.0,0.0
dcindex.xyz,Suspected,training_set,11.0,0.0,0.09090909090909091,0.0,0.0,0.0,0.0,0.0,0.0,11.0,0.0,1.0,0.0,1.0,0.0,0.0,0.0,0.0,3.0,3.095795255000934,0.0,0.0,0.0,0.0,0.0,0.0,0.0,0.0,0.0,0.0,0.0,0.0,0.0
inbex.info,Suspected,training_set,10.0,0.0,0.1,0.0,0.0,0.0,0.0,0.0,0.0,10.0,0.0,1.0,0.0,0.75,0.0,0.0,0.0,0.0,4.0,2.9219280948873623,0.0,0.0,0.0,0.0,0.0,0.0,0.0,0.0,0.0,0.0,0.0,0.0,0.0
workfast.in,Suspected,training_set,11.0,0.0,0.09090909090909091,0.0,0.0,0.0,0.0,0.0,0.0,11.0,0.0,0.0,0.0,99.0,0.0,0.0,0.0,0.0,2.0,3.459431618637298,0.0,0.0,0.0,0.0,0.0,0.0,0.0,0.0,0.0,0.0,0.0,0.0,0.0
verifycertificatecrs.live,Suspected,training_set,25.0,0.0,0.04,0.0,0.0,0.0,0.0,0.0,0.0,25.0,0.0,1.0,0.0,1.0,0.0,0.0,0.0,0.0,4.0,3.3834651896016465,0.0,0.0,0.0,0.0,1.0,0.0,0.0,0.0,0.0,0.0,0.0,0.0,0.0
crsorgi-gov-in.live,Suspected,training_set,19.0,0.0,0.05263157894736842,2.0,0.10526315789473684,0.0,0.0,0.0,1.0,19.0,0.0,1.0,0.3684210526315789,0.5,0.0,0.0,0.0,0.0,4.0,3.471354487013929,0.0,0.0,0.0,0.0,0.0,0.0,0.0,0.0,0.0,0.0,0.0,0.0,0.0
crsorgigov-in.online,Suspected,training_set,20.0,0.0,0.05,1.0,0.05,0.0,0.0,0.0,1.0,20.0,0.0,1.0,0.35,0.3333333333333333,0.0,0.0,0.0,0.0,6.0,3.408694969562842,0.0,0.0,0.0,0.0,0.0,0.0,0.0,0.0,0.0,0.0,0.0,0.0,0.0
dc-crsorgii-gov.online,Suspected,training_set,22.0,0.0,0.045454545454545456,2.0,0.09090909090909091,0.0,0.0,0.0,1.0,22.0,0.0,1.0,0.3181818181818182,0.14285714285714285,0.0,0.0,0.0,0.0,6.0,3.572623663895164,0.0,0.0,0.0,0.0,0.0,0.0,0.0,0.0,0.0,0.0,0.0,0.0,0.0
dc-crsorgii-goiv.in,Suspected,training_set,19.0,0.0,0.05263157894736842,2.0,0.10526315789473684,0.0,0.0,0.0,1.0,19.0,0.0,0.0,0.3684210526315789,0.14285714285714285,0.0,0.0,0.0,0.0,2.0,3.300559092390954,0.0,0.0,0.0,0.0,0.0,0.0,0.0,0.0,0.0,0.0,0.0,0.0,0.0
dccrsorgigoov.in,Suspected,training_set,16.0,0.0,0.0625,0.0,0.0,0.0,0.0,0.0,1.0,16.0,0.0,0.0,0.4375,99.0,0.0,0.0,0.0,0.0,2.0,3.202819531114783,0.0,0.0,0.0,0.0,0.0,0.0,0.0,0.0,0.0,0.0,0.0,0.0,0.0
crsorgi-gov-in-index.site,Suspected,training_set,25.0,0.0,0.04,3.0,0.12,0.0,0.0,0.0,1.0,25.0,0.0,1.0,0.28,0.5,0.0,0.0,0.0,0.0,4.0,3.6536606896881856,0.0,0.0,0.0,0.0,0.0,0.0,0.0,0.0,0.0,0.0,0.0,0.0,0.0
crsorg.fun,Suspected,training_set,10.0,0.0,0.1,0.0,0.0,0.0,0.0,0.0,0.0,10.0,0.0,1.0,0.0,0.14285714285714285,0.0,0.0,0.0,0.0,3.0,3.121928094887362,0.0,0.0,0.0,0.0,0.0,0.0,0.0,0.0,0.0,0.0,0.0,0.0,0.0
crsorgigo.site,Suspected,training_set,14.0,0.0,0.07142857142857142,0.0,0.0,0.0,0.0,0.0,1.0,14.0,0.0,1.0,0.5,0.2857142857142857,0.0,0.0,0.0,0.0,4.0,3.09306920777189,0.0,0.0,0.0,0.0,0.0,0.0,0.0,0.0,0.0,0.0,0.0,0.0,0.0
csrorgi.info,Suspected,training_set,12.0,0.0,0.08333333333333333,0.0,0.0,0.0,0.0,0.0,0.0,12.0,0.0,1.0,0.0,0.2857142857142857,0.0,0.0,0.0,0.0,4.0,3.084962500721156,0.0,0.0,0.0,0.0,0.0,0.0,0.0,0.0,0.0,0.0,0.0,0.0,0.0
crsorgiio.store,Suspected,training_set,15.0,0.0,0.06666666666666667,0.0,0.0,0.0,0.0,0.0,1.0,15.0,0.0,0.0,0.4666666666666667,0.2857142857142857,0.0,0.0,0.0,0.0,5.0,3.006238928653389,0.0,0.0,0.0,0.0,0.0,0.0,0.0,0.0,0.0,0.0,0.0,0.0,0.0
crsorgonlinebirthdeth.in,Suspected,training_set,24.0,0.0,0.041666666666666664,0.0,0.0,0.0,0.0,0.0,0.0,24.0,0.0,0.0,0.0,99.0,0.0,0.0,0.0,0.0,2.0,3.6572682296173893,0.0,0.0,0.0,0.0,0.0,0.0,0.0,0.0,0.0,0.0,0.0,0.0,0.0
crsorgi-gove.shop,Suspected,training_set,17.0,0.0,0.058823529411764705,1.0,0.058823529411764705,0.0,0.0,0.0,1.0,17.0,0.0,1.0,0.4117647058823529,0.5,0.0,0.0,0.0,0.0,4.0,3.4548223999466066,0.0,0.0,0.0,0.0,0.0,0.0,0.0,0.0,0.0,0.0,0.0,0.0,0.0
dccrsorggovrk.xyz,Suspected,training_set,17.0,0.0,0.058823529411764705,0.0,0.0,0.0,0.0,0.0,0.0,17.0,0.0,1.0,0.0,1.0,0.0,0.0,0.0,0.0,3.0,3.4548223999466066,0.0,0.0,0.0,0.0,0.0,0.0,0.0,0.0,0.0,0.0,0.0,0.0,0.0
dccrsorgigov.shop,Suspected,training_set,17.0,0.0,0.058823529411764705,0.0,0.0,0.0,0.0,0.0,1.0,17.0,0.0,1.0,0.4117647058823529,1.0,0.0,0.0,0.0,0.0,4.0,3.337175341123077,0.0,0.0,0.0,0.0,0.0,0.0,0.0,0.0,0.0,0.0,0.0,0.0,0.0
crsorgigovv.xyz,Suspected,training_set,15.0,0.0,0.06666666666666667,0.0,0.0,0.0,0.0,0.0,1.0,15.0,0.0,1.0,0.4666666666666667,1.0,0.0,0.0,0.0,0.0,3.0,3.3735572622751855,0.0,0.0,0.0,0.0,0.0,0.0,0.0,0.0,0.0,0.0,0.0,0.0,0.0
crsorg.buzz,Suspected,training_set,11.0,0.0,0.09090909090909091,0.0,0.0,0.0,0.0,0.0,0.0,11.0,0.0,1.0,0.0,0.14285714285714285,0.0,0.0,0.0,0.0,4.0,3.0957952550009344,0.0,0.0,0.0,0.0,0.0,0.0,0.0,0.0,0.0,0.0,0.0,0.0,0.0
crsorgigov-certificate.xyz,Suspected,training_set,26.0,0.0,0.038461538461538464,1.0,0.038461538461538464,0.0,0.0,0.0,1.0,26.0,0.0,1.0,0.2692307692307692,0.42857142857142855,0.0,0.0,0.0,0.0,3.0,3.8441065448145375,0.0,0.0,0.0,0.0,0.0,0.0,0.0,0.0,0.0,0.0,0.0,0.0,0.0
crsorgonline.xyz,Suspected,training_set,16.0,0.0,0.0625,0.0,0.0,0.0,0.0,0.0,0.0,16.0,0.0,1.0,0.0,1.0,0.0,0.0,0.0,0.0,3.0,3.625,0.0,0.0,0.0,0.0,0.0,0.0,0.0,0.0,0.0,0.0,0.0,0.0,0.0
dc-crsorgi-gov.online,Suspected,training_set,21.0,0.0,0.047619047619047616,2.0,0.09523809523809523,0.0,0.0,0.0,1.0,21.0,0.0,1.0,0.3333333333333333,0.3333333333333333,0.0,0.0,0.0,0.0,6.0,3.594465636961452,0.0,0.0,0.0,0.0,0.0,0.0,0.0,0.0,0.0,0.0,0.0,0.0,0.0
crsorgi-gov-xyz.in,Suspected,training_set,18.0,0.0,0.05555555555555555,2.0,0.1111111111111111,0.0,0.0,0.0,1.0,18.0,0.0,0.0,0.3888888888888889,0.5,0.0,0.0,0.0,0.0,2.0,3.6143694458867563,0.0,0.0,0.0,0.0,0.0,0.0,0.0,0.0,0.0,0.0,0.0,0.0,0.0
crsorgie.org.in,Suspected,training_set,15.0,0.0,0.13333333333333333,0.0,0.0,0.0,0.0,1.0,2.0,6.0,1.0,0.0,1.1666666666666667,0.14285714285714285,0.0,0.0,0.0,0.0,2.0,3.056564762130954,0.0,0.0,0.0,0.0,0.0,0.0,0.0,0.0,0.0,0.0,0.0,0.0,0.0
crsorgi-gov.online,Suspected,training_set,18.0,0.0,0.05555555555555555,1.0,0.05555555555555555,0.0,0.0,0.0,1.0,18.0,0.0,1.0,0.3888888888888889,0.3333333333333333,0.0,0.0,0.0,0.0,6.0,3.4613201402110083,0.0,0.0,0.0,0.0,0.0,0.0,0.0,0.0,0.0,0.0,0.0,0.0,0.0
crsorgig.org.in,Suspected,training_set,15.0,0.0,0.13333333333333333,0.0,0.0,0.0,0.0,1.0,2.0,6.0,1.0,0.0,1.1666666666666667,0.14285714285714285,0.0,0.0,0.0,0.0,2.0,2.872905595320056,0.0,0.0,0.0,0.0,0.0,0.0,0.0,0.0,0.0,0.0,0.0,0.0,0.0
dc-crsorgi-in.site,Suspected,training_set,18.0,0.0,0.05555555555555555,2.0,0.1111111111111111,0.0,0.0,0.0,1.0,18.0,0.0,1.0,0.3888888888888889,0.5,0.0,0.0,0.0,0.0,4.0,3.4613201402110083,0.0,0.0,0.0,0.0,0.0,0.0,0.0,0.0,0.0,0.0,0.0,0.0,0.0
crsgovernment.tech,Suspected,training_set,18.0,0.0,0.05555555555555555,0.0,0.0,0.0,0.0,0.0,0.0,18.0,0.0,0.0,0.0,0.75,0.0,0.0,0.0,0.0,4.0,3.4613201402110083,0.0,0.0,0.0,0.0,0.0,0.0,0.0,0.0,0.0,0.0,0.0,0.0,0.0
crsorgii.store,Suspected,training_set,14.0,0.0,0.07142857142857142,0.0,0.0,0.0,0.0,0.0,1.0,14.0,0.0,0.0,0.5,0.14285714285714285,0.0,0.0,0.0,0.0,5.0,3.039148671903071,0.0,0.0,0.0,0.0,0.0,0.0,0.0,0.0,0.0,0.0,0.0,0.0,0.0
dc-crsorgie-gov.xyz,Suspected,training_set,19.0,0.0,0.05263157894736842,2.0,0.10526315789473684,0.0,0.0,0.0,1.0,19.0,0.0,1.0,0.3684210526315789,0.14285714285714285,0.0,0.0,0.0,0.0,3.0,3.7216117239699007,0.0,0.0,0.0,0.0,0.0,0.0,0.0,0.0,0.0,0.0,0.0,0.0,0.0
dc-crsorgii-gov.xyz,Suspected,training_set,19.0,0.0,0.05263157894736842,2.0,0.10526315789473684,0.0,0.0,0.0,1.0,19.0,0.0,1.0,0.3684210526315789,0.14285714285714285,0.0,0.0,0.0,0.0,3.0,3.6163485660751644,0.0,0.0,0.0,0.0,0.0,0.0,0.0,0.0,0.0,0.0,0.0,0.0,0.0
crsogi-gov-in.website,Suspected,training_set,21.0,0.0,0.047619047619047616,2.0,0.09523809523809523,0.0,0.0,0.0,0.0,21.0,0.0,0.0,0.0,0.14285714285714285,0.0,0.0,0.0,0.0,7.0,3.6897037321995474,0.0,0.0,0.0,0.0,0.0,0.0,0.0,0.0,0.0,0.0,0.0,0.0,0.0
acadmey.mange.project.indaxs.in,Suspected,training_set,31.0,0.0,0.12903225806451613,0.0,0.0,0.0,0.0,3.0,0.0,9.0,0.0,0.0,0.0,99.0,0.0,0.0,0.0,0.0,2.0,3.8732358263763285,0.0,0.0,0.0,0.0,0.0,0.0,0.0,0.0,0.0,0.0,0.0,0.0,0.0
dc-crsorgi-gov-in.ja-ai.shop,Suspected,training_set,28.0,0.0,0.07142857142857142,4.0,0.14285714285714285,0.0,0.0,1.0,2.0,10.0,1.0,1.0,0.7,0.5,0.0,0.0,0.0,0.0,4.0,3.7534343861887853,0.0,0.0,0.0,0.0,0.0,0.0,0.0,0.0,0.0,0.0,0.0,0.0,0.0
dc.crsorgi.gov-in.live,Suspected,training_set,22.0,0.0,0.13636363636363635,1.0,0.045454545454545456,0.0,0.0,2.0,2.0,11.0,1.0,1.0,0.6363636363636364,0.5,0.0,0.0,0.0,0.0,4.0,3.5726236638951634,0.0,0.0,0.0,0.0,0.0,0.0,0.0,0.0,0.0,0.0,0.0,0.0,0.0
dc.crsorgi.gov.in.lndex.pl,Suspected,training_set,26.0,0.0,0.19230769230769232,0.0,0.0,0.0,0.0,4.0,2.0,8.0,1.0,0.0,0.875,0.5,0.0,0.0,0.0,0.0,2.0,3.6385304691242917,0.0,0.0,0.0,0.0,0.0,0.0,0.0,0.0,0.0,0.0,0.0,0.0,0.0
mail.dc.crsorgi.gov.in.web.phpii.site,Suspected,training_set,37.0,0.0,0.1891891891891892,0.0,0.0,0.0,0.0,6.0,2.0,10.0,1.0,1.0,0.7,0.25,0.0,0.0,0.0,0.0,4.0,3.8807706775551623,0.0,0.0,0.0,0.0,0.0,0.0,0.0,0.0,0.0,0.0,0.0,0.0,0.0
ww25.cpanel.crsorgi.gov.in.index.php.recidenceup.xyz,Suspected,training_set,52.0,0.038461538461538464,0.15384615384615385,0.0,0.0,0.0,0.0,7.0,2.0,15.0,1.0,1.0,0.4666666666666667,0.5,0.0,0.0,0.0,0.0,3.0,4.116506487821856,0.0,0.0,0.0,0.0,0.0,0.0,0.0,0.0,0.0,0.0,0.0,0.0,0.0
ww25.crsorgi.gov.in.bdvr.co,Suspected,training_set,27.0,0.07407407407407407,0.18518518518518517,0.0,0.0,0.0,0.0,4.0,2.0,7.0,1.0,0.0,1.0,0.5,0.0,0.0,0.0,0.0,2.0,3.602316558505552,0.0,0.0,0.0,0.0,0.0,0.0,0.0,0.0,0.0,0.0,0.0,0.0,0.0
www.dc.crsorgi.gov.in.sevamaster.shop,Suspected,training_set,37.0,0.0,0.16216216216216217,0.0,0.0,0.0,0.0,5.0,2.0,15.0,1.0,1.0,0.4666666666666667,0.5,0.0,0.0,0.0,0.0,4.0,3.8641982977690223,0.0,0.0,0.0,0.0,0.0,0.0,0.0,0.0,0.0,0.0,0.0,0.0,0.0
www.dcr.crsorgi.gov.in.viewall.in,Suspected,training_set,33.0,0.0,0.18181818181818182,0.0,0.0,0.0,0.0,5.0,2.0,10.0,1.0,0.0,0.7,0.5,0.0,0.0,0.0,0.0,2.0,3.5818285888587442,0.0,0.0,0.0,0.0,0.0,0.0,0.0,0.0,0.0,0.0,0.0,0.0,0.0
crsorgi-govs.in,Suspected,training_set,15.0,0.0,0.06666666666666667,1.0,0.06666666666666667,0.0,0.0,0.0,1.0,15.0,0.0,0.0,0.4666666666666667,0.5,0.0,0.0,0.0,0.0,2.0,3.240223928941852,0.0,0.0,0.0,0.0,0.0,0.0,0.0,0.0,0.0,0.0,0.0,0.0,0.0
crsorgidc.co.in,Suspected,training_set,15.0,0.0,0.13333333333333333,0.0,0.0,0.0,0.0,1.0,2.0,5.0,1.0,0.0,1.4,0.2857142857142857,0.0,0.0,0.0,0.0,2.0,3.056564762130954,0.0,0.0,0.0,0.0,0.0,0.0,0.0,0.0,0.0,0.0,0.0,0.0,0.0
crsorgigoov.co.in,Suspected,training_set,17.0,0.0,0.11764705882352941,0.0,0.0,0.0,0.0,1.0,2.0,5.0,1.0,0.0,1.4,99.0,0.0,0.0,0.0,0.0,2.0,3.0286393118385755,0.0,0.0,0.0,0.0,0.0,0.0,0.0,0.0,0.0,0.0,0.0,0.0,0.0
crsorgii-govi.in,Suspected,training_set,16.0,0.0,0.0625,1.0,0.0625,0.0,0.0,0.0,1.0,16.0,0.0,0.0,0.4375,0.14285714285714285,0.0,0.0,0.0,0.0,2.0,3.125,0.0,0.0,0.0,0.0,0.0,0.0,0.0,0.0,0.0,0.0,0.0,0.0,0.0
hdfcl.in,Suspected,training_set,8.0,0.0,0.125,0.0,0.0,0.0,0.0,0.0,1.0,8.0,0.0,0.0,0.5,0.25,0.0,0.0,0.0,0.0,2.0,3.0,0.0,0.0,0.0,0.0,0.0,0.0,0.0,0.0,0.0,0.0,0.0,0.0,0.0
hdfcbanklogin.com,Phishing,training_set,17.0,0.0,0.058823529411764705,0.0,0.0,0.0,0.0,0.0,1.0,17.0,0.0,0.0,0.23529411764705882,0.6666666666666666,0.0,0.0,0.0,1.0,3.0,3.734521664779752,1.0,0.0,0.0,0.0,0.0,0.0,0.0,0.0,0.0,0.0,0.0,0.0,0.0
myhdfccard.com,Phishing,training_set,14.0,0.0,0.07142857142857142,0.0,0.0,0.0,0.0,0.0,1.0,14.0,0.0,0.0,0.2857142857142857,0.6666666666666666,0.0,0.0,0.0,1.0,3.0,3.182005814760214,0.0,0.0,0.0,0.0,0.0,0.0,0.0,0.0,0.0,0.0,0.0,0.0,0.0
hdfcardcare.com,Phishing,training_set,15.0,0.0,0.06666666666666667,0.0,0.0,0.0,0.0,0.0,1.0,15.0,0.0,0.0,0.26666666666666666,0.6666666666666666,0.0,0.0,0.0,1.0,3.0,3.189898095464287,0.0,0.0,0.0,0.0,0.0,0.0,0.0,0.0,0.0,0.0,0.0,0.0,0.0
hdrewardcard.com,Phishing,training_set,16.0,0.0,0.0625,0.0,0.0,0.0,0.0,0.0,0.0,16.0,0.0,0.0,0.0,0.6666666666666666,0.0,0.0,0.0,1.0,3.0,3.1556390622295662,0.0,0.0,0.0,0.0,0.0,0.0,0.0,0.0,0.0,0.0,0.0,0.0,0.0
hdfcbank.red,Suspected,training_set,12.0,0.0,0.08333333333333333,0.0,0.0,0.0,0.0,0.0,1.0,12.0,0.0,1.0,0.3333333333333333,0.75,0.0,0.0,0.0,0.0,3.0,3.4182958340544896,0.0,0.0,0.0,0.0,0.0,0.0,0.0,0.0,0.0,0.0,0.0,0.0,0.0
hdfcbank.city,Suspected,training_set,13.0,0.0,0.07692307692307693,0.0,0.0,0.0,0.0,0.0,1.0,13.0,0.0,0.0,0.3076923076923077,0.6,0.0,0.0,0.0,0.0,4.0,3.546593564294939,0.0,0.0,0.0,0.0,0.0,0.0,0.0,0.0,0.0,0.0,0.0,0.0,0.0
hdfcbanks.live,Suspected,training_set,14.0,0.0,0.07142857142857142,0.0,0.0,0.0,0.0,0.0,1.0,14.0,0.0,1.0,0.2857142857142857,0.125,0.0,0.0,0.0,0.0,4.0,3.8073549220576055,0.0,0.0,0.0,0.0,0.0,0.0,0.0,0.0,0.0,0.0,0.0,0.0,0.0
hdfcbd.com,Suspected,training_set,10.0,0.0,0.1,0.0,0.0,0.0,0.0,0.0,1.0,10.0,0.0,0.0,0.4,0.375,0.0,0.0,0.0,1.0,3.0,2.9219280948873623,0.0,0.0,0.0,0.0,0.0,0.0,0.0,0.0,0.0,0.0,0.0,0.0,0.0
hdfcrewardz.in,Suspected,training_set,14.0,0.0,0.07142857142857142,0.0,0.0,0.0,0.0,0.0,1.0,14.0,0.0,0.0,0.2857142857142857,99.0,0.0,0.0,0.0,0.0,2.0,3.521640636343319,0.0,0.0,0.0,0.0,0.0,0.0,0.0,0.0,0.0,0.0,0.0,0.0,0.0
myhdfc.in,Suspected,training_set,9.0,0.0,0.1111111111111111,0.0,0.0,0.0,0.0,0.0,1.0,9.0,0.0,0.0,0.4444444444444444,0.5,0.0,0.0,0.0,0.0,2.0,3.169925001442312,0.0,0.0,0.0,0.0,0.0,0.0,0.0,0.0,0.0,0.0,0.0,0.0,0.0
hdfc-home-loan-538066002.today,Suspected,training_set,30.0,0.3,0.03333333333333333,3.0,0.1,0.0,0.0,0.0,1.0,30.0,0.0,0.0,0.13333333333333333,0.6,0.0,0.0,0.0,0.0,5.0,4.164735178725505,0.0,0.0,0.0,0.0,0.0,0.0,0.0,0.0,0.0,0.0,0.0,0.0,0.0
hdfcvg.com,Suspected,training_set,10.0,0.0,0.1,0.0,0.0,0.0,0.0,0.0,1.0,10.0,0.0,0.0,0.4,0.5,0.0,0.0,0.0,1.0,3.0,3.121928094887362,0.0,0.0,0.0,0.0,0.0,0.0,0.0,0.0,0.0,0.0,0.0,0.0,0.0
hdfcsec.co.in,Suspected,training_set,13.0,0.0,0.15384615384615385,0.0,0.0,0.0,0.0,1.0,2.0,5.0,1.0,0.0,0.8,0.75,0.0,0.0,0.0,0.0,2.0,3.180832987205441,0.0,0.0,0.0,0.0,0.0,0.0,0.0,0.0,0.0,0.0,0.0,0.0,0.0
hdfcbank.services,Suspected,training_set,17.0,0.0,0.058823529411764705,0.0,0.0,0.0,0.0,0.0,1.0,17.0,0.0,0.0,0.23529411764705882,99.0,0.0,0.0,0.0,0.0,8.0,3.734521664779752,0.0,0.0,0.0,0.0,0.0,0.0,0.0,0.0,0.0,0.0,0.0,0.0,0.0
hdfccredilaloan.net,Suspected,training_set,19.0,0.0,0.05263157894736842,0.0,0.0,0.0,0.0,0.0,1.0,19.0,0.0,0.0,0.21052631578947367,0.6666666666666666,0.0,0.0,0.0,1.0,3.0,3.616348566075164,0.0,0.0,0.0,0.0,0.0,0.0,0.0,0.0,0.0,0.0,0.0,0.0,0.0
hdfc-home-253888985.click,Suspected,training_set,25.0,0.36,0.04,2.0,0.08,0.0,0.0,0.0,1.0,25.0,0.0,1.0,0.16,0.6,0.0,0.0,1.0,0.0,5.0,3.893660689688185,0.0,0.0,0.0,0.0,0.0,0.0,0.0,0.0,0.0,0.0,0.0,0.0,0.0
hdfc-home-336577138.click,Suspected,training_set,25.0,0.36,0.04,2.0,0.08,0.0,0.0,0.0,1.0,25.0,0.0,1.0,0.16,0.6,0.0,0.0,0.0,0.0,5.0,4.023465189601646,0.0,0.0,0.0,0.0,0.0,0.0,0.0,0.0,0.0,0.0,0.0,0.0,0.0
hdfcsupport.info,Suspected,training_set,16.0,0.0,0.0625,0.0,0.0,0.0,0.0,0.0,1.0,16.0,0.0,1.0,0.25,0.75,0.0,0.0,0.0,0.0,4.0,3.625,0.0,0.0,0.0,0.0,0.0,0.0,1.0,0.0,0.0,0.0,0.0,0.0,0.0
hdfc-bank-internet-banking.cfd,Suspected,training_set,30.0,0.0,0.03333333333333333,3.0,0.1,0.0,0.0,0.0,1.0,30.0,0.0,0.0,0.13333333333333333,0.75,0.0,0.0,0.0,0.0,3.0,3.7614063297218423,0.0,0.0,0.0,0.0,0.0,0.0,0.0,1.0,0.0,0.0,0.0,0.0,0.0
hdfc-sif.in,Suspected,training_set,11.0,0.0,0.09090909090909091,1.0,0.09090909090909091,0.0,0.0,0.0,1.0,11.0,0.0,0.0,0.36363636363636365,0.6666666666666666,0.0,0.0,0.0,0.0,2.0,3.095795255000934,0.0,0.0,0.0,0.0,0.0,0.0,0.0,0.0,0.0,0.0,0.0,0.0,0.0
hdfcsif.in,Suspected,training_set,10.0,0.0,0.1,0.0,0.0,0.0,0.0,0.0,1.0,10.0,0.0,0.0,0.4,0.75,0.0,0.0,0.0,0.0,2.0,2.9219280948873623,0.0,0.0,0.0,0.0,0.0,0.0,0.0,0.0,0.0,0.0,0.0,0.0,0.0
hdfc-bank.cfd,Suspected,training_set,13.0,0.0,0.07692307692307693,1.0,0.07692307692307693,0.0,0.0,0.0,1.0,13.0,0.0,0.0,0.3076923076923077,0.75,0.0,0.0,0.0,0.0,3.0,3.238901256602631,0.0,0.0,0.0,0.0,0.0,0.0,0.0,0.0,0.0,0.0,0.0,0.0,0.0
hd23-df3.firebaseapp.com,Phishing,training_set,24.0,0.125,0.08333333333333333,1.0,0.041666666666666664,0.0,0.0,1.0,0.0,15.0,0.0,0.0,0.0,0.5,0.0,0.0,0.0,1.0,3.0,4.001629167387823,0.0,0.0,0.0,0.0,0.0,0.0,0.0,0.0,0.0,0.0,0.0,0.0,0.0
hd09-fc98.firebaseapp.com,Phishing,training_set,25.0,0.16,0.08,1.0,0.04,0.0,0.0,1.0,0.0,15.0,0.0,0.0,0.0,0.5,0.0,0.0,0.0,1.0,3.0,4.083856189774724,0.0,0.0,0.0,0.0,0.0,0.0,0.0,0.0,0.0,0.0,0.0,0.0,0.0
hd5h-mk5.firebaseapp.com,Phishing,training_set,24.0,0.08333333333333333,0.08333333333333333,1.0,0.041666666666666664,0.0,0.0,1.0,0.0,15.0,0.0,0.0,0.0,0.5,0.0,0.0,0.0,1.0,3.0,4.001629167387824,0.0,0.0,0.0,0.0,0.0,0.0,0.0,0.0,0.0,0.0,0.0,0.0,0.0
ewew-b4d13.firebaseapp.com,Phishing,training_set,26.0,0.11538461538461539,0.07692307692307693,1.0,0.038461538461538464,0.0,0.0,1.0,0.0,15.0,0.0,0.0,0.0,0.6666666666666666,0.0,0.0,0.0,1.0,3.0,4.008132025833399,0.0,0.0,0.0,0.0,0.0,0.0,0.0,0.0,0.0,0.0,0.0,0.0,0.0
hd15-nmh1.firebaseapp.com,Phishing,training_set,25.0,0.12,0.08,1.0,0.04,0.0,0.0,1.0,0.0,15.0,0.0,0.0,0.0,0.5,0.0,0.0,0.0,1.0,3.0,4.083856189774724,0.0,0.0,0.0,0.0,0.0,0.0,0.0,0.0,0.0,0.0,0.0,0.0,0.0
h-11av.firebaseapp.com,Phishing,training_set,22.0,0.09090909090909091,0.09090909090909091,1.0,0.045454545454545456,0.0,0.0,1.0,0.0,15.0,0.0,0.0,0.0,0.6666666666666666,0.0,0.0,0.0,1.0,3.0,3.8796640049025934,0.0,0.0,0.0,0.0,0.0,0.0,0.0,0.0,0.0,0.0,0.0,0.0,0.0
hdiy-3a.firebaseapp.com,Phishing,training_set,23.0,0.043478260869565216,0.08695652173913043,1.0,0.043478260869565216,0.0,0.0,1.0,0.0,15.0,0.0,0.0,0.0,0.5,0.0,0.0,0.0,1.0,3.0,3.969001629875993,0.0,0.0,0.0,0.0,0.0,0.0,0.0,0.0,0.0,0.0,0.0,0.0,0.0
bfse-5378c.firebaseapp.com,Phishing,training_set,26.0,0.15384615384615385,0.07692307692307693,1.0,0.038461538461538464,0.0,0.0,1.0,0.0,15.0,0.0,0.0,0.0,0.6666666666666666,0.0,0.0,0.0,1.0,3.0,3.9790978911348045,0.0,0.0,0.0,0.0,0.0,0.0,0.0,0.0,0.0,0.0,0.0,0.0,0.0
hd-1fa.firebaseapp.com,Phishing,training_set,22.0,0.045454545454545456,0.09090909090909091,1.0,0.045454545454545456,0.0,0.0,1.0,0.0,15.0,0.0,0.0,0.0,0.6666666666666666,0.0,0.0,0.0,1.0,3.0,3.8796640049025934,0.0,0.0,0.0,0.0,0.0,0.0,0.0,0.0,0.0,0.0,0.0,0.0,0.0
hd2-fy.firebaseapp.com,Phishing,training_set,22.0,0.045454545454545456,0.09090909090909091,1.0,0.045454545454545456,0.0,0.0,1.0,0.0,15.0,0.0,0.0,0.0,0.5,0.0,0.0,0.0,1.0,3.0,4.004886164091842,0.0,0.0,0.0,0.0,0.0,0.0,0.0,0.0,0.0,0.0,0.0,0.0,0.0
hdfccapital.net,Phishing,training_set,15.0,0.0,0.06666666666666667,0.0,0.0,0.0,0.0,0.0,1.0,15.0,0.0,0.0,0.26666666666666666,0.6666666666666666,0.0,0.0,0.0,1.0,3.0,3.5068905956085183,0.0,0.0,0.0,0.0,0.0,0.0,0.0,0.0,0.0,0.0,0.0,0.0,0.0
hdfcbankvyapar.com,Phishing,training_set,18.0,0.0,0.05555555555555555,0.0,0.0,0.0,0.0,0.0,1.0,18.0,0.0,0.0,0.2222222222222222,0.6666666666666666,0.0,0.0,0.0,1.0,3.0,3.794653473544342,0.0,0.0,0.0,0.0,0.0,0.0,0.0,0.0,0.0,0.0,0.0,0.0,0.0
hdfcbankdinersclub.in,Suspected,training_set,21.0,0.0,0.047619047619047616,0.0,0.0,0.0,0.0,0.0,1.0,21.0,0.0,0.0,0.19047619047619047,99.0,0.0,0.0,0.0,0.0,2.0,3.784941827437642,0.0,0.0,0.0,0.0,0.0,0.0,0.0,0.0,0.0,0.0,0.0,0.0,0.0
hdfcmutualfund.co.in,Suspected,training_set,20.0,0.0,0.1,0.0,0.0,0.0,0.0,1.0,2.0,5.0,1.0,0.0,0.8,99.0,0.0,0.0,0.0,0.0,2.0,3.5841837197791886,0.0,0.0,0.0,0.0,0.0,0.0,0.0,0.0,0.0,0.0,0.0,0.0,0.0
hdfcmutualfunds.co.in,Suspected,training_set,21.0,0.0,0.09523809523809523,0.0,0.0,0.0,0.0,1.0,2.0,5.0,1.0,0.0,0.8,99.0,0.0,0.0,0.0,0.0,2.0,3.6897037321995474,0.0,0.0,0.0,0.0,0.0,0.0,0.0,0.0,0.0,0.0,0.0,0.0,0.0
hdfcbankabslitraining.in,Suspected,training_set,24.0,0.0,0.041666666666666664,0.0,0.0,0.0,0.0,0.0,1.0,24.0,0.0,0.0,0.16666666666666666,99.0,0.0,0.0,0.0,0.0,2.0,3.636842188131012,0.0,0.0,0.0,0.0,0.0,0.0,0.0,0.0,0.0,0.0,0.0,0.0,0.0
hdfcalerts.in,Suspected,training_set,13.0,0.0,0.07692307692307693,0.0,0.0,0.0,0.0,0.0,1.0,13.0,0.0,0.0,0.3076923076923077,99.0,0.0,0.0,0.0,0.0,2.0,3.7004397181410926,0.0,0.0,0.0,0.0,0.0,0.0,0.0,0.0,0.0,0.0,0.0,0.0,0.0
hdfcpay.in,Suspected,training_set,10.0,0.0,0.1,0.0,0.0,0.0,0.0,0.0,1.0,10.0,0.0,0.0,0.4,0.375,0.0,0.0,0.0,0.0,2.0,3.321928094887362,0.0,0.0,0.0,0.0,0.0,0.0,0.0,0.0,0.0,0.0,0.0,0.0,0.0
hdfcmfsipsaheli.in,Suspected,training_set,18.0,0.0,0.05555555555555555,0.0,0.0,0.0,0.0,0.0,1.0,18.0,0.0,0.0,0.2222222222222222,99.0,0.0,0.0,0.0,0.0,2.0,3.5724312513221195,0.0,0.0,0.0,0.0,0.0,0.0,0.0,0.0,0.0,0.0,0.0,0.0,0.0
ahdfcy.com,Suspected,training_set,10.0,0.0,0.1,0.0,0.0,0.0,0.0,0.0,1.0,10.0,0.0,0.0,0.4,0.5,0.0,0.0,0.0,1.0,3.0,3.121928094887362,0.0,0.0,0.0,0.0,0.0,0.0,0.0,0.0,0.0,0.0,0.0,0.0,0.0
hdfc-bank.in,Suspected,training_set,12.0,0.0,0.08333333333333333,1.0,0.08333333333333333,0.0,0.0,0.0,1.0,12.0,0.0,0.0,0.3333333333333333,0.75,0.0,0.0,0.0,0.0,2.0,3.418295834054489,0.0,0.0,0.0,0.0,0.0,0.0,0.0,0.0,0.0,0.0,0.0,0.0,0.0
hdfcbank.app,Suspected,training_set,12.0,0.0,0.08333333333333333,0.0,0.0,0.0,0.0,0.0,1.0,12.0,0.0,0.0,0.3333333333333333,0.75,0.0,0.0,0.0,0.0,3.0,3.2516291673878226,0.0,0.0,0.0,0.0,0.0,0.0,0.0,0.0,0.0,0.0,0.0,0.0,0.0
hdfcbank.ninja,Suspected,training_set,14.0,0.0,0.07142857142857142,0.0,0.0,0.0,0.0,0.0,1.0,14.0,0.0,0.0,0.2857142857142857,1.0,0.0,0.0,0.0,0.0,5.0,3.3248629576173574,0.0,0.0,0.0,0.0,0.0,0.0,0.0,0.0,0.0,0.0,0.0,0.0,0.0
hdfcbank.pink,Suspected,training_set,13.0,0.0,0.07692307692307693,0.0,0.0,0.0,0.0,0.0,1.0,13.0,0.0,0.0,0.3076923076923077,0.6666666666666666,0.0,0.0,0.0,0.0,4.0,3.3927474104487847,0.0,0.0,0.0,0.0,0.0,0.0,0.0,0.0,0.0,0.0,0.0,0.0,0.0
hdfcbank.science,Suspected,training_set,16.0,0.0,0.0625,0.0,0.0,0.0,0.0,0.0,1.0,16.0,0.0,0.0,0.25,99.0,0.0,0.0,0.0,0.0,7.0,3.452819531114783,0.0,0.0,0.0,0.0,0.0,0.0,0.0,0.0,0.0,0.0,0.0,0.0,0.0
hdfcbank.sale,Suspected,training_set,13.0,0.0,0.07692307692307693,0.0,0.0,0.0,0.0,0.0,1.0,13.0,0.0,0.0,0.3076923076923077,0.75,0.0,0.0,0.0,0.0,4.0,3.546593564294939,0.0,0.0,0.0,0.0,0.0,0.0,0.0,0.0,0.0,0.0,0.0,0.0,0.0
hdfcbank.bet,Suspected,training_set,12.0,0.0,0.08333333333333333,0.0,0.0,0.0,0.0,0.0,1.0,12.0,0.0,1.0,0.3333333333333333,0.6666666666666666,0.0,0.0,0.0,0.0,3.0,3.418295834054489,0.0,0.0,0.0,0.0,0.0,0.0,0.0,0.0,0.0,0.0,0.0,0.0,0.0
hdfcbank.bingo,Suspected,training_set,14.0,0.0,0.07142857142857142,0.0,0.0,0.0,0.0,0.0,1.0,14.0,0.0,0.0,0.2857142857142857,99.0,0.0,0.0,0.0,0.0,5.0,3.521640636343319,0.0,0.0,0.0,0.0,0.0,0.0,0.0,0.0,0.0,0.0,0.0,0.0,0.0
hdfcbank.black,Suspected,training_set,14.0,0.0,0.07142857142857142,0.0,0.0,0.0,0.0,0.0,1.0,14.0,0.0,0.0,0.2857142857142857,99.0,0.0,0.0,0.0,0.0,5.0,3.2359263506290326,0.0,0.0,0.0,0.0,0.0,0.0,0.0,0.0,0.0,0.0,0.0,0.0,0.0
hdfcbank.business,Suspected,training_set,17.0,0.0,0.058823529411764705,0.0,0.0,0.0,0.0,0.0,1.0,17.0,0.0,0.0,0.23529411764705882,99.0,0.0,0.0,0.0,0.0,8.0,3.572469458770136,0.0,0.0,0.0,0.0,0.0,0.0,0.0,0.0,0.0,0.0,0.0,0.0,0.0
hdfcbank.buzz,Suspected,training_set,13.0,0.0,0.07692307692307693,0.0,0.0,0.0,0.0,0.0,1.0,13.0,0.0,1.0,0.3076923076923077,1.0,0.0,0.0,0.0,0.0,4.0,3.3927474104487847,0.0,0.0,0.0,0.0,0.0,0.0,0.0,0.0,0.0,0.0,0.0,0.0,0.0
hdfcbank.cash,Suspected,training_set,13.0,0.0,0.07692307692307693,0.0,0.0,0.0,0.0,0.0,1.0,13.0,0.0,0.0,0.3076923076923077,0.75,0.0,0.0,0.0,0.0,4.0,3.238901256602631,0.0,0.0,0.0,0.0,0.0,0.0,0.0,0.0,0.0,0.0,0.0,0.0,0.0
hdfcbank.chat,Suspected,training_set,13.0,0.0,0.07692307692307693,0.0,0.0,0.0,0.0,0.0,1.0,13.0,0.0,0.0,0.3076923076923077,99.0,0.0,0.0,0.0,0.0,4.0,3.238901256602631,0.0,0.0,0.0,0.0,0.0,0.0,0.0,0.0,0.0,0.0,0.0,0.0,0.0
hdfcbank.cheap,Suspected,training_set,14.0,0.0,0.07142857142857142,0.0,0.0,0.0,0.0,0.0,1.0,14.0,0.0,0.0,0.2857142857142857,99.0,0.0,0.0,0.0,0.0,5.0,3.378783493486176,0.0,0.0,0.0,0.0,0.0,0.0,0.0,0.0,0.0,0.0,0.0,0.0,0.0
hdfcbank.construction,Suspected,training_set,21.0,0.0,0.047619047619047616,0.0,0.0,0.0,0.0,0.0,1.0,21.0,0.0,0.0,0.19047619047619047,99.0,0.0,0.0,0.0,0.0,12.0,3.748994803525096,0.0,0.0,0.0,0.0,0.0,0.0,0.0,0.0,0.0,0.0,0.0,0.0,0.0
hdfcbank.directory,Suspected,training_set,18.0,0.0,0.05555555555555555,0.0,0.0,0.0,0.0,0.0,1.0,18.0,0.0,0.0,0.2222222222222222,99.0,0.0,0.0,0.0,0.0,9.0,3.8365916681089787,0.0,0.0,0.0,0.0,0.0,0.0,0.0,0.0,0.0,0.0,0.0,0.0,0.0
hdfcbank.florist,Suspected,training_set,16.0,0.0,0.0625,0.0,0.0,0.0,0.0,0.0,1.0,16.0,0.0,0.0,0.25,99.0,0.0,0.0,0.0,0.0,7.0,3.875,0.0,0.0,0.0,0.0,0.0,0.0,0.0,0.0,0.0,0.0,0.0,0.0,0.0
hdfcbank.furniture,Suspected,training_set,18.0,0.0,0.05555555555555555,0.0,0.0,0.0,0.0,0.0,1.0,18.0,0.0,0.0,0.2222222222222222,99.0,0.0,0.0,0.0,0.0,9.0,3.7254805569978675,0.0,0.0,0.0,0.0,0.0,0.0,0.0,0.0,0.0,0.0,0.0,0.0,0.0
hdfcbank.gifts,Suspected,training_set,14.0,0.0,0.07142857142857142,0.0,0.0,0.0,0.0,0.0,1.0,14.0,0.0,0.0,0.2857142857142857,99.0,0.0,0.0,0.0,0.0,5.0,3.6644977792004623,0.0,0.0,0.0,0.0,0.0,0.0,0.0,0.0,0.0,0.0,0.0,0.0,0.0
hdfcbank.golf,Suspected,training_set,13.0,0.0,0.07692307692307693,0.0,0.0,0.0,0.0,0.0,1.0,13.0,0.0,0.0,0.3076923076923077,0.75,0.0,0.0,0.0,0.0,4.0,3.546593564294939,0.0,0.0,0.0,0.0,0.0,0.0,0.0,0.0,0.0,0.0,0.0,0.0,0.0
hdfcbank.industries,Suspected,training_set,19.0,0.0,0.05263157894736842,0.0,0.0,0.0,0.0,0.0,1.0,19.0,0.0,0.0,0.21052631578947367,99.0,0.0,0.0,0.0,0.0,10.0,3.8268748818646365,0.0,0.0,0.0,0.0,0.0,0.0,0.0,0.0,0.0,0.0,0.0,0.0,0.0
hdfcbank.institute,Suspected,training_set,18.0,0.0,0.05555555555555555,0.0,0.0,0.0,0.0,0.0,1.0,18.0,0.0,0.0,0.2222222222222222,99.0,0.0,0.0,0.0,0.0,9.0,3.6835423624332306,0.0,0.0,0.0,0.0,0.0,0.0,0.0,0.0,0.0,0.0,0.0,0.0,0.0
hdfcbank.marketing,Suspected,training_set,18.0,0.0,0.05555555555555555,0.0,0.0,0.0,0.0,0.0,1.0,18.0,0.0,0.0,0.2222222222222222,99.0,0.0,0.0,0.0,0.0,9.0,3.8365916681089787,0.0,0.0,0.0,0.0,0.0,0.0,0.0,0.0,0.0,0.0,0.0,0.0,0.0
hdfcbank.news,Suspected,training_set,13.0,0.0,0.07692307692307693,0.0,0.0,0.0,0.0,0.0,1.0,13.0,0.0,0.0,0.3076923076923077,1.0,0.0,0.0,0.0,0.0,4.0,3.5465935642949384,0.0,0.0,0.0,0.0,0.0,0.0,0.0,0.0,0.0,0.0,0.0,0.0,0.0
hdfcbank.camp,Suspected,training_set,13.0,0.0,0.07692307692307693,0.0,0.0,0.0,0.0,0.0,1.0,13.0,0.0,0.0,0.3076923076923077,0.75,0.0,0.0,0.0,0.0,4.0,3.3927474104487847,0.0,0.0,0.0,0.0,0.0,0.0,0.0,0.0,0.0,0.0,0.0,0.0,0.0
hdfcbank.careers,Suspected,training_set,16.0,0.0,0.0625,0.0,0.0,0.0,0.0,0.0,1.0,16.0,0.0,0.0,0.25,99.0,0.0,0.0,0.0,0.0,7.0,3.5,0.0,0.0,0.0,0.0,0.0,0.0,0.0,0.0,0.0,0.0,0.0,0.0,0.0
hdfcbank.contact,Suspected,training_set,16.0,0.0,0.0625,0.0,0.0,0.0,0.0,0.0,1.0,16.0,0.0,0.0,0.25,99.0,0.0,0.0,0.0,0.0,7.0,3.327819531114783,0.0,0.0,0.0,0.0,0.0,0.0,0.0,0.0,0.0,0.0,0.0,0.0,0.0
hdfcbank.engineer,Suspected,training_set,17.0,0.0,0.058823529411764705,0.0,0.0,0.0,0.0,0.0,1.0,17.0,0.0,0.0,0.23529411764705882,99.0,0.0,0.0,0.0,0.0,8.0,3.5280643115840498,0.0,0.0,0.0,0.0,0.0,0.0,0.0,0.0,0.0,0.0,0.0,0.0,0.0
hdfcbank.live,Suspected,training_set,13.0,0.0,0.07692307692307693,0.0,0.0,0.0,0.0,0.0,1.0,13.0,0.0,1.0,0.3076923076923077,1.0,0.0,0.0,0.0,0.0,4.0,3.7004397181410926,0.0,0.0,0.0,0.0,0.0,0.0,0.0,0.0,0.0,0.0,0.0,0.0,0.0
hdfcbank.coach,Suspected,training_set,14.0,0.0,0.07142857142857142,0.0,0.0,0.0,0.0,0.0,1.0,14.0,0.0,0.0,0.2857142857142857,0.75,0.0,0.0,0.0,0.0,5.0,3.182005814760214,0.0,0.0,0.0,0.0,0.0,0.0,0.0,0.0,0.0,0.0,0.0,0.0,0.0
hdfcbank.computer,Suspected,training_set,17.0,0.0,0.058823529411764705,0.0,0.0,0.0,0.0,0.0,1.0,17.0,0.0,0.0,0.23529411764705882,99.0,0.0,0.0,0.0,0.0,8.0,3.969815782426811,0.0,0.0,0.0,0.0,0.0,0.0,0.0,0.0,0.0,0.0,0.0,0.0,0.0
hdfcbank.events,Suspected,training_set,15.0,0.0,0.06666666666666667,0.0,0.0,0.0,0.0,0.0,1.0,15.0,0.0,0.0,0.26666666666666666,99.0,0.0,0.0,0.0,0.0,6.0,3.640223928941851,0.0,0.0,0.0,0.0,0.0,0.0,0.0,0.0,0.0,0.0,0.0,0.0,0.0
hdfcbank.clinic,Suspected,training_set,15.0,0.0,0.06666666666666667,0.0,0.0,0.0,0.0,0.0,1.0,15.0,0.0,0.0,0.2,1.0,0.0,0.0,0.0,0.0,6.0,3.32323142879762,0.0,0.0,0.0,0.0,0.0,0.0,0.0,0.0,0.0,0.0,0.0,0.0,0.0
hdfcbank.delivery,Suspected,training_set,17.0,0.0,0.058823529411764705,0.0,0.0,0.0,0.0,0.0,1.0,17.0,0.0,0.0,0.23529411764705882,99.0,0.0,0.0,0.0,0.0,8.0,3.8521687236032816,0.0,0.0,0.0,0.0,0.0,0.0,0.0,0.0,0.0,0.0,0.0,0.0,0.0
hdfcbank.faith,Suspected,training_set,14.0,0.0,0.07142857142857142,0.0,0.0,0.0,0.0,0.0,1.0,14.0,0.0,0.0,0.2857142857142857,0.75,0.0,0.0,0.0,0.0,5.0,3.378783493486176,0.0,0.0,0.0,0.0,0.0,0.0,0.0,0.0,0.0,0.0,0.0,0.0,0.0
hdfcbank.football,Suspected,training_set,17.0,0.0,0.058823529411764705,0.0,0.0,0.0,0.0,0.0,1.0,17.0,0.0,0.0,0.23529411764705882,99.0,0.0,0.0,0.0,0.0,8.0,3.4992275471326932,0.0,0.0,0.0,0.0,0.0,0.0,0.0,0.0,0.0,0.0,0.0,0.0,0.0
hdfcbank.fund,Suspected,training_set,13.0,0.0,0.07692307692307693,0.0,0.0,0.0,0.0,0.0,1.0,13.0,0.0,0.0,0.3076923076923077,1.0,0.0,0.0,0.0,0.0,4.0,3.238901256602631,0.0,0.0,0.0,0.0,0.0,0.0,0.0,0.0,0.0,0.0,0.0,0.0,0.0
hdfcbank.irish,Suspected,training_set,14.0,0.0,0.07142857142857142,0.0,0.0,0.0,0.0,0.0,1.0,14.0,0.0,0.0,0.2857142857142857,0.6,0.0,0.0,0.0,0.0,5.0,3.521640636343319,0.0,0.0,0.0,0.0,0.0,0.0,0.0,0.0,0.0,0.0,0.0,0.0,0.0
hdfcbank.kaufen,Suspected,training_set,15.0,0.0,0.06666666666666667,0.0,0.0,0.0,0.0,0.0,1.0,15.0,0.0,0.0,0.26666666666666666,99.0,0.0,0.0,0.0,0.0,6.0,3.373557262275186,0.0,0.0,0.0,0.0,0.0,0.0,0.0,0.0,0.0,0.0,0.0,0.0,0.0
hdfcbank.markets,Suspected,training_set,16.0,0.0,0.0625,0.0,0.0,0.0,0.0,0.0,1.0,16.0,0.0,0.0,0.25,99.0,0.0,0.0,0.0,0.0,7.0,3.75,0.0,0.0,0.0,0.0,0.0,0.0,0.0,0.0,0.0,0.0,0.0,0.0,0.0
hdfcbank.media,Suspected,training_set,14.0,0.0,0.07142857142857142,0.0,0.0,0.0,0.0,0.0,1.0,14.0,0.0,0.0,0.2857142857142857,99.0,0.0,0.0,0.0,0.0,5.0,3.521640636343319,0.0,0.0,0.0,0.0,0.0,0.0,0.0,0.0,0.0,0.0,0.0,0.0,0.0
hdfcbank.solar,Suspected,training_set,14.0,0.0,0.07142857142857142,0.0,0.0,0.0,0.0,0.0,1.0,14.0,0.0,0.0,0.2857142857142857,99.0,0.0,0.0,0.0,0.0,5.0,3.6644977792004623,0.0,0.0,0.0,0.0,0.0,0.0,0.0,0.0,0.0,0.0,0.0,0.0,0.0
hdfcbank.singles,Suspected,training_set,16.0,0.0,0.0625,0.0,0.0,0.0,0.0,0.0,1.0,16.0,0.0,0.0,0.25,99.0,0.0,0.0,0.0,0.0,7.0,3.75,0.0,0.0,0.0,0.0,0.0,0.0,0.0,0.0,0.0,0.0,0.0,0.0,0.0
hdfcbank.party,Suspected,training_set,14.0,0.0,0.07142857142857142,0.0,0.0,0.0,0.0,0.0,1.0,14.0,0.0,0.0,0.2857142857142857,99.0,0.0,0.0,0.0,0.0,5.0,3.6644977792004623,0.0,0.0,0.0,0.0,0.0,0.0,0.0,0.0,0.0,0.0,0.0,0.0,0.0
hdfcbank.pizza,Suspected,training_set,14.0,0.0,0.07142857142857142,0.0,0.0,0.0,0.0,0.0,1.0,14.0,0.0,0.0,0.2857142857142857,99.0,0.0,0.0,0.0,0.0,5.0,3.521640636343319,0.0,0.0,0.0,0.0,0.0,0.0,0.0,0.0,0.0,0.0,0.0,0.0,0.0
hdfcbank.school,Suspected,training_set,15.0,0.0,0.06666666666666667,0.0,0.0,0.0,0.0,0.0,1.0,15.0,0.0,0.0,0.26666666666666666,99.0,0.0,0.0,0.0,0.0,6.0,3.506890595608519,0.0,0.0,0.0,0.0,0.0,0.0,0.0,0.0,0.0,0.0,0.0,0.0,0.0
hdfcbank-ypb.in,Suspected,training_set,15.0,0.0,0.06666666666666667,1.0,0.06666666666666667,0.0,0.0,0.0,1.0,15.0,0.0,0.0,0.26666666666666666,0.6666666666666666,0.0,0.0,0.0,0.0,2.0,3.640223928941851,0.0,0.0,0.0,0.0,0.0,0.0,0.0,0.0,0.0,0.0,0.0,0.0,0.0
hdfcbankfinance.net,Suspected,training_set,19.0,0.0,0.05263157894736842,0.0,0.0,0.0,0.0,0.0,1.0,19.0,0.0,0.0,0.21052631578947367,0.6666666666666666,0.0,0.0,0.0,1.0,3.0,3.40582225028569,0.0,0.0,0.0,0.0,0.0,0.0,0.0,0.0,0.0,0.0,0.0,0.0,0.0
hdfcsecurities.in,Suspected,training_set,17.0,0.0,0.058823529411764705,0.0,0.0,0.0,0.0,0.0,1.0,17.0,0.0,0.0,0.23529411764705882,99.0,0.0,0.0,0.0,0.0,2.0,3.4548223999466066,0.0,0.0,0.0,0.0,0.0,0.0,0.0,0.0,0.0,0.0,0.0,0.0,0.0
hdfcorg.co.in,Suspected,training_set,13.0,0.0,0.15384615384615385,0.0,0.0,0.0,0.0,1.0,2.0,5.0,1.0,0.0,0.8,0.75,0.0,0.0,0.0,0.0,2.0,3.238901256602631,0.0,0.0,0.0,0.0,0.0,0.0,0.0,0.0,0.0,0.0,0.0,0.0,0.0
yyhdfcci.shop,Suspected,training_set,13.0,0.0,0.07692307692307693,0.0,0.0,0.0,0.0,0.0,1.0,13.0,0.0,1.0,0.3076923076923077,1.0,0.0,0.0,0.0,0.0,4.0,3.238901256602631,0.0,0.0,0.0,0.0,0.0,0.0,0.0,0.0,0.0,0.0,0.0,0.0,0.0
hdfcai.net,Suspected,training_set,10.0,0.0,0.1,0.0,0.0,0.0,0.0,0.0,1.0,10.0,0.0,0.0,0.4,0.375,0.0,0.0,0.0,1.0,3.0,3.321928094887362,0.0,0.0,0.0,0.0,0.0,0.0,0.0,0.0,0.0,0.0,0.0,0.0,0.0
hdfcbank.today,Suspected,training_set,14.0,0.0,0.07142857142857142,0.0,0.0,0.0,0.0,0.0,1.0,14.0,0.0,0.0,0.2857142857142857,0.6,0.0,0.0,0.0,0.0,5.0,3.521640636343319,0.0,0.0,0.0,0.0,0.0,0.0,0.0,0.0,0.0,0.0,0.0,0.0,0.0
hdfconline.co.in,Suspected,training_set,16.0,0.0,0.125,0.0,0.0,0.0,0.0,1.0,2.0,5.0,1.0,0.0,0.8,99.0,0.0,0.0,0.0,0.0,2.0,3.202819531114783,0.0,0.0,0.0,0.0,0.0,0.0,0.0,0.0,0.0,0.0,0.0,0.0,0.0
hdfc-story.xyz,Suspected,training_set,14.0,0.0,0.07142857142857142,1.0,0.07142857142857142,0.0,0.0,0.0,1.0,14.0,0.0,1.0,0.2857142857142857,1.0,0.0,0.0,0.0,0.0,3.0,3.6644977792004623,0.0,0.0,0.0,0.0,0.0,0.0,0.0,0.0,0.0,0.0,0.0,0.0,0.0
hdfcbankinfo.co.in,Suspected,training_set,18.0,0.0,0.1111111111111111,0.0,0.0,0.0,0.0,1.0,2.0,5.0,1.0,0.0,0.8,99.0,0.0,0.0,0.0,0.0,2.0,3.350209029099897,0.0,0.0,0.0,0.0,0.0,0.0,0.0,0.0,0.0,0.0,0.0,0.0,0.0
hdfc-banking.co.in,Suspected,training_set,18.0,0.0,0.1111111111111111,1.0,0.05555555555555555,0.0,0.0,1.0,2.0,5.0,1.0,0.0,0.8,1.0,0.0,0.0,0.0,0.0,2.0,3.5724312513221195,0.0,0.0,0.0,0.0,0.0,0.0,0.0,1.0,0.0,0.0,0.0,0.0,0.0
hdfcco.co.in,Suspected,training_set,12.0,0.0,0.16666666666666666,0.0,0.0,0.0,0.0,1.0,2.0,5.0,1.0,0.0,0.8,0.5,0.0,0.0,0.0,0.0,2.0,2.8553885422075336,0.0,0.0,0.0,0.0,0.0,0.0,0.0,0.0,0.0,0.0,0.0,0.0,0.0
hdfc-loans.in,Suspected,training_set,13.0,0.0,0.07692307692307693,1.0,0.07692307692307693,0.0,0.0,0.0,1.0,13.0,0.0,0.0,0.3076923076923077,1.0,0.0,0.0,0.0,0.0,2.0,3.5465935642949384,0.0,0.0,0.0,0.0,0.0,0.0,0.0,0.0,0.0,0.0,0.0,0.0,0.0
hdfcbank.store,Suspected,training_set,14.0,0.0,0.07142857142857142,0.0,0.0,0.0,0.0,0.0,1.0,14.0,0.0,0.0,0.2857142857142857,99.0,0.0,0.0,0.0,0.0,5.0,3.8073549220576055,0.0,0.0,0.0,0.0,0.0,0.0,0.0,0.0,0.0,0.0,0.0,0.0,0.0
hdfc.net.in,Suspected,training_set,11.0,0.0,0.18181818181818182,0.0,0.0,0.0,0.0,1.0,2.0,6.0,1.0,0.0,0.6666666666666666,0.6666666666666666,0.0,0.0,0.0,0.0,2.0,3.0957952550009344,0.0,0.0,0.0,0.0,0.0,0.0,0.0,0.0,0.0,0.0,0.0,0.0,0.0
hdfcm.com,Suspected,training_set,9.0,0.0,0.1111111111111111,0.0,0.0,0.0,0.0,0.0,1.0,9.0,0.0,0.0,0.4444444444444444,0.25,0.0,0.0,0.0,1.0,3.0,2.725480556997868,0.0,0.0,0.0,0.0,0.0,0.0,0.0,0.0,0.0,0.0,0.0,0.0,0.0
alerts-hdfcbank.net,Suspected,training_set,19.0,0.0,0.05263157894736842,1.0,0.05263157894736842,0.0,0.0,0.0,1.0,19.0,0.0,0.0,0.21052631578947367,0.6666666666666666,0.0,0.0,0.0,1.0,3.0,3.826874881864637,0.0,0.0,0.0,0.0,0.0,0.0,0.0,0.0,0.0,0.0,0.0,0.0,0.0
thehdfc.co.in,Suspected,training_set,13.0,0.0,0.15384615384615385,0.0,0.0,0.0,0.0,1.0,2.0,5.0,1.0,0.0,0.8,0.75,0.0,0.0,0.0,0.0,2.0,3.238901256602631,0.0,0.0,0.0,0.0,0.0,0.0,0.0,0.0,0.0,0.0,0.0,0.0,0.0
thehdfc.net.in,Suspected,training_set,14.0,0.0,0.14285714285714285,0.0,0.0,0.0,0.0,1.0,2.0,6.0,1.0,0.0,0.6666666666666666,0.6666666666666666,0.0,0.0,0.0,0.0,2.0,3.09306920777189,0.0,0.0,0.0,0.0,0.0,0.0,0.0,0.0,0.0,0.0,0.0,0.0,0.0
thehdfc.in,Suspected,training_set,10.0,0.0,0.1,0.0,0.0,0.0,0.0,0.0,1.0,10.0,0.0,0.0,0.4,0.75,0.0,0.0,0.0,0.0,2.0,3.1219280948873624,0.0,0.0,0.0,0.0,0.0,0.0,0.0,0.0,0.0,0.0,0.0,0.0,0.0
hffcbank.com,Suspected,training_set,12.0,0.0,0.08333333333333333,0.0,0.0,0.0,0.0,0.0,0.0,12.0,0.0,0.0,0.0,0.125,0.0,0.0,0.0,1.0,3.0,3.2516291673878226,0.0,0.0,0.0,0.0,0.0,0.0,0.0,0.0,0.0,0.0,0.0,0.0,0.0
hdfcbank.poker,Suspected,training_set,14.0,0.0,0.07142857142857142,0.0,0.0,0.0,0.0,0.0,1.0,14.0,0.0,0.0,0.2857142857142857,99.0,0.0,0.0,0.0,0.0,5.0,3.6644977792004623,0.0,0.0,0.0,0.0,0.0,0.0,0.0,0.0,0.0,0.0,0.0,0.0,0.0
hdfcbanknet.info,Suspected,training_set,16.0,0.0,0.0625,0.0,0.0,0.0,0.0,0.0,1.0,16.0,0.0,1.0,0.25,0.375,0.0,0.0,0.0,0.0,4.0,3.577819531114783,0.0,0.0,0.0,0.0,0.0,0.0,0.0,0.0,0.0,0.0,0.0,0.0,0.0
hdfcpolicy.in,Suspected,training_set,13.0,0.0,0.07692307692307693,0.0,0.0,0.0,0.0,0.0,1.0,13.0,0.0,0.0,0.3076923076923077,99.0,0.0,0.0,0.0,0.0,2.0,3.3927474104487847,0.0,0.0,0.0,0.0,0.0,0.0,0.0,0.0,0.0,0.0,0.0,0.0,0.0
dchdfcbank.com,Suspected,training_set,14.0,0.0,0.07142857142857142,0.0,0.0,0.0,0.0,0.0,1.0,14.0,0.0,0.0,0.2857142857142857,0.25,0.0,0.0,0.0,1.0,3.0,3.3248629576173574,0.0,0.0,0.0,0.0,0.0,0.0,0.0,0.0,0.0,0.0,0.0,0.0,0.0
hdfcbank.games,Suspected,training_set,14.0,0.0,0.07142857142857142,0.0,0.0,0.0,0.0,0.0,1.0,14.0,0.0,0.0,0.2857142857142857,99.0,0.0,0.0,0.0,0.0,5.0,3.6644977792004623,0.0,0.0,0.0,0.0,0.0,0.0,0.0,0.0,0.0,0.0,0.0,0.0,0.0
hdfcbank.support,Suspected,training_set,16.0,0.0,0.0625,0.0,0.0,0.0,0.0,0.0,1.0,16.0,0.0,0.0,0.25,99.0,0.0,0.0,0.0,0.0,7.0,3.875,0.0,0.0,0.0,0.0,0.0,0.0,1.0,0.0,0.0,0.0,0.0,0.0,0.0
hdfbank.com,Suspected,training_set,11.0,0.0,0.09090909090909091,0.0,0.0,0.0,0.0,0.0,0.0,11.0,0.0,0.0,0.0,0.125,0.0,0.0,0.0,1.0,3.0,3.459431618637298,0.0,0.0,0.0,0.0,0.0,0.0,0.0,0.0,0.0,0.0,0.0,0.0,0.0
hdfcbak.com,Suspected,training_set,11.0,0.0,0.09090909090909091,0.0,0.0,0.0,0.0,0.0,1.0,11.0,0.0,0.0,0.36363636363636365,0.125,0.0,0.0,0.0,1.0,3.0,3.277613436819116,0.0,0.0,0.0,0.0,0.0,0.0,0.0,0.0,0.0,0.0,0.0,0.0,0.0
hdfcbani.com,Suspected,training_set,12.0,0.0,0.08333333333333333,0.0,0.0,0.0,0.0,0.0,1.0,12.0,0.0,0.0,0.3333333333333333,0.125,0.0,0.0,0.0,1.0,3.0,3.418295834054489,0.0,0.0,0.0,0.0,0.0,0.0,0.0,0.0,0.0,0.0,0.0,0.0,0.0
hdfcbank.ltd,Suspected,training_set,12.0,0.0,0.08333333333333333,0.0,0.0,0.0,0.0,0.0,1.0,12.0,0.0,0.0,0.3333333333333333,1.0,0.0,0.0,0.0,0.0,3.0,3.418295834054489,0.0,0.0,0.0,0.0,0.0,0.0,0.0,0.0,0.0,0.0,0.0,0.0,0.0
hdfcbank.uk,Suspected,training_set,11.0,0.0,0.09090909090909091,0.0,0.0,0.0,0.0,0.0,1.0,11.0,0.0,0.0,0.36363636363636365,99.0,0.0,0.0,0.0,0.0,2.0,3.277613436819116,0.0,0.0,0.0,0.0,0.0,0.0,0.0,0.0,0.0,0.0,0.0,0.0,0.0
hdfcbanki.com,Suspected,training_set,13.0,0.0,0.07692307692307693,0.0,0.0,0.0,0.0,0.0,1.0,13.0,0.0,0.0,0.3076923076923077,0.125,0.0,0.0,0.0,1.0,3.0,3.5465935642949384,0.0,0.0,0.0,0.0,0.0,0.0,0.0,0.0,0.0,0.0,0.0,0.0,0.0
hdfcbanl.com,Suspected,training_set,12.0,0.0,0.08333333333333333,0.0,0.0,0.0,0.0,0.0,1.0,12.0,0.0,0.0,0.3333333333333333,0.125,0.0,0.0,0.0,1.0,3.0,3.418295834054489,0.0,0.0,0.0,0.0,0.0,0.0,0.0,0.0,0.0,0.0,0.0,0.0,0.0
hdfcbsnk.com,Suspected,training_set,12.0,0.0,0.08333333333333333,0.0,0.0,0.0,0.0,0.0,1.0,12.0,0.0,0.0,0.3333333333333333,0.125,0.0,0.0,0.0,1.0,3.0,3.418295834054489,0.0,0.0,0.0,0.0,0.0,0.0,0.0,0.0,0.0,0.0,0.0,0.0,0.0
hdfcbwnk.com,Suspected,training_set,12.0,0.0,0.08333333333333333,0.0,0.0,0.0,0.0,0.0,1.0,12.0,0.0,0.0,0.3333333333333333,0.125,0.0,0.0,0.0,1.0,3.0,3.418295834054489,0.0,0.0,0.0,0.0,0.0,0.0,0.0,0.0,0.0,0.0,0.0,0.0,0.0
hdfcnank.com,Suspected,training_set,12.0,0.0,0.08333333333333333,0.0,0.0,0.0,0.0,0.0,1.0,12.0,0.0,0.0,0.3333333333333333,0.125,0.0,0.0,0.0,1.0,3.0,3.2516291673878226,0.0,0.0,0.0,0.0,0.0,0.0,0.0,0.0,0.0,0.0,0.0,0.0,0.0
hdfcergopolicyrenewalinsurances.in,Suspected,training_set,34.0,0.0,0.029411764705882353,0.0,0.0,0.0,0.0,0.0,1.0,34.0,0.0,0.0,0.11764705882352941,99.0,0.0,0.0,0.0,0.0,2.0,3.962031591059445,0.0,0.0,0.0,0.0,0.0,0.0,0.0,0.0,0.0,0.0,0.0,0.0,0.0
hdfcbankonline.in,Suspected,training_set,17.0,0.0,0.058823529411764705,0.0,0.0,0.0,0.0,0.0,1.0,17.0,0.0,0.0,0.23529411764705882,99.0,0.0,0.0,0.0,0.0,2.0,3.4992275471326932,0.0,0.0,0.0,0.0,0.0,0.0,0.0,0.0,0.0,0.0,0.0,0.0,0.0
hdfc.ind.in,Suspected,training_set,11.0,0.0,0.18181818181818182,0.0,0.0,0.0,0.0,1.0,2.0,6.0,1.0,0.0,0.6666666666666666,0.6666666666666666,0.0,0.0,0.0,0.0,2.0,2.7321588913645702,0.0,0.0,0.0,0.0,0.0,0.0,0.0,0.0,0.0,0.0,0.0,0.0,0.0
hdfcbankltd.in,Suspected,training_set,14.0,0.0,0.07142857142857142,0.0,0.0,0.0,0.0,0.0,1.0,14.0,0.0,0.0,0.2857142857142857,0.375,0.0,0.0,0.0,0.0,2.0,3.521640636343319,0.0,0.0,0.0,0.0,0.0,0.0,0.0,0.0,0.0,0.0,0.0,0.0,0.0
hdfcsa1es.co.in,Suspected,training_set,15.0,0.06666666666666667,0.13333333333333333,0.0,0.0,0.0,0.0,1.0,2.0,5.0,1.0,0.0,0.8,99.0,0.0,0.0,0.0,0.0,2.0,3.506890595608518,0.0,0.0,0.0,0.0,0.0,0.0,0.0,0.0,0.0,0.0,0.0,0.0,0.0
loginhdfc.in,Suspected,training_set,12.0,0.0,0.08333333333333333,0.0,0.0,0.0,0.0,0.0,1.0,12.0,0.0,0.0,0.3333333333333333,99.0,0.0,0.0,0.0,0.0,2.0,3.2516291673878226,1.0,0.0,0.0,0.0,0.0,0.0,0.0,0.0,0.0,0.0,0.0,0.0,0.0
mycardhdfc.in,Suspected,training_set,13.0,0.0,0.07692307692307693,0.0,0.0,0.0,0.0,0.0,1.0,13.0,0.0,0.0,0.3076923076923077,99.0,0.0,0.0,0.0,0.0,2.0,3.3927474104487847,0.0,0.0,0.0,0.0,0.0,0.0,0.0,0.0,0.0,0.0,0.0,0.0,0.0
hdfcodes.site,Suspected,training_set,13.0,0.0,0.07692307692307693,0.0,0.0,0.0,0.0,0.0,1.0,13.0,0.0,1.0,0.3076923076923077,0.5,0.0,0.0,0.0,0.0,4.0,3.238901256602631,0.0,0.0,0.0,0.0,0.0,0.0,0.0,0.0,0.0,0.0,0.0,0.0,0.0
hdfcretail.in,Suspected,training_set,13.0,0.0,0.07692307692307693,0.0,0.0,0.0,0.0,0.0,1.0,13.0,0.0,0.0,0.3076923076923077,99.0,0.0,0.0,0.0,0.0,2.0,3.5465935642949384,0.0,0.0,0.0,0.0,0.0,0.0,0.0,0.0,0.0,0.0,0.0,0.0,0.0
hdfcsales.info,Suspected,training_set,14.0,0.0,0.07142857142857142,0.0,0.0,0.0,0.0,0.0,1.0,14.0,0.0,1.0,0.2857142857142857,0.75,0.0,0.0,0.0,0.0,4.0,3.521640636343319,0.0,0.0,0.0,0.0,0.0,0.0,0.0,0.0,0.0,0.0,0.0,0.0,0.0
hdfchousingfinance.com,Suspected,training_set,22.0,0.0,0.045454545454545456,0.0,0.0,0.0,0.0,0.0,1.0,22.0,0.0,0.0,0.18181818181818182,0.6666666666666666,0.0,0.0,0.0,1.0,3.0,3.6635327548042547,0.0,0.0,0.0,0.0,0.0,0.0,0.0,0.0,0.0,0.0,0.0,0.0,0.0
hdfcbank.netportall.com,Suspected,training_set,23.0,0.0,0.08695652173913043,0.0,0.0,0.0,0.0,1.0,2.0,14.0,1.0,0.0,0.2857142857142857,0.6666666666666666,0.0,0.0,0.0,1.0,3.0,3.914866303883101,0.0,0.0,0.0,0.0,0.0,0.0,0.0,0.0,0.0,0.0,0.0,0.0,0.0
hdfccareer.in,Suspected,training_set,13.0,0.0,0.07692307692307693,0.0,0.0,0.0,0.0,0.0,1.0,13.0,0.0,0.0,0.3076923076923077,99.0,0.0,0.0,0.0,0.0,2.0,3.238901256602631,0.0,0.0,0.0,0.0,0.0,0.0,0.0,0.0,0.0,0.0,0.0,0.0,0.0
hdfc.com.in,Suspected,training_set,11.0,0.0,0.18181818181818182,0.0,0.0,0.0,0.0,1.0,2.0,6.0,1.0,0.0,0.6666666666666666,0.6666666666666666,0.0,0.0,0.0,0.0,2.0,3.0957952550009344,0.0,0.0,0.0,0.0,0.0,0.0,0.0,0.0,0.0,0.0,0.0,0.0,0.0
hdfcergorenewal.in,Suspected,training_set,18.0,0.0,0.05555555555555555,0.0,0.0,0.0,0.0,0.0,1.0,18.0,0.0,0.0,0.2222222222222222,99.0,0.0,0.0,0.0,0.0,2.0,3.6835423624332306,0.0,0.0,0.0,0.0,0.0,0.0,0.0,0.0,0.0,0.0,0.0,0.0,0.0
hdfcsecurities.co.in,Suspected,training_set,20.0,0.0,0.1,0.0,0.0,0.0,0.0,1.0,2.0,5.0,1.0,0.0,0.8,99.0,0.0,0.0,0.0,0.0,2.0,3.5464393446710156,0.0,0.0,0.0,0.0,0.0,0.0,0.0,0.0,0.0,0.0,0.0,0.0,0.0
myaccounthdfclife.co.in,Suspected,training_set,23.0,0.0,0.08695652173913043,0.0,0.0,0.0,0.0,1.0,2.0,5.0,1.0,0.0,0.8,99.0,0.0,0.0,0.0,0.0,2.0,3.7409532604048397,0.0,0.0,0.0,1.0,0.0,0.0,0.0,0.0,0.0,0.0,0.0,0.0,0.0
hdfcbankloan.in,Suspected,training_set,15.0,0.0,0.06666666666666667,0.0,0.0,0.0,0.0,0.0,1.0,15.0,0.0,0.0,0.26666666666666666,99.0,0.0,0.0,0.0,0.0,2.0,3.456564762130954,0.0,0.0,0.0,0.0,0.0,0.0,0.0,0.0,0.0,0.0,0.0,0.0,0.0
hdfcbankcreditcard.in,Suspected,training_set,21.0,0.0,0.047619047619047616,0.0,0.0,0.0,0.0,0.0,1.0,21.0,0.0,0.0,0.19047619047619047,99.0,0.0,0.0,0.0,0.0,2.0,3.558518613048906,0.0,0.0,0.0,0.0,0.0,0.0,0.0,0.0,0.0,0.0,0.0,0.0,0.0
hdfcincrase.today,Suspected,training_set,17.0,0.0,0.058823529411764705,0.0,0.0,0.0,0.0,0.0,1.0,17.0,0.0,0.0,0.23529411764705882,0.6,0.0,0.0,0.0,0.0,5.0,3.734521664779752,0.0,0.0,0.0,0.0,0.0,0.0,0.0,0.0,0.0,0.0,0.0,0.0,0.0
hdfcbanking.org,Suspected,training_set,15.0,0.0,0.06666666666666667,0.0,0.0,0.0,0.0,0.0,1.0,15.0,0.0,0.0,0.26666666666666666,0.375,0.0,0.0,0.0,1.0,3.0,3.6402239289418516,0.0,0.0,0.0,0.0,0.0,0.0,0.0,1.0,0.0,0.0,0.0,0.0,0.0
hdfcergoinsurancerenewal.in,Suspected,training_set,27.0,0.0,0.037037037037037035,0.0,0.0,0.0,0.0,0.0,1.0,27.0,0.0,0.0,0.14814814814814814,99.0,0.0,0.0,0.0,0.0,2.0,3.763965742824082,0.0,0.0,0.0,0.0,0.0,0.0,0.0,0.0,0.0,0.0,0.0,0.0,0.0
workonlinehdfcbank.com,Suspected,training_set,22.0,0.0,0.045454545454545456,0.0,0.0,0.0,0.0,0.0,1.0,22.0,0.0,0.0,0.18181818181818182,0.6666666666666666,0.0,0.0,0.0,1.0,3.0,3.8453509366224354,0.0,0.0,0.0,0.0,0.0,0.0,0.0,0.0,0.0,0.0,0.0,0.0,0.0
xhdfc.com,Suspected,training_set,9.0,0.0,0.1111111111111111,0.0,0.0,0.0,0.0,0.0,1.0,9.0,0.0,0.0,0.4444444444444444,0.25,0.0,0.0,0.0,1.0,3.0,2.94770277922009,0.0,0.0,0.0,0.0,0.0,0.0,0.0,0.0,0.0,0.0,0.0,0.0,0.0
hdfc-bonus.cfd,Suspected,training_set,14.0,0.0,0.07142857142857142,1.0,0.07142857142857142,0.0,0.0,0.0,1.0,14.0,0.0,0.0,0.2857142857142857,0.5,0.0,0.0,0.0,0.0,3.0,3.378783493486176,0.0,0.0,0.0,0.0,0.0,0.0,0.0,0.0,0.0,0.0,0.0,0.0,0.0
hd94-fc67.firebaseapp.com,Phishing,training_set,25.0,0.16,0.08,1.0,0.04,0.0,0.0,1.0,0.0,15.0,0.0,0.0,0.0,0.5,0.0,0.0,0.0,1.0,3.0,4.163856189774723,0.0,0.0,0.0,0.0,0.0,0.0,0.0,0.0,0.0,0.0,0.0,0.0,0.0
whsh01-ksj18.firebaseapp.com,Phishing,training_set,28.0,0.14285714285714285,0.07142857142857142,1.0,0.03571428571428571,0.0,0.0,1.0,0.0,15.0,0.0,0.0,0.0,0.6666666666666666,0.0,0.0,0.0,1.0,3.0,4.208966082694624,0.0,0.0,0.0,0.0,0.0,0.0,0.0,0.0,0.0,0.0,0.0,0.0,0.0
hcfc-b6a51.firebaseapp.com,Phishing,training_set,26.0,0.11538461538461539,0.07692307692307693,1.0,0.038461538461538464,0.0,0.0,1.0,0.0,15.0,0.0,0.0,0.0,0.25,0.0,0.0,0.0,1.0,3.0,3.9500637564362093,0.0,0.0,0.0,0.0,0.0,0.0,0.0,0.0,0.0,0.0,0.0,0.0,0.0
sks08-akwo22.firebaseapp.com,Phishing,training_set,28.0,0.14285714285714285,0.07142857142857142,1.0,0.03571428571428571,0.0,0.0,1.0,0.0,15.0,0.0,0.0,0.0,0.6666666666666666,0.0,0.0,0.0,1.0,3.0,4.039148671903071,0.0,0.0,0.0,0.0,0.0,0.0,0.0,0.0,0.0,0.0,0.0,0.0,0.0
hdx6-hdr6.firebaseapp.com,Phishing,training_set,25.0,0.08,0.08,1.0,0.04,0.0,0.0,1.0,0.0,15.0,0.0,0.0,0.0,0.5,0.0,0.0,0.0,1.0,3.0,4.003856189774724,0.0,0.0,0.0,0.0,0.0,0.0,0.0,0.0,0.0,0.0,0.0,0.0,0.0
hdsxd1.firebaseapp.com,Phishing,training_set,22.0,0.045454545454545456,0.09090909090909091,0.0,0.0,0.0,0.0,1.0,0.0,15.0,0.0,0.0,0.0,0.6666666666666666,0.0,0.0,0.0,1.0,3.0,3.913977073182751,0.0,0.0,0.0,0.0,0.0,0.0,0.0,0.0,0.0,0.0,0.0,0.0,0.0
hda18-ms1.firebaseapp.com,Phishing,training_set,25.0,0.12,0.08,1.0,0.04,0.0,0.0,1.0,0.0,15.0,0.0,0.0,0.0,0.6666666666666666,0.0,0.0,0.0,1.0,3.0,3.973660689688185,0.0,0.0,0.0,0.0,0.0,0.0,0.0,0.0,0.0,0.0,0.0,0.0,0.0
hd31-md1.firebaseapp.com,Phishing,training_set,24.0,0.125,0.08333333333333333,1.0,0.041666666666666664,0.0,0.0,1.0,0.0,15.0,0.0,0.0,0.0,0.5,0.0,0.0,0.0,1.0,3.0,4.001629167387824,0.0,0.0,0.0,0.0,0.0,0.0,0.0,0.0,0.0,0.0,0.0,0.0,0.0
hd22-mu2x.firebaseapp.com,Phishing,training_set,25.0,0.12,0.08,1.0,0.04,0.0,0.0,1.0,0.0,15.0,0.0,0.0,0.0,0.5,0.0,0.0,0.0,1.0,3.0,4.053660689688185,0.0,0.0,0.0,0.0,0.0,0.0,0.0,0.0,0.0,0.0,0.0,0.0,0.0
hd21-mkw1.firebaseapp.com,Phishing,training_set,25.0,0.12,0.08,1.0,0.04,0.0,0.0,1.0,0.0,15.0,0.0,0.0,0.0,0.5,0.0,0.0,0.0,1.0,3.0,4.163856189774723,0.0,0.0,0.0,0.0,0.0,0.0,0.0,0.0,0.0,0.0,0.0,0.0,0.0
hd4s-kp4d.firebaseapp.com,Phishing,training_set,25.0,0.08,0.08,1.0,0.04,0.0,0.0,1.0,0.0,15.0,0.0,0.0,0.0,0.5,0.0,0.0,0.0,1.0,3.0,3.973660689688185,0.0,0.0,0.0,0.0,0.0,0.0,0.0,0.0,0.0,0.0,0.0,0.0,0.0
hd3s-kour4.firebaseapp.com,Phishing,training_set,26.0,0.07692307692307693,0.07692307692307693,1.0,0.038461538461538464,0.0,0.0,1.0,0.0,15.0,0.0,0.0,0.0,0.5,0.0,0.0,0.0,1.0,3.0,4.161978179679553,0.0,0.0,0.0,0.0,0.0,0.0,0.0,0.0,0.0,0.0,0.0,0.0,0.0
hdec-f13ed.firebaseapp.com,Phishing,training_set,26.0,0.07692307692307693,0.07692307692307693,1.0,0.038461538461538464,0.0,0.0,1.0,0.0,15.0,0.0,0.0,0.0,0.25,0.0,0.0,0.0,1.0,3.0,3.9312089489103226,0.0,0.0,0.0,0.0,0.0,0.0,0.0,0.0,0.0,0.0,0.0,0.0,0.0
jsjjs09-d097e.firebaseapp.com,Phishing,training_set,29.0,0.1724137931034483,0.06896551724137931,1.0,0.034482758620689655,0.0,0.0,1.0,0.0,15.0,0.0,0.0,0.0,0.6666666666666666,0.0,0.0,0.0,1.0,3.0,4.021268494903765,0.0,0.0,0.0,0.0,0.0,0.0,0.0,0.0,0.0,0.0,0.0,0.0,0.0
hd1-mka1.firebaseapp.com,Phishing,training_set,24.0,0.08333333333333333,0.08333333333333333,1.0,0.041666666666666664,0.0,0.0,1.0,0.0,15.0,0.0,0.0,0.0,0.5,0.0,0.0,0.0,1.0,3.0,3.9701755214643457,0.0,0.0,0.0,0.0,0.0,0.0,0.0,0.0,0.0,0.0,0.0,0.0,0.0
hd2a-mkae2.firebaseapp.com,Phishing,training_set,26.0,0.07692307692307693,0.07692307692307693,1.0,0.038461538461538464,0.0,0.0,1.0,0.0,15.0,0.0,0.0,0.0,0.5,0.0,0.0,0.0,1.0,3.0,3.9021748142117274,0.0,0.0,0.0,0.0,0.0,0.0,0.0,0.0,0.0,0.0,0.0,0.0,0.0
hd1-mkd1.firebaseapp.com,Phishing,training_set,24.0,0.08333333333333333,0.08333333333333333,1.0,0.041666666666666664,0.0,0.0,1.0,0.0,15.0,0.0,0.0,0.0,0.5,0.0,0.0,0.0,1.0,3.0,4.001629167387823,0.0,0.0,0.0,0.0,0.0,0.0,0.0,0.0,0.0,0.0,0.0,0.0,0.0
hbcd-f016c.firebaseapp.com,Phishing,training_set,26.0,0.11538461538461539,0.07692307692307693,1.0,0.038461538461538464,0.0,0.0,1.0,0.0,15.0,0.0,0.0,0.0,0.6666666666666666,0.0,0.0,0.0,1.0,3.0,4.056020968057881,0.0,0.0,0.0,0.0,0.0,0.0,0.0,0.0,0.0,0.0,0.0,0.0,0.0
hd-mkf24.firebaseapp.com,Phishing,training_set,24.0,0.08333333333333333,0.08333333333333333,1.0,0.041666666666666664,0.0,0.0,1.0,0.0,15.0,0.0,0.0,0.0,0.6666666666666666,0.0,0.0,0.0,1.0,3.0,4.084962500721156,0.0,0.0,0.0,0.0,0.0,0.0,0.0,0.0,0.0,0.0,0.0,0.0,0.0
hd4w-kfd4.firebaseapp.com,Phishing,training_set,25.0,0.08,0.08,1.0,0.04,0.0,0.0,1.0,0.0,15.0,0.0,0.0,0.0,0.5,0.0,0.0,0.0,1.0,3.0,4.083856189774724,0.0,0.0,0.0,0.0,0.0,0.0,0.0,0.0,0.0,0.0,0.0,0.0,0.0
hd8r-mkfd8s.firebaseapp.com,Phishing,training_set,27.0,0.07407407407407407,0.07407407407407407,1.0,0.037037037037037035,0.0,0.0,1.0,0.0,15.0,0.0,0.0,0.0,0.5,0.0,0.0,0.0,1.0,3.0,4.014146761422729,0.0,0.0,0.0,0.0,0.0,0.0,0.0,0.0,0.0,0.0,0.0,0.0,0.0
hd6-ms6d.firebaseapp.com,Phishing,training_set,24.0,0.08333333333333333,0.08333333333333333,1.0,0.041666666666666664,0.0,0.0,1.0,0.0,15.0,0.0,0.0,0.0,0.5,0.0,0.0,0.0,1.0,3.0,3.91829583405449,0.0,0.0,0.0,0.0,0.0,0.0,0.0,0.0,0.0,0.0,0.0,0.0,0.0
hd4-mfh4d.firebaseapp.com,Phishing,training_set,25.0,0.08,0.08,1.0,0.04,0.0,0.0,1.0,0.0,15.0,0.0,0.0,0.0,0.5,0.0,0.0,0.0,1.0,3.0,3.923856189774724,0.0,0.0,0.0,0.0,0.0,0.0,0.0,0.0,0.0,0.0,0.0,0.0,0.0
hd3-md3x.firebaseapp.com,Phishing,training_set,24.0,0.08333333333333333,0.08333333333333333,1.0,0.041666666666666664,0.0,0.0,1.0,0.0,15.0,0.0,0.0,0.0,0.5,0.0,0.0,0.0,1.0,3.0,4.001629167387823,0.0,0.0,0.0,0.0,0.0,0.0,0.0,0.0,0.0,0.0,0.0,0.0,0.0
hxz-55yt.firebaseapp.com,Phishing,training_set,24.0,0.08333333333333333,0.08333333333333333,1.0,0.041666666666666664,0.0,0.0,1.0,0.0,15.0,0.0,0.0,0.0,0.6666666666666666,0.0,0.0,0.0,1.0,3.0,4.16829583405449,0.0,0.0,0.0,0.0,0.0,0.0,0.0,0.0,0.0,0.0,0.0,0.0,0.0
trde-bef50.firebaseapp.com,Phishing,training_set,26.0,0.07692307692307693,0.07692307692307693,1.0,0.038461538461538464,0.0,0.0,1.0,0.0,15.0,0.0,0.0,0.0,0.6666666666666666,0.0,0.0,0.0,1.0,3.0,3.931208948910322,0.0,0.0,0.0,0.0,0.0,0.0,0.0,0.0,0.0,0.0,0.0,0.0,0.0
aaaqq-89cae.firebaseapp.com,Phishing,training_set,27.0,0.07407407407407407,0.07407407407407407,1.0,0.037037037037037035,0.0,0.0,1.0,0.0,15.0,0.0,0.0,0.0,0.6666666666666666,0.0,0.0,0.0,1.0,3.0,3.7080481500712317,0.0,0.0,0.0,0.0,0.0,0.0,0.0,0.0,0.0,0.0,0.0,0.0,0.0
hd-1wi.firebaseapp.com,Phishing,training_set,22.0,0.045454545454545456,0.09090909090909091,1.0,0.045454545454545456,0.0,0.0,1.0,0.0,15.0,0.0,0.0,0.0,0.6666666666666666,0.0,0.0,0.0,1.0,3.0,4.004886164091842,0.0,0.0,0.0,0.0,0.0,0.0,0.0,0.0,0.0,0.0,0.0,0.0,0.0
hdasw-44086.firebaseapp.com,Phishing,training_set,27.0,0.18518518518518517,0.07407407407407407,1.0,0.037037037037037035,0.0,0.0,1.0,0.0,15.0,0.0,0.0,0.0,0.6666666666666666,0.0,0.0,0.0,1.0,3.0,4.208410187268527,0.0,0.0,0.0,0.0,0.0,0.0,0.0,0.0,0.0,0.0,0.0,0.0,0.0
hyt-1fa.firebaseapp.com,Phishing,training_set,23.0,0.043478260869565216,0.08695652173913043,1.0,0.043478260869565216,0.0,0.0,1.0,0.0,15.0,0.0,0.0,0.0,0.6666666666666666,0.0,0.0,0.0,1.0,3.0,3.9690016298759936,0.0,0.0,0.0,0.0,0.0,0.0,0.0,0.0,0.0,0.0,0.0,0.0,0.0
yuhh-b49cd.firebaseapp.com,Phishing,training_set,26.0,0.07692307692307693,0.07692307692307693,1.0,0.038461538461538464,0.0,0.0,1.0,0.0,15.0,0.0,0.0,0.0,0.6666666666666666,0.0,0.0,0.0,1.0,3.0,4.161978179679553,0.0,0.0,0.0,0.0,0.0,0.0,0.0,0.0,0.0,0.0,0.0,0.0,0.0
awsz-81822.firebaseapp.com,Phishing,training_set,26.0,0.19230769230769232,0.07692307692307693,1.0,0.038461538461538464,0.0,0.0,1.0,0.0,15.0,0.0,0.0,0.0,0.6666666666666666,0.0,0.0,0.0,1.0,3.0,4.056020968057881,0.0,0.0,0.0,0.0,0.0,0.0,0.0,0.0,0.0,0.0,0.0,0.0,0.0
ljhy-128fd.firebaseapp.com,Phishing,training_set,26.0,0.11538461538461539,0.07692307692307693,1.0,0.038461538461538464,0.0,0.0,1.0,0.0,15.0,0.0,0.0,0.0,0.6666666666666666,0.0,0.0,0.0,1.0,3.0,4.315824333525707,0.0,0.0,0.0,0.0,0.0,0.0,0.0,0.0,0.0,0.0,0.0,0.0,0.0
nmcv-5cc34.firebaseapp.com,Phishing,training_set,26.0,0.11538461538461539,0.07692307692307693,1.0,0.038461538461538464,0.0,0.0,1.0,0.0,15.0,0.0,0.0,0.0,0.6666666666666666,0.0,0.0,0.0,1.0,3.0,4.008132025833399,0.0,0.0,0.0,0.0,0.0,0.0,0.0,0.0,0.0,0.0,0.0,0.0,0.0
dfkjd-b7601.firebaseapp.com,Phishing,training_set,27.0,0.14814814814814814,0.07407407407407407,1.0,0.037037037037037035,0.0,0.0,1.0,0.0,15.0,0.0,0.0,0.0,0.6666666666666666,0.0,0.0,0.0,1.0,3.0,4.236368983644951,0.0,0.0,0.0,0.0,0.0,0.0,0.0,0.0,0.0,0.0,0.0,0.0,0.0
hgjk-7354f.firebaseapp.com,Phishing,training_set,26.0,0.15384615384615385,0.07692307692307693,1.0,0.038461538461538464,0.0,0.0,1.0,0.0,15.0,0.0,0.0,0.0,0.6666666666666666,0.0,0.0,0.0,1.0,3.0,4.315824333525707,0.0,0.0,0.0,0.0,0.0,0.0,0.0,0.0,0.0,0.0,0.0,0.0,0.0
kilik-eb4d5.firebaseapp.com,Phishing,training_set,27.0,0.07407407407407407,0.07407407407407407,1.0,0.037037037037037035,0.0,0.0,1.0,0.0,15.0,0.0,0.0,0.0,0.6666666666666666,0.0,0.0,0.0,1.0,3.0,4.032303242743953,0.0,0.0,0.0,0.0,0.0,0.0,0.0,0.0,0.0,0.0,0.0,0.0,0.0
dfjf-b29b1.firebaseapp.com,Phishing,training_set,26.0,0.11538461538461539,0.07692307692307693,1.0,0.038461538461538464,0.0,0.0,1.0,0.0,15.0,0.0,0.0,0.0,0.6666666666666666,0.0,0.0,0.0,1.0,3.0,4.026986833359286,0.0,0.0,0.0,0.0,0.0,0.0,0.0,0.0,0.0,0.0,0.0,0.0,0.0
mnjde-b2973.firebaseapp.com,Phishing,training_set,27.0,0.14814814814814814,0.07407407407407407,1.0,0.037037037037037035,0.0,0.0,1.0,0.0,15.0,0.0,0.0,0.0,0.6666666666666666,0.0,0.0,0.0,1.0,3.0,4.208410187268527,0.0,0.0,0.0,0.0,0.0,0.0,0.0,0.0,0.0,0.0,0.0,0.0,0.0
fekjre-df4e4.firebaseapp.com,Phishing,training_set,28.0,0.07142857142857142,0.07142857142857142,1.0,0.03571428571428571,0.0,0.0,1.0,0.0,15.0,0.0,0.0,0.0,0.6666666666666666,0.0,0.0,0.0,1.0,3.0,3.8657646371790233,0.0,0.0,0.0,0.0,0.0,0.0,0.0,0.0,0.0,0.0,0.0,0.0,0.0
fyyu-3f1de.firebaseapp.com,Phishing,training_set,26.0,0.07692307692307693,0.07692307692307693,1.0,0.038461538461538464,0.0,0.0,1.0,0.0,15.0,0.0,0.0,0.0,0.6666666666666666,0.0,0.0,0.0,1.0,3.0,4.026986833359286,0.0,0.0,0.0,0.0,0.0,0.0,0.0,0.0,0.0,0.0,0.0,0.0,0.0
ewkw-a4ef1.firebaseapp.com,Phishing,training_set,26.0,0.07692307692307693,0.07692307692307693,1.0,0.038461538461538464,0.0,0.0,1.0,0.0,15.0,0.0,0.0,0.0,0.6666666666666666,0.0,0.0,0.0,1.0,3.0,3.902174814211727,0.0,0.0,0.0,0.0,0.0,0.0,0.0,0.0,0.0,0.0,0.0,0.0,0.0
erwe-3b3d0.firebaseapp.com,Phishing,training_set,26.0,0.11538461538461539,0.07692307692307693,1.0,0.038461538461538464,0.0,0.0,1.0,0.0,15.0,0.0,0.0,0.0,0.6666666666666666,0.0,0.0,0.0,1.0,3.0,3.931208948910322,0.0,0.0,0.0,0.0,0.0,0.0,0.0,0.0,0.0,0.0,0.0,0.0,0.0
dfkdd-b3641.firebaseapp.com,Phishing,training_set,27.0,0.14814814814814814,0.07407407407407407,1.0,0.037037037037037035,0.0,0.0,1.0,0.0,15.0,0.0,0.0,0.0,0.6666666666666666,0.0,0.0,0.0,1.0,3.0,4.134336113194452,0.0,0.0,0.0,0.0,0.0,0.0,0.0,0.0,0.0,0.0,0.0,0.0,0.0
jai-amma.firebaseapp.com,Phishing,training_set,24.0,0.0,0.08333333333333333,1.0,0.041666666666666664,0.0,0.0,1.0,0.0,15.0,0.0,0.0,0.0,0.5,0.0,0.0,0.0,1.0,3.0,3.569773835029478,0.0,0.0,0.0,0.0,0.0,0.0,0.0,0.0,0.0,0.0,0.0,0.0,0.0
radhe--jai.firebaseapp.com,Phishing,training_set,26.0,0.0,0.07692307692307693,2.0,0.07692307692307693,0.0,0.0,1.0,0.0,15.0,0.0,0.0,0.0,0.5,0.0,0.0,0.0,1.0,3.0,3.8252517372886508,0.0,0.0,0.0,0.0,0.0,0.0,0.0,0.0,0.0,0.0,0.0,0.0,0.0
ukfr-c5da9.firebaseapp.com,Phishing,training_set,26.0,0.07692307692307693,0.07692307692307693,1.0,0.038461538461538464,0.0,0.0,1.0,0.0,15.0,0.0,0.0,0.0,0.6,0.0,0.0,0.0,1.0,3.0,4.056020968057881,0.0,0.0,0.0,0.0,0.0,0.0,0.0,0.0,0.0,0.0,0.0,0.0,0.0
shya-pjt9.firebaseapp.com,Phishing,training_set,25.0,0.04,0.08,1.0,0.04,0.0,0.0,1.0,0.0,15.0,0.0,0.0,0.0,0.6666666666666666,0.0,0.0,0.0,1.0,3.0,4.023465189601646,0.0,0.0,0.0,0.0,0.0,0.0,0.0,0.0,0.0,0.0,0.0,0.0,0.0
hd-ujfc1.firebaseapp.com,Phishing,training_set,24.0,0.041666666666666664,0.08333333333333333,1.0,0.041666666666666664,0.0,0.0,1.0,0.0,15.0,0.0,0.0,0.0,0.6666666666666666,0.0,0.0,0.0,1.0,3.0,4.084962500721157,0.0,0.0,0.0,0.0,0.0,0.0,0.0,0.0,0.0,0.0,0.0,0.0,0.0
dfg-kmn.firebaseapp.com,Phishing,training_set,23.0,0.0,0.08695652173913043,1.0,0.043478260869565216,0.0,0.0,1.0,0.0,15.0,0.0,0.0,0.0,0.5,0.0,0.0,0.0,1.0,3.0,4.001822825622232,0.0,0.0,0.0,0.0,0.0,0.0,0.0,0.0,0.0,0.0,0.0,0.0,0.0
rane-1d1ee.firebaseapp.com,Phishing,training_set,26.0,0.07692307692307693,0.07692307692307693,1.0,0.038461538461538464,0.0,0.0,1.0,0.0,15.0,0.0,0.0,0.0,0.5,0.0,0.0,0.0,1.0,3.0,3.76334248827185,0.0,0.0,0.0,0.0,0.0,0.0,0.0,0.0,0.0,0.0,0.0,0.0,0.0
hdfcergoinsurancerenewpolicy.in,Suspected,training_set,31.0,0.0,0.03225806451612903,0.0,0.0,0.0,0.0,0.0,1.0,31.0,0.0,0.0,0.12903225806451613,99.0,0.0,0.0,0.0,0.0,2.0,3.9134007456613777,0.0,0.0,0.0,0.0,0.0,0.0,0.0,0.0,0.0,0.0,0.0,0.0,0.0
hdfcergorenewhealthinsurancepolicy.in,Suspected,training_set,37.0,0.0,0.02702702702702703,0.0,0.0,0.0,0.0,0.0,1.0,37.0,0.0,0.0,0.10810810810810811,99.0,0.0,0.0,0.0,0.0,2.0,4.003259028248121,0.0,0.0,0.0,0.0,0.0,0.0,0.0,0.0,0.0,0.0,0.0,0.0,0.0
hdfcergohealthinsurancerenewyourpolicyhere.in,Suspected,training_set,45.0,0.0,0.022222222222222223,0.0,0.0,0.0,0.0,0.0,1.0,45.0,0.0,0.0,0.08888888888888889,99.0,0.0,0.0,0.0,0.0,2.0,3.946835597766776,0.0,0.0,0.0,0.0,0.0,0.0,0.0,0.0,0.0,0.0,0.0,0.0,0.0
hdfcergogeneralhealthinsurance.in,Suspected,training_set,33.0,0.0,0.030303030303030304,0.0,0.0,0.0,0.0,0.0,1.0,33.0,0.0,0.0,0.12121212121212122,99.0,0.0,0.0,0.0,0.0,2.0,3.775475847209144,0.0,0.0,0.0,0.0,0.0,0.0,0.0,0.0,0.0,0.0,0.0,0.0,0.0
hdfcergopolicyrenewhere.in,Suspected,training_set,26.0,0.0,0.038461538461538464,0.0,0.0,0.0,0.0,0.0,1.0,26.0,0.0,0.0,0.15384615384615385,99.0,0.0,0.0,0.0,0.0,2.0,3.686419411348773,0.0,0.0,0.0,0.0,0.0,0.0,0.0,0.0,0.0,0.0,0.0,0.0,0.0
hdfcergopolicyrenewinsurances.in,Suspected,training_set,32.0,0.0,0.03125,0.0,0.0,0.0,0.0,0.0,1.0,32.0,0.0,0.0,0.125,99.0,0.0,0.0,0.0,0.0,2.0,3.9292292966721747,0.0,0.0,0.0,0.0,0.0,0.0,0.0,0.0,0.0,0.0,0.0,0.0,0.0
hdfcergorenewinsurancehere.in,Suspected,training_set,29.0,0.0,0.034482758620689655,0.0,0.0,0.0,0.0,0.0,1.0,29.0,0.0,0.0,0.13793103448275862,99.0,0.0,0.0,0.0,0.0,2.0,3.5645404777369887,0.0,0.0,0.0,0.0,0.0,0.0,0.0,0.0,0.0,0.0,0.0,0.0,0.0
hdfcergorenewalpolicy.in,Suspected,training_set,24.0,0.0,0.041666666666666664,0.0,0.0,0.0,0.0,0.0,1.0,24.0,0.0,0.0,0.16666666666666666,99.0,0.0,0.0,0.0,0.0,2.0,3.886842188131012,0.0,0.0,0.0,0.0,0.0,0.0,0.0,0.0,0.0,0.0,0.0,0.0,0.0
hdfcergopolicyrenewalinsurance.in,Phishing,training_set,33.0,0.0,0.030303030303030304,0.0,0.0,0.0,0.0,0.0,1.0,33.0,0.0,0.0,0.12121212121212122,99.0,0.0,0.0,0.0,0.0,2.0,3.945464952495108,0.0,0.0,0.0,0.0,0.0,0.0,0.0,0.0,0.0,0.0,0.0,0.0,0.0
el-hdfclife.in,Suspected,training_set,14.0,0.0,0.07142857142857142,1.0,0.07142857142857142,0.0,0.0,0.0,1.0,14.0,0.0,0.0,0.2857142857142857,99.0,0.0,0.0,0.0,0.0,2.0,3.2359263506290326,0.0,0.0,0.0,0.0,0.0,0.0,0.0,0.0,0.0,0.0,0.0,0.0,0.0
hdfclife-el.in,Suspected,training_set,14.0,0.0,0.07142857142857142,1.0,0.07142857142857142,0.0,0.0,0.0,1.0,14.0,0.0,0.0,0.2857142857142857,99.0,0.0,0.0,0.0,0.0,2.0,3.2359263506290326,0.0,0.0,0.0,0.0,0.0,0.0,0.0,0.0,0.0,0.0,0.0,0.0,0.0
el-hdfclife.co.in,Suspected,training_set,17.0,0.0,0.11764705882352941,1.0,0.058823529411764705,0.0,0.0,1.0,2.0,5.0,1.0,0.0,0.8,99.0,0.0,0.0,0.0,0.0,2.0,3.381580488309164,0.0,0.0,0.0,0.0,0.0,0.0,0.0,0.0,0.0,0.0,0.0,0.0,0.0
loginicici.com,Phishing,training_set,14.0,0.0,0.07142857142857142,0.0,0.0,0.0,0.0,0.0,1.0,14.0,0.0,0.0,0.21428571428571427,0.6666666666666666,0.0,0.0,0.0,1.0,3.0,2.7534343861887853,1.0,0.0,0.0,0.0,0.0,0.0,0.0,0.0,0.0,0.0,0.0,0.0,0.0
icici-india.com,Phishing,training_set,15.0,0.0,0.06666666666666667,1.0,0.06666666666666667,0.0,0.0,0.0,1.0,15.0,0.0,0.0,0.3333333333333333,0.375,0.0,0.0,0.0,1.0,3.0,2.815922063835166,0.0,0.0,0.0,0.0,0.0,0.0,0.0,0.0,0.0,0.0,0.0,0.0,0.0
icicilogin.com,Phishing,training_set,14.0,0.0,0.07142857142857142,0.0,0.0,0.0,0.0,0.0,1.0,14.0,0.0,0.0,0.35714285714285715,0.6666666666666666,0.0,0.0,0.0,1.0,3.0,2.7534343861887853,1.0,0.0,0.0,0.0,0.0,0.0,0.0,0.0,0.0,0.0,0.0,0.0,0.0
country3.icicibank.adobecqms.net,Phishing,training_set,32.0,0.03125,0.09375,0.0,0.0,0.0,0.0,2.0,2.0,13.0,1.0,0.0,0.38461538461538464,0.6666666666666666,0.0,0.0,0.0,1.0,3.0,3.9917292966721747,0.0,0.0,0.0,0.0,0.0,0.0,0.0,0.0,0.0,0.0,0.0,0.0,0.0
icicibctk.icu,Phishing,training_set,13.0,0.0,0.07692307692307693,0.0,0.0,0.0,0.0,0.0,1.0,13.0,0.0,1.0,0.38461538461538464,0.2222222222222222,0.0,0.0,0.0,0.0,3.0,2.469670487371862,0.0,0.0,0.0,0.0,0.0,0.0,0.0,0.0,0.0,0.0,0.0,0.0,0.0
icicibank-coin.buzz,Phishing,training_set,19.0,0.0,0.05263157894736842,1.0,0.05263157894736842,0.0,0.0,0.0,1.0,19.0,0.0,1.0,0.2631578947368421,0.5,0.0,0.0,0.0,0.0,4.0,3.2608281712244547,0.0,0.0,0.0,0.0,0.0,0.0,0.0,0.0,0.0,0.0,0.0,0.0,0.0
icicibank-coin.top,Phishing,training_set,18.0,0.0,0.05555555555555555,1.0,0.05555555555555555,0.0,0.0,0.0,1.0,18.0,0.0,1.0,0.2777777777777778,0.5,0.0,0.0,0.0,0.0,3.0,3.239097917988786,0.0,0.0,0.0,0.0,0.0,0.0,0.0,0.0,0.0,0.0,0.0,0.0,0.0
icicincion.top,Phishing,training_set,14.0,0.0,0.07142857142857142,0.0,0.0,0.0,0.0,0.0,1.0,14.0,0.0,1.0,0.35714285714285715,0.6666666666666666,0.0,0.0,0.0,0.0,3.0,2.610577243331642,0.0,0.0,0.0,0.0,0.0,0.0,0.0,0.0,0.0,0.0,0.0,0.0,0.0
icicibank-nwnb.top,Phishing,training_set,18.0,0.0,0.05555555555555555,1.0,0.05555555555555555,0.0,0.0,0.0,1.0,18.0,0.0,1.0,0.2777777777777778,0.6666666666666666,0.0,0.0,0.0,0.0,3.0,3.419381945646371,0.0,0.0,0.0,0.0,0.0,0.0,0.0,0.0,0.0,0.0,0.0,0.0,0.0
icici-paypoint.cfd,Phishing,training_set,18.0,0.0,0.05555555555555555,1.0,0.05555555555555555,0.0,0.0,0.0,1.0,18.0,0.0,0.0,0.2777777777777778,0.6,0.0,0.0,0.0,0.0,3.0,3.350209029099897,0.0,0.0,0.0,0.0,0.0,0.0,0.0,0.0,0.0,0.0,0.0,0.0,0.0
icici-paypoint.sbs,Phishing,training_set,18.0,0.0,0.05555555555555555,1.0,0.05555555555555555,0.0,0.0,0.0,1.0,18.0,0.0,1.0,0.2777777777777778,0.3333333333333333,0.0,0.0,0.0,0.0,3.0,3.3921472236645345,0.0,0.0,0.0,0.0,0.0,0.0,0.0,0.0,0.0,0.0,0.0,0.0,0.0
icici-paypoint.top,Phishing,training_set,18.0,0.0,0.05555555555555555,1.0,0.05555555555555555,0.0,0.0,0.0,1.0,18.0,0.0,1.0,0.2777777777777778,0.6,0.0,0.0,0.0,0.0,3.0,3.127986806877675,0.0,0.0,0.0,0.0,0.0,0.0,0.0,0.0,0.0,0.0,0.0,0.0,0.0
icici-paypoints.cfd,Phishing,training_set,19.0,0.0,0.05263157894736842,1.0,0.05263157894736842,0.0,0.0,0.0,1.0,19.0,0.0,0.0,0.2631578947368421,0.6,0.0,0.0,0.0,0.0,3.0,3.471354487013928,0.0,0.0,0.0,0.0,0.0,0.0,0.0,0.0,0.0,0.0,0.0,0.0,0.0
icici-paypoints.sbs,Phishing,training_set,19.0,0.0,0.05263157894736842,1.0,0.05263157894736842,0.0,0.0,0.0,1.0,19.0,0.0,1.0,0.2631578947368421,0.3333333333333333,0.0,0.0,0.0,0.0,3.0,3.366091329119192,0.0,0.0,0.0,0.0,0.0,0.0,0.0,0.0,0.0,0.0,0.0,0.0,0.0
icici-paylink.cfd,Phishing,training_set,17.0,0.0,0.058823529411764705,1.0,0.058823529411764705,0.0,0.0,0.0,1.0,17.0,0.0,0.0,0.29411764705882354,0.6,0.0,0.0,0.0,0.0,3.0,3.337175341123077,0.0,0.0,0.0,0.0,0.0,0.0,0.0,0.0,0.0,0.0,0.0,0.0,0.0
icici-paylink.xyz,Phishing,training_set,17.0,0.0,0.058823529411764705,1.0,0.058823529411764705,0.0,0.0,0.0,1.0,17.0,0.0,1.0,0.29411764705882354,0.6,0.0,0.0,0.0,0.0,3.0,3.3815804883091634,0.0,0.0,0.0,0.0,0.0,0.0,0.0,0.0,0.0,0.0,0.0,0.0,0.0
imobileservices.online,Phishing,training_set,22.0,0.0,0.045454545454545456,0.0,0.0,0.0,0.0,0.0,0.0,22.0,0.0,1.0,0.0,0.3333333333333333,0.0,0.0,0.0,0.0,6.0,3.368522527728206,0.0,0.0,0.0,0.0,0.0,0.0,0.0,0.0,0.0,0.0,0.0,0.0,0.0
country1.icicibank.adobecqms.net,Phishing,training_set,32.0,0.03125,0.09375,0.0,0.0,0.0,0.0,2.0,2.0,13.0,1.0,0.0,0.38461538461538464,0.6666666666666666,0.0,0.0,0.0,1.0,3.0,3.9917292966721747,0.0,0.0,0.0,0.0,0.0,0.0,0.0,0.0,0.0,0.0,0.0,0.0,0.0
icicibahnk.com,Suspected,training_set,14.0,0.0,0.07142857142857142,0.0,0.0,0.0,0.0,0.0,1.0,14.0,0.0,0.0,0.35714285714285715,0.1111111111111111,0.0,0.0,0.0,1.0,3.0,3.128085278891395,0.0,0.0,0.0,0.0,0.0,0.0,0.0,0.0,0.0,0.0,0.0,0.0,0.0
icicibajnk.com,Suspected,training_set,14.0,0.0,0.07142857142857142,0.0,0.0,0.0,0.0,0.0,1.0,14.0,0.0,0.0,0.35714285714285715,0.1111111111111111,0.0,0.0,0.0,1.0,3.0,3.128085278891395,0.0,0.0,0.0,0.0,0.0,0.0,0.0,0.0,0.0,0.0,0.0,0.0,0.0
icicibanc.com,Suspected,training_set,13.0,0.0,0.07692307692307693,0.0,0.0,0.0,0.0,0.0,1.0,13.0,0.0,0.0,0.38461538461538464,0.1111111111111111,0.0,0.0,0.0,1.0,3.0,2.7192945256669794,0.0,0.0,0.0,0.0,0.0,0.0,0.0,0.0,0.0,0.0,0.0,0.0,0.0
icicibasnk.com,Suspected,training_set,14.0,0.0,0.07142857142857142,0.0,0.0,0.0,0.0,0.0,1.0,14.0,0.0,0.0,0.35714285714285715,0.1111111111111111,0.0,0.0,0.0,1.0,3.0,3.128085278891395,0.0,0.0,0.0,0.0,0.0,0.0,0.0,0.0,0.0,0.0,0.0,0.0,0.0
icicibamnk.com,Suspected,training_set,14.0,0.0,0.07142857142857142,0.0,0.0,0.0,0.0,0.0,1.0,14.0,0.0,0.0,0.35714285714285715,0.1111111111111111,0.0,0.0,0.0,1.0,3.0,2.9852281360342516,0.0,0.0,0.0,0.0,0.0,0.0,0.0,0.0,0.0,0.0,0.0,0.0,0.0
iciciappstore.in,Suspected,training_set,16.0,0.0,0.0625,0.0,0.0,0.0,0.0,0.0,1.0,16.0,0.0,0.0,0.3125,99.0,0.0,0.0,0.0,0.0,2.0,3.25,0.0,0.0,0.0,0.0,0.0,0.0,0.0,0.0,0.0,0.0,0.0,0.0,0.0
icicicardapp.co.in,Suspected,training_set,18.0,0.0,0.1111111111111111,0.0,0.0,0.0,0.0,1.0,2.0,5.0,1.0,0.0,1.0,99.0,0.0,0.0,0.0,0.0,2.0,2.94770277922009,0.0,0.0,0.0,0.0,0.0,0.0,0.0,0.0,0.0,0.0,0.0,0.0,0.0
icicidirectfin.in,Suspected,training_set,17.0,0.0,0.058823529411764705,0.0,0.0,0.0,0.0,0.0,1.0,17.0,0.0,0.0,0.29411764705882354,99.0,0.0,0.0,0.0,0.0,2.0,2.7777768114567865,0.0,0.0,0.0,0.0,0.0,0.0,0.0,0.0,0.0,0.0,0.0,0.0,0.0
icicifin.in,Suspected,training_set,11.0,0.0,0.09090909090909091,0.0,0.0,0.0,0.0,0.0,1.0,11.0,0.0,0.0,0.45454545454545453,0.3333333333333333,0.0,0.0,0.0,0.0,2.0,2.0403733936884962,0.0,0.0,0.0,0.0,0.0,0.0,0.0,0.0,0.0,0.0,0.0,0.0,0.0
icicibank.tech,Suspected,training_set,14.0,0.0,0.07142857142857142,0.0,0.0,0.0,0.0,0.0,1.0,14.0,0.0,0.0,0.35714285714285715,0.75,0.0,0.0,0.0,0.0,4.0,3.128085278891395,0.0,0.0,0.0,0.0,0.0,0.0,0.0,0.0,0.0,0.0,0.0,0.0,0.0
iciciinfor.website,Suspected,training_set,18.0,0.0,0.05555555555555555,0.0,0.0,0.0,0.0,0.0,1.0,18.0,0.0,0.0,0.2777777777777778,99.0,0.0,0.0,0.0,0.0,7.0,3.3027227528624894,0.0,0.0,0.0,0.0,0.0,0.0,0.0,0.0,0.0,0.0,0.0,0.0,0.0
icicicoins.sbs,Suspected,training_set,14.0,0.0,0.07142857142857142,0.0,0.0,0.0,0.0,0.0,1.0,14.0,0.0,1.0,0.35714285714285715,0.3333333333333333,0.0,0.0,0.0,0.0,3.0,2.556656707462823,0.0,0.0,0.0,0.0,0.0,0.0,0.0,0.0,0.0,0.0,0.0,0.0,0.0
icici-game.in,Suspected,training_set,13.0,0.0,0.07692307692307693,1.0,0.07692307692307693,0.0,0.0,0.0,1.0,13.0,0.0,0.0,0.38461538461538464,0.6,0.0,0.0,0.0,0.0,2.0,2.9312089489103235,0.0,0.0,0.0,0.0,0.0,0.0,0.0,0.0,0.0,0.0,0.0,0.0,0.0
icicichest.in,Suspected,training_set,13.0,0.0,0.07692307692307693,0.0,0.0,0.0,0.0,0.0,1.0,13.0,0.0,0.0,0.38461538461538464,99.0,0.0,0.0,0.0,0.0,2.0,2.71929452566698,0.0,0.0,0.0,0.0,0.0,0.0,0.0,0.0,0.0,0.0,0.0,0.0,0.0
icicicarloans.in,Suspected,training_set,16.0,0.0,0.0625,0.0,0.0,0.0,0.0,0.0,1.0,16.0,0.0,0.0,0.3125,99.0,0.0,0.0,0.0,0.0,2.0,2.952819531114783,0.0,0.0,0.0,0.0,0.0,0.0,0.0,0.0,0.0,0.0,0.0,0.0,0.0
icici-paylink.sbs,Suspected,training_set,17.0,0.0,0.058823529411764705,1.0,0.058823529411764705,0.0,0.0,0.0,1.0,17.0,0.0,1.0,0.29411764705882354,0.3333333333333333,0.0,0.0,0.0,0.0,3.0,3.3815804883091634,0.0,0.0,0.0,0.0,0.0,0.0,0.0,0.0,0.0,0.0,0.0,0.0,0.0
icicib.co.in,Suspected,training_set,12.0,0.0,0.16666666666666666,0.0,0.0,0.0,0.0,1.0,2.0,5.0,1.0,0.0,1.0,0.2,0.0,0.0,0.0,0.0,2.0,2.3553885422075336,0.0,0.0,0.0,0.0,0.0,0.0,0.0,0.0,0.0,0.0,0.0,0.0,0.0
iciciback.top,Suspected,training_set,13.0,0.0,0.07692307692307693,0.0,0.0,0.0,0.0,0.0,1.0,13.0,0.0,1.0,0.38461538461538464,0.1111111111111111,0.0,0.0,0.0,0.0,3.0,2.9689185639620974,0.0,0.0,0.0,0.0,0.0,0.0,0.0,0.0,0.0,0.0,0.0,0.0,0.0
icicibank.online,Suspected,training_set,16.0,0.0,0.0625,0.0,0.0,0.0,0.0,0.0,1.0,16.0,0.0,1.0,0.3125,0.3333333333333333,0.0,0.0,0.0,0.0,6.0,3.077819531114783,0.0,0.0,0.0,0.0,0.0,0.0,0.0,0.0,0.0,0.0,0.0,0.0,0.0
icicibank.website,Suspected,training_set,17.0,0.0,0.058823529411764705,0.0,0.0,0.0,0.0,0.0,1.0,17.0,0.0,0.0,0.29411764705882354,99.0,0.0,0.0,0.0,0.0,7.0,3.263933429485634,0.0,0.0,0.0,0.0,0.0,0.0,0.0,0.0,0.0,0.0,0.0,0.0,0.0
icicibazk.top,Suspected,training_set,13.0,0.0,0.07692307692307693,0.0,0.0,0.0,0.0,0.0,1.0,13.0,0.0,1.0,0.38461538461538464,0.1111111111111111,0.0,0.0,0.0,0.0,3.0,3.180832987205441,0.0,0.0,0.0,0.0,0.0,0.0,0.0,0.0,0.0,0.0,0.0,0.0,0.0
icicibxek.shop,Suspected,training_set,14.0,0.0,0.07142857142857142,0.0,0.0,0.0,0.0,0.0,1.0,14.0,0.0,1.0,0.35714285714285715,0.2222222222222222,0.0,0.0,0.0,0.0,4.0,3.3248629576173574,0.0,0.0,0.0,0.0,0.0,0.0,0.0,0.0,0.0,0.0,0.0,0.0,0.0
icicibxsak.shop,Suspected,training_set,15.0,0.0,0.06666666666666667,0.0,0.0,0.0,0.0,0.0,1.0,15.0,0.0,1.0,0.3333333333333333,0.3333333333333333,0.0,0.0,0.0,0.0,4.0,3.32323142879762,0.0,0.0,0.0,0.0,0.0,0.0,0.0,0.0,0.0,0.0,0.0,0.0,0.0
icicibxsek.shop,Suspected,training_set,15.0,0.0,0.06666666666666667,0.0,0.0,0.0,0.0,0.0,1.0,15.0,0.0,1.0,0.3333333333333333,0.3333333333333333,0.0,0.0,0.0,0.0,4.0,3.32323142879762,0.0,0.0,0.0,0.0,0.0,0.0,0.0,0.0,0.0,0.0,0.0,0.0,0.0
icicibxsrk.shop,Suspected,training_set,15.0,0.0,0.06666666666666667,0.0,0.0,0.0,0.0,0.0,1.0,15.0,0.0,1.0,0.3333333333333333,0.3333333333333333,0.0,0.0,0.0,0.0,4.0,3.3232314287976203,0.0,0.0,0.0,0.0,0.0,0.0,0.0,0.0,0.0,0.0,0.0,0.0,0.0
iciciibank.top,Suspected,training_set,14.0,0.0,0.07142857142857142,0.0,0.0,0.0,0.0,0.0,1.0,14.0,0.0,1.0,0.35714285714285715,0.1111111111111111,0.0,0.0,0.0,0.0,3.0,3.09306920777189,0.0,0.0,0.0,0.0,0.0,0.0,0.0,0.0,0.0,0.0,0.0,0.0,0.0
icici.homes,Suspected,training_set,11.0,0.0,0.09090909090909091,0.0,0.0,0.0,0.0,0.0,1.0,11.0,0.0,0.0,0.45454545454545453,0.6,0.0,0.0,0.0,0.0,5.0,2.8453509366224368,0.0,0.0,0.0,0.0,0.0,0.0,0.0,0.0,0.0,0.0,0.0,0.0,0.0
icicibankcareer.xyz,Suspected,training_set,19.0,0.0,0.05263157894736842,0.0,0.0,0.0,0.0,0.0,1.0,19.0,0.0,1.0,0.2631578947368421,1.0,0.0,0.0,0.0,0.0,3.0,3.431623565847431,0.0,0.0,0.0,0.0,0.0,0.0,0.0,0.0,0.0,0.0,0.0,0.0,0.0
icicibankpersonalloan.xyz,Suspected,training_set,25.0,0.0,0.04,0.0,0.0,0.0,0.0,0.0,1.0,25.0,0.0,1.0,0.2,1.0,0.0,0.0,0.0,0.0,3.0,3.833269689515108,0.0,0.0,0.0,0.0,0.0,0.0,0.0,0.0,0.0,0.0,0.0,0.0,0.0
points-icici.cfd,Suspected,training_set,16.0,0.0,0.0625,1.0,0.0625,0.0,0.0,0.0,1.0,16.0,0.0,0.0,0.3125,0.6,0.0,0.0,0.0,0.0,3.0,3.202819531114783,0.0,0.0,0.0,0.0,0.0,0.0,0.0,0.0,0.0,0.0,0.0,0.0,0.0
points-icici.click,Suspected,training_set,18.0,0.0,0.05555555555555555,1.0,0.05555555555555555,0.0,0.0,0.0,1.0,18.0,0.0,1.0,0.2777777777777778,0.6,0.0,0.0,0.0,0.0,5.0,3.0805005306402675,0.0,0.0,0.0,0.0,0.0,0.0,0.0,0.0,0.0,0.0,0.0,0.0,0.0
points-icici.top,Suspected,training_set,16.0,0.0,0.0625,1.0,0.0625,0.0,0.0,0.0,1.0,16.0,0.0,1.0,0.3125,0.6,0.0,0.0,0.0,0.0,3.0,3.0,0.0,0.0,0.0,0.0,0.0,0.0,0.0,0.0,0.0,0.0,0.0,0.0,0.0
points-icici.xyz,Suspected,training_set,16.0,0.0,0.0625,1.0,0.0625,0.0,0.0,0.0,1.0,16.0,0.0,1.0,0.3125,0.6,0.0,0.0,0.0,0.0,3.0,3.375,0.0,0.0,0.0,0.0,0.0,0.0,0.0,0.0,0.0,0.0,0.0,0.0,0.0
icici.xyz,Suspected,training_set,9.0,0.0,0.1111111111111111,0.0,0.0,0.0,0.0,0.0,1.0,9.0,0.0,1.0,0.5555555555555556,0.6,0.0,0.0,0.0,0.0,3.0,2.4193819456463714,0.0,0.0,0.0,0.0,0.0,0.0,0.0,0.0,0.0,0.0,0.0,0.0,0.0
icicimua520.xyz,Suspected,training_set,15.0,0.2,0.06666666666666667,0.0,0.0,0.0,0.0,0.0,1.0,15.0,0.0,1.0,0.3333333333333333,1.0,0.0,0.0,0.0,0.0,3.0,3.4565647621309536,0.0,0.0,0.0,0.0,0.0,0.0,0.0,0.0,0.0,0.0,0.0,0.0,0.0
imobile.services,Suspected,training_set,16.0,0.0,0.0625,0.0,0.0,0.0,0.0,0.0,0.0,16.0,0.0,0.0,0.0,99.0,0.0,0.0,0.0,0.0,8.0,3.2806390622295662,0.0,0.0,0.0,0.0,0.0,0.0,0.0,0.0,0.0,0.0,0.0,0.0,0.0
icicilbank.vip,Suspected,training_set,14.0,0.0,0.07142857142857142,0.0,0.0,0.0,0.0,0.0,1.0,14.0,0.0,0.0,0.35714285714285715,0.1111111111111111,0.0,0.0,0.0,0.0,3.0,3.09306920777189,0.0,0.0,0.0,0.0,0.0,0.0,0.0,0.0,0.0,0.0,0.0,0.0,0.0
icicillbank.vip,Suspected,training_set,15.0,0.0,0.06666666666666667,0.0,0.0,0.0,0.0,0.0,1.0,15.0,0.0,0.0,0.3333333333333333,0.2222222222222222,0.0,0.0,0.0,0.0,3.0,3.1068905956085184,0.0,0.0,0.0,0.0,0.0,0.0,0.0,0.0,0.0,0.0,0.0,0.0,0.0
iciciibank.vip,Suspected,training_set,14.0,0.0,0.07142857142857142,0.0,0.0,0.0,0.0,0.0,1.0,14.0,0.0,0.0,0.35714285714285715,0.1111111111111111,0.0,0.0,0.0,0.0,3.0,2.835237745312118,0.0,0.0,0.0,0.0,0.0,0.0,0.0,0.0,0.0,0.0,0.0,0.0,0.0
icicibanka.sbs,Suspected,training_set,14.0,0.0,0.07142857142857142,0.0,0.0,0.0,0.0,0.0,1.0,14.0,0.0,1.0,0.35714285714285715,0.1111111111111111,0.0,0.0,0.0,0.0,3.0,2.8962915290459277,0.0,0.0,0.0,0.0,0.0,0.0,0.0,0.0,0.0,0.0,0.0,0.0,0.0
icicirewardspro.in,Phishing,training_set,18.0,0.0,0.05555555555555555,0.0,0.0,0.0,0.0,0.0,1.0,18.0,0.0,0.0,0.2777777777777778,99.0,0.0,0.0,0.0,0.0,2.0,3.350209029099897,0.0,0.0,0.0,0.0,0.0,0.0,0.0,0.0,0.0,0.0,0.0,0.0,0.0
icicibak.com,Phishing,training_set,12.0,0.0,0.08333333333333333,0.0,0.0,0.0,0.0,0.0,1.0,12.0,0.0,0.0,0.4166666666666667,0.1111111111111111,0.0,0.0,0.0,1.0,3.0,2.792481250360578,0.0,0.0,0.0,0.0,0.0,0.0,0.0,0.0,0.0,0.0,0.0,0.0,0.0
icicirewardstore.in,Suspected,training_set,19.0,0.0,0.05263157894736842,0.0,0.0,0.0,0.0,0.0,1.0,19.0,0.0,0.0,0.2631578947368421,99.0,0.0,0.0,0.0,0.0,2.0,3.3660913291191914,0.0,0.0,0.0,0.0,0.0,0.0,0.0,0.0,0.0,0.0,0.0,0.0,0.0
icicipruamc.co.in,Suspected,training_set,17.0,0.0,0.11764705882352941,0.0,0.0,0.0,0.0,1.0,2.0,5.0,1.0,0.0,1.0,99.0,0.0,0.0,0.0,0.0,2.0,3.028639311838575,0.0,0.0,0.0,0.0,0.0,0.0,0.0,0.0,0.0,0.0,0.0,0.0,0.0
icicicreditcards.in,Suspected,training_set,19.0,0.0,0.05263157894736842,0.0,0.0,0.0,0.0,0.0,1.0,19.0,0.0,0.0,0.2631578947368421,99.0,0.0,0.0,0.0,0.0,2.0,3.0053148568942794,0.0,0.0,0.0,0.0,0.0,0.0,0.0,0.0,0.0,0.0,0.0,0.0,0.0
mycardicici.in,Suspected,training_set,14.0,0.0,0.07142857142857142,0.0,0.0,0.0,0.0,0.0,1.0,14.0,0.0,0.0,0.35714285714285715,99.0,0.0,0.0,0.0,0.0,2.0,2.8962915290459286,0.0,0.0,0.0,0.0,0.0,0.0,0.0,0.0,0.0,0.0,0.0,0.0,0.0
icicipruamc.in,Suspected,training_set,14.0,0.0,0.07142857142857142,0.0,0.0,0.0,0.0,0.0,1.0,14.0,0.0,0.0,0.35714285714285715,99.0,0.0,0.0,0.0,0.0,2.0,2.8962915290459286,0.0,0.0,0.0,0.0,0.0,0.0,0.0,0.0,0.0,0.0,0.0,0.0,0.0
icicicard.xyz,Suspected,training_set,13.0,0.0,0.07692307692307693,0.0,0.0,0.0,0.0,0.0,1.0,13.0,0.0,1.0,0.38461538461538464,0.3333333333333333,0.0,0.0,0.0,0.0,3.0,2.9689185639620974,0.0,0.0,0.0,0.0,0.0,0.0,0.0,0.0,0.0,0.0,0.0,0.0,0.0
iciciapp.in,Suspected,training_set,11.0,0.0,0.09090909090909091,0.0,0.0,0.0,0.0,0.0,1.0,11.0,0.0,0.0,0.45454545454545453,0.3333333333333333,0.0,0.0,0.0,0.0,2.0,2.3685225277282065,0.0,0.0,0.0,0.0,0.0,0.0,0.0,0.0,0.0,0.0,0.0,0.0,0.0
mycardicici.co.in,Suspected,training_set,17.0,0.0,0.11764705882352941,0.0,0.0,0.0,0.0,1.0,2.0,5.0,1.0,0.0,1.0,99.0,0.0,0.0,0.0,0.0,2.0,3.028639311838575,0.0,0.0,0.0,0.0,0.0,0.0,0.0,0.0,0.0,0.0,0.0,0.0,0.0
icici-bank.org.in,Suspected,training_set,17.0,0.0,0.11764705882352941,1.0,0.058823529411764705,0.0,0.0,1.0,2.0,6.0,1.0,0.0,0.8333333333333334,0.6,0.0,0.0,0.0,0.0,2.0,3.263933429485634,0.0,0.0,0.0,0.0,0.0,0.0,0.0,0.0,0.0,0.0,0.0,0.0,0.0
icicibankstatement.co.in,Suspected,training_set,24.0,0.0,0.08333333333333333,0.0,0.0,0.0,0.0,1.0,2.0,5.0,1.0,0.0,1.0,99.0,0.0,0.0,0.0,0.0,2.0,3.4072682296173893,0.0,0.0,0.0,0.0,0.0,0.0,0.0,0.0,0.0,0.0,0.0,0.0,0.0
iciciapp.co.in,Suspected,training_set,14.0,0.0,0.14285714285714285,0.0,0.0,0.0,0.0,1.0,2.0,5.0,1.0,0.0,1.0,0.3333333333333333,0.0,0.0,0.0,0.0,2.0,2.610577243331642,0.0,0.0,0.0,0.0,0.0,0.0,0.0,0.0,0.0,0.0,0.0,0.0,0.0
iciciicard.in,Suspected,training_set,13.0,0.0,0.07692307692307693,0.0,0.0,0.0,0.0,0.0,1.0,13.0,0.0,0.0,0.38461538461538464,99.0,0.0,0.0,0.0,0.0,2.0,2.4416298737872246,0.0,0.0,0.0,0.0,0.0,0.0,0.0,0.0,0.0,0.0,0.0,0.0,0.0
cardiciciapply.co.in,Suspected,training_set,20.0,0.0,0.1,0.0,0.0,0.0,0.0,1.0,2.0,5.0,1.0,0.0,1.0,99.0,0.0,0.0,0.0,0.0,2.0,3.221928094887362,0.0,0.0,0.0,0.0,0.0,0.0,0.0,0.0,0.0,0.0,0.0,0.0,0.0
icicibankcarrers.in,Suspected,training_set,19.0,0.0,0.05263157894736842,0.0,0.0,0.0,0.0,0.0,1.0,19.0,0.0,0.0,0.2631578947368421,99.0,0.0,0.0,0.0,0.0,2.0,3.11583409216322,0.0,0.0,0.0,0.0,0.0,0.0,0.0,0.0,0.0,0.0,0.0,0.0,0.0
icicimyrewards.net,Suspected,training_set,18.0,0.0,0.05555555555555555,0.0,0.0,0.0,0.0,0.0,1.0,18.0,0.0,0.0,0.2777777777777778,0.6666666666666666,0.0,0.0,0.0,1.0,3.0,3.5724312513221195,0.0,0.0,0.0,0.0,0.0,0.0,0.0,0.0,0.0,0.0,0.0,0.0,0.0
icicisavingsreward.net,Suspected,training_set,22.0,0.0,0.045454545454545456,0.0,0.0,0.0,0.0,0.0,1.0,22.0,0.0,0.0,0.22727272727272727,0.6666666666666666,0.0,0.0,0.0,1.0,3.0,3.5503407095463877,0.0,0.0,0.0,0.0,0.0,0.0,0.0,0.0,0.0,0.0,0.0,0.0,0.0
icicibank.auction,Suspected,training_set,17.0,0.0,0.058823529411764705,0.0,0.0,0.0,0.0,0.0,1.0,17.0,0.0,0.0,0.29411764705882354,99.0,0.0,0.0,0.0,0.0,7.0,3.1018812234760182,0.0,0.0,0.0,0.0,0.0,0.0,0.0,0.0,0.0,0.0,0.0,0.0,0.0
icicibank.boutique,Suspected,training_set,18.0,0.0,0.05555555555555555,0.0,0.0,0.0,0.0,0.0,1.0,18.0,0.0,0.0,0.2777777777777778,99.0,0.0,0.0,0.0,0.0,8.0,3.3921472236645345,0.0,0.0,0.0,0.0,0.0,0.0,0.0,0.0,0.0,0.0,0.0,0.0,0.0
icicibank.buzz,Suspected,training_set,14.0,0.0,0.07142857142857142,0.0,0.0,0.0,0.0,0.0,1.0,14.0,0.0,1.0,0.35714285714285715,1.0,0.0,0.0,0.0,0.0,4.0,3.039148671903071,0.0,0.0,0.0,0.0,0.0,0.0,0.0,0.0,0.0,0.0,0.0,0.0,0.0
icici.direct,Suspected,training_set,12.0,0.0,0.08333333333333333,0.0,0.0,0.0,0.0,0.0,1.0,12.0,0.0,0.0,0.4166666666666667,0.6,0.0,0.0,0.0,0.0,6.0,2.5220552088742005,0.0,0.0,0.0,0.0,0.0,0.0,0.0,0.0,0.0,0.0,0.0,0.0,0.0
icicibank.chat,Suspected,training_set,14.0,0.0,0.07142857142857142,0.0,0.0,0.0,0.0,0.0,1.0,14.0,0.0,0.0,0.35714285714285715,99.0,0.0,0.0,0.0,0.0,4.0,2.9852281360342516,0.0,0.0,0.0,0.0,0.0,0.0,0.0,0.0,0.0,0.0,0.0,0.0,0.0
icicibank.florist,Suspected,training_set,17.0,0.0,0.058823529411764705,0.0,0.0,0.0,0.0,0.0,1.0,17.0,0.0,0.0,0.29411764705882354,99.0,0.0,0.0,0.0,0.0,7.0,3.499227547132693,0.0,0.0,0.0,0.0,0.0,0.0,0.0,0.0,0.0,0.0,0.0,0.0,0.0
infoicicibank.xyz,Suspected,training_set,17.0,0.0,0.058823529411764705,0.0,0.0,0.0,0.0,0.0,1.0,17.0,0.0,1.0,0.29411764705882354,1.0,0.0,0.0,0.0,0.0,3.0,3.3815804883091634,0.0,0.0,0.0,0.0,0.0,0.0,0.0,0.0,0.0,0.0,0.0,0.0,0.0
icicidemafinance.in,Suspected,training_set,19.0,0.0,0.05263157894736842,0.0,0.0,0.0,0.0,0.0,1.0,19.0,0.0,0.0,0.2631578947368421,99.0,0.0,0.0,0.0,0.0,2.0,2.925853014561283,0.0,0.0,0.0,0.0,0.0,0.0,0.0,0.0,0.0,0.0,0.0,0.0,0.0
icicico.in,Suspected,training_set,10.0,0.0,0.1,0.0,0.0,0.0,0.0,0.0,1.0,10.0,0.0,0.0,0.5,0.4,0.0,0.0,0.0,0.0,2.0,2.046439344671015,0.0,0.0,0.0,0.0,0.0,0.0,0.0,0.0,0.0,0.0,0.0,0.0,0.0
icicidemat.co.in,Suspected,training_set,16.0,0.0,0.125,0.0,0.0,0.0,0.0,1.0,2.0,5.0,1.0,0.0,1.0,99.0,0.0,0.0,0.0,0.0,2.0,3.077819531114783,0.0,0.0,0.0,0.0,0.0,0.0,0.0,0.0,0.0,0.0,0.0,0.0,0.0
icici-demat-168169687.click,Suspected,training_set,27.0,0.3333333333333333,0.037037037037037035,2.0,0.07407407407407407,0.0,0.0,0.0,1.0,27.0,0.0,1.0,0.18518518518518517,0.6,0.0,0.0,0.0,0.0,5.0,3.7639657428240816,0.0,0.0,0.0,0.0,0.0,0.0,0.0,0.0,0.0,0.0,0.0,0.0,0.0
theicici.co.in,Suspected,training_set,14.0,0.0,0.14285714285714285,0.0,0.0,0.0,0.0,1.0,2.0,5.0,1.0,0.0,1.0,0.6,0.0,0.0,0.0,0.0,2.0,2.7534343861887853,0.0,0.0,0.0,0.0,0.0,0.0,0.0,0.0,0.0,0.0,0.0,0.0,0.0
icicibank.bingo,Suspected,training_set,15.0,0.0,0.06666666666666667,0.0,0.0,0.0,0.0,0.0,1.0,15.0,0.0,0.0,0.3333333333333333,99.0,0.0,0.0,0.0,0.0,5.0,2.9735572622751847,0.0,0.0,0.0,0.0,0.0,0.0,0.0,0.0,0.0,0.0,0.0,0.0,0.0
icicibank.bond,Suspected,training_set,14.0,0.0,0.07142857142857142,0.0,0.0,0.0,0.0,0.0,1.0,14.0,0.0,0.0,0.35714285714285715,0.6666666666666666,0.0,0.0,0.0,0.0,4.0,3.039148671903071,0.0,0.0,0.0,0.0,0.0,0.0,0.0,0.0,0.0,0.0,0.0,0.0,0.0
icicibank.college,Suspected,training_set,17.0,0.0,0.058823529411764705,0.0,0.0,0.0,0.0,0.0,1.0,17.0,0.0,0.0,0.29411764705882354,99.0,0.0,0.0,0.0,0.0,7.0,3.2927701939369904,0.0,0.0,0.0,0.0,0.0,0.0,0.0,0.0,0.0,0.0,0.0,0.0,0.0
icicibank.download,Suspected,training_set,18.0,0.0,0.05555555555555555,0.0,0.0,0.0,0.0,0.0,1.0,18.0,0.0,0.0,0.2777777777777778,99.0,0.0,0.0,0.0,0.0,8.0,3.350209029099897,0.0,0.0,0.0,0.0,0.0,0.0,0.0,0.0,0.0,0.0,0.0,0.0,0.0
icicibank.engineer,Suspected,training_set,18.0,0.0,0.05555555555555555,0.0,0.0,0.0,0.0,0.0,1.0,18.0,0.0,0.0,0.2777777777777778,99.0,0.0,0.0,0.0,0.0,8.0,3.086048612313038,0.0,0.0,0.0,0.0,0.0,0.0,0.0,0.0,0.0,0.0,0.0,0.0,0.0
icicibank.events,Suspected,training_set,16.0,0.0,0.0625,0.0,0.0,0.0,0.0,0.0,1.0,16.0,0.0,0.0,0.3125,99.0,0.0,0.0,0.0,0.0,6.0,3.327819531114783,0.0,0.0,0.0,0.0,0.0,0.0,0.0,0.0,0.0,0.0,0.0,0.0,0.0
icicibank.football,Suspected,training_set,18.0,0.0,0.05555555555555555,0.0,0.0,0.0,0.0,0.0,1.0,18.0,0.0,0.0,0.2777777777777778,99.0,0.0,0.0,0.0,0.0,8.0,3.3502090290998967,0.0,0.0,0.0,0.0,0.0,0.0,0.0,0.0,0.0,0.0,0.0,0.0,0.0
icicibank.furniture,Suspected,training_set,19.0,0.0,0.05263157894736842,0.0,0.0,0.0,0.0,0.0,1.0,19.0,0.0,0.0,0.2631578947368421,99.0,0.0,0.0,0.0,0.0,9.0,3.40582225028569,0.0,0.0,0.0,0.0,0.0,0.0,0.0,0.0,0.0,0.0,0.0,0.0,0.0
icicibank.gifts,Suspected,training_set,15.0,0.0,0.06666666666666667,0.0,0.0,0.0,0.0,0.0,1.0,15.0,0.0,0.0,0.3333333333333333,99.0,0.0,0.0,0.0,0.0,5.0,3.2402239289418517,0.0,0.0,0.0,0.0,0.0,0.0,0.0,0.0,0.0,0.0,0.0,0.0,0.0
icicibank.global,Suspected,training_set,16.0,0.0,0.0625,0.0,0.0,0.0,0.0,0.0,1.0,16.0,0.0,0.0,0.3125,99.0,0.0,0.0,0.0,0.0,6.0,3.202819531114783,0.0,0.0,0.0,0.0,0.0,0.0,0.0,0.0,0.0,0.0,0.0,0.0,0.0
icicibank.golf,Suspected,training_set,14.0,0.0,0.07142857142857142,0.0,0.0,0.0,0.0,0.0,1.0,14.0,0.0,0.0,0.35714285714285715,0.75,0.0,0.0,0.0,0.0,4.0,3.3248629576173574,0.0,0.0,0.0,0.0,0.0,0.0,0.0,0.0,0.0,0.0,0.0,0.0,0.0
icicibank.group,Suspected,training_set,15.0,0.0,0.06666666666666667,0.0,0.0,0.0,0.0,0.0,1.0,15.0,0.0,0.0,0.3333333333333333,99.0,0.0,0.0,0.0,0.0,5.0,3.456564762130953,0.0,0.0,0.0,0.0,0.0,0.0,0.0,0.0,0.0,0.0,0.0,0.0,0.0
icicibank.hockey,Suspected,training_set,16.0,0.0,0.0625,0.0,0.0,0.0,0.0,0.0,1.0,16.0,0.0,0.0,0.3125,99.0,0.0,0.0,0.0,0.0,6.0,3.2806390622295662,0.0,0.0,0.0,0.0,0.0,0.0,0.0,0.0,0.0,0.0,0.0,0.0,0.0
icicibank.homes,Suspected,training_set,15.0,0.0,0.06666666666666667,0.0,0.0,0.0,0.0,0.0,1.0,15.0,0.0,0.0,0.3333333333333333,99.0,0.0,0.0,0.0,0.0,5.0,3.456564762130953,0.0,0.0,0.0,0.0,0.0,0.0,0.0,0.0,0.0,0.0,0.0,0.0,0.0
icicibank.industries,Suspected,training_set,20.0,0.0,0.05,0.0,0.0,0.0,0.0,0.0,1.0,20.0,0.0,0.0,0.25,99.0,0.0,0.0,0.0,0.0,10.0,3.4414460711655215,0.0,0.0,0.0,0.0,0.0,0.0,0.0,0.0,0.0,0.0,0.0,0.0,0.0
icicibank.institute,Suspected,training_set,19.0,0.0,0.05263157894736842,0.0,0.0,0.0,0.0,0.0,1.0,19.0,0.0,0.0,0.2631578947368421,99.0,0.0,0.0,0.0,0.0,9.0,3.176110251517254,0.0,0.0,0.0,0.0,0.0,0.0,0.0,0.0,0.0,0.0,0.0,0.0,0.0
icicibank.kaufen,Suspected,training_set,16.0,0.0,0.0625,0.0,0.0,0.0,0.0,0.0,1.0,16.0,0.0,0.0,0.3125,99.0,0.0,0.0,0.0,0.0,6.0,3.202819531114783,0.0,0.0,0.0,0.0,0.0,0.0,0.0,0.0,0.0,0.0,0.0,0.0,0.0
icicibank.mba,Suspected,training_set,13.0,0.0,0.07692307692307693,0.0,0.0,0.0,0.0,0.0,1.0,13.0,0.0,0.0,0.38461538461538464,0.6666666666666666,0.0,0.0,0.0,0.0,3.0,2.873140679513133,0.0,0.0,0.0,0.0,0.0,0.0,0.0,0.0,0.0,0.0,0.0,0.0,0.0
icicibank.plumbing,Suspected,training_set,18.0,0.0,0.05555555555555555,0.0,0.0,0.0,0.0,0.0,1.0,18.0,0.0,0.0,0.2777777777777778,99.0,0.0,0.0,0.0,0.0,8.0,3.3921472236645345,0.0,0.0,0.0,0.0,0.0,0.0,0.0,0.0,0.0,0.0,0.0,0.0,0.0
icicibank.sbs,Suspected,training_set,13.0,0.0,0.07692307692307693,0.0,0.0,0.0,0.0,0.0,1.0,13.0,0.0,1.0,0.38461538461538464,0.3333333333333333,0.0,0.0,0.0,0.0,3.0,2.873140679513133,0.0,0.0,0.0,0.0,0.0,0.0,0.0,0.0,0.0,0.0,0.0,0.0,0.0
icicibank.singles,Suspected,training_set,17.0,0.0,0.058823529411764705,0.0,0.0,0.0,0.0,0.0,1.0,17.0,0.0,0.0,0.29411764705882354,99.0,0.0,0.0,0.0,0.0,7.0,3.263933429485634,0.0,0.0,0.0,0.0,0.0,0.0,0.0,0.0,0.0,0.0,0.0,0.0,0.0
icicibank.media,Suspected,training_set,15.0,0.0,0.06666666666666667,0.0,0.0,0.0,0.0,0.0,1.0,15.0,0.0,0.0,0.3333333333333333,99.0,0.0,0.0,0.0,0.0,5.0,3.1068905956085184,0.0,0.0,0.0,0.0,0.0,0.0,0.0,0.0,0.0,0.0,0.0,0.0,0.0
icicibank.men,Suspected,training_set,13.0,0.0,0.07692307692307693,0.0,0.0,0.0,0.0,0.0,1.0,13.0,0.0,0.0,0.38461538461538464,1.0,0.0,0.0,0.0,0.0,3.0,3.0269868333592873,0.0,0.0,0.0,0.0,0.0,0.0,0.0,0.0,0.0,0.0,0.0,0.0,0.0
icicibank.rentals,Suspected,training_set,17.0,0.0,0.058823529411764705,0.0,0.0,0.0,0.0,0.0,1.0,17.0,0.0,0.0,0.29411764705882354,99.0,0.0,0.0,0.0,0.0,7.0,3.4548223999466066,0.0,0.0,0.0,0.0,0.0,0.0,0.0,0.0,0.0,0.0,0.0,0.0,0.0
icicibank.run,Suspected,training_set,13.0,0.0,0.07692307692307693,0.0,0.0,0.0,0.0,0.0,1.0,13.0,0.0,0.0,0.38461538461538464,0.75,0.0,0.0,0.0,0.0,3.0,3.0269868333592873,0.0,0.0,0.0,0.0,0.0,0.0,0.0,0.0,0.0,0.0,0.0,0.0,0.0
icicibank.sale,Suspected,training_set,14.0,0.0,0.07142857142857142,0.0,0.0,0.0,0.0,0.0,1.0,14.0,0.0,0.0,0.35714285714285715,0.75,0.0,0.0,0.0,0.0,4.0,3.182005814760214,0.0,0.0,0.0,0.0,0.0,0.0,0.0,0.0,0.0,0.0,0.0,0.0,0.0
icicibank.solar,Suspected,training_set,15.0,0.0,0.06666666666666667,0.0,0.0,0.0,0.0,0.0,1.0,15.0,0.0,0.0,0.3333333333333333,99.0,0.0,0.0,0.0,0.0,5.0,3.323231428797621,0.0,0.0,0.0,0.0,0.0,0.0,0.0,0.0,0.0,0.0,0.0,0.0,0.0
icicibank.studio,Suspected,training_set,16.0,0.0,0.0625,0.0,0.0,0.0,0.0,0.0,1.0,16.0,0.0,0.0,0.3125,99.0,0.0,0.0,0.0,0.0,6.0,3.375,0.0,0.0,0.0,0.0,0.0,0.0,0.0,0.0,0.0,0.0,0.0,0.0,0.0
icicibank.taxi,Suspected,training_set,14.0,0.0,0.07142857142857142,0.0,0.0,0.0,0.0,0.0,1.0,14.0,0.0,0.0,0.35714285714285715,0.75,0.0,0.0,0.0,0.0,4.0,2.950212064914747,0.0,0.0,0.0,0.0,0.0,0.0,0.0,0.0,0.0,0.0,0.0,0.0,0.0
icicibank.team,Suspected,training_set,14.0,0.0,0.07142857142857142,0.0,0.0,0.0,0.0,0.0,1.0,14.0,0.0,0.0,0.35714285714285715,99.0,0.0,0.0,0.0,0.0,4.0,3.182005814760214,0.0,0.0,0.0,0.0,0.0,0.0,0.0,0.0,0.0,0.0,0.0,0.0,0.0
icicibank.tools,Suspected,training_set,15.0,0.0,0.06666666666666667,0.0,0.0,0.0,0.0,0.0,1.0,15.0,0.0,0.0,0.3333333333333333,0.75,0.0,0.0,0.0,0.0,5.0,3.323231428797621,0.0,0.0,0.0,0.0,0.0,0.0,0.0,0.0,0.0,0.0,0.0,0.0,0.0
icicibank.vin,Suspected,training_set,13.0,0.0,0.07692307692307693,0.0,0.0,0.0,0.0,0.0,1.0,13.0,0.0,0.0,0.38461538461538464,0.5,0.0,0.0,0.0,0.0,3.0,2.7773627950641693,0.0,0.0,0.0,0.0,0.0,0.0,0.0,0.0,0.0,0.0,0.0,0.0,0.0
icicibank.voyage,Suspected,training_set,16.0,0.0,0.0625,0.0,0.0,0.0,0.0,0.0,1.0,16.0,0.0,0.0,0.3125,99.0,0.0,0.0,0.0,0.0,6.0,3.452819531114783,0.0,0.0,0.0,0.0,0.0,0.0,0.0,0.0,0.0,0.0,0.0,0.0,0.0
icicibank.works,Suspected,training_set,15.0,0.0,0.06666666666666667,0.0,0.0,0.0,0.0,0.0,1.0,15.0,0.0,0.0,0.3333333333333333,99.0,0.0,0.0,0.0,0.0,5.0,3.323231428797621,0.0,0.0,0.0,0.0,0.0,0.0,0.0,0.0,0.0,0.0,0.0,0.0,0.0
icicibank.zone,Suspected,training_set,14.0,0.0,0.07142857142857142,0.0,0.0,0.0,0.0,0.0,1.0,14.0,0.0,0.0,0.35714285714285715,0.75,0.0,0.0,0.0,0.0,4.0,3.182005814760214,0.0,0.0,0.0,0.0,0.0,0.0,0.0,0.0,0.0,0.0,0.0,0.0,0.0
icicibamk.com,Suspected,training_set,13.0,0.0,0.07692307692307693,0.0,0.0,0.0,0.0,0.0,1.0,13.0,0.0,0.0,0.38461538461538464,0.1111111111111111,0.0,0.0,0.0,1.0,3.0,2.8150724101159437,0.0,0.0,0.0,0.0,0.0,0.0,0.0,0.0,0.0,0.0,0.0,0.0,0.0
icici.today,Suspected,training_set,11.0,0.0,0.09090909090909091,0.0,0.0,0.0,0.0,0.0,1.0,11.0,0.0,0.0,0.45454545454545453,0.6,0.0,0.0,0.0,0.0,5.0,2.8453509366224368,0.0,0.0,0.0,0.0,0.0,0.0,0.0,0.0,0.0,0.0,0.0,0.0,0.0
icicbank.com,Suspected,training_set,12.0,0.0,0.08333333333333333,0.0,0.0,0.0,0.0,0.0,0.0,12.0,0.0,0.0,0.0,0.1111111111111111,0.0,0.0,0.0,1.0,3.0,3.0220552088742,0.0,0.0,0.0,0.0,0.0,0.0,0.0,0.0,0.0,0.0,0.0,0.0,0.0
icicibanj.com,Suspected,training_set,13.0,0.0,0.07692307692307693,0.0,0.0,0.0,0.0,0.0,1.0,13.0,0.0,0.0,0.38461538461538464,0.1111111111111111,0.0,0.0,0.0,1.0,3.0,2.9689185639620974,0.0,0.0,0.0,0.0,0.0,0.0,0.0,0.0,0.0,0.0,0.0,0.0,0.0
icicibank.live,Suspected,training_set,14.0,0.0,0.07142857142857142,0.0,0.0,0.0,0.0,0.0,1.0,14.0,0.0,1.0,0.35714285714285715,1.0,0.0,0.0,0.0,0.0,4.0,3.09306920777189,0.0,0.0,0.0,0.0,0.0,0.0,0.0,0.0,0.0,0.0,0.0,0.0,0.0
icicibannk.com,Suspected,training_set,14.0,0.0,0.07142857142857142,0.0,0.0,0.0,0.0,0.0,1.0,14.0,0.0,0.0,0.35714285714285715,0.1111111111111111,0.0,0.0,0.0,1.0,3.0,2.9852281360342516,0.0,0.0,0.0,0.0,0.0,0.0,0.0,0.0,0.0,0.0,0.0,0.0,0.0
icicipank.com,Suspected,training_set,13.0,0.0,0.07692307692307693,0.0,0.0,0.0,0.0,0.0,1.0,13.0,0.0,0.0,0.38461538461538464,0.1111111111111111,0.0,0.0,0.0,1.0,3.0,2.9689185639620974,0.0,0.0,0.0,0.0,0.0,0.0,0.0,0.0,0.0,0.0,0.0,0.0,0.0
iicicibank.com,Suspected,training_set,14.0,0.0,0.07142857142857142,0.0,0.0,0.0,0.0,0.0,1.0,14.0,0.0,0.0,0.35714285714285715,0.1111111111111111,0.0,0.0,0.0,1.0,3.0,2.8962915290459286,0.0,0.0,0.0,0.0,0.0,0.0,0.0,0.0,0.0,0.0,0.0,0.0,0.0
icicibank.poker,Suspected,training_set,15.0,0.0,0.06666666666666667,0.0,0.0,0.0,0.0,0.0,1.0,15.0,0.0,0.0,0.3333333333333333,99.0,0.0,0.0,0.0,0.0,5.0,3.3232314287976203,0.0,0.0,0.0,0.0,0.0,0.0,0.0,0.0,0.0,0.0,0.0,0.0,0.0
icici.cash,Suspected,training_set,10.0,0.0,0.1,0.0,0.0,0.0,0.0,0.0,1.0,10.0,0.0,0.0,0.5,0.6,0.0,0.0,0.0,0.0,4.0,2.3709505944546683,0.0,0.0,0.0,0.0,0.0,0.0,0.0,0.0,0.0,0.0,0.0,0.0,0.0
icicidirect.shop,Suspected,training_set,16.0,0.0,0.0625,0.0,0.0,0.0,0.0,0.0,1.0,16.0,0.0,1.0,0.3125,1.0,0.0,0.0,0.0,0.0,4.0,3.202819531114783,0.0,0.0,0.0,0.0,0.0,0.0,0.0,0.0,0.0,0.0,0.0,0.0,0.0
icicidirect.website,Suspected,training_set,19.0,0.0,0.05263157894736842,0.0,0.0,0.0,0.0,0.0,1.0,19.0,0.0,0.0,0.2631578947368421,99.0,0.0,0.0,0.0,0.0,7.0,3.031116172456019,0.0,0.0,0.0,0.0,0.0,0.0,0.0,0.0,0.0,0.0,0.0,0.0,0.0
iciciamc.in,Suspected,training_set,11.0,0.0,0.09090909090909091,0.0,0.0,0.0,0.0,0.0,1.0,11.0,0.0,0.0,0.45454545454545453,0.3333333333333333,0.0,0.0,0.0,0.0,2.0,2.2998963911678914,0.0,0.0,0.0,0.0,0.0,0.0,0.0,0.0,0.0,0.0,0.0,0.0,0.0
iciciloan.ltd,Suspected,training_set,13.0,0.0,0.07692307692307693,0.0,0.0,0.0,0.0,0.0,1.0,13.0,0.0,0.0,0.38461538461538464,0.3333333333333333,0.0,0.0,0.0,0.0,3.0,3.0269868333592873,0.0,0.0,0.0,0.0,0.0,0.0,0.0,0.0,0.0,0.0,0.0,0.0,0.0
icicinetbanking.in,Suspected,training_set,18.0,0.0,0.05555555555555555,0.0,0.0,0.0,0.0,0.0,1.0,18.0,0.0,0.0,0.2777777777777778,99.0,0.0,0.0,0.0,0.0,2.0,2.969389419529156,0.0,0.0,0.0,0.0,0.0,0.0,0.0,1.0,0.0,0.0,0.0,0.0,0.0
rewardicicimobile.in,Suspected,training_set,20.0,0.0,0.05,0.0,0.0,0.0,0.0,0.0,1.0,20.0,0.0,0.0,0.25,99.0,0.0,0.0,0.0,0.0,2.0,3.4414460711655215,0.0,0.0,0.0,0.0,0.0,0.0,0.0,0.0,0.0,0.0,0.0,0.0,0.0
icicistoreapp.in,Suspected,training_set,16.0,0.0,0.0625,0.0,0.0,0.0,0.0,0.0,1.0,16.0,0.0,0.0,0.3125,99.0,0.0,0.0,0.0,0.0,2.0,3.25,0.0,0.0,0.0,0.0,0.0,0.0,0.0,0.0,0.0,0.0,0.0,0.0,0.0
icici-services.co.in,Suspected,training_set,20.0,0.0,0.1,1.0,0.05,0.0,0.0,1.0,2.0,5.0,1.0,0.0,1.0,0.6,0.0,0.0,0.0,0.0,2.0,3.0414460711655216,0.0,0.0,0.0,0.0,0.0,0.0,0.0,0.0,0.0,0.0,0.0,0.0,0.0
icicibvank.com,Suspected,training_set,14.0,0.0,0.07142857142857142,0.0,0.0,0.0,0.0,0.0,1.0,14.0,0.0,0.0,0.35714285714285715,0.1111111111111111,0.0,0.0,0.0,1.0,3.0,3.128085278891395,0.0,0.0,0.0,0.0,0.0,0.0,0.0,0.0,0.0,0.0,0.0,0.0,0.0
icicibwnk.com,Suspected,training_set,13.0,0.0,0.07692307692307693,0.0,0.0,0.0,0.0,0.0,1.0,13.0,0.0,0.0,0.38461538461538464,0.1111111111111111,0.0,0.0,0.0,1.0,3.0,2.9689185639620974,0.0,0.0,0.0,0.0,0.0,0.0,0.0,0.0,0.0,0.0,0.0,0.0,0.0
icicikbank.com,Suspected,training_set,14.0,0.0,0.07142857142857142,0.0,0.0,0.0,0.0,0.0,1.0,14.0,0.0,0.0,0.35714285714285715,0.1111111111111111,0.0,0.0,0.0,1.0,3.0,2.9852281360342516,0.0,0.0,0.0,0.0,0.0,0.0,0.0,0.0,0.0,0.0,0.0,0.0,0.0
iciciubank.com,Suspected,training_set,14.0,0.0,0.07142857142857142,0.0,0.0,0.0,0.0,0.0,1.0,14.0,0.0,0.0,0.35714285714285715,0.1111111111111111,0.0,0.0,0.0,1.0,3.0,3.128085278891395,0.0,0.0,0.0,0.0,0.0,0.0,0.0,0.0,0.0,0.0,0.0,0.0,0.0
licicibank.com,Suspected,training_set,14.0,0.0,0.07142857142857142,0.0,0.0,0.0,0.0,0.0,1.0,14.0,0.0,0.0,0.35714285714285715,0.1111111111111111,0.0,0.0,0.0,1.0,3.0,3.128085278891395,0.0,0.0,0.0,0.0,0.0,0.0,0.0,0.0,0.0,0.0,0.0,0.0,0.0
iciciprolife.com,Suspected,training_set,16.0,0.0,0.0625,0.0,0.0,0.0,0.0,0.0,1.0,16.0,0.0,0.0,0.3125,0.6666666666666666,0.0,0.0,0.0,1.0,3.0,3.077819531114783,0.0,0.0,0.0,0.0,0.0,0.0,0.0,0.0,0.0,0.0,0.0,0.0,0.0
icicispor.in,Suspected,training_set,12.0,0.0,0.08333333333333333,0.0,0.0,0.0,0.0,0.0,1.0,12.0,0.0,0.0,0.4166666666666667,99.0,0.0,0.0,0.0,0.0,2.0,2.751629167387823,0.0,0.0,0.0,0.0,0.0,0.0,0.0,0.0,0.0,0.0,0.0,0.0,0.0
icicibank.ind.in,Suspected,training_set,16.0,0.0,0.125,0.0,0.0,0.0,0.0,1.0,2.0,6.0,1.0,0.0,0.8333333333333334,0.6666666666666666,0.0,0.0,0.0,0.0,2.0,2.727217001462482,0.0,0.0,0.0,0.0,0.0,0.0,0.0,0.0,0.0,0.0,0.0,0.0,0.0
icicicreditcard.com,Suspected,training_set,19.0,0.0,0.05263157894736842,0.0,0.0,0.0,0.0,0.0,1.0,19.0,0.0,0.0,0.2631578947368421,0.6666666666666666,0.0,0.0,0.0,1.0,3.0,3.005314856894279,0.0,0.0,0.0,0.0,0.0,0.0,0.0,0.0,0.0,0.0,0.0,0.0,0.0
icicifastag.co.in,Suspected,training_set,17.0,0.0,0.11764705882352941,0.0,0.0,0.0,0.0,1.0,2.0,5.0,1.0,0.0,1.0,99.0,0.0,0.0,0.0,0.0,2.0,3.1018812234760182,0.0,0.0,0.0,0.0,0.0,0.0,0.0,0.0,0.0,0.0,0.0,0.0,0.0
icicifastag.in,Suspected,training_set,14.0,0.0,0.07142857142857142,0.0,0.0,0.0,0.0,0.0,1.0,14.0,0.0,0.0,0.35714285714285715,99.0,0.0,0.0,0.0,0.0,2.0,2.950212064914747,0.0,0.0,0.0,0.0,0.0,0.0,0.0,0.0,0.0,0.0,0.0,0.0,0.0
theicicirwd.co.in,Suspected,training_set,17.0,0.0,0.11764705882352941,0.0,0.0,0.0,0.0,1.0,2.0,5.0,1.0,0.0,1.0,99.0,0.0,0.0,0.0,0.0,2.0,3.2195282822995477,0.0,0.0,0.0,0.0,0.0,0.0,0.0,0.0,0.0,0.0,0.0,0.0,0.0
icici.online,Suspected,training_set,12.0,0.0,0.08333333333333333,0.0,0.0,0.0,0.0,0.0,1.0,12.0,0.0,1.0,0.4166666666666667,0.3333333333333333,0.0,0.0,0.0,0.0,6.0,2.5849625007211556,0.0,0.0,0.0,0.0,0.0,0.0,0.0,0.0,0.0,0.0,0.0,0.0,0.0
icicistoreapp.co.in,Suspected,training_set,19.0,0.0,0.10526315789473684,0.0,0.0,0.0,0.0,1.0,2.0,5.0,1.0,0.0,1.0,99.0,0.0,0.0,0.0,0.0,2.0,3.260828171224455,0.0,0.0,0.0,0.0,0.0,0.0,0.0,0.0,0.0,0.0,0.0,0.0,0.0
icici-direct.info,Suspected,training_set,17.0,0.0,0.058823529411764705,1.0,0.058823529411764705,0.0,0.0,0.0,1.0,17.0,0.0,1.0,0.29411764705882354,0.6,0.0,0.0,0.0,0.0,4.0,3.124843548509147,0.0,0.0,0.0,0.0,0.0,0.0,0.0,0.0,0.0,0.0,0.0,0.0,0.0
icicipru.in,Suspected,training_set,11.0,0.0,0.09090909090909091,0.0,0.0,0.0,0.0,0.0,1.0,11.0,0.0,0.0,0.45454545454545453,0.6,0.0,0.0,0.0,0.0,2.0,2.5503407095463886,0.0,0.0,0.0,0.0,0.0,0.0,0.0,0.0,0.0,0.0,0.0,0.0,0.0
icicipru-amc.in,Suspected,training_set,15.0,0.0,0.06666666666666667,1.0,0.06666666666666667,0.0,0.0,0.0,1.0,15.0,0.0,0.0,0.3333333333333333,0.6,0.0,0.0,0.0,0.0,2.0,3.0565647621309533,0.0,0.0,0.0,0.0,0.0,0.0,0.0,0.0,0.0,0.0,0.0,0.0,0.0
icici-bank.sbs,Suspected,training_set,14.0,0.0,0.07142857142857142,1.0,0.07142857142857142,0.0,0.0,0.0,1.0,14.0,0.0,1.0,0.35714285714285715,0.3333333333333333,0.0,0.0,0.0,0.0,3.0,3.039148671903071,0.0,0.0,0.0,0.0,0.0,0.0,0.0,0.0,0.0,0.0,0.0,0.0,0.0
icici-direct.in,Suspected,training_set,15.0,0.0,0.06666666666666667,1.0,0.06666666666666667,0.0,0.0,0.0,1.0,15.0,0.0,0.0,0.3333333333333333,0.6,0.0,0.0,0.0,0.0,2.0,2.815922063835166,0.0,0.0,0.0,0.0,0.0,0.0,0.0,0.0,0.0,0.0,0.0,0.0,0.0
icicisecurities.org.in,Suspected,training_set,22.0,0.0,0.09090909090909091,0.0,0.0,0.0,0.0,1.0,2.0,6.0,1.0,0.0,0.8333333333333334,0.75,0.0,0.0,0.0,0.0,2.0,3.174674231978642,0.0,0.0,0.0,0.0,0.0,0.0,0.0,0.0,0.0,0.0,0.0,0.0,0.0
icicibank-coin.cfd,Suspected,training_set,18.0,0.0,0.05555555555555555,1.0,0.05555555555555555,0.0,0.0,0.0,1.0,18.0,0.0,0.0,0.2777777777777778,0.5,0.0,0.0,0.0,0.0,3.0,3.169925001442312,0.0,0.0,0.0,0.0,0.0,0.0,0.0,0.0,0.0,0.0,0.0,0.0,0.0
icicibank-in.homes,Suspected,training_set,18.0,0.0,0.05555555555555555,1.0,0.05555555555555555,0.0,0.0,0.0,1.0,18.0,0.0,0.0,0.2777777777777778,99.0,0.0,0.0,0.0,0.0,5.0,3.5032583347756456,0.0,0.0,0.0,0.0,0.0,0.0,0.0,0.0,0.0,0.0,0.0,0.0,0.0
icicibzak.shop,Suspected,training_set,14.0,0.0,0.07142857142857142,0.0,0.0,0.0,0.0,0.0,1.0,14.0,0.0,1.0,0.35714285714285715,0.2222222222222222,0.0,0.0,0.0,0.0,4.0,3.3248629576173574,0.0,0.0,0.0,0.0,0.0,0.0,0.0,0.0,0.0,0.0,0.0,0.0,0.0
icici-linkpoint.cfd,Suspected,training_set,19.0,0.0,0.05263157894736842,1.0,0.05263157894736842,0.0,0.0,0.0,1.0,19.0,0.0,0.0,0.2631578947368421,0.6,0.0,0.0,0.0,0.0,3.0,3.281373409411991,0.0,0.0,0.0,0.0,0.0,0.0,0.0,0.0,0.0,0.0,0.0,0.0,0.0
icici-linkpoint.click,Suspected,training_set,21.0,0.0,0.047619047619047616,1.0,0.047619047619047616,0.0,0.0,0.0,1.0,21.0,0.0,1.0,0.23809523809523808,0.6,0.0,0.0,0.0,0.0,5.0,2.9870900416203345,0.0,0.0,0.0,0.0,0.0,0.0,0.0,0.0,0.0,0.0,0.0,0.0,0.0
icici-linkpoint.lol,Suspected,training_set,19.0,0.0,0.05263157894736842,1.0,0.05263157894736842,0.0,0.0,0.0,1.0,19.0,0.0,0.0,0.2631578947368421,0.5,0.0,0.0,0.0,0.0,3.0,3.0708470936225183,0.0,0.0,0.0,0.0,0.0,0.0,0.0,0.0,0.0,0.0,0.0,0.0,0.0
icici-linkpoint.top,Suspected,training_set,19.0,0.0,0.05263157894736842,1.0,0.05263157894736842,0.0,0.0,0.0,1.0,19.0,0.0,1.0,0.2631578947368421,0.6,0.0,0.0,0.0,0.0,3.0,3.110578014789016,0.0,0.0,0.0,0.0,0.0,0.0,0.0,0.0,0.0,0.0,0.0,0.0,0.0
icici-linkpoint.xyz,Suspected,training_set,19.0,0.0,0.05263157894736842,1.0,0.05263157894736842,0.0,0.0,0.0,1.0,19.0,0.0,1.0,0.2631578947368421,0.6,0.0,0.0,0.0,0.0,3.0,3.4263674884732254,0.0,0.0,0.0,0.0,0.0,0.0,0.0,0.0,0.0,0.0,0.0,0.0,0.0
iciciinbank.cfd,Suspected,training_set,15.0,0.0,0.06666666666666667,0.0,0.0,0.0,0.0,0.0,1.0,15.0,0.0,0.0,0.3333333333333333,0.2222222222222222,0.0,0.0,0.0,0.0,3.0,2.9232314287976204,0.0,0.0,0.0,0.0,0.0,0.0,0.0,0.0,0.0,0.0,0.0,0.0,0.0
0613iconnect.online,Suspected,training_set,19.0,0.21052631578947367,0.05263157894736842,0.0,0.0,0.0,0.0,0.0,0.0,19.0,0.0,1.0,0.0,0.3333333333333333,0.0,0.0,0.0,0.0,6.0,3.4058222502856905,0.0,0.0,0.0,0.0,0.0,0.0,0.0,0.0,0.0,0.0,0.0,0.0,0.0
icicibankbg.cfd,Suspected,training_set,15.0,0.0,0.06666666666666667,0.0,0.0,0.0,0.0,0.0,1.0,15.0,0.0,0.0,0.3333333333333333,0.2222222222222222,0.0,0.0,0.0,0.0,3.0,3.1395722619867223,0.0,0.0,0.0,0.0,0.0,0.0,0.0,0.0,0.0,0.0,0.0,0.0,0.0
icicibankbg.sbs,Suspected,training_set,15.0,0.0,0.06666666666666667,0.0,0.0,0.0,0.0,0.0,1.0,15.0,0.0,1.0,0.3333333333333333,0.2222222222222222,0.0,0.0,0.0,0.0,3.0,3.006238928653389,0.0,0.0,0.0,0.0,0.0,0.0,0.0,0.0,0.0,0.0,0.0,0.0,0.0
icicilbank.cfd,Suspected,training_set,14.0,0.0,0.07142857142857142,0.0,0.0,0.0,0.0,0.0,1.0,14.0,0.0,0.0,0.35714285714285715,0.1111111111111111,0.0,0.0,0.0,0.0,3.0,3.128085278891395,0.0,0.0,0.0,0.0,0.0,0.0,0.0,0.0,0.0,0.0,0.0,0.0,0.0
icicibank.xyz,Suspected,training_set,13.0,0.0,0.07692307692307693,0.0,0.0,0.0,0.0,0.0,1.0,13.0,0.0,1.0,0.38461538461538464,1.0,0.0,0.0,0.0,0.0,3.0,3.180832987205441,0.0,0.0,0.0,0.0,0.0,0.0,0.0,0.0,0.0,0.0,0.0,0.0,0.0
icicilombard.xxx,Suspected,training_set,16.0,0.0,0.0625,0.0,0.0,0.0,0.0,0.0,1.0,16.0,0.0,0.0,0.3125,1.0,0.0,0.0,0.0,0.0,3.0,3.2806390622295662,0.0,0.0,0.0,0.0,0.0,0.0,0.0,0.0,0.0,0.0,0.0,0.0,0.0
iciciprulife-online.co.in,Suspected,training_set,25.0,0.0,0.08,1.0,0.04,0.0,0.0,1.0,2.0,5.0,1.0,0.0,1.0,0.3333333333333333,0.0,0.0,0.0,0.0,2.0,3.323074189428569,0.0,0.0,0.0,0.0,0.0,0.0,0.0,0.0,0.0,0.0,0.0,0.0,0.0
ioclinfo.in,Suspected,training_set,11.0,0.0,0.09090909090909091,0.0,0.0,0.0,0.0,0.0,1.0,11.0,0.0,0.0,0.36363636363636365,99.0,0.0,0.0,0.0,0.0,2.0,2.663532754804255,0.0,0.0,0.0,0.0,0.0,0.0,0.0,0.0,0.0,0.0,0.0,0.0,0.0
tpilpgiocl.in,Suspected,training_set,13.0,0.0,0.07692307692307693,0.0,0.0,0.0,0.0,0.0,1.0,13.0,0.0,0.0,0.3076923076923077,99.0,0.0,0.0,0.0,0.0,2.0,3.0269868333592873,0.0,0.0,0.0,0.0,0.0,0.0,0.0,0.0,0.0,0.0,0.0,0.0,0.0
indianiocl.top,Suspected,training_set,14.0,0.0,0.07142857142857142,0.0,0.0,0.0,0.0,0.0,1.0,14.0,0.0,1.0,0.2857142857142857,0.6666666666666666,0.0,0.0,0.0,0.0,3.0,3.182005814760214,0.0,0.0,0.0,0.0,0.0,0.0,0.0,0.0,0.0,0.0,0.0,0.0,0.0
ioclsja.icu,Suspected,training_set,11.0,0.0,0.09090909090909091,0.0,0.0,0.0,0.0,0.0,1.0,11.0,0.0,1.0,0.36363636363636365,0.5,0.0,0.0,0.0,0.0,3.0,3.095795255000934,0.0,0.0,0.0,0.0,0.0,0.0,0.0,0.0,0.0,0.0,0.0,0.0,0.0
iocl.app,Suspected,training_set,8.0,0.0,0.125,0.0,0.0,0.0,0.0,0.0,1.0,8.0,0.0,0.0,0.5,0.6,0.0,0.0,0.0,0.0,3.0,2.75,0.0,0.0,0.0,0.0,0.0,0.0,0.0,0.0,0.0,0.0,0.0,0.0,0.0
iocllpg.in,Suspected,training_set,10.0,0.0,0.1,0.0,0.0,0.0,0.0,0.0,1.0,10.0,0.0,0.0,0.4,0.75,0.0,0.0,0.0,0.0,2.0,2.9219280948873623,0.0,0.0,0.0,0.0,0.0,0.0,0.0,0.0,0.0,0.0,0.0,0.0,0.0
ioclghfd.top,Phishing,training_set,12.0,0.0,0.08333333333333333,0.0,0.0,0.0,0.0,0.0,1.0,12.0,0.0,1.0,0.3333333333333333,0.6666666666666666,0.0,0.0,0.0,0.0,3.0,3.4182958340544896,0.0,0.0,0.0,0.0,0.0,0.0,0.0,0.0,0.0,0.0,0.0,0.0,0.0
iocllinp.top,Phishing,training_set,12.0,0.0,0.08333333333333333,0.0,0.0,0.0,0.0,0.0,1.0,12.0,0.0,1.0,0.3333333333333333,0.6666666666666666,0.0,0.0,0.0,0.0,3.0,2.9182958340544896,0.0,0.0,0.0,0.0,0.0,0.0,0.0,0.0,0.0,0.0,0.0,0.0,0.0
ioclpwts.top,Phishing,training_set,12.0,0.0,0.08333333333333333,0.0,0.0,0.0,0.0,0.0,1.0,12.0,0.0,1.0,0.3333333333333333,0.6666666666666666,0.0,0.0,0.0,0.0,3.0,3.084962500721156,0.0,0.0,0.0,0.0,0.0,0.0,0.0,0.0,0.0,0.0,0.0,0.0,0.0
ioclshwe.top,Phishing,training_set,12.0,0.0,0.08333333333333333,0.0,0.0,0.0,0.0,0.0,1.0,12.0,0.0,1.0,0.3333333333333333,0.6666666666666666,0.0,0.0,0.0,0.0,3.0,3.4182958340544896,0.0,0.0,0.0,0.0,0.0,0.0,0.0,0.0,0.0,0.0,0.0,0.0,0.0
ioclshwg.top,Phishing,training_set,12.0,0.0,0.08333333333333333,0.0,0.0,0.0,0.0,0.0,1.0,12.0,0.0,1.0,0.3333333333333333,0.6666666666666666,0.0,0.0,0.0,0.0,3.0,3.4182958340544896,0.0,0.0,0.0,0.0,0.0,0.0,0.0,0.0,0.0,0.0,0.0,0.0,0.0
ioclshwhx.top,Phishing,training_set,13.0,0.0,0.07692307692307693,0.0,0.0,0.0,0.0,0.0,1.0,13.0,0.0,1.0,0.3076923076923077,0.6666666666666666,0.0,0.0,0.0,0.0,3.0,3.392747410448785,0.0,0.0,0.0,0.0,0.0,0.0,0.0,0.0,0.0,0.0,0.0,0.0,0.0
ioclshwsg.top,Phishing,training_set,13.0,0.0,0.07692307692307693,0.0,0.0,0.0,0.0,0.0,1.0,13.0,0.0,1.0,0.3076923076923077,0.6666666666666666,0.0,0.0,0.0,0.0,3.0,3.3927474104487847,0.0,0.0,0.0,0.0,0.0,0.0,0.0,0.0,0.0,0.0,0.0,0.0,0.0
ioclsiuy.top,Phishing,training_set,12.0,0.0,0.08333333333333333,0.0,0.0,0.0,0.0,0.0,1.0,12.0,0.0,1.0,0.3333333333333333,0.6666666666666666,0.0,0.0,0.0,0.0,3.0,3.2516291673878226,0.0,0.0,0.0,0.0,0.0,0.0,0.0,0.0,0.0,0.0,0.0,0.0,0.0
ioclsptrwa.top,Phishing,training_set,14.0,0.0,0.07142857142857142,0.0,0.0,0.0,0.0,0.0,1.0,14.0,0.0,1.0,0.2857142857142857,0.6666666666666666,0.0,0.0,0.0,0.0,3.0,3.378783493486176,0.0,0.0,0.0,0.0,0.0,0.0,0.0,0.0,0.0,0.0,0.0,0.0,0.0
ioclxgsw.top,Phishing,training_set,12.0,0.0,0.08333333333333333,0.0,0.0,0.0,0.0,0.0,1.0,12.0,0.0,1.0,0.3333333333333333,0.6666666666666666,0.0,0.0,0.0,0.0,3.0,3.4182958340544896,0.0,0.0,0.0,0.0,0.0,0.0,0.0,0.0,0.0,0.0,0.0,0.0,0.0
ioclywts.top,Phishing,training_set,12.0,0.0,0.08333333333333333,0.0,0.0,0.0,0.0,0.0,1.0,12.0,0.0,1.0,0.3333333333333333,0.6666666666666666,0.0,0.0,0.0,0.0,3.0,3.2516291673878226,0.0,0.0,0.0,0.0,0.0,0.0,0.0,0.0,0.0,0.0,0.0,0.0,0.0
ioclsgwfg.top,Phishing,training_set,13.0,0.0,0.07692307692307693,0.0,0.0,0.0,0.0,0.0,1.0,13.0,0.0,1.0,0.3076923076923077,0.6666666666666666,0.0,0.0,0.0,0.0,3.0,3.392747410448785,0.0,0.0,0.0,0.0,0.0,0.0,0.0,0.0,0.0,0.0,0.0,0.0,0.0
iocllumding.co.in,Phishing,training_set,17.0,0.0,0.11764705882352941,0.0,0.0,0.0,0.0,1.0,2.0,5.0,1.0,0.0,0.8,99.0,0.0,0.0,0.0,0.0,2.0,3.2195282822995477,0.0,0.0,0.0,0.0,0.0,0.0,0.0,0.0,0.0,0.0,0.0,0.0,0.0
ioclsywt.top,Phishing,training_set,12.0,0.0,0.08333333333333333,0.0,0.0,0.0,0.0,0.0,1.0,12.0,0.0,1.0,0.3333333333333333,0.6666666666666666,0.0,0.0,0.0,0.0,3.0,3.2516291673878226,0.0,0.0,0.0,0.0,0.0,0.0,0.0,0.0,0.0,0.0,0.0,0.0,0.0
ioclgwag.top,Phishing,training_set,12.0,0.0,0.08333333333333333,0.0,0.0,0.0,0.0,0.0,1.0,12.0,0.0,1.0,0.3333333333333333,0.6666666666666666,0.0,0.0,0.0,0.0,3.0,3.2516291673878226,0.0,0.0,0.0,0.0,0.0,0.0,0.0,0.0,0.0,0.0,0.0,0.0,0.0
ioclshywtas.top,Phishing,training_set,15.0,0.0,0.06666666666666667,0.0,0.0,0.0,0.0,0.0,1.0,15.0,0.0,1.0,0.26666666666666666,0.6666666666666666,0.0,0.0,0.0,0.0,3.0,3.5068905956085183,0.0,0.0,0.0,0.0,0.0,0.0,0.0,0.0,0.0,0.0,0.0,0.0,0.0
indianioclpts.top,Phishing,training_set,17.0,0.0,0.058823529411764705,0.0,0.0,0.0,0.0,0.0,1.0,17.0,0.0,1.0,0.23529411764705882,0.6666666666666666,0.0,0.0,0.0,0.0,3.0,3.337175341123077,0.0,0.0,0.0,0.0,0.0,0.0,0.0,0.0,0.0,0.0,0.0,0.0,0.0
ioclapply.co.in,Suspected,training_set,15.0,0.0,0.13333333333333333,0.0,0.0,0.0,0.0,1.0,2.0,5.0,1.0,0.0,0.8,99.0,0.0,0.0,0.0,0.0,2.0,3.106890595608519,0.0,0.0,0.0,0.0,0.0,0.0,0.0,0.0,0.0,0.0,0.0,0.0,0.0
ioclhgtx.top,Suspected,training_set,12.0,0.0,0.08333333333333333,0.0,0.0,0.0,0.0,0.0,1.0,12.0,0.0,1.0,0.3333333333333333,0.6666666666666666,0.0,0.0,0.0,0.0,3.0,3.2516291673878226,0.0,0.0,0.0,0.0,0.0,0.0,0.0,0.0,0.0,0.0,0.0,0.0,0.0
ioclindn.icu,Suspected,training_set,12.0,0.0,0.08333333333333333,0.0,0.0,0.0,0.0,0.0,1.0,12.0,0.0,1.0,0.3333333333333333,0.5,0.0,0.0,0.0,0.0,3.0,2.8553885422075336,0.0,0.0,0.0,0.0,0.0,0.0,0.0,0.0,0.0,0.0,0.0,0.0,0.0
iocliurz.fun,Suspected,training_set,12.0,0.0,0.08333333333333333,0.0,0.0,0.0,0.0,0.0,1.0,12.0,0.0,1.0,0.3333333333333333,1.0,0.0,0.0,0.0,0.0,3.0,3.2516291673878226,0.0,0.0,0.0,0.0,0.0,0.0,0.0,0.0,0.0,0.0,0.0,0.0,0.0
i8cl.com,Suspected,training_set,8.0,0.125,0.125,0.0,0.0,0.0,0.0,0.0,0.0,8.0,0.0,0.0,0.0,0.25,0.0,0.0,0.0,1.0,3.0,2.75,0.0,0.0,0.0,0.0,0.0,0.0,0.0,0.0,0.0,0.0,0.0,0.0,0.0
iiocl.com,Suspected,training_set,9.0,0.0,0.1111111111111111,0.0,0.0,0.0,0.0,0.0,1.0,9.0,0.0,0.0,0.4444444444444444,0.25,0.0,0.0,0.0,1.0,3.0,2.5032583347756456,0.0,0.0,0.0,0.0,0.0,0.0,0.0,0.0,0.0,0.0,0.0,0.0,0.0
ioclapply.net,Suspected,training_set,13.0,0.0,0.07692307692307693,0.0,0.0,0.0,0.0,0.0,1.0,13.0,0.0,0.0,0.3076923076923077,0.6666666666666666,0.0,0.0,0.0,1.0,3.0,3.392747410448785,0.0,0.0,0.0,0.0,0.0,0.0,0.0,0.0,0.0,0.0,0.0,0.0,0.0
irctc.corover.ai,Phishing,training_set,16.0,0.0,0.125,0.0,0.0,0.0,0.0,1.0,2.0,10.0,1.0,0.0,0.5,0.6,0.0,0.0,0.0,0.0,2.0,3.0306390622295662,0.0,0.0,0.0,0.0,0.0,0.0,0.0,0.0,0.0,0.0,0.0,0.0,0.0
irctc.ind.in,Suspected,training_set,12.0,0.0,0.16666666666666666,0.0,0.0,0.0,0.0,1.0,2.0,6.0,1.0,0.0,0.8333333333333334,0.6,0.0,0.0,0.0,0.0,2.0,2.688721875540867,0.0,0.0,0.0,0.0,0.0,0.0,0.0,0.0,0.0,0.0,0.0,0.0,0.0
aeludi.cyou,Phishing,training_set,11.0,0.0,0.09090909090909091,0.0,0.0,0.0,0.0,0.0,0.0,11.0,0.0,1.0,0.0,1.0,0.0,0.0,0.0,0.0,4.0,3.277613436819116,0.0,0.0,0.0,0.0,0.0,0.0,0.0,0.0,0.0,0.0,0.0,0.0,0.0
inludi.cyou,Phishing,training_set,11.0,0.0,0.09090909090909091,0.0,0.0,0.0,0.0,0.0,0.0,11.0,0.0,1.0,0.0,1.0,0.0,0.0,0.0,0.0,4.0,3.095795255000934,0.0,0.0,0.0,0.0,0.0,0.0,0.0,0.0,0.0,0.0,0.0,0.0,0.0
kavachsafety.in,Suspected,training_set,15.0,0.0,0.06666666666666667,0.0,0.0,0.0,0.0,0.0,0.0,15.0,0.0,0.0,0.0,99.0,0.0,0.0,0.0,0.0,2.0,3.589898095464287,0.0,0.0,0.0,0.0,0.0,0.0,0.0,0.0,0.0,0.0,0.0,0.0,0.0
kavachrail.in,Suspected,training_set,13.0,0.0,0.07692307692307693,0.0,0.0,0.0,0.0,0.0,1.0,13.0,0.0,0.0,0.3076923076923077,99.0,0.0,0.0,0.0,0.0,2.0,3.180832987205441,0.0,0.0,0.0,0.0,0.0,0.0,0.0,0.0,0.0,0.0,0.0,0.0,0.0
kavach-ai.in,Suspected,training_set,12.0,0.0,0.08333333333333333,1.0,0.08333333333333333,0.0,0.0,0.0,0.0,12.0,0.0,0.0,0.0,99.0,0.0,0.0,0.0,0.0,2.0,3.0220552088742005,0.0,0.0,0.0,0.0,0.0,0.0,0.0,0.0,0.0,0.0,0.0,0.0,0.0
rudrakavach.in,Suspected,training_set,14.0,0.0,0.07142857142857142,0.0,0.0,0.0,0.0,0.0,0.0,14.0,0.0,0.0,0.0,99.0,0.0,0.0,0.0,0.0,2.0,3.3248629576173565,0.0,0.0,0.0,0.0,0.0,0.0,0.0,0.0,0.0,0.0,0.0,0.0,0.0
kavachonline.in,Suspected,training_set,15.0,0.0,0.06666666666666667,0.0,0.0,0.0,0.0,0.0,0.0,15.0,0.0,0.0,0.0,99.0,0.0,0.0,0.0,0.0,2.0,3.3232314287976203,0.0,0.0,0.0,0.0,0.0,0.0,0.0,0.0,0.0,0.0,0.0,0.0,0.0
email-govs.click,Phishing,training_set,16.0,0.0,0.0625,1.0,0.0625,0.0,0.0,0.0,0.0,16.0,0.0,1.0,0.0,0.5,0.0,0.0,0.0,0.0,5.0,3.625,0.0,0.0,0.0,0.0,0.0,0.0,0.0,0.0,0.0,0.0,0.0,0.0,0.0
twilight-glade-76955.pktriot.net,Phishing,training_set,32.0,0.15625,0.0625,2.0,0.0625,0.0,0.0,1.0,0.0,11.0,0.0,0.0,0.0,0.6666666666666666,0.0,0.0,0.0,1.0,3.0,4.113608500731241,0.0,0.0,0.0,0.0,0.0,0.0,0.0,0.0,0.0,0.0,0.0,0.0,0.0
email.gov.in.drdosurvey.info,Suspected,training_set,28.0,0.0,0.14285714285714285,0.0,0.0,0.0,0.0,3.0,0.0,15.0,0.0,1.0,0.0,0.5,0.0,0.0,0.0,0.0,4.0,3.824862957617357,0.0,0.0,0.0,0.0,0.0,0.0,0.0,0.0,0.0,0.0,0.0,0.0,0.0
zohidsindia.com,Phishing,training_set,15.0,0.0,0.06666666666666667,0.0,0.0,0.0,0.0,0.0,0.0,15.0,0.0,0.0,0.0,0.6666666666666666,0.0,0.0,0.0,1.0,3.0,3.3232314287976203,0.0,0.0,0.0,0.0,0.0,0.0,0.0,0.0,0.0,0.0,0.0,0.0,0.0
email.gov.in.avtzyu.store,Suspected,training_set,25.0,0.0,0.16,0.0,0.0,0.0,0.0,3.0,0.0,12.0,0.0,0.0,0.0,0.5,0.0,0.0,0.0,0.0,5.0,3.843856189774723,0.0,0.0,0.0,0.0,0.0,0.0,0.0,0.0,0.0,0.0,0.0,0.0,0.0
email.gov.in.briefcases.email,Suspected,training_set,29.0,0.0,0.13793103448275862,0.0,0.0,0.0,0.0,3.0,0.0,16.0,0.0,0.0,0.0,0.5,0.0,0.0,0.0,0.0,5.0,3.659536598501246,0.0,0.0,0.0,0.0,0.0,0.0,0.0,0.0,0.0,0.0,0.0,0.0,0.0
email.gov.in.defenceindia.ltd,Suspected,training_set,29.0,0.0,0.13793103448275862,0.0,0.0,0.0,0.0,3.0,0.0,16.0,0.0,0.0,0.0,0.5,0.0,0.0,0.0,0.0,3.0,3.5645404777369882,0.0,0.0,0.0,0.0,0.0,0.0,0.0,0.0,0.0,0.0,0.0,0.0,0.0
email.gov.in.departmentofdefence.de,Suspected,training_set,35.0,0.0,0.11428571428571428,0.0,0.0,0.0,0.0,3.0,0.0,22.0,0.0,0.0,0.0,0.5,0.0,0.0,0.0,0.0,2.0,3.7246756038383895,0.0,0.0,0.0,0.0,0.0,0.0,0.0,0.0,0.0,0.0,0.0,0.0,0.0
email.gov.in.departmentofspace.info,Suspected,training_set,35.0,0.0,0.11428571428571428,0.0,0.0,0.0,0.0,3.0,0.0,22.0,0.0,1.0,0.0,0.5,0.0,0.0,0.0,0.0,4.0,3.900153016697712,0.0,0.0,0.0,0.0,0.0,0.0,0.0,0.0,0.0,0.0,0.0,0.0,0.0
email.gov.in.indiangov.site,Suspected,training_set,27.0,0.0,0.14814814814814814,0.0,0.0,0.0,0.0,3.0,0.0,14.0,0.0,1.0,0.0,0.5,0.0,0.0,0.0,0.0,4.0,3.4821272067338294,0.0,0.0,0.0,0.0,0.0,0.0,0.0,0.0,0.0,0.0,0.0,0.0,0.0
email.gov.in.modindia.link,Suspected,training_set,26.0,0.0,0.15384615384615385,0.0,0.0,0.0,0.0,3.0,0.0,13.0,0.0,0.0,0.0,0.375,0.0,0.0,0.0,0.0,4.0,3.378727103656466,0.0,0.0,0.0,0.0,0.0,0.0,0.0,0.0,0.0,0.0,0.0,0.0,0.0
emailindia.in,Suspected,training_set,13.0,0.0,0.07692307692307693,0.0,0.0,0.0,0.0,0.0,0.0,13.0,0.0,0.0,0.0,99.0,0.0,0.0,0.0,0.0,2.0,2.7773627950641693,0.0,0.0,0.0,0.0,0.0,0.0,0.0,0.0,0.0,0.0,0.0,0.0,0.0
kavach360.in,Suspected,training_set,12.0,0.25,0.08333333333333333,0.0,0.0,0.0,0.0,0.0,0.0,12.0,0.0,0.0,0.0,99.0,0.0,0.0,0.0,0.0,2.0,3.4182958340544896,0.0,0.0,0.0,0.0,0.0,0.0,0.0,0.0,0.0,0.0,0.0,0.0,0.0
kavach.biz,Suspected,training_set,10.0,0.0,0.1,0.0,0.0,0.0,0.0,0.0,0.0,10.0,0.0,0.0,0.0,0.6666666666666666,0.0,0.0,0.0,0.0,3.0,3.1219280948873624,0.0,0.0,0.0,0.0,0.0,0.0,0.0,0.0,0.0,0.0,0.0,0.0,0.0
accounts.mgovcloud.in.cloudshare.digital,Suspected,training_set,40.0,0.0,0.1,0.0,0.0,0.0,0.0,3.0,0.0,18.0,0.0,0.0,0.0,99.0,0.0,0.0,0.0,0.0,7.0,3.9275671571169277,0.0,0.0,0.0,1.0,0.0,0.0,0.0,0.0,0.0,0.0,0.0,0.0,0.0
accounts.mgovcloud.in.virtualeoffice.cloud,Suspected,training_set,42.0,0.0,0.09523809523809523,0.0,0.0,0.0,0.0,3.0,0.0,20.0,0.0,0.0,0.0,99.0,0.0,0.0,0.0,0.0,5.0,3.8987684715120805,0.0,0.0,0.0,1.0,0.0,0.0,0.0,0.0,0.0,0.0,0.0,0.0,0.0
email.gov.in.gov.in.ihws.co.in,Suspected,training_set,30.0,0.0,0.23333333333333334,0.0,0.0,0.0,0.0,6.0,0.0,5.0,0.0,0.0,0.0,0.5,0.0,0.0,0.0,0.0,2.0,3.414527264502953,0.0,0.0,0.0,0.0,0.0,0.0,0.0,0.0,0.0,0.0,0.0,0.0,0.0
email.gov.in.ihws.co.in,Suspected,training_set,23.0,0.0,0.21739130434782608,0.0,0.0,0.0,0.0,4.0,0.0,5.0,0.0,0.0,0.0,0.5,0.0,0.0,0.0,0.0,2.0,3.497055848472804,0.0,0.0,0.0,0.0,0.0,0.0,0.0,0.0,0.0,0.0,0.0,0.0,0.0
email.gov.in.leadadmin.in,Suspected,training_set,25.0,0.0,0.16,0.0,0.0,0.0,0.0,3.0,0.0,12.0,0.0,0.0,0.0,0.5,0.0,0.0,0.0,0.0,2.0,3.3034651896016474,0.0,0.0,0.0,0.0,0.0,0.0,0.0,0.0,0.0,0.0,0.0,0.0,0.0
email.gov.in.mygov.pw,Suspected,training_set,21.0,0.0,0.19047619047619047,0.0,0.0,0.0,0.0,3.0,0.0,8.0,0.0,0.0,0.0,0.5,0.0,0.0,0.0,0.0,2.0,3.5351745656359026,0.0,0.0,0.0,0.0,0.0,0.0,0.0,0.0,0.0,0.0,0.0,0.0,0.0
email-info.dev,Suspected,training_set,14.0,0.0,0.07142857142857142,1.0,0.07142857142857142,0.0,0.0,0.0,0.0,14.0,0.0,0.0,0.0,0.5,0.0,0.0,0.0,0.0,3.0,3.521640636343319,0.0,0.0,0.0,0.0,0.0,0.0,0.0,0.0,0.0,0.0,0.0,0.0,0.0
email-info.xyz,Suspected,training_set,14.0,0.0,0.07142857142857142,1.0,0.07142857142857142,0.0,0.0,0.0,0.0,14.0,0.0,1.0,0.0,0.5,0.0,0.0,0.0,0.0,3.0,3.6644977792004623,0.0,0.0,0.0,0.0,0.0,0.0,0.0,0.0,0.0,0.0,0.0,0.0,0.0
nic-in.net,Suspected,training_set,10.0,0.0,0.1,1.0,0.1,0.0,0.0,0.0,1.0,10.0,0.0,0.0,0.3,0.6,0.0,0.0,0.0,1.0,3.0,2.6464393446710153,0.0,0.0,0.0,0.0,0.0,0.0,0.0,0.0,0.0,0.0,0.0,0.0,0.0
email-govs.in,Suspected,training_set,13.0,0.0,0.07692307692307693,1.0,0.07692307692307693,0.0,0.0,0.0,0.0,13.0,0.0,0.0,0.0,0.5,0.0,0.0,0.0,0.0,2.0,3.5465935642949384,0.0,0.0,0.0,0.0,0.0,0.0,0.0,0.0,0.0,0.0,0.0,0.0,0.0
nicemail.in,Suspected,training_set,11.0,0.0,0.09090909090909091,0.0,0.0,0.0,0.0,0.0,1.0,11.0,0.0,0.0,0.2727272727272727,99.0,0.0,0.0,0.0,0.0,2.0,2.845350936622437,0.0,0.0,0.0,0.0,0.0,0.0,0.0,0.0,0.0,0.0,0.0,0.0,0.0
nic-mails.in,Suspected,training_set,12.0,0.0,0.08333333333333333,1.0,0.08333333333333333,0.0,0.0,0.0,1.0,12.0,0.0,0.0,0.25,0.5,0.0,0.0,0.0,0.0,2.0,3.0220552088742,0.0,0.0,0.0,0.0,0.0,0.0,0.0,0.0,0.0,0.0,0.0,0.0,0.0
gov-email.com,Suspected,training_set,13.0,0.0,0.07692307692307693,1.0,0.07692307692307693,0.0,0.0,0.0,0.0,13.0,0.0,0.0,0.0,0.5,0.0,0.0,0.0,1.0,3.0,3.3927474104487847,0.0,0.0,0.0,0.0,0.0,0.0,0.0,0.0,0.0,0.0,0.0,0.0,0.0
kavachh.co.in,Suspected,training_set,13.0,0.0,0.15384615384615385,0.0,0.0,0.0,0.0,1.0,0.0,5.0,0.0,0.0,0.0,99.0,0.0,0.0,0.0,0.0,2.0,3.085055102756477,0.0,0.0,0.0,0.0,0.0,0.0,0.0,0.0,0.0,0.0,0.0,0.0,0.0
nic-tech.top,Suspected,training_set,12.0,0.0,0.08333333333333333,1.0,0.08333333333333333,0.0,0.0,0.0,1.0,12.0,0.0,1.0,0.25,0.6,0.0,0.0,0.0,0.0,3.0,3.2516291673878226,0.0,0.0,0.0,0.0,0.0,0.0,0.0,0.0,0.0,0.0,0.0,0.0,0.0
nicmail.top,Suspected,training_set,11.0,0.0,0.09090909090909091,0.0,0.0,0.0,0.0,0.0,1.0,11.0,0.0,1.0,0.2727272727272727,0.6666666666666666,0.0,0.0,0.0,0.0,3.0,3.277613436819116,0.0,0.0,0.0,0.0,0.0,0.0,0.0,0.0,0.0,0.0,0.0,0.0,0.0
red-surf-08881.pktriot.net,Suspected,training_set,26.0,0.19230769230769232,0.07692307692307693,2.0,0.07692307692307693,0.0,0.0,1.0,0.0,11.0,0.0,0.0,0.0,0.6666666666666666,0.0,0.0,1.0,1.0,3.0,3.921029621737614,0.0,0.0,0.0,0.0,0.0,0.0,0.0,0.0,0.0,0.0,0.0,0.0,0.0
email.gov.in.ministryofdefenceindia.org,Suspected,training_set,39.0,0.0,0.10256410256410256,0.0,0.0,0.0,0.0,3.0,0.0,26.0,0.0,0.0,0.0,0.5,0.0,0.0,0.0,1.0,3.0,3.842718564849674,0.0,0.0,0.0,0.0,0.0,0.0,0.0,0.0,0.0,0.0,0.0,0.0,0.0
email-gov.icu,Suspected,training_set,13.0,0.0,0.07692307692307693,1.0,0.07692307692307693,0.0,0.0,0.0,0.0,13.0,0.0,1.0,0.0,0.5,0.0,0.0,0.0,0.0,3.0,3.5465935642949384,0.0,0.0,0.0,0.0,0.0,0.0,0.0,0.0,0.0,0.0,0.0,0.0,0.0
mail.e-gov.in.ua,Suspected,training_set,16.0,0.0,0.1875,1.0,0.0625,0.0,0.0,2.0,0.0,5.0,0.0,0.0,0.0,0.25,0.0,0.0,0.0,0.0,2.0,3.452819531114783,0.0,0.0,0.0,0.0,0.0,0.0,0.0,0.0,0.0,0.0,0.0,0.0,0.0
gov-nicz.cfd,Suspected,training_set,12.0,0.0,0.08333333333333333,1.0,0.08333333333333333,0.0,0.0,0.0,1.0,12.0,0.0,0.0,0.25,0.3333333333333333,0.0,0.0,0.0,0.0,3.0,3.418295834054489,0.0,0.0,0.0,0.0,0.0,0.0,0.0,0.0,0.0,0.0,0.0,0.0,0.0
nicemail.xyz,Suspected,training_set,12.0,0.0,0.08333333333333333,0.0,0.0,0.0,0.0,0.0,1.0,12.0,0.0,1.0,0.25,1.0,0.0,0.0,0.0,0.0,3.0,3.418295834054489,0.0,0.0,0.0,0.0,0.0,0.0,0.0,0.0,0.0,0.0,0.0,0.0,0.0
helppnbindia.in,Suspected,training_set,15.0,0.0,0.06666666666666667,0.0,0.0,0.0,0.0,0.0,1.0,15.0,0.0,0.0,0.2,99.0,0.0,0.0,0.0,0.0,2.0,3.1395722619867223,0.0,0.0,0.0,0.0,0.0,0.0,0.0,0.0,0.0,0.0,0.0,0.0,0.0
pnbmail.co.in,Suspected,training_set,13.0,0.0,0.15384615384615385,0.0,0.0,0.0,0.0,1.0,2.0,5.0,1.0,0.0,0.6,99.0,0.0,0.0,0.0,0.0,2.0,3.238901256602631,0.0,0.0,0.0,0.0,0.0,0.0,0.0,0.0,0.0,0.0,0.0,0.0,0.0
loginsbicard.in,Suspected,training_set,15.0,0.0,0.06666666666666667,0.0,0.0,0.0,0.0,0.0,1.0,15.0,0.0,0.0,0.2,99.0,0.0,0.0,0.0,0.0,2.0,3.4565647621309536,1.0,0.0,0.0,0.0,0.0,0.0,0.0,0.0,0.0,0.0,0.0,0.0,0.0
onlinesbicard.in,Suspected,training_set,16.0,0.0,0.0625,0.0,0.0,0.0,0.0,0.0,1.0,16.0,0.0,0.0,0.1875,99.0,0.0,0.0,0.0,0.0,2.0,3.4056390622295662,0.0,0.0,0.0,0.0,0.0,0.0,0.0,0.0,0.0,0.0,0.0,0.0,0.0
onlineplanssbilife.co.in,Suspected,training_set,24.0,0.0,0.08333333333333333,0.0,0.0,0.0,0.0,1.0,2.0,5.0,1.0,0.0,0.6,99.0,0.0,0.0,0.0,0.0,2.0,3.3868421881310113,0.0,0.0,0.0,0.0,0.0,0.0,0.0,0.0,0.0,0.0,0.0,0.0,0.0
onlinesbilifeinsurance.co.in,Suspected,training_set,28.0,0.0,0.07142857142857142,0.0,0.0,0.0,0.0,1.0,2.0,5.0,1.0,0.0,0.6,99.0,0.0,0.0,0.0,0.0,2.0,3.4511346202348516,0.0,0.0,0.0,0.0,0.0,0.0,0.0,0.0,0.0,0.0,0.0,0.0,0.0
sbilifefinance.in,Suspected,training_set,17.0,0.0,0.058823529411764705,0.0,0.0,0.0,0.0,0.0,1.0,17.0,0.0,0.0,0.17647058823529413,99.0,0.0,0.0,0.0,0.0,2.0,3.1018812234760182,0.0,0.0,0.0,0.0,0.0,0.0,0.0,0.0,0.0,0.0,0.0,0.0,0.0
sbilifeinsurancequote.co.in,Suspected,training_set,27.0,0.0,0.07407407407407407,0.0,0.0,0.0,0.0,1.0,2.0,5.0,1.0,0.0,0.6,99.0,0.0,0.0,0.0,0.0,2.0,3.736006946447657,0.0,0.0,0.0,0.0,0.0,0.0,0.0,0.0,0.0,0.0,0.0,0.0,0.0
sbilifeinsurancequote.in,Suspected,training_set,24.0,0.0,0.041666666666666664,0.0,0.0,0.0,0.0,0.0,1.0,24.0,0.0,0.0,0.125,99.0,0.0,0.0,0.0,0.0,2.0,3.6887218755408675,0.0,0.0,0.0,0.0,0.0,0.0,0.0,0.0,0.0,0.0,0.0,0.0,0.0
sbilifeinsurancequote.net,Suspected,training_set,25.0,0.0,0.04,0.0,0.0,0.0,0.0,0.0,1.0,25.0,0.0,0.0,0.12,0.6666666666666666,0.0,0.0,0.0,1.0,3.0,3.7034651896016464,0.0,0.0,0.0,0.0,0.0,0.0,0.0,0.0,0.0,0.0,0.0,0.0,0.0
sbilifeinsuranceservices.co.in,Suspected,training_set,30.0,0.0,0.06666666666666667,0.0,0.0,0.0,0.0,1.0,2.0,5.0,1.0,0.0,0.6,99.0,0.0,0.0,0.0,0.0,2.0,3.5362434129830604,0.0,0.0,0.0,0.0,0.0,0.0,0.0,0.0,0.0,0.0,0.0,0.0,0.0
sbilifeinsuranceservices.in,Suspected,training_set,27.0,0.0,0.037037037037037035,0.0,0.0,0.0,0.0,0.0,1.0,27.0,0.0,0.0,0.1111111111111111,99.0,0.0,0.0,0.0,0.0,2.0,3.408053132659755,0.0,0.0,0.0,0.0,0.0,0.0,0.0,0.0,0.0,0.0,0.0,0.0,0.0
sbilifeinsuranceservices.net,Suspected,training_set,28.0,0.0,0.03571428571428571,0.0,0.0,0.0,0.0,0.0,1.0,28.0,0.0,0.0,0.10714285714285714,0.6666666666666666,0.0,0.0,0.0,1.0,3.0,3.508621780036165,0.0,0.0,0.0,0.0,0.0,0.0,0.0,0.0,0.0,0.0,0.0,0.0,0.0
sbilifeonlineplans.co.in,Suspected,training_set,24.0,0.0,0.08333333333333333,0.0,0.0,0.0,0.0,1.0,2.0,5.0,1.0,0.0,0.6,99.0,0.0,0.0,0.0,0.0,2.0,3.386842188131012,0.0,0.0,0.0,0.0,0.0,0.0,0.0,0.0,0.0,0.0,0.0,0.0,0.0
sbilifeonlineplans.in,Suspected,training_set,21.0,0.0,0.047619047619047616,0.0,0.0,0.0,0.0,0.0,1.0,21.0,0.0,0.0,0.14285714285714285,99.0,0.0,0.0,0.0,0.0,2.0,3.2135132560090707,0.0,0.0,0.0,0.0,0.0,0.0,0.0,0.0,0.0,0.0,0.0,0.0,0.0
sbilifeonlineplans.net,Suspected,training_set,22.0,0.0,0.045454545454545456,0.0,0.0,0.0,0.0,0.0,1.0,22.0,0.0,0.0,0.13636363636363635,0.6666666666666666,0.0,0.0,0.0,1.0,3.0,3.3564924137968237,0.0,0.0,0.0,0.0,0.0,0.0,0.0,0.0,0.0,0.0,0.0,0.0,0.0
sbilifeplans.co.in,Suspected,training_set,18.0,0.0,0.1111111111111111,0.0,0.0,0.0,0.0,1.0,2.0,5.0,1.0,0.0,0.6,99.0,0.0,0.0,0.0,0.0,2.0,3.4613201402110083,0.0,0.0,0.0,0.0,0.0,0.0,0.0,0.0,0.0,0.0,0.0,0.0,0.0
sbilifeplans.in,Suspected,training_set,15.0,0.0,0.06666666666666667,0.0,0.0,0.0,0.0,0.0,1.0,15.0,0.0,0.0,0.2,99.0,0.0,0.0,0.0,0.0,2.0,3.189898095464287,0.0,0.0,0.0,0.0,0.0,0.0,0.0,0.0,0.0,0.0,0.0,0.0,0.0
sbilifeplans.live,Suspected,training_set,17.0,0.0,0.058823529411764705,0.0,0.0,0.0,0.0,0.0,1.0,17.0,0.0,1.0,0.17647058823529413,1.0,0.0,0.0,0.0,0.0,4.0,3.2927701939369904,0.0,0.0,0.0,0.0,0.0,0.0,0.0,0.0,0.0,0.0,0.0,0.0,0.0
sbilifeplans.net,Suspected,training_set,16.0,0.0,0.0625,0.0,0.0,0.0,0.0,0.0,1.0,16.0,0.0,0.0,0.1875,0.6666666666666666,0.0,0.0,0.0,1.0,3.0,3.375,0.0,0.0,0.0,0.0,0.0,0.0,0.0,0.0,0.0,0.0,0.0,0.0,0.0
sbilifepolicy.co.in,Suspected,training_set,19.0,0.0,0.10526315789473684,0.0,0.0,0.0,0.0,1.0,2.0,5.0,1.0,0.0,0.6,99.0,0.0,0.0,0.0,0.0,2.0,3.4058222502856905,0.0,0.0,0.0,0.0,0.0,0.0,0.0,0.0,0.0,0.0,0.0,0.0,0.0
onlinesbilifeinsurance.in,Suspected,training_set,25.0,0.0,0.04,0.0,0.0,0.0,0.0,0.0,1.0,25.0,0.0,0.0,0.12,99.0,0.0,0.0,0.0,0.0,2.0,3.3648894517332404,0.0,0.0,0.0,0.0,0.0,0.0,0.0,0.0,0.0,0.0,0.0,0.0,0.0
onlinesbilifeinsurance.net,Suspected,training_set,26.0,0.0,0.038461538461538464,0.0,0.0,0.0,0.0,0.0,1.0,26.0,0.0,0.0,0.11538461538461539,0.6666666666666666,0.0,0.0,0.0,1.0,3.0,3.4846843152781375,0.0,0.0,0.0,0.0,0.0,0.0,0.0,0.0,0.0,0.0,0.0,0.0,0.0
sbiinsurance.in,Suspected,training_set,15.0,0.0,0.06666666666666667,0.0,0.0,0.0,0.0,0.0,1.0,15.0,0.0,0.0,0.2,99.0,0.0,0.0,0.0,0.0,2.0,3.1395722619867223,0.0,0.0,0.0,0.0,0.0,0.0,0.0,0.0,0.0,0.0,0.0,0.0,0.0
sbiinsurance.net,Suspected,training_set,16.0,0.0,0.0625,0.0,0.0,0.0,0.0,0.0,1.0,16.0,0.0,0.0,0.1875,0.6666666666666666,0.0,0.0,0.0,1.0,3.0,3.327819531114783,0.0,0.0,0.0,0.0,0.0,0.0,0.0,0.0,0.0,0.0,0.0,0.0,0.0
sbilifefinance.net,Suspected,training_set,18.0,0.0,0.05555555555555555,0.0,0.0,0.0,0.0,0.0,1.0,18.0,0.0,0.0,0.16666666666666666,0.6666666666666666,0.0,0.0,0.0,1.0,3.0,3.266332639970623,0.0,0.0,0.0,0.0,0.0,0.0,0.0,0.0,0.0,0.0,0.0,0.0,0.0
sbilifeinsurance.co.in,Suspected,training_set,22.0,0.0,0.09090909090909091,0.0,0.0,0.0,0.0,1.0,2.0,5.0,1.0,0.0,0.6,99.0,0.0,0.0,0.0,0.0,2.0,3.5160276412662297,0.0,0.0,0.0,0.0,0.0,0.0,0.0,0.0,0.0,0.0,0.0,0.0,0.0
sbilifeinsurance.net,Suspected,training_set,20.0,0.0,0.05,0.0,0.0,0.0,0.0,0.0,1.0,20.0,0.0,0.0,0.15,0.6666666666666666,0.0,0.0,0.0,1.0,3.0,3.5086949695628418,0.0,0.0,0.0,0.0,0.0,0.0,0.0,0.0,0.0,0.0,0.0,0.0,0.0
sbilifeinsuranceonline.co.in,Suspected,training_set,28.0,0.0,0.07142857142857142,0.0,0.0,0.0,0.0,1.0,2.0,5.0,1.0,0.0,0.6,99.0,0.0,0.0,0.0,0.0,2.0,3.4511346202348507,0.0,0.0,0.0,0.0,0.0,0.0,0.0,0.0,0.0,0.0,0.0,0.0,0.0
sbilifeinsuranceonline.in,Suspected,training_set,25.0,0.0,0.04,0.0,0.0,0.0,0.0,0.0,1.0,25.0,0.0,0.0,0.12,99.0,0.0,0.0,0.0,0.0,2.0,3.36488945173324,0.0,0.0,0.0,0.0,0.0,0.0,0.0,0.0,0.0,0.0,0.0,0.0,0.0
sbilifeinsuranceonline.net,Suspected,training_set,26.0,0.0,0.038461538461538464,0.0,0.0,0.0,0.0,0.0,1.0,26.0,0.0,0.0,0.11538461538461539,0.6666666666666666,0.0,0.0,0.0,1.0,3.0,3.484684315278137,0.0,0.0,0.0,0.0,0.0,0.0,0.0,0.0,0.0,0.0,0.0,0.0,0.0
sbilifepolicy.in,Suspected,training_set,16.0,0.0,0.0625,0.0,0.0,0.0,0.0,0.0,1.0,16.0,0.0,0.0,0.1875,99.0,0.0,0.0,0.0,0.0,2.0,3.375,0.0,0.0,0.0,0.0,0.0,0.0,0.0,0.0,0.0,0.0,0.0,0.0,0.0
sbibankcorp.co.in,Phishing,training_set,17.0,0.0,0.11764705882352941,0.0,0.0,0.0,0.0,1.0,2.0,5.0,1.0,0.0,0.6,99.0,0.0,0.0,0.0,0.0,2.0,3.381580488309164,0.0,0.0,0.0,0.0,0.0,0.0,0.0,0.0,0.0,0.0,0.0,0.0,0.0
mysbibank.co.in,Suspected,training_set,15.0,0.0,0.13333333333333333,0.0,0.0,0.0,0.0,1.0,2.0,5.0,1.0,0.0,0.6,99.0,0.0,0.0,0.0,0.0,2.0,3.373557262275185,0.0,0.0,0.0,0.0,0.0,0.0,0.0,0.0,0.0,0.0,0.0,0.0,0.0
alert-sbi.co.in,Suspected,training_set,15.0,0.0,0.13333333333333333,1.0,0.06666666666666667,0.0,0.0,1.0,2.0,5.0,1.0,0.0,0.6,0.75,0.0,0.0,0.0,0.0,2.0,3.6402239289418516,0.0,0.0,0.0,0.0,0.0,0.0,0.0,0.0,0.0,0.0,0.0,0.0,0.0
sbistatement.co.in,Suspected,training_set,18.0,0.0,0.1111111111111111,0.0,0.0,0.0,0.0,1.0,2.0,5.0,1.0,0.0,0.6,99.0,0.0,0.0,0.0,0.0,2.0,3.350209029099897,0.0,0.0,0.0,0.0,0.0,0.0,0.0,0.0,0.0,0.0,0.0,0.0,0.0
loginsbi.in,Suspected,training_set,11.0,0.0,0.09090909090909091,0.0,0.0,0.0,0.0,0.0,1.0,11.0,0.0,0.0,0.2727272727272727,99.0,0.0,0.0,0.0,0.0,2.0,2.845350936622437,1.0,0.0,0.0,0.0,0.0,0.0,0.0,0.0,0.0,0.0,0.0,0.0,0.0
sbicardshr.in,Suspected,training_set,13.0,0.0,0.07692307692307693,0.0,0.0,0.0,0.0,0.0,1.0,13.0,0.0,0.0,0.23076923076923078,0.42857142857142855,0.0,0.0,0.0,0.0,2.0,3.238901256602631,0.0,0.0,0.0,0.0,0.0,0.0,0.0,0.0,0.0,0.0,0.0,0.0,0.0
updatessbi.co.in,Suspected,training_set,16.0,0.0,0.125,0.0,0.0,0.0,0.0,1.0,2.0,5.0,1.0,0.0,0.6,99.0,0.0,0.0,0.0,0.0,2.0,3.625,0.0,0.0,0.0,0.0,0.0,1.0,0.0,0.0,0.0,0.0,0.0,0.0,0.0
sbifm.in,Suspected,training_set,8.0,0.0,0.125,0.0,0.0,0.0,0.0,0.0,1.0,8.0,0.0,0.0,0.375,0.6666666666666666,0.0,0.0,0.0,0.0,2.0,2.75,0.0,0.0,0.0,0.0,0.0,0.0,0.0,0.0,0.0,0.0,0.0,0.0,0.0
sbicardlogin.in,Suspected,training_set,15.0,0.0,0.06666666666666667,0.0,0.0,0.0,0.0,0.0,1.0,15.0,0.0,0.0,0.2,99.0,0.0,0.0,0.0,0.0,2.0,3.4565647621309536,1.0,0.0,0.0,0.0,0.0,0.0,0.0,0.0,0.0,0.0,0.0,0.0,0.0
sbifashascholarship.in,Suspected,training_set,22.0,0.0,0.045454545454545456,0.0,0.0,0.0,0.0,0.0,1.0,22.0,0.0,0.0,0.13636363636363635,99.0,0.0,0.0,0.0,0.0,2.0,3.447401504705915,0.0,0.0,0.0,0.0,0.0,0.0,0.0,0.0,0.0,0.0,0.0,0.0,0.0
sbifashascholarship.co.in,Suspected,training_set,25.0,0.0,0.08,0.0,0.0,0.0,0.0,1.0,2.0,5.0,1.0,0.0,0.6,99.0,0.0,0.0,0.0,0.0,2.0,3.5132696895151083,0.0,0.0,0.0,0.0,0.0,0.0,0.0,0.0,0.0,0.0,0.0,0.0,0.0
sbigrahaksevakendranet.co.in,Suspected,training_set,28.0,0.0,0.07142857142857142,0.0,0.0,0.0,0.0,1.0,2.0,5.0,1.0,0.0,0.6,99.0,0.0,0.0,0.0,0.0,2.0,3.8248629576173565,0.0,0.0,0.0,0.0,0.0,0.0,0.0,0.0,0.0,0.0,0.0,0.0,0.0
sbi01-bank.co.in,Suspected,training_set,16.0,0.125,0.125,1.0,0.0625,0.0,0.0,1.0,2.0,5.0,1.0,0.0,0.6,0.6666666666666666,0.0,0.0,0.0,0.0,2.0,3.5,0.0,0.0,0.0,0.0,0.0,0.0,0.0,0.0,0.0,0.0,0.0,0.0,0.0
wbsbi.co.in,Suspected,training_set,11.0,0.0,0.18181818181818182,0.0,0.0,0.0,0.0,1.0,2.0,5.0,1.0,0.0,0.6,0.6666666666666666,0.0,0.0,0.0,0.0,2.0,2.9139770731827523,0.0,0.0,0.0,0.0,0.0,0.0,0.0,0.0,0.0,0.0,0.0,0.0,0.0
sbionlinehelp.in,Suspected,training_set,16.0,0.0,0.0625,0.0,0.0,0.0,0.0,0.0,1.0,16.0,0.0,0.0,0.1875,99.0,0.0,0.0,0.0,0.0,2.0,3.1556390622295662,0.0,0.0,0.0,0.0,0.0,0.0,0.0,0.0,0.0,0.0,0.0,0.0,0.0
sbibroker.in,Suspected,training_set,12.0,0.0,0.08333333333333333,0.0,0.0,0.0,0.0,0.0,1.0,12.0,0.0,0.0,0.25,99.0,0.0,0.0,0.0,0.0,2.0,3.084962500721156,0.0,0.0,0.0,0.0,0.0,0.0,0.0,0.0,0.0,0.0,0.0,0.0,0.0
noeticsbiotech.co.in,Suspected,training_set,20.0,0.0,0.1,0.0,0.0,0.0,0.0,1.0,2.0,5.0,1.0,0.0,0.6,99.0,0.0,0.0,0.0,0.0,2.0,3.208694969562842,0.0,0.0,0.0,0.0,0.0,0.0,0.0,0.0,0.0,0.0,0.0,0.0,0.0
alerts-sbi.net,Suspected,training_set,14.0,0.0,0.07142857142857142,1.0,0.07142857142857142,0.0,0.0,0.0,1.0,14.0,0.0,0.0,0.21428571428571427,0.6666666666666666,0.0,0.0,0.0,1.0,3.0,3.3787834934861767,0.0,0.0,0.0,0.0,0.0,0.0,0.0,0.0,0.0,0.0,0.0,0.0,0.0
esbi.in,Suspected,training_set,7.0,0.0,0.14285714285714285,0.0,0.0,0.0,0.0,0.0,1.0,7.0,0.0,0.0,0.42857142857142855,0.3333333333333333,0.0,0.0,0.0,0.0,2.0,2.521640636343318,0.0,0.0,0.0,0.0,0.0,0.0,0.0,0.0,0.0,0.0,0.0,0.0,0.0
esbi-informer.info,Suspected,training_set,18.0,0.0,0.05555555555555555,1.0,0.05555555555555555,0.0,0.0,0.0,1.0,18.0,0.0,1.0,0.16666666666666666,0.3333333333333333,0.0,0.0,0.0,0.0,4.0,3.350209029099897,0.0,0.0,0.0,0.0,0.0,0.0,0.0,0.0,0.0,0.0,0.0,0.0,0.0
loanfinancesbi.co.in,Suspected,training_set,20.0,0.0,0.1,0.0,0.0,0.0,0.0,1.0,2.0,5.0,1.0,0.0,0.6,99.0,0.0,0.0,0.0,0.0,2.0,3.2841837197791883,0.0,0.0,0.0,0.0,0.0,0.0,0.0,0.0,0.0,0.0,0.0,0.0,0.0
onlinesbi.digital,Suspected,training_set,17.0,0.0,0.058823529411764705,0.0,0.0,0.0,0.0,0.0,1.0,17.0,0.0,0.0,0.17647058823529413,99.0,0.0,0.0,0.0,0.0,7.0,3.3815804883091634,0.0,0.0,0.0,0.0,0.0,0.0,0.0,0.0,0.0,0.0,0.0,0.0,0.0
sbibank.ind.in,Suspected,training_set,14.0,0.0,0.14285714285714285,0.0,0.0,0.0,0.0,1.0,2.0,6.0,1.0,0.0,0.5,0.42857142857142855,0.0,0.0,0.0,0.0,2.0,2.8423709931771093,0.0,0.0,0.0,0.0,0.0,0.0,0.0,0.0,0.0,0.0,0.0,0.0,0.0
sbiloanapply.in,Suspected,training_set,15.0,0.0,0.06666666666666667,0.0,0.0,0.0,0.0,0.0,1.0,15.0,0.0,0.0,0.2,99.0,0.0,0.0,0.0,0.0,2.0,3.2402239289418526,0.0,0.0,0.0,0.0,0.0,0.0,0.0,0.0,0.0,0.0,0.0,0.0,0.0
sbirewardcard.in,Suspected,training_set,16.0,0.0,0.0625,0.0,0.0,0.0,0.0,0.0,1.0,16.0,0.0,0.0,0.1875,99.0,0.0,0.0,0.0,0.0,2.0,3.327819531114783,0.0,0.0,0.0,0.0,0.0,0.0,0.0,0.0,0.0,0.0,0.0,0.0,0.0
csb1.lat,Suspected,training_set,8.0,0.125,0.125,0.0,0.0,0.0,0.0,0.0,0.0,8.0,0.0,0.0,0.0,0.6666666666666666,0.0,0.0,0.0,0.0,3.0,3.0,0.0,0.0,0.0,0.0,0.0,0.0,0.0,0.0,0.0,0.0,0.0,0.0,0.0
00674sbi.co.in,Suspected,training_set,14.0,0.35714285714285715,0.14285714285714285,0.0,0.0,0.0,0.0,1.0,2.0,5.0,1.0,0.0,0.6,99.0,0.0,0.0,0.0,0.0,2.0,3.378783493486176,0.0,0.0,0.0,0.0,0.0,0.0,0.0,0.0,0.0,0.0,0.0,0.0,0.0
msbi.in,Suspected,training_set,7.0,0.0,0.14285714285714285,0.0,0.0,0.0,0.0,0.0,1.0,7.0,0.0,0.0,0.42857142857142855,0.3333333333333333,0.0,0.0,0.0,0.0,2.0,2.521640636343318,0.0,0.0,0.0,0.0,0.0,0.0,0.0,0.0,0.0,0.0,0.0,0.0,0.0
sbi13355cbs.co.in,Suspected,training_set,17.0,0.29411764705882354,0.11764705882352941,0.0,0.0,0.0,0.0,1.0,2.0,5.0,1.0,0.0,0.6,99.0,0.0,0.0,0.0,0.0,2.0,3.2639334294856344,0.0,0.0,0.0,0.0,0.0,0.0,0.0,0.0,0.0,0.0,0.0,0.0,0.0
sbifin.in,Suspected,training_set,9.0,0.0,0.1111111111111111,0.0,0.0,0.0,0.0,0.0,1.0,9.0,0.0,0.0,0.3333333333333333,1.0,0.0,0.0,0.0,0.0,2.0,2.4193819456463714,0.0,0.0,0.0,0.0,0.0,0.0,0.0,0.0,0.0,0.0,0.0,0.0,0.0
sbinbank.in,Suspected,training_set,11.0,0.0,0.09090909090909091,0.0,0.0,0.0,0.0,0.0,1.0,11.0,0.0,0.0,0.2727272727272727,99.0,0.0,0.0,0.0,0.0,2.0,2.663532754804255,0.0,0.0,0.0,0.0,0.0,0.0,0.0,0.0,0.0,0.0,0.0,0.0,0.0
sbicard.website,Suspected,training_set,15.0,0.0,0.06666666666666667,0.0,0.0,0.0,0.0,0.0,1.0,15.0,0.0,0.0,0.2,99.0,0.0,0.0,0.0,0.0,7.0,3.3735572622751846,0.0,0.0,0.0,0.0,0.0,0.0,0.0,0.0,0.0,0.0,0.0,0.0,0.0
sbilife.website,Suspected,training_set,15.0,0.0,0.06666666666666667,0.0,0.0,0.0,0.0,0.0,1.0,15.0,0.0,0.0,0.2,99.0,0.0,0.0,0.0,0.0,7.0,3.006238928653389,0.0,0.0,0.0,0.0,0.0,0.0,0.0,0.0,0.0,0.0,0.0,0.0,0.0
18sbip04.shop,Suspected,training_set,13.0,0.3076923076923077,0.07692307692307693,0.0,0.0,0.0,0.0,0.0,1.0,13.0,0.0,1.0,0.23076923076923078,1.0,0.0,0.0,0.0,0.0,4.0,3.3927474104487847,0.0,0.0,0.0,0.0,0.0,0.0,0.0,0.0,0.0,0.0,0.0,0.0,0.0
sbiin.in,Suspected,training_set,8.0,0.0,0.125,0.0,0.0,0.0,0.0,0.0,1.0,8.0,0.0,0.0,0.375,0.6666666666666666,0.0,0.0,0.0,0.0,2.0,2.1556390622295662,0.0,0.0,0.0,0.0,0.0,0.0,0.0,0.0,0.0,0.0,0.0,0.0,0.0
cybersupportsbi.co.in,Suspected,training_set,21.0,0.0,0.09523809523809523,0.0,0.0,0.0,0.0,1.0,2.0,5.0,1.0,0.0,0.6,99.0,0.0,0.0,0.0,0.0,2.0,3.6304126608739984,0.0,0.0,0.0,0.0,0.0,0.0,1.0,0.0,0.0,0.0,0.0,0.0,0.0
sbi-alerts.co.in,Suspected,training_set,16.0,0.0,0.125,1.0,0.0625,0.0,0.0,1.0,2.0,5.0,1.0,0.0,0.6,0.75,0.0,0.0,0.0,0.0,2.0,3.625,0.0,0.0,0.0,0.0,0.0,0.0,0.0,0.0,0.0,0.0,0.0,0.0,0.0
sbicardservice.in,Suspected,training_set,17.0,0.0,0.058823529411764705,0.0,0.0,0.0,0.0,0.0,1.0,17.0,0.0,0.0,0.17647058823529413,99.0,0.0,0.0,0.0,0.0,2.0,3.337175341123077,0.0,0.0,0.0,0.0,0.0,0.0,0.0,0.0,0.0,0.0,0.0,0.0,0.0
sbiindia.in,Suspected,training_set,11.0,0.0,0.09090909090909091,0.0,0.0,0.0,0.0,0.0,1.0,11.0,0.0,0.0,0.2727272727272727,0.375,0.0,0.0,0.0,0.0,2.0,2.5503407095463886,0.0,0.0,0.0,0.0,0.0,0.0,0.0,0.0,0.0,0.0,0.0,0.0,0.0
sbindustries.org.in,Suspected,training_set,19.0,0.0,0.10526315789473684,0.0,0.0,0.0,0.0,1.0,2.0,6.0,1.0,0.0,0.5,0.75,0.0,0.0,0.0,0.0,2.0,3.4316235658474294,0.0,0.0,0.0,0.0,0.0,0.0,0.0,0.0,0.0,0.0,0.0,0.0,0.0
sbinps.org,Suspected,training_set,10.0,0.0,0.1,0.0,0.0,0.0,0.0,0.0,1.0,10.0,0.0,0.0,0.3,0.75,0.0,0.0,0.0,1.0,3.0,3.121928094887362,0.0,0.0,0.0,0.0,0.0,0.0,0.0,0.0,0.0,0.0,0.0,0.0,0.0
usbi.top,Suspected,training_set,8.0,0.0,0.125,0.0,0.0,0.0,0.0,0.0,1.0,8.0,0.0,1.0,0.375,0.3333333333333333,0.0,0.0,0.0,0.0,3.0,3.0,0.0,0.0,0.0,0.0,0.0,0.0,0.0,0.0,0.0,0.0,0.0,0.0,0.0
accounts-sbi.co.in,Suspected,training_set,18.0,0.0,0.1111111111111111,1.0,0.05555555555555555,0.0,0.0,1.0,2.0,5.0,1.0,0.0,0.6,0.75,0.0,0.0,0.0,0.0,2.0,3.350209029099897,0.0,0.0,0.0,1.0,0.0,0.0,0.0,0.0,0.0,0.0,0.0,0.0,0.0
esbi.co.in,Suspected,training_set,10.0,0.0,0.2,0.0,0.0,0.0,0.0,1.0,2.0,5.0,1.0,0.0,0.6,0.3333333333333333,0.0,0.0,0.0,0.0,2.0,2.9219280948873623,0.0,0.0,0.0,0.0,0.0,0.0,0.0,0.0,0.0,0.0,0.0,0.0,0.0
transactions-sbi.co.in,Suspected,training_set,22.0,0.0,0.09090909090909091,1.0,0.045454545454545456,0.0,0.0,1.0,2.0,5.0,1.0,0.0,0.6,0.75,0.0,0.0,0.0,0.0,2.0,3.3564924137968246,0.0,0.0,0.0,0.0,0.0,0.0,0.0,0.0,0.0,0.0,0.0,0.0,0.0
sbicmsbanglore.in,Suspected,training_set,17.0,0.0,0.058823529411764705,0.0,0.0,0.0,0.0,0.0,1.0,17.0,0.0,0.0,0.17647058823529413,99.0,0.0,0.0,0.0,0.0,2.0,3.6168746059562227,0.0,0.0,0.0,0.0,0.0,0.0,0.0,0.0,0.0,0.0,0.0,0.0,0.0
zonalsbi.co.in,Suspected,training_set,14.0,0.0,0.14285714285714285,0.0,0.0,0.0,0.0,1.0,2.0,5.0,1.0,0.0,0.6,99.0,0.0,0.0,0.0,0.0,2.0,3.2359263506290334,0.0,0.0,0.0,0.0,0.0,0.0,0.0,0.0,0.0,0.0,0.0,0.0,0.0
sbico.net,Suspected,training_set,9.0,0.0,0.1111111111111111,0.0,0.0,0.0,0.0,0.0,1.0,9.0,0.0,0.0,0.3333333333333333,0.42857142857142855,0.0,0.0,0.0,1.0,3.0,3.169925001442312,0.0,0.0,0.0,0.0,0.0,0.0,0.0,0.0,0.0,0.0,0.0,0.0,0.0
noreplysbi.in,Suspected,training_set,13.0,0.0,0.07692307692307693,0.0,0.0,0.0,0.0,0.0,1.0,13.0,0.0,0.0,0.23076923076923078,99.0,0.0,0.0,0.0,0.0,2.0,3.3927474104487847,0.0,0.0,0.0,0.0,0.0,0.0,0.0,0.0,0.0,0.0,0.0,0.0,0.0
mysbi-co.net,Suspected,training_set,12.0,0.0,0.08333333333333333,1.0,0.08333333333333333,0.0,0.0,0.0,1.0,12.0,0.0,0.0,0.25,0.6666666666666666,0.0,0.0,0.0,1.0,3.0,3.584962500721156,0.0,0.0,0.0,0.0,0.0,0.0,0.0,0.0,0.0,0.0,0.0,0.0,0.0
sbi-updatb.xyz,Suspected,training_set,14.0,0.0,0.07142857142857142,1.0,0.07142857142857142,0.0,0.0,0.0,1.0,14.0,0.0,1.0,0.21428571428571427,0.6,0.0,0.0,0.0,0.0,3.0,3.6644977792004623,0.0,0.0,0.0,0.0,0.0,0.0,0.0,0.0,0.0,0.0,0.0,0.0,0.0
sbi-update.cfd,Suspected,training_set,14.0,0.0,0.07142857142857142,1.0,0.07142857142857142,0.0,0.0,0.0,1.0,14.0,0.0,0.0,0.21428571428571427,0.6,0.0,0.0,0.0,0.0,3.0,3.6644977792004623,0.0,0.0,0.0,0.0,0.0,1.0,0.0,0.0,0.0,0.0,0.0,0.0,0.0
sbi-update.top,Suspected,training_set,14.0,0.0,0.07142857142857142,1.0,0.07142857142857142,0.0,0.0,0.0,1.0,14.0,0.0,1.0,0.21428571428571427,0.6,0.0,0.0,0.0,0.0,3.0,3.521640636343319,0.0,0.0,0.0,0.0,0.0,1.0,0.0,0.0,0.0,0.0,0.0,0.0,0.0
sbi-update.xyz,Suspected,training_set,14.0,0.0,0.07142857142857142,1.0,0.07142857142857142,0.0,0.0,0.0,1.0,14.0,0.0,1.0,0.21428571428571427,0.6,0.0,0.0,0.0,0.0,3.0,3.8073549220576055,0.0,0.0,0.0,0.0,0.0,1.0,0.0,0.0,0.0,0.0,0.0,0.0,0.0
sbi-updats.top,Suspected,training_set,14.0,0.0,0.07142857142857142,1.0,0.07142857142857142,0.0,0.0,0.0,1.0,14.0,0.0,1.0,0.21428571428571427,0.6,0.0,0.0,0.0,0.0,3.0,3.378783493486176,0.0,0.0,0.0,0.0,0.0,0.0,0.0,0.0,0.0,0.0,0.0,0.0,0.0
sbi-updats.xyz,Suspected,training_set,14.0,0.0,0.07142857142857142,1.0,0.07142857142857142,0.0,0.0,0.0,1.0,14.0,0.0,1.0,0.21428571428571427,0.6,0.0,0.0,0.0,0.0,3.0,3.6644977792004623,0.0,0.0,0.0,0.0,0.0,0.0,0.0,0.0,0.0,0.0,0.0,0.0,0.0
sbi-updaty.top,Suspected,training_set,14.0,0.0,0.07142857142857142,1.0,0.07142857142857142,0.0,0.0,0.0,1.0,14.0,0.0,1.0,0.21428571428571427,0.6,0.0,0.0,0.0,0.0,3.0,3.521640636343319,0.0,0.0,0.0,0.0,0.0,0.0,0.0,0.0,0.0,0.0,0.0,0.0,0.0
sbi-updaty.xyz,Suspected,training_set,14.0,0.0,0.07142857142857142,1.0,0.07142857142857142,0.0,0.0,0.0,1.0,14.0,0.0,1.0,0.21428571428571427,0.6,0.0,0.0,0.0,0.0,3.0,3.6644977792004623,0.0,0.0,0.0,0.0,0.0,0.0,0.0,0.0,0.0,0.0,0.0,0.0,0.0
sbiverify-jp.cfd,Suspected,training_set,16.0,0.0,0.0625,1.0,0.0625,0.0,0.0,0.0,1.0,16.0,0.0,0.0,0.1875,0.75,0.0,0.0,0.0,0.0,3.0,3.75,0.0,0.0,0.0,0.0,1.0,0.0,0.0,0.0,0.0,0.0,0.0,0.0,0.0
moli-bai.pages.dev,Phishing,training_set,18.0,0.0,0.1111111111111111,1.0,0.05555555555555555,0.0,0.0,1.0,0.0,9.0,0.0,0.0,0.0,0.5,0.0,0.0,0.0,0.0,3.0,3.7254805569978675,0.0,0.0,0.0,0.0,0.0,0.0,0.0,0.0,0.0,0.0,0.0,0.0,0.0
ogf.pages.dev,Phishing,training_set,13.0,0.0,0.15384615384615385,0.0,0.0,0.0,0.0,1.0,0.0,9.0,0.0,0.0,0.0,0.75,0.0,0.0,0.0,0.0,3.0,3.238901256602631,0.0,0.0,0.0,0.0,0.0,0.0,0.0,0.0,0.0,0.0,0.0,0.0,0.0
erftgj.pages.dev,Phishing,training_set,16.0,0.0,0.125,0.0,0.0,0.0,0.0,1.0,0.0,9.0,0.0,0.0,0.0,0.75,0.0,0.0,0.0,0.0,3.0,3.452819531114783,0.0,0.0,0.0,0.0,0.0,0.0,0.0,0.0,0.0,0.0,0.0,0.0,0.0
jhctth.pages.dev,Phishing,training_set,16.0,0.0,0.125,0.0,0.0,0.0,0.0,1.0,0.0,9.0,0.0,0.0,0.0,0.75,0.0,0.0,0.0,0.0,3.0,3.5,0.0,0.0,0.0,0.0,0.0,0.0,0.0,0.0,0.0,0.0,0.0,0.0,0.0
bee4.pages.dev,Phishing,training_set,14.0,0.07142857142857142,0.14285714285714285,0.0,0.0,0.0,0.0,1.0,0.0,9.0,0.0,0.0,0.0,0.75,0.0,0.0,0.0,0.0,3.0,3.0930692077718893,0.0,0.0,0.0,0.0,0.0,0.0,0.0,0.0,0.0,0.0,0.0,0.0,0.0
pqvoy.pages.dev,Phishing,training_set,15.0,0.0,0.13333333333333333,0.0,0.0,0.0,0.0,1.0,0.0,9.0,0.0,0.0,0.0,0.75,0.0,0.0,0.0,0.0,3.0,3.3735572622751855,0.0,0.0,0.0,0.0,0.0,0.0,0.0,0.0,0.0,0.0,0.0,0.0,0.0
lkvgt.pages.dev,Phishing,training_set,15.0,0.0,0.13333333333333333,0.0,0.0,0.0,0.0,1.0,0.0,9.0,0.0,0.0,0.0,0.75,0.0,0.0,0.0,0.0,3.0,3.373557262275185,0.0,0.0,0.0,0.0,0.0,0.0,0.0,0.0,0.0,0.0,0.0,0.0,0.0
wqoy.pages.dev,Phishing,training_set,14.0,0.0,0.14285714285714285,0.0,0.0,0.0,0.0,1.0,0.0,9.0,0.0,0.0,0.0,0.75,0.0,0.0,0.0,0.0,3.0,3.521640636343319,0.0,0.0,0.0,0.0,0.0,0.0,0.0,0.0,0.0,0.0,0.0,0.0,0.0
sbikyc-5g4.pages.dev,Phishing,training_set,20.0,0.1,0.1,1.0,0.05,0.0,0.0,1.0,2.0,9.0,1.0,0.0,0.3333333333333333,0.75,0.0,0.0,0.0,0.0,3.0,3.921928094887362,0.0,0.0,0.0,0.0,0.0,0.0,0.0,0.0,0.0,0.0,0.0,0.0,0.0
jkfnlk.pages.dev,Phishing,training_set,16.0,0.0,0.125,0.0,0.0,0.0,0.0,1.0,0.0,9.0,0.0,0.0,0.0,0.75,0.0,0.0,0.0,0.0,3.0,3.625,0.0,0.0,0.0,0.0,0.0,0.0,0.0,0.0,0.0,0.0,0.0,0.0,0.0
sav1h4da.vercel.app,Phishing,training_set,19.0,0.10526315789473684,0.10526315789473684,0.0,0.0,0.0,0.0,1.0,0.0,10.0,0.0,0.0,0.0,0.5,0.0,0.0,0.0,0.0,3.0,3.5766176449086653,0.0,0.0,0.0,0.0,0.0,0.0,0.0,0.0,0.0,0.0,0.0,0.0,0.0
bczxx.vercel.app,Phishing,training_set,16.0,0.0,0.125,0.0,0.0,0.0,0.0,1.0,0.0,10.0,0.0,0.0,0.0,0.5,0.0,0.0,0.0,0.0,3.0,3.375,0.0,0.0,0.0,0.0,0.0,0.0,0.0,0.0,0.0,0.0,0.0,0.0,0.0
czsei.vercel.app,Phishing,training_set,16.0,0.0,0.125,0.0,0.0,0.0,0.0,1.0,0.0,10.0,0.0,0.0,0.0,0.5,0.0,0.0,0.0,0.0,3.0,3.327819531114783,0.0,0.0,0.0,0.0,0.0,0.0,0.0,0.0,0.0,0.0,0.0,0.0,0.0
sahc1d1yta.vercel.app,Phishing,training_set,21.0,0.09523809523809523,0.09523809523809523,0.0,0.0,0.0,0.0,1.0,0.0,10.0,0.0,0.0,0.0,0.5,0.0,0.0,0.0,0.0,3.0,3.6897037321995474,0.0,0.0,0.0,0.0,0.0,0.0,0.0,0.0,0.0,0.0,0.0,0.0,0.0
lkjbb.vercel.app,Phishing,training_set,16.0,0.0,0.125,0.0,0.0,0.0,0.0,1.0,0.0,10.0,0.0,0.0,0.0,0.5,0.0,0.0,0.0,0.0,3.0,3.375,0.0,0.0,0.0,0.0,0.0,0.0,0.0,0.0,0.0,0.0,0.0,0.0,0.0
sagv1ctd.vercel.app,Phishing,training_set,19.0,0.05263157894736842,0.10526315789473684,0.0,0.0,0.0,0.0,1.0,0.0,10.0,0.0,0.0,0.0,0.5,0.0,0.0,0.0,0.0,3.0,3.6163485660751644,0.0,0.0,0.0,0.0,0.0,0.0,0.0,0.0,0.0,0.0,0.0,0.0,0.0
rdcvb.vercel.app,Phishing,training_set,16.0,0.0,0.125,0.0,0.0,0.0,0.0,1.0,0.0,10.0,0.0,0.0,0.0,0.5,0.0,0.0,0.0,0.0,3.0,3.25,0.0,0.0,0.0,0.0,0.0,0.0,0.0,0.0,0.0,0.0,0.0,0.0,0.0
kloii.vercel.app,Phishing,training_set,16.0,0.0,0.125,0.0,0.0,0.0,0.0,1.0,0.0,10.0,0.0,0.0,0.0,0.5,0.0,0.0,0.0,0.0,3.0,3.375,0.0,0.0,0.0,0.0,0.0,0.0,0.0,0.0,0.0,0.0,0.0,0.0,0.0
satydh7va.vercel.app,Phishing,training_set,20.0,0.05,0.1,0.0,0.0,0.0,0.0,1.0,0.0,10.0,0.0,0.0,0.0,0.5,0.0,0.0,0.0,0.0,3.0,3.6841837197791882,0.0,0.0,0.0,0.0,0.0,0.0,0.0,0.0,0.0,0.0,0.0,0.0,0.0
satysv5aj.vercel.app,Phishing,training_set,20.0,0.05,0.1,0.0,0.0,0.0,0.0,1.0,0.0,10.0,0.0,0.0,0.0,0.5,0.0,0.0,0.0,0.0,3.0,3.5841837197791886,0.0,0.0,0.0,0.0,0.0,0.0,0.0,0.0,0.0,0.0,0.0,0.0,0.0
rsbi.online,Suspected,training_set,11.0,0.0,0.09090909090909091,0.0,0.0,0.0,0.0,0.0,1.0,11.0,0.0,1.0,0.2727272727272727,0.3333333333333333,0.0,0.0,0.0,0.0,6.0,3.0957952550009344,0.0,0.0,0.0,0.0,0.0,0.0,0.0,0.0,0.0,0.0,0.0,0.0,0.0
sbibilisim.online,Suspected,training_set,17.0,0.0,0.058823529411764705,0.0,0.0,0.0,0.0,0.0,1.0,17.0,0.0,1.0,0.17647058823529413,0.3333333333333333,0.0,0.0,0.0,0.0,6.0,2.9339545780481746,0.0,0.0,0.0,0.0,0.0,0.0,0.0,0.0,0.0,0.0,0.0,0.0,0.0
sbii.co.in,Suspected,training_set,10.0,0.0,0.2,0.0,0.0,0.0,0.0,1.0,2.0,5.0,1.0,0.0,0.6,0.3333333333333333,0.0,0.0,0.0,0.0,2.0,2.6464393446710153,0.0,0.0,0.0,0.0,0.0,0.0,0.0,0.0,0.0,0.0,0.0,0.0,0.0
sbi-oiddasdeq.cfd,Suspected,training_set,17.0,0.0,0.058823529411764705,1.0,0.058823529411764705,0.0,0.0,0.0,1.0,17.0,0.0,0.0,0.17647058823529413,0.75,0.0,0.0,0.0,0.0,3.0,3.3815804883091634,0.0,0.0,0.0,0.0,0.0,0.0,0.0,0.0,0.0,0.0,0.0,0.0,0.0
sbi-oiderweq.cfd,Suspected,training_set,16.0,0.0,0.0625,1.0,0.0625,0.0,0.0,0.0,1.0,16.0,0.0,0.0,0.1875,0.75,0.0,0.0,0.0,0.0,3.0,3.625,0.0,0.0,0.0,0.0,0.0,0.0,0.0,0.0,0.0,0.0,0.0,0.0,0.0
sbi-help.top,Suspected,training_set,12.0,0.0,0.08333333333333333,1.0,0.08333333333333333,0.0,0.0,0.0,1.0,12.0,0.0,1.0,0.25,0.6666666666666666,0.0,0.0,0.0,0.0,3.0,3.4182958340544896,0.0,0.0,0.0,0.0,0.0,0.0,0.0,0.0,0.0,0.0,0.0,0.0,0.0
sbi-help.xyz,Suspected,training_set,12.0,0.0,0.08333333333333333,1.0,0.08333333333333333,0.0,0.0,0.0,1.0,12.0,0.0,1.0,0.25,0.75,0.0,0.0,0.0,0.0,3.0,3.584962500721156,0.0,0.0,0.0,0.0,0.0,0.0,0.0,0.0,0.0,0.0,0.0,0.0,0.0
sun1-3pr.pages.dev,Phishing,training_set,18.0,0.1111111111111111,0.1111111111111111,1.0,0.05555555555555555,0.0,0.0,1.0,0.0,9.0,0.0,0.0,0.0,0.75,0.0,0.0,0.0,0.0,3.0,3.7254805569978675,0.0,0.0,0.0,0.0,0.0,0.0,0.0,0.0,0.0,0.0,0.0,0.0,0.0
gtcgl.pages.dev,Phishing,training_set,15.0,0.0,0.13333333333333333,0.0,0.0,0.0,0.0,1.0,0.0,9.0,0.0,0.0,0.0,0.75,0.0,0.0,0.0,0.0,3.0,3.323231428797621,0.0,0.0,0.0,0.0,0.0,0.0,0.0,0.0,0.0,0.0,0.0,0.0,0.0
tgw8t54r.pages.dev,Phishing,training_set,18.0,0.16666666666666666,0.1111111111111111,0.0,0.0,0.0,0.0,1.0,0.0,9.0,0.0,0.0,0.0,0.75,0.0,0.0,0.0,0.0,3.0,3.7254805569978675,0.0,0.0,0.0,0.0,0.0,0.0,0.0,0.0,0.0,0.0,0.0,0.0,0.0
ciyk.pages.dev,Phishing,training_set,14.0,0.0,0.14285714285714285,0.0,0.0,0.0,0.0,1.0,0.0,9.0,0.0,0.0,0.0,0.6,0.0,0.0,0.0,0.0,3.0,3.521640636343319,0.0,0.0,0.0,0.0,0.0,0.0,0.0,0.0,0.0,0.0,0.0,0.0,0.0
djal.pages.dev,Phishing,training_set,14.0,0.0,0.14285714285714285,0.0,0.0,0.0,0.0,1.0,0.0,9.0,0.0,0.0,0.0,0.75,0.0,0.0,0.0,0.0,3.0,3.2359263506290326,0.0,0.0,0.0,0.0,0.0,0.0,0.0,0.0,0.0,0.0,0.0,0.0,0.0
rewardsbi.pages.dev,Phishing,training_set,19.0,0.0,0.10526315789473684,0.0,0.0,0.0,0.0,1.0,2.0,9.0,1.0,0.0,0.3333333333333333,0.75,0.0,0.0,0.0,0.0,3.0,3.4713544870139286,0.0,0.0,0.0,0.0,0.0,0.0,0.0,0.0,0.0,0.0,0.0,0.0,0.0
dcvtd.pages.dev,Phishing,training_set,15.0,0.0,0.13333333333333333,0.0,0.0,0.0,0.0,1.0,0.0,9.0,0.0,0.0,0.0,0.75,0.0,0.0,0.0,0.0,3.0,3.1898980954642875,0.0,0.0,0.0,0.0,0.0,0.0,0.0,0.0,0.0,0.0,0.0,0.0,0.0
ktfju-21n.pages.dev,Phishing,training_set,19.0,0.10526315789473684,0.10526315789473684,1.0,0.05263157894736842,0.0,0.0,1.0,0.0,9.0,0.0,0.0,0.0,0.75,0.0,0.0,0.0,0.0,3.0,4.03740119765411,0.0,0.0,0.0,0.0,0.0,0.0,0.0,0.0,0.0,0.0,0.0,0.0,0.0
quxe.pages.dev,Phishing,training_set,14.0,0.0,0.14285714285714285,0.0,0.0,0.0,0.0,1.0,0.0,9.0,0.0,0.0,0.0,0.75,0.0,0.0,0.0,0.0,3.0,3.3248629576173565,0.0,0.0,0.0,0.0,0.0,0.0,0.0,0.0,0.0,0.0,0.0,0.0,0.0
zirvjj.pages.dev,Phishing,training_set,16.0,0.0,0.125,0.0,0.0,0.0,0.0,1.0,0.0,9.0,0.0,0.0,0.0,0.75,0.0,0.0,0.0,0.0,3.0,3.5,0.0,0.0,0.0,0.0,0.0,0.0,0.0,0.0,0.0,0.0,0.0,0.0,0.0
zoebo.pages.dev,Phishing,training_set,15.0,0.0,0.13333333333333333,0.0,0.0,0.0,0.0,1.0,0.0,9.0,0.0,0.0,0.0,0.75,0.0,0.0,0.0,0.0,3.0,3.3232314287976212,0.0,0.0,0.0,0.0,0.0,0.0,0.0,0.0,0.0,0.0,0.0,0.0,0.0
vfhtlk.pages.dev,Phishing,training_set,16.0,0.0,0.125,0.0,0.0,0.0,0.0,1.0,0.0,9.0,0.0,0.0,0.0,0.75,0.0,0.0,0.0,0.0,3.0,3.625,0.0,0.0,0.0,0.0,0.0,0.0,0.0,0.0,0.0,0.0,0.0,0.0,0.0
qotgj.pages.dev,Phishing,training_set,15.0,0.0,0.13333333333333333,0.0,0.0,0.0,0.0,1.0,0.0,9.0,0.0,0.0,0.0,0.75,0.0,0.0,0.0,0.0,3.0,3.506890595608519,0.0,0.0,0.0,0.0,0.0,0.0,0.0,0.0,0.0,0.0,0.0,0.0,0.0
yehiv.pages.dev,Phishing,training_set,15.0,0.0,0.13333333333333333,0.0,0.0,0.0,0.0,1.0,0.0,9.0,0.0,0.0,0.0,0.75,0.0,0.0,0.0,0.0,3.0,3.3232314287976203,0.0,0.0,0.0,0.0,0.0,0.0,0.0,0.0,0.0,0.0,0.0,0.0,0.0
fri9-4v8.pages.dev,Phishing,training_set,18.0,0.16666666666666666,0.1111111111111111,1.0,0.05555555555555555,0.0,0.0,1.0,0.0,9.0,0.0,0.0,0.0,0.75,0.0,0.0,0.0,0.0,3.0,3.8365916681089787,0.0,0.0,0.0,0.0,0.0,0.0,0.0,0.0,0.0,0.0,0.0,0.0,0.0
fri7.pages.dev,Phishing,training_set,14.0,0.07142857142857142,0.14285714285714285,0.0,0.0,0.0,0.0,1.0,0.0,9.0,0.0,0.0,0.0,0.75,0.0,0.0,0.0,0.0,3.0,3.521640636343319,0.0,0.0,0.0,0.0,0.0,0.0,0.0,0.0,0.0,0.0,0.0,0.0,0.0
fri2.pages.dev,Phishing,training_set,14.0,0.07142857142857142,0.14285714285714285,0.0,0.0,0.0,0.0,1.0,0.0,9.0,0.0,0.0,0.0,0.75,0.0,0.0,0.0,0.0,3.0,3.521640636343319,0.0,0.0,0.0,0.0,0.0,0.0,0.0,0.0,0.0,0.0,0.0,0.0,0.0
jazgy.pages.dev,Phishing,training_set,15.0,0.0,0.13333333333333333,0.0,0.0,0.0,0.0,1.0,0.0,9.0,0.0,0.0,0.0,0.75,0.0,0.0,0.0,0.0,3.0,3.3735572622751855,0.0,0.0,0.0,0.0,0.0,0.0,0.0,0.0,0.0,0.0,0.0,0.0,0.0
qpmz.pages.dev,Phishing,training_set,14.0,0.0,0.14285714285714285,0.0,0.0,0.0,0.0,1.0,0.0,9.0,0.0,0.0,0.0,0.75,0.0,0.0,0.0,0.0,3.0,3.378783493486176,0.0,0.0,0.0,0.0,0.0,0.0,0.0,0.0,0.0,0.0,0.0,0.0,0.0
rew-czs.pages.dev,Phishing,training_set,17.0,0.0,0.11764705882352941,1.0,0.058823529411764705,0.0,0.0,1.0,0.0,9.0,0.0,0.0,0.0,0.75,0.0,0.0,0.0,0.0,3.0,3.5724694587701364,0.0,0.0,0.0,0.0,0.0,0.0,0.0,0.0,0.0,0.0,0.0,0.0,0.0
qausb.pages.dev,Phishing,training_set,15.0,0.0,0.13333333333333333,0.0,0.0,0.0,0.0,1.0,0.0,9.0,0.0,0.0,0.0,0.75,0.0,0.0,0.0,0.0,3.0,3.3735572622751855,0.0,0.0,0.0,0.0,0.0,0.0,0.0,0.0,0.0,0.0,0.0,0.0,0.0
aqgcyj.pages.dev,Phishing,training_set,16.0,0.0,0.125,0.0,0.0,0.0,0.0,1.0,0.0,9.0,0.0,0.0,0.0,0.75,0.0,0.0,0.0,0.0,3.0,3.5,0.0,0.0,0.0,0.0,0.0,0.0,0.0,0.0,0.0,0.0,0.0,0.0,0.0
iskvno.pages.dev,Phishing,training_set,16.0,0.0,0.125,0.0,0.0,0.0,0.0,1.0,0.0,9.0,0.0,0.0,0.0,0.75,0.0,0.0,0.0,0.0,3.0,3.5,0.0,0.0,0.0,0.0,0.0,0.0,0.0,0.0,0.0,0.0,0.0,0.0,0.0
aurji.pages.dev,Phishing,training_set,15.0,0.0,0.13333333333333333,0.0,0.0,0.0,0.0,1.0,0.0,9.0,0.0,0.0,0.0,0.75,0.0,0.0,0.0,0.0,3.0,3.5068905956085192,0.0,0.0,0.0,0.0,0.0,0.0,0.0,0.0,0.0,0.0,0.0,0.0,0.0
payebm.pages.dev,Phishing,training_set,16.0,0.0,0.125,0.0,0.0,0.0,0.0,1.0,0.0,9.0,0.0,0.0,0.0,0.75,0.0,0.0,0.0,0.0,3.0,3.327819531114783,0.0,0.0,0.0,0.0,0.0,0.0,0.0,0.0,0.0,0.0,0.0,0.0,0.0
sx2.pages.dev,Phishing,training_set,13.0,0.07692307692307693,0.15384615384615385,0.0,0.0,0.0,0.0,1.0,0.0,9.0,0.0,0.0,0.0,0.6666666666666666,0.0,0.0,0.0,0.0,3.0,3.238901256602631,0.0,0.0,0.0,0.0,0.0,0.0,0.0,0.0,0.0,0.0,0.0,0.0,0.0
yuiii.pages.dev,Phishing,training_set,15.0,0.0,0.13333333333333333,0.0,0.0,0.0,0.0,1.0,0.0,9.0,0.0,0.0,0.0,0.6,0.0,0.0,0.0,0.0,3.0,3.323231428797621,0.0,0.0,0.0,0.0,0.0,0.0,0.0,0.0,0.0,0.0,0.0,0.0,0.0
tg765rftf.pages.dev,Phishing,training_set,19.0,0.15789473684210525,0.10526315789473684,0.0,0.0,0.0,0.0,1.0,0.0,9.0,0.0,0.0,0.0,0.75,0.0,0.0,0.0,0.0,3.0,3.7216117239699003,0.0,0.0,0.0,0.0,0.0,0.0,0.0,0.0,0.0,0.0,0.0,0.0,0.0
ifsjab.pages.dev,Phishing,training_set,16.0,0.0,0.125,0.0,0.0,0.0,0.0,1.0,0.0,9.0,0.0,0.0,0.0,0.75,0.0,0.0,0.0,0.0,3.0,3.5,0.0,0.0,0.0,0.0,0.0,0.0,0.0,0.0,0.0,0.0,0.0,0.0,0.0
jtdubb.pages.dev,Phishing,training_set,16.0,0.0,0.125,0.0,0.0,0.0,0.0,1.0,0.0,9.0,0.0,0.0,0.0,0.75,0.0,0.0,0.0,0.0,3.0,3.5,0.0,0.0,0.0,0.0,0.0,0.0,0.0,0.0,0.0,0.0,0.0,0.0,0.0
zieviv.pages.dev,Phishing,training_set,16.0,0.0,0.125,0.0,0.0,0.0,0.0,1.0,0.0,9.0,0.0,0.0,0.0,0.75,0.0,0.0,0.0,0.0,3.0,3.1556390622295662,0.0,0.0,0.0,0.0,0.0,0.0,0.0,0.0,0.0,0.0,0.0,0.0,0.0
prip.pages.dev,Phishing,training_set,14.0,0.0,0.14285714285714285,0.0,0.0,0.0,0.0,1.0,0.0,9.0,0.0,0.0,0.0,0.75,0.0,0.0,0.0,0.0,3.0,3.1820058147602133,0.0,0.0,0.0,0.0,0.0,0.0,0.0,0.0,0.0,0.0,0.0,0.0,0.0
gttt.pages.dev,Phishing,training_set,14.0,0.0,0.14285714285714285,0.0,0.0,0.0,0.0,1.0,0.0,9.0,0.0,0.0,0.0,0.75,0.0,0.0,0.0,0.0,3.0,3.039148671903071,0.0,0.0,0.0,0.0,0.0,0.0,0.0,0.0,0.0,0.0,0.0,0.0,0.0
pevox.pages.dev,Phishing,training_set,15.0,0.0,0.13333333333333333,0.0,0.0,0.0,0.0,1.0,0.0,9.0,0.0,0.0,0.0,0.75,0.0,0.0,0.0,0.0,3.0,3.1898980954642875,0.0,0.0,0.0,0.0,0.0,0.0,0.0,0.0,0.0,0.0,0.0,0.0,0.0
sbikyc-4g.pages.dev,Phishing,training_set,19.0,0.05263157894736842,0.10526315789473684,1.0,0.05263157894736842,0.0,0.0,1.0,2.0,9.0,1.0,0.0,0.3333333333333333,0.75,0.0,0.0,0.0,0.0,3.0,3.826874881864637,0.0,0.0,0.0,0.0,0.0,0.0,0.0,0.0,0.0,0.0,0.0,0.0,0.0
sbi-kyc.pages.dev,Phishing,training_set,17.0,0.0,0.11764705882352941,1.0,0.058823529411764705,0.0,0.0,1.0,2.0,9.0,1.0,0.0,0.3333333333333333,0.6666666666666666,0.0,0.0,0.0,0.0,3.0,3.734521664779752,0.0,0.0,0.0,0.0,0.0,0.0,0.0,0.0,0.0,0.0,0.0,0.0,0.0
a-2-6ua.pages.dev,Phishing,training_set,17.0,0.11764705882352941,0.11764705882352941,2.0,0.11764705882352941,0.0,0.0,1.0,0.0,9.0,0.0,0.0,0.0,0.75,0.0,0.0,0.0,0.0,3.0,3.454822399946607,0.0,0.0,0.0,0.0,0.0,0.0,0.0,0.0,0.0,0.0,0.0,0.0,0.0
sbikyc-dy1.pages.dev,Phishing,training_set,20.0,0.05,0.1,1.0,0.05,0.0,0.0,1.0,2.0,9.0,1.0,0.0,0.3333333333333333,0.75,0.0,0.0,0.0,0.0,3.0,3.821928094887362,0.0,0.0,0.0,0.0,0.0,0.0,0.0,0.0,0.0,0.0,0.0,0.0,0.0
biyuthj.pages.dev,Phishing,training_set,17.0,0.0,0.11764705882352941,0.0,0.0,0.0,0.0,1.0,0.0,9.0,0.0,0.0,0.0,0.75,0.0,0.0,0.0,0.0,3.0,3.8521687236032816,0.0,0.0,0.0,0.0,0.0,0.0,0.0,0.0,0.0,0.0,0.0,0.0,0.0
pqgib.pages.dev,Phishing,training_set,15.0,0.0,0.13333333333333333,0.0,0.0,0.0,0.0,1.0,0.0,9.0,0.0,0.0,0.0,0.75,0.0,0.0,0.0,0.0,3.0,3.373557262275186,0.0,0.0,0.0,0.0,0.0,0.0,0.0,0.0,0.0,0.0,0.0,0.0,0.0
aklp.pages.dev,Phishing,training_set,14.0,0.0,0.14285714285714285,0.0,0.0,0.0,0.0,1.0,0.0,9.0,0.0,0.0,0.0,0.75,0.0,0.0,0.0,0.0,3.0,3.2359263506290326,0.0,0.0,0.0,0.0,0.0,0.0,0.0,0.0,0.0,0.0,0.0,0.0,0.0
prcobl.pages.dev,Phishing,training_set,16.0,0.0,0.125,0.0,0.0,0.0,0.0,1.0,0.0,9.0,0.0,0.0,0.0,0.75,0.0,0.0,0.0,0.0,3.0,3.625,0.0,0.0,0.0,0.0,0.0,0.0,0.0,0.0,0.0,0.0,0.0,0.0,0.0
zzraz.pages.dev,Phishing,training_set,15.0,0.0,0.13333333333333333,0.0,0.0,0.0,0.0,1.0,0.0,9.0,0.0,0.0,0.0,0.75,0.0,0.0,0.0,0.0,3.0,3.1898980954642875,0.0,0.0,0.0,0.0,0.0,0.0,0.0,0.0,0.0,0.0,0.0,0.0,0.0
ump11.pages.dev,Phishing,training_set,15.0,0.13333333333333333,0.13333333333333333,0.0,0.0,0.0,0.0,1.0,0.0,9.0,0.0,0.0,0.0,0.75,0.0,0.0,0.0,0.0,3.0,3.373557262275186,0.0,0.0,0.0,0.0,0.0,0.0,0.0,0.0,0.0,0.0,0.0,0.0,0.0
ump3.pages.dev,Phishing,training_set,14.0,0.07142857142857142,0.14285714285714285,0.0,0.0,0.0,0.0,1.0,0.0,9.0,0.0,0.0,0.0,0.75,0.0,0.0,0.0,0.0,3.0,3.378783493486176,0.0,0.0,0.0,0.0,0.0,0.0,0.0,0.0,0.0,0.0,0.0,0.0,0.0
qhuvp.pages.dev,Phishing,training_set,15.0,0.0,0.13333333333333333,0.0,0.0,0.0,0.0,1.0,0.0,9.0,0.0,0.0,0.0,0.75,0.0,0.0,0.0,0.0,3.0,3.3735572622751855,0.0,0.0,0.0,0.0,0.0,0.0,0.0,0.0,0.0,0.0,0.0,0.0,0.0
tripal-a.pages.dev,Phishing,training_set,18.0,0.0,0.1111111111111111,1.0,0.05555555555555555,0.0,0.0,1.0,0.0,9.0,0.0,0.0,0.0,0.75,0.0,0.0,0.0,0.0,3.0,3.5724312513221195,0.0,0.0,0.0,0.0,0.0,0.0,0.0,0.0,0.0,0.0,0.0,0.0,0.0
yaegcu.pages.dev,Phishing,training_set,16.0,0.0,0.125,0.0,0.0,0.0,0.0,1.0,0.0,9.0,0.0,0.0,0.0,0.75,0.0,0.0,0.0,0.0,3.0,3.327819531114783,0.0,0.0,0.0,0.0,0.0,0.0,0.0,0.0,0.0,0.0,0.0,0.0,0.0
orvkb.pages.dev,Phishing,training_set,15.0,0.0,0.13333333333333333,0.0,0.0,0.0,0.0,1.0,0.0,9.0,0.0,0.0,0.0,0.75,0.0,0.0,0.0,0.0,3.0,3.5068905956085183,0.0,0.0,0.0,0.0,0.0,0.0,0.0,0.0,0.0,0.0,0.0,0.0,0.0
tyftrk.pages.dev,Phishing,training_set,16.0,0.0,0.125,0.0,0.0,0.0,0.0,1.0,0.0,9.0,0.0,0.0,0.0,0.75,0.0,0.0,0.0,0.0,3.0,3.625,0.0,0.0,0.0,0.0,0.0,0.0,0.0,0.0,0.0,0.0,0.0,0.0,0.0
prcibn.pages.dev,Phishing,training_set,16.0,0.0,0.125,0.0,0.0,0.0,0.0,1.0,0.0,9.0,0.0,0.0,0.0,0.75,0.0,0.0,0.0,0.0,3.0,3.625,0.0,0.0,0.0,0.0,0.0,0.0,0.0,0.0,0.0,0.0,0.0,0.0,0.0
apk5.pages.dev,Phishing,training_set,14.0,0.07142857142857142,0.14285714285714285,0.0,0.0,0.0,0.0,1.0,0.0,9.0,0.0,0.0,0.0,0.75,0.0,0.0,0.0,0.0,3.0,3.2359263506290326,0.0,0.0,0.0,0.0,0.0,0.0,0.0,0.0,0.0,0.0,0.0,0.0,0.0
kilpzcmk.pages.dev,Phishing,training_set,18.0,0.0,0.1111111111111111,0.0,0.0,0.0,0.0,1.0,0.0,9.0,0.0,0.0,0.0,0.75,0.0,0.0,0.0,0.0,3.0,3.7254805569978675,0.0,0.0,0.0,0.0,0.0,0.0,0.0,0.0,0.0,0.0,0.0,0.0,0.0
kop-3b3.pages.dev,Phishing,training_set,17.0,0.11764705882352941,0.11764705882352941,1.0,0.058823529411764705,0.0,0.0,1.0,0.0,9.0,0.0,0.0,0.0,0.6666666666666666,0.0,0.0,0.0,0.0,3.0,3.6168746059562227,0.0,0.0,0.0,0.0,0.0,0.0,0.0,0.0,0.0,0.0,0.0,0.0,0.0
sdf-89v.pages.dev,Phishing,training_set,17.0,0.11764705882352941,0.11764705882352941,1.0,0.058823529411764705,0.0,0.0,1.0,0.0,9.0,0.0,0.0,0.0,0.5,0.0,0.0,0.0,0.0,3.0,3.4992275471326932,0.0,0.0,0.0,0.0,0.0,0.0,0.0,0.0,0.0,0.0,0.0,0.0,0.0
gooa.pages.dev,Phishing,training_set,14.0,0.0,0.14285714285714285,0.0,0.0,0.0,0.0,1.0,0.0,9.0,0.0,0.0,0.0,0.75,0.0,0.0,0.0,0.0,3.0,3.0930692077718898,0.0,0.0,0.0,0.0,0.0,0.0,0.0,0.0,0.0,0.0,0.0,0.0,0.0
ierbk.pages.dev,Phishing,training_set,15.0,0.0,0.13333333333333333,0.0,0.0,0.0,0.0,1.0,0.0,9.0,0.0,0.0,0.0,0.75,0.0,0.0,0.0,0.0,3.0,3.456564762130954,0.0,0.0,0.0,0.0,0.0,0.0,0.0,0.0,0.0,0.0,0.0,0.0,0.0
usehcs.pages.dev,Phishing,training_set,16.0,0.0,0.125,0.0,0.0,0.0,0.0,1.0,0.0,9.0,0.0,0.0,0.0,0.75,0.0,0.0,0.0,0.0,3.0,3.2806390622295662,0.0,0.0,0.0,0.0,0.0,0.0,0.0,0.0,0.0,0.0,0.0,0.0,0.0
ifbib.pages.dev,Phishing,training_set,15.0,0.0,0.13333333333333333,0.0,0.0,0.0,0.0,1.0,0.0,9.0,0.0,0.0,0.0,0.75,0.0,0.0,0.0,0.0,3.0,3.373557262275185,0.0,0.0,0.0,0.0,0.0,0.0,0.0,0.0,0.0,0.0,0.0,0.0,0.0
irhvj.pages.dev,Phishing,training_set,15.0,0.0,0.13333333333333333,0.0,0.0,0.0,0.0,1.0,0.0,9.0,0.0,0.0,0.0,0.6,0.0,0.0,0.0,0.0,3.0,3.5068905956085183,0.0,0.0,0.0,0.0,0.0,0.0,0.0,0.0,0.0,0.0,0.0,0.0,0.0
usjbo.pages.dev,Phishing,training_set,15.0,0.0,0.13333333333333333,0.0,0.0,0.0,0.0,1.0,0.0,9.0,0.0,0.0,0.0,0.75,0.0,0.0,0.0,0.0,3.0,3.5068905956085183,0.0,0.0,0.0,0.0,0.0,0.0,0.0,0.0,0.0,0.0,0.0,0.0,0.0
idobog.pages.dev,Phishing,training_set,16.0,0.0,0.125,0.0,0.0,0.0,0.0,1.0,0.0,9.0,0.0,0.0,0.0,0.75,0.0,0.0,0.0,0.0,3.0,3.375,0.0,0.0,0.0,0.0,0.0,0.0,0.0,0.0,0.0,0.0,0.0,0.0,0.0
yvys.pages.dev,Phishing,training_set,14.0,0.0,0.14285714285714285,0.0,0.0,0.0,0.0,1.0,0.0,9.0,0.0,0.0,0.0,0.75,0.0,0.0,0.0,0.0,3.0,3.09306920777189,0.0,0.0,0.0,0.0,0.0,0.0,0.0,0.0,0.0,0.0,0.0,0.0,0.0
edho.pages.dev,Phishing,training_set,14.0,0.0,0.14285714285714285,0.0,0.0,0.0,0.0,1.0,0.0,9.0,0.0,0.0,0.0,0.75,0.0,0.0,0.0,0.0,3.0,3.182005814760214,0.0,0.0,0.0,0.0,0.0,0.0,0.0,0.0,0.0,0.0,0.0,0.0,0.0
iehjjj.pages.dev,Phishing,training_set,16.0,0.0,0.125,0.0,0.0,0.0,0.0,1.0,0.0,9.0,0.0,0.0,0.0,0.75,0.0,0.0,0.0,0.0,3.0,3.2806390622295662,0.0,0.0,0.0,0.0,0.0,0.0,0.0,0.0,0.0,0.0,0.0,0.0,0.0
udyhji.pages.dev,Phishing,training_set,16.0,0.0,0.125,0.0,0.0,0.0,0.0,1.0,0.0,9.0,0.0,0.0,0.0,0.75,0.0,0.0,0.0,0.0,3.0,3.625,0.0,0.0,0.0,0.0,0.0,0.0,0.0,0.0,0.0,0.0,0.0,0.0,0.0
itjibj.pages.dev,Phishing,training_set,16.0,0.0,0.125,0.0,0.0,0.0,0.0,1.0,0.0,9.0,0.0,0.0,0.0,0.75,0.0,0.0,0.0,0.0,3.0,3.5,0.0,0.0,0.0,0.0,0.0,0.0,0.0,0.0,0.0,0.0,0.0,0.0,0.0
ysibih.pages.dev,Phishing,training_set,16.0,0.0,0.125,0.0,0.0,0.0,0.0,1.0,0.0,9.0,0.0,0.0,0.0,0.75,0.0,0.0,0.0,0.0,3.0,3.5,0.0,0.0,0.0,0.0,0.0,0.0,0.0,0.0,0.0,0.0,0.0,0.0,0.0
vmk.pages.dev,Phishing,training_set,13.0,0.0,0.15384615384615385,0.0,0.0,0.0,0.0,1.0,0.0,9.0,0.0,0.0,0.0,0.75,0.0,0.0,0.0,0.0,3.0,3.238901256602631,0.0,0.0,0.0,0.0,0.0,0.0,0.0,0.0,0.0,0.0,0.0,0.0,0.0
usijop.pages.dev,Phishing,training_set,16.0,0.0,0.125,0.0,0.0,0.0,0.0,1.0,0.0,9.0,0.0,0.0,0.0,0.75,0.0,0.0,0.0,0.0,3.0,3.5,0.0,0.0,0.0,0.0,0.0,0.0,0.0,0.0,0.0,0.0,0.0,0.0,0.0
yshhvk.pages.dev,Phishing,training_set,16.0,0.0,0.125,0.0,0.0,0.0,0.0,1.0,0.0,9.0,0.0,0.0,0.0,0.75,0.0,0.0,0.0,0.0,3.0,3.375,0.0,0.0,0.0,0.0,0.0,0.0,0.0,0.0,0.0,0.0,0.0,0.0,0.0
rewarsdsbi.pages.dev,Phishing,training_set,20.0,0.0,0.1,0.0,0.0,0.0,0.0,1.0,2.0,9.0,1.0,0.0,0.3333333333333333,0.75,0.0,0.0,0.0,0.0,3.0,3.446439344671015,0.0,0.0,0.0,0.0,0.0,0.0,0.0,0.0,0.0,0.0,0.0,0.0,0.0
sah1v1bt.vercel.app,Phishing,training_set,19.0,0.10526315789473684,0.10526315789473684,0.0,0.0,0.0,0.0,1.0,0.0,10.0,0.0,0.0,0.0,0.5,0.0,0.0,0.0,0.0,3.0,3.616348566075164,0.0,0.0,0.0,0.0,0.0,0.0,0.0,0.0,0.0,0.0,0.0,0.0,0.0
mals.vercel.app,Phishing,training_set,15.0,0.0,0.13333333333333333,0.0,0.0,0.0,0.0,1.0,0.0,10.0,0.0,0.0,0.0,0.5,0.0,0.0,0.0,0.0,3.0,3.2402239289418526,0.0,0.0,0.0,0.0,0.0,0.0,0.0,0.0,0.0,0.0,0.0,0.0,0.0
savchg8d.vercel.app,Phishing,training_set,19.0,0.05263157894736842,0.10526315789473684,0.0,0.0,0.0,0.0,1.0,0.0,10.0,0.0,0.0,0.0,0.5,0.0,0.0,0.0,0.0,3.0,3.616348566075164,0.0,0.0,0.0,0.0,0.0,0.0,0.0,0.0,0.0,0.0,0.0,0.0,0.0
sacdyu3a.vercel.app,Phishing,training_set,19.0,0.05263157894736842,0.10526315789473684,0.0,0.0,0.0,0.0,1.0,0.0,10.0,0.0,0.0,0.0,0.5,0.0,0.0,0.0,0.0,3.0,3.5766176449086657,0.0,0.0,0.0,0.0,0.0,0.0,0.0,0.0,0.0,0.0,0.0,0.0,0.0
savc4hdty.vercel.app,Phishing,training_set,20.0,0.05,0.1,0.0,0.0,0.0,0.0,1.0,0.0,10.0,0.0,0.0,0.0,0.5,0.0,0.0,0.0,0.0,3.0,3.7219280948873616,0.0,0.0,0.0,0.0,0.0,0.0,0.0,0.0,0.0,0.0,0.0,0.0,0.0
sagcd8af.vercel.app,Phishing,training_set,19.0,0.05263157894736842,0.10526315789473684,0.0,0.0,0.0,0.0,1.0,0.0,10.0,0.0,0.0,0.0,0.5,0.0,0.0,0.0,0.0,3.0,3.5766176449086653,0.0,0.0,0.0,0.0,0.0,0.0,0.0,0.0,0.0,0.0,0.0,0.0,0.0
youn-delta.vercel.app,Phishing,training_set,21.0,0.0,0.09523809523809523,1.0,0.047619047619047616,0.0,0.0,1.0,0.0,10.0,0.0,0.0,0.0,0.5,0.0,0.0,0.0,0.0,3.0,3.784941827437643,0.0,0.0,0.0,0.0,0.0,0.0,0.0,0.0,0.0,0.0,0.0,0.0,0.0
sah5dyva.vercel.app,Phishing,training_set,19.0,0.05263157894736842,0.10526315789473684,0.0,0.0,0.0,0.0,1.0,0.0,10.0,0.0,0.0,0.0,0.5,0.0,0.0,0.0,0.0,3.0,3.5766176449086657,0.0,0.0,0.0,0.0,0.0,0.0,0.0,0.0,0.0,0.0,0.0,0.0,0.0
sagdy6tcv.vercel.app,Phishing,training_set,20.0,0.05,0.1,0.0,0.0,0.0,0.0,1.0,0.0,10.0,0.0,0.0,0.0,0.5,0.0,0.0,0.0,0.0,3.0,3.7219280948873616,0.0,0.0,0.0,0.0,0.0,0.0,0.0,0.0,0.0,0.0,0.0,0.0,0.0
sa3adtyv.vercel.app,Phishing,training_set,19.0,0.05263157894736842,0.10526315789473684,0.0,0.0,0.0,0.0,1.0,0.0,10.0,0.0,0.0,0.0,0.5,0.0,0.0,0.0,0.0,3.0,3.5766176449086657,0.0,0.0,0.0,0.0,0.0,0.0,0.0,0.0,0.0,0.0,0.0,0.0,0.0
sahcd1j3a.vercel.app,Phishing,training_set,20.0,0.1,0.1,0.0,0.0,0.0,0.0,1.0,0.0,10.0,0.0,0.0,0.0,0.5,0.0,0.0,0.0,0.0,3.0,3.6841837197791882,0.0,0.0,0.0,0.0,0.0,0.0,0.0,0.0,0.0,0.0,0.0,0.0,0.0
saays5dvty.vercel.app,Phishing,training_set,21.0,0.047619047619047616,0.09523809523809523,0.0,0.0,0.0,0.0,1.0,0.0,10.0,0.0,0.0,0.0,0.5,0.0,0.0,0.0,0.0,3.0,3.594465636961452,0.0,0.0,0.0,0.0,0.0,0.0,0.0,0.0,0.0,0.0,0.0,0.0,0.0
sacd1otyac.vercel.app,Phishing,training_set,21.0,0.047619047619047616,0.09523809523809523,0.0,0.0,0.0,0.0,1.0,0.0,10.0,0.0,0.0,0.0,0.5,0.0,0.0,0.0,0.0,3.0,3.6537567082870015,0.0,0.0,0.0,0.0,0.0,0.0,0.0,0.0,0.0,0.0,0.0,0.0,0.0
sahd6jat.vercel.app,Phishing,training_set,19.0,0.05263157894736842,0.10526315789473684,0.0,0.0,0.0,0.0,1.0,0.0,10.0,0.0,0.0,0.0,0.5,0.0,0.0,0.0,0.0,3.0,3.681880802803402,0.0,0.0,0.0,0.0,0.0,0.0,0.0,0.0,0.0,0.0,0.0,0.0,0.0
sahcd7ya.vercel.app,Phishing,training_set,19.0,0.05263157894736842,0.10526315789473684,0.0,0.0,0.0,0.0,1.0,0.0,10.0,0.0,0.0,0.0,0.5,0.0,0.0,0.0,0.0,3.0,3.5766176449086657,0.0,0.0,0.0,0.0,0.0,0.0,0.0,0.0,0.0,0.0,0.0,0.0,0.0
sah1vd2nty.vercel.app,Phishing,training_set,21.0,0.09523809523809523,0.09523809523809523,0.0,0.0,0.0,0.0,1.0,0.0,10.0,0.0,0.0,0.0,0.5,0.0,0.0,0.0,0.0,3.0,3.9161269465882835,0.0,0.0,0.0,0.0,0.0,0.0,0.0,0.0,0.0,0.0,0.0,0.0,0.0
say1uvga.vercel.app,Phishing,training_set,19.0,0.05263157894736842,0.10526315789473684,0.0,0.0,0.0,0.0,1.0,0.0,10.0,0.0,0.0,0.0,0.5,0.0,0.0,0.0,0.0,3.0,3.5766176449086657,0.0,0.0,0.0,0.0,0.0,0.0,0.0,0.0,0.0,0.0,0.0,0.0,0.0
shaidty8dv.vercel.app,Phishing,training_set,21.0,0.047619047619047616,0.09523809523809523,0.0,0.0,0.0,0.0,1.0,0.0,10.0,0.0,0.0,0.0,0.5,0.0,0.0,0.0,0.0,3.0,3.820888851350189,0.0,0.0,0.0,0.0,0.0,0.0,0.0,0.0,0.0,0.0,0.0,0.0,0.0
vndns.vercel.app,Phishing,training_set,16.0,0.0,0.125,0.0,0.0,0.0,0.0,1.0,0.0,10.0,0.0,0.0,0.0,0.5,0.0,0.0,0.0,0.0,3.0,3.375,0.0,0.0,0.0,0.0,0.0,0.0,0.0,0.0,0.0,0.0,0.0,0.0,0.0
sav6ftyuj.vercel.app,Phishing,training_set,20.0,0.05,0.1,0.0,0.0,0.0,0.0,1.0,0.0,10.0,0.0,0.0,0.0,0.5,0.0,0.0,0.0,0.0,3.0,3.821928094887362,0.0,0.0,0.0,0.0,0.0,0.0,0.0,0.0,0.0,0.0,0.0,0.0,0.0
syeh2vfty.vercel.app,Phishing,training_set,20.0,0.05,0.1,0.0,0.0,0.0,0.0,1.0,0.0,10.0,0.0,0.0,0.0,0.5,0.0,0.0,0.0,0.0,3.0,3.684183719779189,0.0,0.0,0.0,0.0,0.0,0.0,0.0,0.0,0.0,0.0,0.0,0.0,0.0
kldss.vercel.app,Phishing,training_set,16.0,0.0,0.125,0.0,0.0,0.0,0.0,1.0,0.0,10.0,0.0,0.0,0.0,0.5,0.0,0.0,0.0,0.0,3.0,3.375,0.0,0.0,0.0,0.0,0.0,0.0,0.0,0.0,0.0,0.0,0.0,0.0,0.0
shab3vta.vercel.app,Phishing,training_set,19.0,0.05263157894736842,0.10526315789473684,0.0,0.0,0.0,0.0,1.0,0.0,10.0,0.0,0.0,0.0,0.5,0.0,0.0,0.0,0.0,3.0,3.5766176449086657,0.0,0.0,0.0,0.0,0.0,0.0,0.0,0.0,0.0,0.0,0.0,0.0,0.0
syertv2aj.vercel.app,Phishing,training_set,20.0,0.05,0.1,0.0,0.0,0.0,0.0,1.0,0.0,10.0,0.0,0.0,0.0,0.5,0.0,0.0,0.0,0.0,3.0,3.584183719779189,0.0,0.0,0.0,0.0,0.0,0.0,0.0,0.0,0.0,0.0,0.0,0.0,0.0
shaty7dv.vercel.app,Phishing,training_set,19.0,0.05263157894736842,0.10526315789473684,0.0,0.0,0.0,0.0,1.0,0.0,10.0,0.0,0.0,0.0,0.5,0.0,0.0,0.0,0.0,3.0,3.7216117239699007,0.0,0.0,0.0,0.0,0.0,0.0,0.0,0.0,0.0,0.0,0.0,0.0,0.0
shgav5ya.vercel.app,Phishing,training_set,19.0,0.05263157894736842,0.10526315789473684,0.0,0.0,0.0,0.0,1.0,0.0,10.0,0.0,0.0,0.0,0.5,0.0,0.0,0.0,0.0,3.0,3.5766176449086657,0.0,0.0,0.0,0.0,0.0,0.0,0.0,0.0,0.0,0.0,0.0,0.0,0.0
svaswer1.vercel.app,Phishing,training_set,19.0,0.05263157894736842,0.10526315789473684,0.0,0.0,0.0,0.0,1.0,0.0,10.0,0.0,0.0,0.0,0.5,0.0,0.0,0.0,0.0,3.0,3.3660913291191923,0.0,0.0,0.0,0.0,0.0,0.0,0.0,0.0,0.0,0.0,0.0,0.0,0.0
shay1ucv.vercel.app,Phishing,training_set,19.0,0.05263157894736842,0.10526315789473684,0.0,0.0,0.0,0.0,1.0,0.0,10.0,0.0,0.0,0.0,0.5,0.0,0.0,0.0,0.0,3.0,3.616348566075164,0.0,0.0,0.0,0.0,0.0,0.0,0.0,0.0,0.0,0.0,0.0,0.0,0.0
syajd1ga.vercel.app,Phishing,training_set,19.0,0.05263157894736842,0.10526315789473684,0.0,0.0,0.0,0.0,1.0,0.0,10.0,0.0,0.0,0.0,0.5,0.0,0.0,0.0,0.0,3.0,3.6818808028034025,0.0,0.0,0.0,0.0,0.0,0.0,0.0,0.0,0.0,0.0,0.0,0.0,0.0
shaj3dy.vercel.app,Phishing,training_set,18.0,0.05555555555555555,0.1111111111111111,0.0,0.0,0.0,0.0,1.0,0.0,10.0,0.0,0.0,0.0,0.5,0.0,0.0,0.0,0.0,3.0,3.7254805569978675,0.0,0.0,0.0,0.0,0.0,0.0,0.0,0.0,0.0,0.0,0.0,0.0,0.0
sha2yeva.vercel.app,Phishing,training_set,19.0,0.05263157894736842,0.10526315789473684,0.0,0.0,0.0,0.0,1.0,0.0,10.0,0.0,0.0,0.0,0.5,0.0,0.0,0.0,0.0,3.0,3.4316235658474303,0.0,0.0,0.0,0.0,0.0,0.0,0.0,0.0,0.0,0.0,0.0,0.0,0.0
sahjj3vdy.vercel.app,Phishing,training_set,20.0,0.05,0.1,0.0,0.0,0.0,0.0,1.0,0.0,10.0,0.0,0.0,0.0,0.5,0.0,0.0,0.0,0.0,3.0,3.721928094887362,0.0,0.0,0.0,0.0,0.0,0.0,0.0,0.0,0.0,0.0,0.0,0.0,0.0
sjab7vdt.vercel.app,Phishing,training_set,19.0,0.05263157894736842,0.10526315789473684,0.0,0.0,0.0,0.0,1.0,0.0,10.0,0.0,0.0,0.0,0.5,0.0,0.0,0.0,0.0,3.0,3.7216117239699007,0.0,0.0,0.0,0.0,0.0,0.0,0.0,0.0,0.0,0.0,0.0,0.0,0.0
styvsais.vercel.app,Phishing,training_set,19.0,0.0,0.10526315789473684,0.0,0.0,0.0,0.0,1.0,0.0,10.0,0.0,0.0,0.0,0.5,0.0,0.0,0.0,0.0,3.0,3.471354487013929,0.0,0.0,0.0,0.0,0.0,0.0,0.0,0.0,0.0,0.0,0.0,0.0,0.0
sakd3yvha.vercel.app,Phishing,training_set,20.0,0.05,0.1,0.0,0.0,0.0,0.0,1.0,0.0,10.0,0.0,0.0,0.0,0.5,0.0,0.0,0.0,0.0,3.0,3.6841837197791882,0.0,0.0,0.0,0.0,0.0,0.0,0.0,0.0,0.0,0.0,0.0,0.0,0.0
sua4ydha.vercel.app,Phishing,training_set,19.0,0.05263157894736842,0.10526315789473684,0.0,0.0,0.0,0.0,1.0,0.0,10.0,0.0,0.0,0.0,0.5,0.0,0.0,0.0,0.0,3.0,3.6818808028034025,0.0,0.0,0.0,0.0,0.0,0.0,0.0,0.0,0.0,0.0,0.0,0.0,0.0
ssft2yb.vercel.app,Phishing,training_set,18.0,0.05555555555555555,0.1111111111111111,0.0,0.0,0.0,0.0,1.0,0.0,10.0,0.0,0.0,0.0,0.5,0.0,0.0,0.0,0.0,3.0,3.7254805569978675,0.0,0.0,0.0,0.0,0.0,0.0,0.0,0.0,0.0,0.0,0.0,0.0,0.0
shay9ua.vercel.app,Phishing,training_set,18.0,0.05555555555555555,0.1111111111111111,0.0,0.0,0.0,0.0,1.0,0.0,10.0,0.0,0.0,0.0,0.5,0.0,0.0,0.0,0.0,3.0,3.5724312513221195,0.0,0.0,0.0,0.0,0.0,0.0,0.0,0.0,0.0,0.0,0.0,0.0,0.0
sajv3dny.vercel.app,Phishing,training_set,19.0,0.05263157894736842,0.10526315789473684,0.0,0.0,0.0,0.0,1.0,0.0,10.0,0.0,0.0,0.0,0.5,0.0,0.0,0.0,0.0,3.0,3.7216117239699007,0.0,0.0,0.0,0.0,0.0,0.0,0.0,0.0,0.0,0.0,0.0,0.0,0.0
syuc1ia.vercel.app,Phishing,training_set,18.0,0.05555555555555555,0.1111111111111111,0.0,0.0,0.0,0.0,1.0,0.0,10.0,0.0,0.0,0.0,0.5,0.0,0.0,0.0,0.0,3.0,3.6143694458867563,0.0,0.0,0.0,0.0,0.0,0.0,0.0,0.0,0.0,0.0,0.0,0.0,0.0
sja2bvr.vercel.app,Phishing,training_set,18.0,0.05555555555555555,0.1111111111111111,0.0,0.0,0.0,0.0,1.0,0.0,10.0,0.0,0.0,0.0,0.5,0.0,0.0,0.0,0.0,3.0,3.503258334775645,0.0,0.0,0.0,0.0,0.0,0.0,0.0,0.0,0.0,0.0,0.0,0.0,0.0
fresh-self-chi.vercel.app,Phishing,training_set,25.0,0.0,0.08,2.0,0.08,0.0,0.0,1.0,0.0,10.0,0.0,0.0,0.0,0.5,0.0,0.0,0.0,0.0,3.0,3.6038561897747243,0.0,0.0,0.0,0.0,0.0,0.0,0.0,0.0,0.0,0.0,0.0,0.0,0.0
ahsh.vercel.app,Phishing,training_set,15.0,0.0,0.13333333333333333,0.0,0.0,0.0,0.0,1.0,0.0,10.0,0.0,0.0,0.0,0.5,0.0,0.0,0.0,0.0,3.0,3.2402239289418526,0.0,0.0,0.0,0.0,0.0,0.0,0.0,0.0,0.0,0.0,0.0,0.0,0.0
sdzxxs.vercel.app,Phishing,training_set,17.0,0.0,0.11764705882352941,0.0,0.0,0.0,0.0,1.0,0.0,10.0,0.0,0.0,0.0,0.5,0.0,0.0,0.0,0.0,3.0,3.4992275471326932,0.0,0.0,0.0,0.0,0.0,0.0,0.0,0.0,0.0,0.0,0.0,0.0,0.0
vssa-silk.vercel.app,Phishing,training_set,20.0,0.0,0.1,1.0,0.05,0.0,0.0,1.0,0.0,10.0,0.0,0.0,0.0,0.5,0.0,0.0,0.0,0.0,3.0,3.4841837197791885,0.0,0.0,0.0,0.0,0.0,0.0,0.0,0.0,0.0,0.0,0.0,0.0,0.0
s1srahb.vercel.app,Phishing,training_set,18.0,0.05555555555555555,0.1111111111111111,0.0,0.0,0.0,0.0,1.0,0.0,10.0,0.0,0.0,0.0,0.5,0.0,0.0,0.0,0.0,3.0,3.503258334775645,0.0,0.0,0.0,0.0,0.0,0.0,0.0,0.0,0.0,0.0,0.0,0.0,0.0
lioou.vercel.app,Phishing,training_set,16.0,0.0,0.125,0.0,0.0,0.0,0.0,1.0,0.0,10.0,0.0,0.0,0.0,0.5,0.0,0.0,0.0,0.0,3.0,3.375,0.0,0.0,0.0,0.0,0.0,0.0,0.0,0.0,0.0,0.0,0.0,0.0,0.0
thiol.vercel.app,Phishing,training_set,16.0,0.0,0.125,0.0,0.0,0.0,0.0,1.0,0.0,10.0,0.0,0.0,0.0,0.5,0.0,0.0,0.0,0.0,3.0,3.5,0.0,0.0,0.0,0.0,0.0,0.0,0.0,0.0,0.0,0.0,0.0,0.0,0.0
new-contact.vercel.app,Phishing,training_set,22.0,0.0,0.09090909090909091,1.0,0.045454545454545456,0.0,0.0,1.0,0.0,10.0,0.0,0.0,0.0,0.5,0.0,0.0,0.0,0.0,3.0,3.5726236638951634,0.0,0.0,0.0,0.0,0.0,0.0,0.0,0.0,0.0,0.0,0.0,0.0,0.0
new-contect-del.vercel.app,Phishing,training_set,26.0,0.0,0.07692307692307693,2.0,0.07692307692307693,0.0,0.0,1.0,0.0,10.0,0.0,0.0,0.0,0.5,0.0,0.0,0.0,0.0,3.0,3.6094963344256965,0.0,0.0,0.0,0.0,0.0,0.0,0.0,0.0,0.0,0.0,0.0,0.0,0.0
um-ten.vercel.app,Phishing,training_set,17.0,0.0,0.11764705882352941,1.0,0.058823529411764705,0.0,0.0,1.0,0.0,10.0,0.0,0.0,0.0,0.5,0.0,0.0,0.0,0.0,3.0,3.572469458770136,0.0,0.0,0.0,0.0,0.0,0.0,0.0,0.0,0.0,0.0,0.0,0.0,0.0
devdm.vercel.app,Phishing,training_set,16.0,0.0,0.125,0.0,0.0,0.0,0.0,1.0,0.0,10.0,0.0,0.0,0.0,0.5,0.0,0.0,0.0,0.0,3.0,3.202819531114783,0.0,0.0,0.0,0.0,0.0,0.0,0.0,0.0,0.0,0.0,0.0,0.0,0.0
nxms.vercel.app,Phishing,training_set,15.0,0.0,0.13333333333333333,0.0,0.0,0.0,0.0,1.0,0.0,10.0,0.0,0.0,0.0,0.5,0.0,0.0,0.0,0.0,3.0,3.506890595608519,0.0,0.0,0.0,0.0,0.0,0.0,0.0,0.0,0.0,0.0,0.0,0.0,0.0
sahj5dvty.vercel.app,Phishing,training_set,20.0,0.05,0.1,0.0,0.0,0.0,0.0,1.0,0.0,10.0,0.0,0.0,0.0,0.5,0.0,0.0,0.0,0.0,3.0,3.8219280948873617,0.0,0.0,0.0,0.0,0.0,0.0,0.0,0.0,0.0,0.0,0.0,0.0,0.0
mkloi.vercel.app,Phishing,training_set,16.0,0.0,0.125,0.0,0.0,0.0,0.0,1.0,0.0,10.0,0.0,0.0,0.0,0.5,0.0,0.0,0.0,0.0,3.0,3.5,0.0,0.0,0.0,0.0,0.0,0.0,0.0,0.0,0.0,0.0,0.0,0.0,0.0
hgfhjk-khfx.vercel.app,Phishing,training_set,22.0,0.0,0.09090909090909091,1.0,0.045454545454545456,0.0,0.0,1.0,0.0,10.0,0.0,0.0,0.0,0.5,0.0,0.0,0.0,0.0,3.0,3.788754913993503,0.0,0.0,0.0,0.0,0.0,0.0,0.0,0.0,0.0,0.0,0.0,0.0,0.0
bvcdm.vercel.app,Phishing,training_set,16.0,0.0,0.125,0.0,0.0,0.0,0.0,1.0,0.0,10.0,0.0,0.0,0.0,0.5,0.0,0.0,0.0,0.0,3.0,3.375,0.0,0.0,0.0,0.0,0.0,0.0,0.0,0.0,0.0,0.0,0.0,0.0,0.0
hgfhjk-wour.vercel.app,Phishing,training_set,22.0,0.0,0.09090909090909091,1.0,0.045454545454545456,0.0,0.0,1.0,0.0,10.0,0.0,0.0,0.0,0.5,0.0,0.0,0.0,0.0,3.0,4.004886164091842,0.0,0.0,0.0,0.0,0.0,0.0,0.0,0.0,0.0,0.0,0.0,0.0,0.0
dagsa.vercel.app,Phishing,training_set,16.0,0.0,0.125,0.0,0.0,0.0,0.0,1.0,0.0,10.0,0.0,0.0,0.0,0.5,0.0,0.0,0.0,0.0,3.0,3.327819531114783,0.0,0.0,0.0,0.0,0.0,0.0,0.0,0.0,0.0,0.0,0.0,0.0,0.0
srthgjh-6576.vercel.app,Phishing,training_set,23.0,0.17391304347826086,0.08695652173913043,1.0,0.043478260869565216,0.0,0.0,1.0,0.0,10.0,0.0,0.0,0.0,0.5,0.0,0.0,0.0,0.0,3.0,4.001822825622232,0.0,0.0,0.0,0.0,0.0,0.0,0.0,0.0,0.0,0.0,0.0,0.0,0.0
ndjs-lovat.vercel.app,Phishing,training_set,21.0,0.0,0.09523809523809523,1.0,0.047619047619047616,0.0,0.0,1.0,0.0,10.0,0.0,0.0,0.0,0.5,0.0,0.0,0.0,0.0,3.0,3.820888851350189,0.0,0.0,0.0,0.0,0.0,0.0,0.0,0.0,0.0,0.0,0.0,0.0,0.0
vbhg.vercel.app,Phishing,training_set,15.0,0.0,0.13333333333333333,0.0,0.0,0.0,0.0,1.0,0.0,10.0,0.0,0.0,0.0,0.5,0.0,0.0,0.0,0.0,3.0,3.3735572622751855,0.0,0.0,0.0,0.0,0.0,0.0,0.0,0.0,0.0,0.0,0.0,0.0,0.0
sbveel-tyr6798i.vercel.app,Phishing,training_set,26.0,0.15384615384615385,0.07692307692307693,1.0,0.038461538461538464,0.0,0.0,1.0,0.0,10.0,0.0,0.0,0.0,0.5,0.0,0.0,0.0,0.0,3.0,4.008132025833399,0.0,0.0,0.0,0.0,0.0,0.0,0.0,0.0,0.0,0.0,0.0,0.0,0.0
sbitu-87uyt.vercel.app,Phishing,training_set,22.0,0.09090909090909091,0.09090909090909091,1.0,0.045454545454545456,0.0,0.0,1.0,2.0,10.0,1.0,0.0,0.3,0.5,0.0,0.0,0.0,0.0,3.0,4.004886164091842,0.0,0.0,0.0,0.0,0.0,0.0,0.0,0.0,0.0,0.0,0.0,0.0,0.0
sbl-re56.vercel.app,Phishing,training_set,19.0,0.10526315789473684,0.10526315789473684,1.0,0.05263157894736842,0.0,0.0,1.0,0.0,10.0,0.0,0.0,0.0,0.3333333333333333,0.0,0.0,0.0,0.0,3.0,3.5766176449086657,0.0,0.0,0.0,0.0,0.0,0.0,0.0,0.0,0.0,0.0,0.0,0.0,0.0
egahs.vercel.app,Phishing,training_set,16.0,0.0,0.125,0.0,0.0,0.0,0.0,1.0,0.0,10.0,0.0,0.0,0.0,0.5,0.0,0.0,0.0,0.0,3.0,3.327819531114783,0.0,0.0,0.0,0.0,0.0,0.0,0.0,0.0,0.0,0.0,0.0,0.0,0.0
ashqd.vercel.app,Phishing,training_set,16.0,0.0,0.125,0.0,0.0,0.0,0.0,1.0,0.0,10.0,0.0,0.0,0.0,0.5,0.0,0.0,0.0,0.0,3.0,3.5,0.0,0.0,0.0,0.0,0.0,0.0,0.0,0.0,0.0,0.0,0.0,0.0,0.0
sbbi-nctg.vercel.app,Phishing,training_set,20.0,0.0,0.1,1.0,0.05,0.0,0.0,1.0,0.0,10.0,0.0,0.0,0.0,0.3333333333333333,0.0,0.0,0.0,0.0,3.0,3.8219280948873617,0.0,0.0,0.0,0.0,0.0,0.0,0.0,0.0,0.0,0.0,0.0,0.0,0.0
mjikl.vercel.app,Phishing,training_set,16.0,0.0,0.125,0.0,0.0,0.0,0.0,1.0,0.0,10.0,0.0,0.0,0.0,0.5,0.0,0.0,0.0,0.0,3.0,3.5,0.0,0.0,0.0,0.0,0.0,0.0,0.0,0.0,0.0,0.0,0.0,0.0,0.0
okiut.vercel.app,Phishing,training_set,16.0,0.0,0.125,0.0,0.0,0.0,0.0,1.0,0.0,10.0,0.0,0.0,0.0,0.5,0.0,0.0,0.0,0.0,3.0,3.625,0.0,0.0,0.0,0.0,0.0,0.0,0.0,0.0,0.0,0.0,0.0,0.0,0.0
sbbi.vercel.app,Phishing,training_set,15.0,0.0,0.13333333333333333,0.0,0.0,0.0,0.0,1.0,0.0,10.0,0.0,0.0,0.0,0.3333333333333333,0.0,0.0,0.0,0.0,3.0,3.3735572622751855,0.0,0.0,0.0,0.0,0.0,0.0,0.0,0.0,0.0,0.0,0.0,0.0,0.0
vcxd.vercel.app,Phishing,training_set,15.0,0.0,0.13333333333333333,0.0,0.0,0.0,0.0,1.0,0.0,10.0,0.0,0.0,0.0,0.5,0.0,0.0,0.0,0.0,3.0,3.240223928941852,0.0,0.0,0.0,0.0,0.0,0.0,0.0,0.0,0.0,0.0,0.0,0.0,0.0
nvcdf.vercel.app,Phishing,training_set,16.0,0.0,0.125,0.0,0.0,0.0,0.0,1.0,0.0,10.0,0.0,0.0,0.0,0.5,0.0,0.0,0.0,0.0,3.0,3.375,0.0,0.0,0.0,0.0,0.0,0.0,0.0,0.0,0.0,0.0,0.0,0.0,0.0
yjau.vercel.app,Phishing,training_set,15.0,0.0,0.13333333333333333,0.0,0.0,0.0,0.0,1.0,0.0,10.0,0.0,0.0,0.0,0.5,0.0,0.0,0.0,0.0,3.0,3.373557262275186,0.0,0.0,0.0,0.0,0.0,0.0,0.0,0.0,0.0,0.0,0.0,0.0,0.0
aswrt.vercel.app,Phishing,training_set,16.0,0.0,0.125,0.0,0.0,0.0,0.0,1.0,0.0,10.0,0.0,0.0,0.0,0.5,0.0,0.0,0.0,0.0,3.0,3.375,0.0,0.0,0.0,0.0,0.0,0.0,0.0,0.0,0.0,0.0,0.0,0.0,0.0
yhaga.vercel.app,Phishing,training_set,16.0,0.0,0.125,0.0,0.0,0.0,0.0,1.0,0.0,10.0,0.0,0.0,0.0,0.5,0.0,0.0,0.0,0.0,3.0,3.327819531114783,0.0,0.0,0.0,0.0,0.0,0.0,0.0,0.0,0.0,0.0,0.0,0.0,0.0
aswrr.vercel.app,Phishing,training_set,16.0,0.0,0.125,0.0,0.0,0.0,0.0,1.0,0.0,10.0,0.0,0.0,0.0,0.5,0.0,0.0,0.0,0.0,3.0,3.202819531114783,0.0,0.0,0.0,0.0,0.0,0.0,0.0,0.0,0.0,0.0,0.0,0.0,0.0
bnaqq.vercel.app,Phishing,training_set,16.0,0.0,0.125,0.0,0.0,0.0,0.0,1.0,0.0,10.0,0.0,0.0,0.0,0.5,0.0,0.0,0.0,0.0,3.0,3.375,0.0,0.0,0.0,0.0,0.0,0.0,0.0,0.0,0.0,0.0,0.0,0.0,0.0
nndaq.vercel.app,Phishing,training_set,16.0,0.0,0.125,0.0,0.0,0.0,0.0,1.0,0.0,10.0,0.0,0.0,0.0,0.5,0.0,0.0,0.0,0.0,3.0,3.375,0.0,0.0,0.0,0.0,0.0,0.0,0.0,0.0,0.0,0.0,0.0,0.0,0.0
hgaqw.vercel.app,Phishing,training_set,16.0,0.0,0.125,0.0,0.0,0.0,0.0,1.0,0.0,10.0,0.0,0.0,0.0,0.5,0.0,0.0,0.0,0.0,3.0,3.5,0.0,0.0,0.0,0.0,0.0,0.0,0.0,0.0,0.0,0.0,0.0,0.0,0.0
thhg.vercel.app,Phishing,training_set,15.0,0.0,0.13333333333333333,0.0,0.0,0.0,0.0,1.0,0.0,10.0,0.0,0.0,0.0,0.5,0.0,0.0,0.0,0.0,3.0,3.373557262275186,0.0,0.0,0.0,0.0,0.0,0.0,0.0,0.0,0.0,0.0,0.0,0.0,0.0
my-next-app-silk-gamma.vercel.app,Phishing,training_set,33.0,0.0,0.06060606060606061,4.0,0.12121212121212122,0.0,0.0,1.0,0.0,10.0,0.0,0.0,0.0,0.5,0.0,0.0,0.0,0.0,3.0,3.9077342707424862,0.0,0.0,0.0,0.0,0.0,0.0,0.0,0.0,0.0,0.0,0.0,0.0,0.0
agsw.vercel.app,Phishing,training_set,15.0,0.0,0.13333333333333333,0.0,0.0,0.0,0.0,1.0,0.0,10.0,0.0,0.0,0.0,0.5,0.0,0.0,0.0,0.0,3.0,3.3735572622751855,0.0,0.0,0.0,0.0,0.0,0.0,0.0,0.0,0.0,0.0,0.0,0.0,0.0
cahq.vercel.app,Phishing,training_set,15.0,0.0,0.13333333333333333,0.0,0.0,0.0,0.0,1.0,0.0,10.0,0.0,0.0,0.0,0.5,0.0,0.0,0.0,0.0,3.0,3.240223928941852,0.0,0.0,0.0,0.0,0.0,0.0,0.0,0.0,0.0,0.0,0.0,0.0,0.0
nminv.vercel.app,Phishing,training_set,16.0,0.0,0.125,0.0,0.0,0.0,0.0,1.0,0.0,10.0,0.0,0.0,0.0,0.5,0.0,0.0,0.0,0.0,3.0,3.375,0.0,0.0,0.0,0.0,0.0,0.0,0.0,0.0,0.0,0.0,0.0,0.0,0.0
eiol.vercel.app,Phishing,training_set,15.0,0.0,0.13333333333333333,0.0,0.0,0.0,0.0,1.0,0.0,10.0,0.0,0.0,0.0,0.5,0.0,0.0,0.0,0.0,3.0,3.1898980954642875,0.0,0.0,0.0,0.0,0.0,0.0,0.0,0.0,0.0,0.0,0.0,0.0,0.0
niooi.vercel.app,Phishing,training_set,16.0,0.0,0.125,0.0,0.0,0.0,0.0,1.0,0.0,10.0,0.0,0.0,0.0,0.5,0.0,0.0,0.0,0.0,3.0,3.375,0.0,0.0,0.0,0.0,0.0,0.0,0.0,0.0,0.0,0.0,0.0,0.0,0.0
sbik3.vercel.app,Phishing,training_set,16.0,0.0625,0.125,0.0,0.0,0.0,0.0,1.0,2.0,10.0,1.0,0.0,0.3,0.5,0.0,0.0,0.0,0.0,3.0,3.625,0.0,0.0,0.0,0.0,0.0,0.0,0.0,0.0,0.0,0.0,0.0,0.0,0.0
sbei.vercel.app,Phishing,training_set,15.0,0.0,0.13333333333333333,0.0,0.0,0.0,0.0,1.0,0.0,10.0,0.0,0.0,0.0,0.3333333333333333,0.0,0.0,0.0,0.0,3.0,3.323231428797621,0.0,0.0,0.0,0.0,0.0,0.0,0.0,0.0,0.0,0.0,0.0,0.0,0.0
australianvisainfo.com,Phishing,mock_Mock_Data_01_08_2025.xlsx,22.0,0.0,0.045454545454545456,0.0,0.0,0.0,0.0,0.0,0.0,22.0,0.0,0.0,0.0,0.6666666666666666,0.0,0.0,0.0,1.0,3.0,3.6069367321753205,0.0,0.0,0.0,0.0,0.0,0.0,0.0,0.0,0.0,0.0,0.0,0.0,0.0
sparkpostmail.com,Phishing,mock_Mock_Data_01_08_2025.xlsx,17.0,0.0,0.058823529411764705,0.0,0.0,0.0,0.0,0.0,0.0,17.0,0.0,0.0,0.0,0.6666666666666666,0.0,0.0,0.0,1.0,3.0,3.4992275471326932,0.0,0.0,0.0,0.0,0.0,0.0,0.0,0.0,0.0,0.0,0.0,0.0,0.0
wetransfer.com,Phishing,mock_Mock_Data_01_08_2025.xlsx,14.0,0.0,0.07142857142857142,0.0,0.0,0.0,0.0,0.0,0.0,14.0,0.0,0.0,0.0,0.6666666666666666,0.0,0.0,0.0,1.0,3.0,3.521640636343319,0.0,0.0,0.0,0.0,0.0,0.0,0.0,0.0,0.0,0.0,0.0,0.0,0.0
empresas.icicicbank.com,Phishing,mock_Mock_Data_01_08_2025.xlsx,23.0,0.0,0.08695652173913043,0.0,0.0,0.0,0.0,1.0,1.0,14.0,0.0,0.0,0.35714285714285715,0.1111111111111111,0.0,0.0,0.0,1.0,3.0,3.5342190211803413,0.0,0.0,0.0,0.0,0.0,0.0,0.0,0.0,0.0,0.0,0.0,0.0,0.0
mycardreward.in,Phishing,mock_Mock_Data_01_08_2025.xlsx,15.0,0.0,0.06666666666666667,0.0,0.0,0.0,0.0,0.0,0.0,15.0,0.0,0.0,0.0,99.0,0.0,0.0,0.0,0.0,2.0,3.3232314287976212,0.0,0.0,0.0,0.0,0.0,0.0,0.0,0.0,0.0,0.0,0.0,0.0,0.0
hrzkmo.icicicbank.com,Phishing,mock_Mock_Data_01_08_2025.xlsx,21.0,0.0,0.09523809523809523,0.0,0.0,0.0,0.0,1.0,1.0,14.0,0.0,0.0,0.35714285714285715,0.1111111111111111,0.0,0.0,0.0,1.0,3.0,3.4039894464852614,0.0,0.0,0.0,0.0,0.0,0.0,0.0,0.0,0.0,0.0,0.0,0.0,0.0
v.icicibank.in,Phishing,mock_Mock_Data_01_08_2025.xlsx,14.0,0.0,0.14285714285714285,0.0,0.0,0.0,0.0,1.0,1.0,12.0,0.0,0.0,0.4166666666666667,99.0,0.0,0.0,0.0,0.0,2.0,2.8073549220576046,0.0,0.0,0.0,0.0,0.0,0.0,0.0,0.0,0.0,0.0,0.0,0.0,0.0
db2.icicicbank.com,Phishing,mock_Mock_Data_01_08_2025.xlsx,18.0,0.05555555555555555,0.1111111111111111,0.0,0.0,0.0,0.0,1.0,1.0,14.0,0.0,0.0,0.35714285714285715,0.1111111111111111,0.0,0.0,0.0,1.0,3.0,3.239097917988786,0.0,0.0,0.0,0.0,0.0,0.0,0.0,0.0,0.0,0.0,0.0,0.0,0.0
iccifund.com,Phishing,mock_Mock_Data_01_08_2025.xlsx,12.0,0.0,0.08333333333333333,0.0,0.0,0.0,0.0,0.0,0.0,12.0,0.0,0.0,0.0,0.6666666666666666,0.0,0.0,0.0,1.0,3.0,3.0220552088742,0.0,0.0,0.0,0.0,0.0,0.0,0.0,0.0,0.0,0.0,0.0,0.0,0.0
icicpsomtng.top,Phishing,mock_Mock_Data_01_08_2025.xlsx,15.0,0.0,0.06666666666666667,0.0,0.0,0.0,0.0,0.0,0.0,15.0,0.0,1.0,0.0,0.6666666666666666,0.0,0.0,0.0,0.0,3.0,3.240223928941852,0.0,0.0,0.0,0.0,0.0,0.0,0.0,0.0,0.0,0.0,0.0,0.0,0.0
icicadisfurnishseveries.monster,Phishing,mock_Mock_Data_01_08_2025.xlsx,31.0,0.0,0.03225806451612903,0.0,0.0,0.0,0.0,0.0,0.0,31.0,0.0,0.0,0.0,99.0,0.0,0.0,0.0,0.0,7.0,3.6647070055147104,0.0,0.0,0.0,0.0,0.0,0.0,0.0,0.0,0.0,0.0,0.0,0.0,0.0
niloonline.shop,Phishing,mock_Mock_Data_01_08_2025.xlsx,15.0,0.0,0.06666666666666667,0.0,0.0,0.0,0.0,0.0,0.0,15.0,0.0,1.0,0.0,1.0,0.0,0.0,0.0,0.0,4.0,3.00623892865339,0.0,0.0,0.0,0.0,0.0,0.0,0.0,0.0,0.0,0.0,0.0,0.0,0.0
savingsaccount.store,Phishing,mock_Mock_Data_01_08_2025.xlsx,20.0,0.0,0.05,0.0,0.0,0.0,0.0,0.0,0.0,20.0,0.0,0.0,0.0,99.0,0.0,0.0,0.0,0.0,5.0,3.5841837197791886,0.0,0.0,0.0,1.0,0.0,0.0,0.0,0.0,0.0,0.0,0.0,0.0,0.0
icicmm.com,Phishing,mock_Mock_Data_01_08_2025.xlsx,10.0,0.0,0.1,0.0,0.0,0.0,0.0,0.0,0.0,10.0,0.0,0.0,0.0,0.4,0.0,0.0,0.0,1.0,3.0,2.1709505944546685,0.0,0.0,0.0,0.0,0.0,0.0,0.0,0.0,0.0,0.0,0.0,0.0,0.0
iciciworkflow1.com,Phishing,mock_Mock_Data_01_08_2025.xlsx,18.0,0.05555555555555555,0.05555555555555555,0.0,0.0,0.0,0.0,0.0,1.0,18.0,0.0,0.0,0.2777777777777778,0.6666666666666666,0.0,0.0,0.0,1.0,3.0,3.266332639970623,0.0,0.0,0.0,0.0,0.0,0.0,0.0,0.0,0.0,0.0,0.0,0.0,0.0
icicinc.top,Phishing,mock_Mock_Data_01_08_2025.xlsx,11.0,0.0,0.09090909090909091,0.0,0.0,0.0,0.0,0.0,1.0,11.0,0.0,1.0,0.45454545454545453,0.3333333333333333,0.0,0.0,0.0,0.0,3.0,2.5949066182439395,0.0,0.0,0.0,0.0,0.0,0.0,0.0,0.0,0.0,0.0,0.0,0.0,0.0
onesource.run,Phishing,mock_Mock_Data_01_08_2025.xlsx,13.0,0.0,0.07692307692307693,0.0,0.0,0.0,0.0,0.0,0.0,13.0,0.0,0.0,0.0,0.75,0.0,0.0,0.0,0.0,3.0,2.9312089489103235,0.0,0.0,0.0,0.0,0.0,0.0,0.0,0.0,0.0,0.0,0.0,0.0,0.0
gpvpn.icicibanbk.com,Phishing,mock_Mock_Data_01_08_2025.xlsx,20.0,0.0,0.1,0.0,0.0,0.0,0.0,1.0,1.0,14.0,0.0,0.0,0.35714285714285715,0.1111111111111111,0.0,0.0,0.0,1.0,3.0,3.446439344671015,0.0,0.0,0.0,0.0,0.0,0.0,0.0,0.0,0.0,0.0,0.0,0.0,0.0
mta-sts.smtp3.iciciprulife.co,Phishing,mock_Mock_Data_01_08_2025.xlsx,29.0,0.034482758620689655,0.10344827586206896,1.0,0.034482758620689655,0.0,0.0,2.0,1.0,15.0,0.0,0.0,0.3333333333333333,0.6666666666666666,0.0,0.0,0.0,0.0,2.0,3.788341339656749,0.0,0.0,0.0,0.0,0.0,0.0,0.0,0.0,0.0,0.0,0.0,0.0,0.0
mta-sts.salescrm.icicibamk.com,Phishing,mock_Mock_Data_01_08_2025.xlsx,30.0,0.0,0.1,1.0,0.03333333333333333,0.0,0.0,2.0,1.0,13.0,0.0,0.0,0.38461538461538464,0.1111111111111111,0.0,0.0,0.0,1.0,3.0,3.5647351787255053,0.0,0.0,0.0,0.0,0.0,0.0,0.0,0.0,0.0,0.0,0.0,0.0,0.0
theholw6.icicibamk.com,Phishing,mock_Mock_Data_01_08_2025.xlsx,22.0,0.045454545454545456,0.09090909090909091,0.0,0.0,0.0,0.0,1.0,1.0,13.0,0.0,0.0,0.38461538461538464,0.1111111111111111,0.0,0.0,0.0,1.0,3.0,3.663532754804254,0.0,0.0,0.0,0.0,0.0,0.0,0.0,0.0,0.0,0.0,0.0,0.0,0.0
9d9a28c3-ca42-43e2-b578-78b49bf03843.random.iciciprulife.co,Phishing,mock_Mock_Data_01_08_2025.xlsx,59.0,0.3728813559322034,0.05084745762711865,4.0,0.06779661016949153,0.0,0.0,2.0,1.0,15.0,0.0,0.0,0.3333333333333333,0.75,0.0,0.0,0.0,0.0,2.0,4.40155698181516,0.0,0.0,0.0,0.0,0.0,0.0,0.0,0.0,0.0,0.0,0.0,0.0,0.0
7fb3673b-ec46-430b-8f68-880513a8294e.random.iciciprulife.co,Phishing,mock_Mock_Data_01_08_2025.xlsx,59.0,0.3898305084745763,0.05084745762711865,4.0,0.06779661016949153,0.0,0.0,2.0,1.0,15.0,0.0,0.0,0.3333333333333333,1.0,0.0,0.0,0.0,0.0,2.0,4.490457193642898,0.0,0.0,0.0,0.0,0.0,0.0,0.0,0.0,0.0,0.0,0.0,0.0,0.0
ww7.icicicareer.com,Phishing,mock_Mock_Data_01_08_2025.xlsx,19.0,0.05263157894736842,0.10526315789473684,0.0,0.0,0.0,0.0,1.0,1.0,15.0,0.0,0.0,0.3333333333333333,0.6666666666666666,0.0,0.0,0.0,1.0,3.0,3.1555650133297184,0.0,0.0,0.0,0.0,0.0,0.0,0.0,0.0,0.0,0.0,0.0,0.0,0.0
resolver1.icicibamnk.com,Phishing,mock_Mock_Data_01_08_2025.xlsx,24.0,0.041666666666666664,0.08333333333333333,0.0,0.0,0.0,0.0,1.0,1.0,14.0,0.0,0.0,0.35714285714285715,0.1111111111111111,0.0,0.0,0.0,1.0,3.0,3.7720552088742005,0.0,0.0,0.0,0.0,0.0,0.0,0.0,0.0,0.0,0.0,0.0,0.0,0.0
mta-sts.test.icicibamk.com,Phishing,mock_Mock_Data_01_08_2025.xlsx,26.0,0.0,0.11538461538461539,1.0,0.038461538461538464,0.0,0.0,2.0,1.0,13.0,0.0,0.0,0.38461538461538464,0.1111111111111111,0.0,0.0,0.0,1.0,3.0,3.4014228908019635,0.0,0.0,0.0,0.0,0.0,0.0,0.0,0.0,0.0,0.0,0.0,0.0,0.0
doh.icicibamnk.com,Phishing,mock_Mock_Data_01_08_2025.xlsx,18.0,0.0,0.1111111111111111,0.0,0.0,0.0,0.0,1.0,1.0,14.0,0.0,0.0,0.35714285714285715,0.1111111111111111,0.0,0.0,0.0,1.0,3.0,3.30827083453526,0.0,0.0,0.0,0.0,0.0,0.0,0.0,0.0,0.0,0.0,0.0,0.0,0.0
mta-sts.notexistsicicibank.carreer.com,Phishing,mock_Mock_Data_01_08_2025.xlsx,38.0,0.0,0.07894736842105263,1.0,0.02631578947368421,0.0,0.0,2.0,2.0,11.0,1.0,0.0,0.45454545454545453,0.6666666666666666,0.0,0.0,0.0,1.0,3.0,3.7474130395316414,0.0,0.0,0.0,0.0,0.0,0.0,0.0,0.0,0.0,0.0,0.0,0.0,0.0
omwzeriyadww25.beta.icicibamk.com,Phishing,mock_Mock_Data_01_08_2025.xlsx,33.0,0.06060606060606061,0.09090909090909091,0.0,0.0,0.0,0.0,2.0,1.0,13.0,0.0,0.0,0.38461538461538464,0.1111111111111111,0.0,0.0,0.0,1.0,3.0,3.8997141947882312,0.0,0.0,0.0,0.0,0.0,0.0,0.0,0.0,0.0,0.0,0.0,0.0,0.0
icicicardonline.info,Phishing,mock_Mock_Data_01_08_2025.xlsx,20.0,0.0,0.05,0.0,0.0,0.0,0.0,0.0,1.0,20.0,0.0,1.0,0.25,0.75,0.0,0.0,0.0,0.0,4.0,3.1659573209491745,0.0,0.0,0.0,0.0,0.0,0.0,0.0,0.0,0.0,0.0,0.0,0.0,0.0
icici-inr.top,Phishing,mock_Mock_Data_01_08_2025.xlsx,13.0,0.0,0.07692307692307693,1.0,0.07692307692307693,0.0,0.0,0.0,1.0,13.0,0.0,1.0,0.38461538461538464,0.6,0.0,0.0,0.0,0.0,3.0,2.9312089489103235,0.0,0.0,0.0,0.0,0.0,0.0,0.0,0.0,0.0,0.0,0.0,0.0,0.0
icicio.top,Phishing,mock_Mock_Data_01_08_2025.xlsx,10.0,0.0,0.1,0.0,0.0,0.0,0.0,0.0,1.0,10.0,0.0,1.0,0.5,0.2,0.0,0.0,0.0,0.0,3.0,2.4464393446710155,0.0,0.0,0.0,0.0,0.0,0.0,0.0,0.0,0.0,0.0,0.0,0.0,0.0
mta-sts.docs.iciciprulife.co,Phishing,mock_Mock_Data_01_08_2025.xlsx,28.0,0.0,0.10714285714285714,1.0,0.03571428571428571,0.0,0.0,2.0,1.0,15.0,0.0,0.0,0.3333333333333333,0.5,0.0,0.0,0.0,0.0,2.0,3.753434386188785,0.0,0.0,0.0,0.0,0.0,0.0,0.0,0.0,0.0,0.0,0.0,0.0,0.0
mta-sts.vpn.iciciproperties.com,Phishing,mock_Mock_Data_01_08_2025.xlsx,31.0,0.0,0.0967741935483871,1.0,0.03225806451612903,0.0,0.0,2.0,1.0,19.0,0.0,0.0,0.2631578947368421,0.6666666666666666,0.0,0.0,0.0,1.0,3.0,3.6711499390701863,0.0,0.0,0.0,0.0,0.0,0.0,0.0,0.0,0.0,0.0,0.0,0.0,0.0
dienstleistungsrichtlinie.icicicbank.com,Phishing,mock_Mock_Data_01_08_2025.xlsx,40.0,0.0,0.05,0.0,0.0,0.0,0.0,1.0,1.0,14.0,0.0,0.0,0.35714285714285715,0.1111111111111111,0.0,0.0,0.0,1.0,3.0,3.775070520364181,0.0,0.0,0.0,0.0,0.0,0.0,0.0,0.0,0.0,0.0,0.0,0.0,0.0
988a3cf0-88de-435e-90fe-ef14229bee3b.random.iciciprulife.co,Phishing,mock_Mock_Data_01_08_2025.xlsx,59.0,0.3050847457627119,0.05084745762711865,4.0,0.06779661016949153,0.0,0.0,2.0,1.0,15.0,0.0,0.0,0.3333333333333333,0.75,0.0,0.0,0.0,0.0,2.0,4.3586405584992365,0.0,0.0,0.0,0.0,0.0,0.0,0.0,0.0,0.0,0.0,0.0,0.0,0.0
members.icicicbank.com,Phishing,mock_Mock_Data_01_08_2025.xlsx,22.0,0.0,0.09090909090909091,0.0,0.0,0.0,0.0,1.0,1.0,14.0,0.0,0.0,0.35714285714285715,0.1111111111111111,0.0,0.0,0.0,1.0,3.0,3.3908054820769817,0.0,0.0,0.0,0.0,0.0,0.0,0.0,0.0,0.0,0.0,0.0,0.0,0.0
mta-sts.forums.icicibamk.com,Phishing,mock_Mock_Data_01_08_2025.xlsx,28.0,0.0,0.10714285714285714,1.0,0.03571428571428571,0.0,0.0,2.0,1.0,13.0,0.0,0.0,0.38461538461538464,0.1111111111111111,0.0,0.0,0.0,1.0,3.0,3.628085278891394,0.0,0.0,0.0,0.0,0.0,0.0,0.0,0.0,0.0,0.0,0.0,0.0,0.0
ww38.secure.iciciditect.com,Phishing,mock_Mock_Data_01_08_2025.xlsx,27.0,0.07407407407407407,0.1111111111111111,0.0,0.0,0.0,0.0,2.0,1.0,15.0,0.0,0.0,0.3333333333333333,0.6666666666666666,0.0,0.0,0.0,1.0,3.0,3.5282424844314786,0.0,0.0,1.0,0.0,0.0,0.0,0.0,0.0,0.0,0.0,0.0,0.0,0.0
ere-nova.icicicbank.com,Phishing,mock_Mock_Data_01_08_2025.xlsx,23.0,0.0,0.08695652173913043,1.0,0.043478260869565216,0.0,0.0,1.0,1.0,14.0,0.0,0.0,0.35714285714285715,0.1111111111111111,0.0,0.0,0.0,1.0,3.0,3.5342190211803413,0.0,0.0,0.0,0.0,0.0,0.0,0.0,0.0,0.0,0.0,0.0,0.0,0.0
iciciv.com,Phishing,mock_Mock_Data_01_08_2025.xlsx,10.0,0.0,0.1,0.0,0.0,0.0,0.0,0.0,1.0,10.0,0.0,0.0,0.5,0.2,0.0,0.0,0.0,1.0,3.0,2.3709505944546683,0.0,0.0,0.0,0.0,0.0,0.0,0.0,0.0,0.0,0.0,0.0,0.0,0.0
icicicc.com,Phishing,mock_Mock_Data_01_08_2025.xlsx,11.0,0.0,0.09090909090909091,0.0,0.0,0.0,0.0,0.0,1.0,11.0,0.0,0.0,0.45454545454545453,0.4,0.0,0.0,0.0,1.0,3.0,1.971747257128181,0.0,0.0,0.0,0.0,0.0,0.0,0.0,0.0,0.0,0.0,0.0,0.0,0.0
imobile.icicibasnk.com,Phishing,mock_Mock_Data_01_08_2025.xlsx,22.0,0.0,0.09090909090909091,0.0,0.0,0.0,0.0,1.0,1.0,14.0,0.0,0.0,0.35714285714285715,0.1111111111111111,0.0,0.0,0.0,1.0,3.0,3.3519530742463752,0.0,0.0,0.0,0.0,0.0,0.0,0.0,0.0,0.0,0.0,0.0,0.0,0.0
ww38.infinitynxt.icicibank.site,Phishing,mock_Mock_Data_01_08_2025.xlsx,31.0,0.06451612903225806,0.0967741935483871,0.0,0.0,0.0,0.0,2.0,1.0,14.0,0.0,1.0,0.35714285714285715,0.5,0.0,0.0,0.0,0.0,4.0,3.6264137472020304,0.0,0.0,0.0,0.0,0.0,0.0,0.0,0.0,0.0,0.0,0.0,0.0,0.0
icicibank.msy169.xyz,Phishing,mock_Mock_Data_01_08_2025.xlsx,20.0,0.15,0.1,0.0,0.0,0.0,0.0,1.0,2.0,10.0,1.0,1.0,0.5,1.0,0.0,0.0,0.0,0.0,3.0,3.7841837197791888,0.0,0.0,0.0,0.0,0.0,0.0,0.0,0.0,0.0,0.0,0.0,0.0,0.0
mta-sts.icicibank-staging.alardah.com,Phishing,mock_Mock_Data_01_08_2025.xlsx,37.0,0.0,0.08108108108108109,2.0,0.05405405405405406,0.0,0.0,2.0,2.0,11.0,1.0,0.0,0.45454545454545453,0.6666666666666666,0.0,0.0,0.0,1.0,3.0,3.843795932845685,0.0,0.0,0.0,0.0,0.0,0.0,0.0,0.0,0.0,0.0,0.0,0.0,0.0
server.icicibannk.com,Phishing,mock_Mock_Data_01_08_2025.xlsx,21.0,0.0,0.09523809523809523,0.0,0.0,0.0,0.0,1.0,1.0,14.0,0.0,0.0,0.35714285714285715,0.1111111111111111,0.0,0.0,0.0,1.0,3.0,3.5585186130489057,0.0,0.0,0.0,0.0,0.0,0.0,0.0,0.0,0.0,0.0,0.0,0.0,0.0
ww38.store.iciciprulifeinsurance.com,Phishing,mock_Mock_Data_01_08_2025.xlsx,36.0,0.05555555555555555,0.08333333333333333,0.0,0.0,0.0,0.0,2.0,1.0,25.0,0.0,0.0,0.2,0.6666666666666666,0.0,0.0,0.0,1.0,3.0,3.951194363083222,0.0,0.0,0.0,0.0,0.0,0.0,0.0,0.0,0.0,0.0,0.0,0.0,0.0
store.acqweb.icicicbank.com,Phishing,mock_Mock_Data_01_08_2025.xlsx,27.0,0.0,0.1111111111111111,0.0,0.0,0.0,0.0,2.0,1.0,14.0,0.0,0.0,0.35714285714285715,0.1111111111111111,0.0,0.0,0.0,1.0,3.0,3.6763906325796265,0.0,0.0,0.0,0.0,0.0,0.0,0.0,0.0,0.0,0.0,0.0,0.0,0.0
www.buy.icicibanlk.com,Phishing,mock_Mock_Data_01_08_2025.xlsx,22.0,0.0,0.13636363636363635,0.0,0.0,0.0,0.0,2.0,1.0,14.0,0.0,0.0,0.35714285714285715,0.1111111111111111,0.0,0.0,0.0,1.0,3.0,3.5039975273348474,0.0,0.0,0.0,0.0,0.0,0.0,0.0,0.0,0.0,0.0,0.0,0.0,0.0
www.store.icicicdirect.com,Phishing,mock_Mock_Data_01_08_2025.xlsx,26.0,0.0,0.11538461538461539,0.0,0.0,0.0,0.0,2.0,1.0,16.0,0.0,0.0,0.3125,0.6666666666666666,0.0,0.0,0.0,1.0,3.0,3.272769892034794,0.0,0.0,0.0,0.0,0.0,0.0,0.0,0.0,0.0,0.0,0.0,0.0,0.0
fortivpn.iciciprulife.co,Phishing,mock_Mock_Data_01_08_2025.xlsx,24.0,0.0,0.08333333333333333,0.0,0.0,0.0,0.0,1.0,1.0,15.0,0.0,0.0,0.3333333333333333,99.0,0.0,0.0,0.0,0.0,2.0,3.4864405016961446,0.0,0.0,0.0,0.0,0.0,0.0,0.0,0.0,0.0,0.0,0.0,0.0,0.0
zafpshvx.icici.app,Phishing,mock_Mock_Data_01_08_2025.xlsx,18.0,0.0,0.1111111111111111,0.0,0.0,0.0,0.0,1.0,1.0,9.0,0.0,0.0,0.5555555555555556,0.6,0.0,0.0,0.0,0.0,3.0,3.3082708345352603,0.0,0.0,0.0,0.0,0.0,0.0,0.0,0.0,0.0,0.0,0.0,0.0,0.0
www.uat.icici.app,Phishing,mock_Mock_Data_01_08_2025.xlsx,17.0,0.0,0.17647058823529413,0.0,0.0,0.0,0.0,2.0,1.0,9.0,0.0,0.0,0.5555555555555556,0.6,0.0,0.0,0.0,0.0,3.0,2.895423870280316,0.0,0.0,0.0,0.0,0.0,0.0,0.0,0.0,0.0,0.0,0.0,0.0,0.0
aic1c1.vip,Phishing,mock_Mock_Data_01_08_2025.xlsx,10.0,0.2,0.1,0.0,0.0,0.0,0.0,0.0,0.0,10.0,0.0,0.0,0.0,0.6,0.0,0.0,0.0,0.0,3.0,2.721928094887362,0.0,0.0,0.0,0.0,0.0,0.0,0.0,0.0,0.0,0.0,0.0,0.0,0.0
iccici.com,Phishing,mock_Mock_Data_01_08_2025.xlsx,10.0,0.0,0.1,0.0,0.0,0.0,0.0,0.0,0.0,10.0,0.0,0.0,0.0,0.2,0.0,0.0,0.0,1.0,3.0,2.0464393446710156,0.0,0.0,0.0,0.0,0.0,0.0,0.0,0.0,0.0,0.0,0.0,0.0,0.0
iciinsurance.online,Phishing,mock_Mock_Data_01_08_2025.xlsx,19.0,0.0,0.05263157894736842,0.0,0.0,0.0,0.0,0.0,0.0,19.0,0.0,1.0,0.0,0.3333333333333333,0.0,0.0,0.0,0.0,6.0,3.195295934496216,0.0,0.0,0.0,0.0,0.0,0.0,0.0,0.0,0.0,0.0,0.0,0.0,0.0
l2n2uhji85.icicibasnk.com,Phishing,mock_Mock_Data_01_08_2025.xlsx,25.0,0.16,0.08,0.0,0.0,0.0,0.0,1.0,1.0,14.0,0.0,0.0,0.35714285714285715,0.1111111111111111,0.0,0.0,0.0,1.0,3.0,3.8936606896881845,0.0,0.0,0.0,0.0,0.0,0.0,0.0,0.0,0.0,0.0,0.0,0.0,0.0
icicle1.com,Phishing,mock_Mock_Data_01_08_2025.xlsx,11.0,0.09090909090909091,0.09090909090909091,0.0,0.0,0.0,0.0,0.0,0.0,11.0,0.0,0.0,0.0,0.6,0.0,0.0,0.0,1.0,3.0,2.845350936622437,0.0,0.0,0.0,0.0,0.0,0.0,0.0,0.0,0.0,0.0,0.0,0.0,0.0
icici.care.co.in,Phishing,mock_Mock_Data_01_08_2025.xlsx,16.0,0.0,0.1875,0.0,0.0,0.0,0.0,2.0,2.0,5.0,1.0,0.0,1.0,0.6,0.0,0.0,0.0,0.0,2.0,2.702819531114783,0.0,0.0,0.0,0.0,0.0,0.0,0.0,0.0,0.0,0.0,0.0,0.0,0.0
test.icicibank.live,Phishing,mock_Mock_Data_01_08_2025.xlsx,19.0,0.0,0.10526315789473684,0.0,0.0,0.0,0.0,1.0,1.0,14.0,0.0,1.0,0.35714285714285715,1.0,0.0,0.0,0.0,0.0,4.0,3.40582225028569,0.0,0.0,0.0,0.0,0.0,0.0,0.0,0.0,0.0,0.0,0.0,0.0,0.0
viyionline.com,Phishing,mock_Mock_Data_01_08_2025.xlsx,14.0,0.0,0.07142857142857142,0.0,0.0,0.0,0.0,0.0,0.0,14.0,0.0,0.0,0.0,0.6666666666666666,0.0,0.0,0.0,1.0,3.0,3.182005814760214,0.0,0.0,0.0,0.0,0.0,0.0,0.0,0.0,0.0,0.0,0.0,0.0,0.0
imenonline.com,Phishing,mock_Mock_Data_01_08_2025.xlsx,14.0,0.0,0.07142857142857142,0.0,0.0,0.0,0.0,0.0,0.0,14.0,0.0,0.0,0.0,0.6666666666666666,0.0,0.0,0.0,1.0,3.0,2.8962915290459277,0.0,0.0,0.0,0.0,0.0,0.0,0.0,0.0,0.0,0.0,0.0,0.0,0.0
stg.icici.app,Phishing,mock_Mock_Data_01_08_2025.xlsx,13.0,0.0,0.15384615384615385,0.0,0.0,0.0,0.0,1.0,1.0,9.0,0.0,0.0,0.5555555555555556,0.6,0.0,0.0,0.0,0.0,3.0,2.8731406795131336,0.0,0.0,0.0,0.0,0.0,0.0,0.0,0.0,0.0,0.0,0.0,0.0,0.0
email.icicicbank.com,Phishing,mock_Mock_Data_01_08_2025.xlsx,20.0,0.0,0.1,0.0,0.0,0.0,0.0,1.0,1.0,14.0,0.0,0.0,0.35714285714285715,0.1111111111111111,0.0,0.0,0.0,1.0,3.0,3.221928094887362,0.0,0.0,0.0,0.0,0.0,0.0,0.0,0.0,0.0,0.0,0.0,0.0,0.0
www.job-in-bank-icici.today,Phishing,mock_Mock_Data_01_08_2025.xlsx,27.0,0.0,0.07407407407407407,3.0,0.1111111111111111,0.0,0.0,1.0,1.0,23.0,0.0,0.0,0.21739130434782608,0.3333333333333333,0.0,0.0,0.0,0.0,5.0,3.661932872373582,0.0,0.0,0.0,0.0,0.0,0.0,0.0,0.0,0.0,0.0,0.0,0.0,0.0
icicci.top,Phishing,mock_Mock_Data_01_08_2025.xlsx,10.0,0.0,0.1,0.0,0.0,0.0,0.0,0.0,0.0,10.0,0.0,1.0,0.0,0.2,0.0,0.0,0.0,0.0,3.0,2.3709505944546683,0.0,0.0,0.0,0.0,0.0,0.0,0.0,0.0,0.0,0.0,0.0,0.0,0.0
ficicilarnesine.xyz,Phishing,mock_Mock_Data_01_08_2025.xlsx,19.0,0.0,0.05263157894736842,0.0,0.0,0.0,0.0,0.0,1.0,19.0,0.0,1.0,0.2631578947368421,1.0,0.0,0.0,0.0,0.0,3.0,3.5110854081804264,0.0,0.0,0.0,0.0,0.0,0.0,0.0,0.0,0.0,0.0,0.0,0.0,0.0
icicbgroups.online,Phishing,mock_Mock_Data_01_08_2025.xlsx,18.0,0.0,0.05555555555555555,0.0,0.0,0.0,0.0,0.0,0.0,18.0,0.0,1.0,0.0,0.3333333333333333,0.0,0.0,0.0,0.0,6.0,3.5724312513221195,0.0,0.0,0.0,0.0,0.0,0.0,0.0,0.0,0.0,0.0,0.0,0.0,0.0
www.icicihomel.oan.com,Phishing,mock_Mock_Data_01_08_2025.xlsx,22.0,0.0,0.13636363636363635,0.0,0.0,0.0,0.0,2.0,2.0,7.0,1.0,0.0,0.7142857142857143,0.6666666666666666,0.0,0.0,0.0,1.0,3.0,3.2878662772365086,0.0,0.0,0.0,0.0,0.0,0.0,0.0,0.0,0.0,0.0,0.0,0.0,0.0
icicn.top,Phishing,mock_Mock_Data_01_08_2025.xlsx,9.0,0.0,0.1111111111111111,0.0,0.0,0.0,0.0,0.0,0.0,9.0,0.0,1.0,0.0,0.2,0.0,0.0,0.0,0.0,3.0,2.725480556997868,0.0,0.0,0.0,0.0,0.0,0.0,0.0,0.0,0.0,0.0,0.0,0.0,0.0
icicin.top,Phishing,mock_Mock_Data_01_08_2025.xlsx,10.0,0.0,0.1,0.0,0.0,0.0,0.0,0.0,1.0,10.0,0.0,1.0,0.5,0.2,0.0,0.0,0.0,0.0,3.0,2.6464393446710153,0.0,0.0,0.0,0.0,0.0,0.0,0.0,0.0,0.0,0.0,0.0,0.0,0.0
icicibankpersonalloaninchennai.in,Phishing,mock_Mock_Data_01_08_2025.xlsx,33.0,0.0,0.030303030303030304,0.0,0.0,0.0,0.0,0.0,1.0,33.0,0.0,0.0,0.15151515151515152,99.0,0.0,0.0,0.0,0.0,2.0,3.4105714841798584,0.0,0.0,0.0,0.0,0.0,0.0,0.0,0.0,0.0,0.0,0.0,0.0,0.0
icicibankcreditcards.in,Phishing,mock_Mock_Data_01_08_2025.xlsx,23.0,0.0,0.043478260869565216,0.0,0.0,0.0,0.0,0.0,1.0,23.0,0.0,0.0,0.21739130434782608,99.0,0.0,0.0,0.0,0.0,2.0,3.3231428049945433,0.0,0.0,0.0,0.0,0.0,0.0,0.0,0.0,0.0,0.0,0.0,0.0,0.0
cicicici.cn,Phishing,mock_Mock_Data_01_08_2025.xlsx,11.0,0.0,0.09090909090909091,0.0,0.0,0.0,0.0,0.0,1.0,11.0,0.0,1.0,0.45454545454545453,0.6,0.0,0.0,0.0,0.0,2.0,1.6767370300521325,0.0,0.0,0.0,0.0,0.0,0.0,0.0,0.0,0.0,0.0,0.0,0.0,0.0
cicici.cc,Phishing,mock_Mock_Data_01_08_2025.xlsx,9.0,0.0,0.1111111111111111,0.0,0.0,0.0,0.0,0.0,1.0,9.0,0.0,0.0,0.5555555555555556,0.2,0.0,0.0,0.0,0.0,2.0,1.3516441151533924,0.0,0.0,0.0,0.0,0.0,0.0,0.0,0.0,0.0,0.0,0.0,0.0,0.0
icici.nanorep.co,Phishing,mock_Mock_Data_01_08_2025.xlsx,16.0,0.0,0.125,0.0,0.0,0.0,0.0,1.0,2.0,10.0,1.0,0.0,0.5,0.6,0.0,0.0,0.0,0.0,2.0,3.0306390622295662,0.0,0.0,0.0,0.0,0.0,0.0,0.0,0.0,0.0,0.0,0.0,0.0,0.0
jicici.cn,Phishing,mock_Mock_Data_01_08_2025.xlsx,9.0,0.0,0.1111111111111111,0.0,0.0,0.0,0.0,0.0,1.0,9.0,0.0,1.0,0.5555555555555556,0.2,0.0,0.0,0.0,0.0,2.0,2.113283334294875,0.0,0.0,0.0,0.0,0.0,0.0,0.0,0.0,0.0,0.0,0.0,0.0,0.0
xcicicicici.com,Phishing,mock_Mock_Data_01_08_2025.xlsx,15.0,0.0,0.06666666666666667,0.0,0.0,0.0,0.0,0.0,1.0,15.0,0.0,0.0,0.3333333333333333,0.6666666666666666,0.0,0.0,0.0,1.0,3.0,2.0989295636909353,0.0,0.0,0.0,0.0,0.0,0.0,0.0,0.0,0.0,0.0,0.0,0.0,0.0
picici.tk,Phishing,mock_Mock_Data_01_08_2025.xlsx,9.0,0.0,0.1111111111111111,0.0,0.0,0.0,0.0,0.0,1.0,9.0,0.0,1.0,0.5555555555555556,0.2,0.0,0.0,0.0,0.0,2.0,2.4193819456463714,0.0,0.0,0.0,0.0,0.0,0.0,0.0,0.0,0.0,0.0,0.0,0.0,0.0
lilicici.cn,Phishing,mock_Mock_Data_01_08_2025.xlsx,11.0,0.0,0.09090909090909091,0.0,0.0,0.0,0.0,0.0,1.0,11.0,0.0,1.0,0.45454545454545453,0.6,0.0,0.0,0.0,0.0,2.0,2.1180782093497093,0.0,0.0,0.0,0.0,0.0,0.0,0.0,0.0,0.0,0.0,0.0,0.0,0.0
icicimagos.tk,Phishing,mock_Mock_Data_01_08_2025.xlsx,13.0,0.0,0.07692307692307693,0.0,0.0,0.0,0.0,0.0,1.0,13.0,0.0,1.0,0.38461538461538464,99.0,0.0,0.0,0.0,0.0,2.0,3.180832987205441,0.0,0.0,0.0,0.0,0.0,0.0,0.0,0.0,0.0,0.0,0.0,0.0,0.0
okicici.com,Phishing,mock_Mock_Data_01_08_2025.xlsx,11.0,0.0,0.09090909090909091,0.0,0.0,0.0,0.0,0.0,1.0,11.0,0.0,0.0,0.45454545454545453,0.4,0.0,0.0,0.0,1.0,3.0,2.413088436425758,0.0,0.0,0.0,0.0,0.0,0.0,0.0,0.0,0.0,0.0,0.0,0.0,0.0
wicici.com,Phishing,mock_Mock_Data_01_08_2025.xlsx,10.0,0.0,0.1,0.0,0.0,0.0,0.0,0.0,1.0,10.0,0.0,0.0,0.5,0.2,0.0,0.0,0.0,1.0,3.0,2.3709505944546687,0.0,0.0,0.0,0.0,0.0,0.0,0.0,0.0,0.0,0.0,0.0,0.0,0.0
cicici.wang,Phishing,mock_Mock_Data_01_08_2025.xlsx,11.0,0.0,0.09090909090909091,0.0,0.0,0.0,0.0,0.0,1.0,11.0,0.0,0.0,0.45454545454545453,0.2,0.0,0.0,0.0,0.0,4.0,2.5949066182439395,0.0,0.0,0.0,0.0,0.0,0.0,0.0,0.0,0.0,0.0,0.0,0.0,0.0
cicici.it,Phishing,mock_Mock_Data_01_08_2025.xlsx,9.0,0.0,0.1111111111111111,0.0,0.0,0.0,0.0,0.0,1.0,9.0,0.0,0.0,0.5555555555555556,0.2,0.0,0.0,0.0,0.0,2.0,1.7527152789797047,0.0,0.0,0.0,0.0,0.0,0.0,0.0,0.0,0.0,0.0,0.0,0.0,0.0
icici-learningmatrix.co.uk,Phishing,mock_Mock_Data_01_08_2025.xlsx,26.0,0.0,0.07692307692307693,1.0,0.038461538461538464,0.0,0.0,1.0,2.0,5.0,1.0,0.0,1.0,0.6,0.0,0.0,0.0,0.0,2.0,3.76334248827185,0.0,0.0,0.0,0.0,0.0,0.0,0.0,0.0,0.0,0.0,0.0,0.0,0.0
cicicici.ml,Phishing,mock_Mock_Data_01_08_2025.xlsx,11.0,0.0,0.09090909090909091,0.0,0.0,0.0,0.0,0.0,1.0,11.0,0.0,1.0,0.45454545454545453,0.6,0.0,0.0,0.0,0.0,2.0,2.004886164091843,0.0,0.0,0.0,0.0,0.0,0.0,0.0,0.0,0.0,0.0,0.0,0.0,0.0
iconicicing.com.au,Phishing,mock_Mock_Data_01_08_2025.xlsx,18.0,0.0,0.1111111111111111,0.0,0.0,0.0,0.0,1.0,2.0,6.0,1.0,0.0,0.5,0.6666666666666666,0.0,0.0,0.0,0.0,2.0,2.9477027792200903,0.0,0.0,0.0,0.0,0.0,0.0,0.0,0.0,0.0,0.0,0.0,0.0,0.0
komuzicici.ga,Phishing,mock_Mock_Data_01_08_2025.xlsx,13.0,0.0,0.07692307692307693,0.0,0.0,0.0,0.0,0.0,1.0,13.0,0.0,1.0,0.38461538461538464,99.0,0.0,0.0,0.0,0.0,2.0,3.180832987205441,0.0,0.0,0.0,0.0,0.0,0.0,0.0,0.0,0.0,0.0,0.0,0.0,0.0
picicizylu.cf,Phishing,mock_Mock_Data_01_08_2025.xlsx,13.0,0.0,0.07692307692307693,0.0,0.0,0.0,0.0,0.0,1.0,13.0,0.0,1.0,0.38461538461538464,99.0,0.0,0.0,0.0,0.0,2.0,2.9689185639620974,0.0,0.0,0.0,0.0,0.0,0.0,0.0,0.0,0.0,0.0,0.0,0.0,0.0
icicic.me,Phishing,mock_Mock_Data_01_08_2025.xlsx,9.0,0.0,0.1111111111111111,0.0,0.0,0.0,0.0,0.0,1.0,9.0,0.0,0.0,0.5555555555555556,0.2,0.0,0.0,0.0,0.0,2.0,2.113283334294875,0.0,0.0,0.0,0.0,0.0,0.0,0.0,0.0,0.0,0.0,0.0,0.0,0.0
idicici.com,Phishing,mock_Mock_Data_01_08_2025.xlsx,11.0,0.0,0.09090909090909091,0.0,0.0,0.0,0.0,0.0,1.0,11.0,0.0,0.0,0.45454545454545453,0.4,0.0,0.0,0.0,1.0,3.0,2.2998963911678914,0.0,0.0,0.0,0.0,0.0,0.0,0.0,0.0,0.0,0.0,0.0,0.0,0.0
icicim.com,Phishing,mock_Mock_Data_01_08_2025.xlsx,10.0,0.0,0.1,0.0,0.0,0.0,0.0,0.0,1.0,10.0,0.0,0.0,0.5,0.2,0.0,0.0,0.0,1.0,3.0,2.1709505944546685,0.0,0.0,0.0,0.0,0.0,0.0,0.0,0.0,0.0,0.0,0.0,0.0,0.0
cicicitv.xyz,Phishing,mock_Mock_Data_01_08_2025.xlsx,12.0,0.0,0.08333333333333333,0.0,0.0,0.0,0.0,0.0,1.0,12.0,0.0,1.0,0.4166666666666667,0.6,0.0,0.0,0.0,0.0,3.0,2.792481250360578,0.0,0.0,0.0,0.0,0.0,0.0,0.0,0.0,0.0,0.0,0.0,0.0,0.0
icicinps.com,Phishing,mock_Mock_Data_01_08_2025.xlsx,12.0,0.0,0.08333333333333333,0.0,0.0,0.0,0.0,0.0,1.0,12.0,0.0,0.0,0.4166666666666667,0.6,0.0,0.0,0.0,1.0,3.0,2.792481250360578,0.0,0.0,0.0,0.0,0.0,0.0,0.0,0.0,0.0,0.0,0.0,0.0,0.0
bicicionline.net,Phishing,mock_Mock_Data_01_08_2025.xlsx,16.0,0.0,0.0625,0.0,0.0,0.0,0.0,0.0,1.0,16.0,0.0,0.0,0.3125,0.6666666666666666,0.0,0.0,0.0,1.0,3.0,2.952819531114783,0.0,0.0,0.0,0.0,0.0,0.0,0.0,0.0,0.0,0.0,0.0,0.0,0.0
belicicil.com,Phishing,mock_Mock_Data_01_08_2025.xlsx,13.0,0.0,0.07692307692307693,0.0,0.0,0.0,0.0,0.0,1.0,13.0,0.0,0.0,0.38461538461538464,0.6666666666666666,0.0,0.0,0.0,1.0,3.0,2.8150724101159437,0.0,0.0,0.0,0.0,0.0,0.0,0.0,0.0,0.0,0.0,0.0,0.0,0.0
bificiciriqi.cf,Phishing,mock_Mock_Data_01_08_2025.xlsx,15.0,0.0,0.06666666666666667,0.0,0.0,0.0,0.0,0.0,1.0,15.0,0.0,1.0,0.3333333333333333,99.0,0.0,0.0,0.0,0.0,2.0,2.4225797618424916,0.0,0.0,0.0,0.0,0.0,0.0,0.0,0.0,0.0,0.0,0.0,0.0,0.0
qibimicici.cf,Phishing,mock_Mock_Data_01_08_2025.xlsx,13.0,0.0,0.07692307692307693,0.0,0.0,0.0,0.0,0.0,1.0,13.0,0.0,1.0,0.38461538461538464,99.0,0.0,0.0,0.0,0.0,2.0,2.4416298737872246,0.0,0.0,0.0,0.0,0.0,0.0,0.0,0.0,0.0,0.0,0.0,0.0,0.0
cicici.se,Phishing,mock_Mock_Data_01_08_2025.xlsx,9.0,0.0,0.1111111111111111,0.0,0.0,0.0,0.0,0.0,1.0,9.0,0.0,0.0,0.5555555555555556,0.2,0.0,0.0,0.0,0.0,2.0,2.113283334294875,0.0,0.0,0.0,0.0,0.0,0.0,0.0,0.0,0.0,0.0,0.0,0.0,0.0
wicicixusa.tk,Phishing,mock_Mock_Data_01_08_2025.xlsx,13.0,0.0,0.07692307692307693,0.0,0.0,0.0,0.0,0.0,1.0,13.0,0.0,1.0,0.38461538461538464,99.0,0.0,0.0,0.0,0.0,2.0,3.180832987205441,0.0,0.0,0.0,0.0,0.0,0.0,0.0,0.0,0.0,0.0,0.0,0.0,0.0
yicicibuxiangh.top,Phishing,mock_Mock_Data_01_08_2025.xlsx,18.0,0.0,0.05555555555555555,0.0,0.0,0.0,0.0,0.0,1.0,18.0,0.0,1.0,0.2777777777777778,0.6666666666666666,0.0,0.0,0.0,0.0,3.0,3.614369445886757,0.0,0.0,0.0,0.0,0.0,0.0,0.0,0.0,0.0,0.0,0.0,0.0,0.0
uriciciposuz.tk,Phishing,mock_Mock_Data_01_08_2025.xlsx,15.0,0.0,0.06666666666666667,0.0,0.0,0.0,0.0,0.0,1.0,15.0,0.0,1.0,0.3333333333333333,99.0,0.0,0.0,0.0,0.0,2.0,3.3232314287976203,0.0,0.0,0.0,0.0,0.0,0.0,0.0,0.0,0.0,0.0,0.0,0.0,0.0
cicici.fun,Phishing,mock_Mock_Data_01_08_2025.xlsx,10.0,0.0,0.1,0.0,0.0,0.0,0.0,0.0,1.0,10.0,0.0,1.0,0.5,0.2,0.0,0.0,0.0,0.0,3.0,2.3709505944546683,0.0,0.0,0.0,0.0,0.0,0.0,0.0,0.0,0.0,0.0,0.0,0.0,0.0
modicici.com,Phishing,mock_Mock_Data_01_08_2025.xlsx,12.0,0.0,0.08333333333333333,0.0,0.0,0.0,0.0,0.0,1.0,12.0,0.0,0.0,0.4166666666666667,0.6,0.0,0.0,0.0,1.0,3.0,2.4591479170272446,0.0,0.0,0.0,0.0,0.0,0.0,0.0,0.0,0.0,0.0,0.0,0.0,0.0
yvicicid.tk,Phishing,mock_Mock_Data_01_08_2025.xlsx,11.0,0.0,0.09090909090909091,0.0,0.0,0.0,0.0,0.0,1.0,11.0,0.0,1.0,0.45454545454545453,0.6,0.0,0.0,0.0,0.0,2.0,2.8453509366224368,0.0,0.0,0.0,0.0,0.0,0.0,0.0,0.0,0.0,0.0,0.0,0.0,0.0
vicicimuxy.tk,Phishing,mock_Mock_Data_01_08_2025.xlsx,13.0,0.0,0.07692307692307693,0.0,0.0,0.0,0.0,0.0,1.0,13.0,0.0,1.0,0.38461538461538464,99.0,0.0,0.0,0.0,0.0,2.0,3.180832987205441,0.0,0.0,0.0,0.0,0.0,0.0,0.0,0.0,0.0,0.0,0.0,0.0,0.0
ricicioterpu.cf,Phishing,mock_Mock_Data_01_08_2025.xlsx,15.0,0.0,0.06666666666666667,0.0,0.0,0.0,0.0,0.0,1.0,15.0,0.0,1.0,0.3333333333333333,99.0,0.0,0.0,0.0,0.0,2.0,3.1395722619867223,0.0,0.0,0.0,0.0,0.0,0.0,0.0,0.0,0.0,0.0,0.0,0.0,0.0
kobicici.ga,Phishing,mock_Mock_Data_01_08_2025.xlsx,11.0,0.0,0.09090909090909091,0.0,0.0,0.0,0.0,0.0,1.0,11.0,0.0,1.0,0.45454545454545453,0.6,0.0,0.0,0.0,0.0,2.0,2.8453509366224368,0.0,0.0,0.0,0.0,0.0,0.0,0.0,0.0,0.0,0.0,0.0,0.0,0.0
weicici.com,Phishing,mock_Mock_Data_01_08_2025.xlsx,11.0,0.0,0.09090909090909091,0.0,0.0,0.0,0.0,0.0,1.0,11.0,0.0,0.0,0.45454545454545453,0.4,0.0,0.0,0.0,1.0,3.0,2.59490661824394,0.0,0.0,0.0,0.0,0.0,0.0,0.0,0.0,0.0,0.0,0.0,0.0,0.0
icicinev.gq,Phishing,mock_Mock_Data_01_08_2025.xlsx,11.0,0.0,0.09090909090909091,0.0,0.0,0.0,0.0,0.0,1.0,11.0,0.0,1.0,0.45454545454545453,0.6,0.0,0.0,0.0,0.0,2.0,2.8453509366224368,0.0,0.0,0.0,0.0,0.0,0.0,0.0,0.0,0.0,0.0,0.0,0.0,0.0
icicinabk.com,Phishing,mock_Mock_Data_01_08_2025.xlsx,13.0,0.0,0.07692307692307693,0.0,0.0,0.0,0.0,0.0,1.0,13.0,0.0,0.0,0.38461538461538464,0.2222222222222222,0.0,0.0,0.0,1.0,3.0,2.9689185639620974,0.0,0.0,0.0,0.0,0.0,0.0,0.0,0.0,0.0,0.0,0.0,0.0,0.0
citcibank.com,Phishing,mock_Mock_Data_01_08_2025.xlsx,13.0,0.0,0.07692307692307693,0.0,0.0,0.0,0.0,0.0,0.0,13.0,0.0,0.0,0.0,0.2222222222222222,0.0,0.0,0.0,1.0,3.0,3.180832987205441,0.0,0.0,0.0,0.0,0.0,0.0,0.0,0.0,0.0,0.0,0.0,0.0,0.0
icicivil.net.au,Phishing,mock_Mock_Data_01_08_2025.xlsx,15.0,0.0,0.13333333333333333,0.0,0.0,0.0,0.0,1.0,2.0,6.0,1.0,0.0,0.8333333333333334,0.6,0.0,0.0,0.0,0.0,2.0,3.1068905956085184,0.0,0.0,0.0,0.0,0.0,0.0,0.0,0.0,0.0,0.0,0.0,0.0,0.0
cicicicekcilik.com,Phishing,mock_Mock_Data_01_08_2025.xlsx,18.0,0.0,0.05555555555555555,0.0,0.0,0.0,0.0,0.0,1.0,18.0,0.0,0.0,0.2777777777777778,0.6666666666666666,0.0,0.0,0.0,1.0,3.0,2.5521796970665487,0.0,0.0,0.0,0.0,0.0,0.0,0.0,0.0,0.0,0.0,0.0,0.0,0.0
ulicicibop.cf,Phishing,mock_Mock_Data_01_08_2025.xlsx,13.0,0.0,0.07692307692307693,0.0,0.0,0.0,0.0,0.0,1.0,13.0,0.0,1.0,0.38461538461538464,99.0,0.0,0.0,0.0,0.0,2.0,2.9689185639620974,0.0,0.0,0.0,0.0,0.0,0.0,0.0,0.0,0.0,0.0,0.0,0.0,0.0
bicici.ml,Phishing,mock_Mock_Data_01_08_2025.xlsx,9.0,0.0,0.1111111111111111,0.0,0.0,0.0,0.0,0.0,1.0,9.0,0.0,1.0,0.5555555555555556,0.2,0.0,0.0,0.0,0.0,2.0,2.4193819456463714,0.0,0.0,0.0,0.0,0.0,0.0,0.0,0.0,0.0,0.0,0.0,0.0,0.0
dicicip.com,Phishing,mock_Mock_Data_01_08_2025.xlsx,11.0,0.0,0.09090909090909091,0.0,0.0,0.0,0.0,0.0,1.0,11.0,0.0,0.0,0.45454545454545453,0.4,0.0,0.0,0.0,1.0,3.0,2.59490661824394,0.0,0.0,0.0,0.0,0.0,0.0,0.0,0.0,0.0,0.0,0.0,0.0,0.0
iturcicici.ml,Phishing,mock_Mock_Data_01_08_2025.xlsx,13.0,0.0,0.07692307692307693,0.0,0.0,0.0,0.0,0.0,1.0,13.0,0.0,1.0,0.38461538461538464,99.0,0.0,0.0,0.0,0.0,2.0,2.71929452566698,0.0,0.0,0.0,0.0,0.0,0.0,0.0,0.0,0.0,0.0,0.0,0.0,0.0
micici.cn,Phishing,mock_Mock_Data_01_08_2025.xlsx,9.0,0.0,0.1111111111111111,0.0,0.0,0.0,0.0,0.0,1.0,9.0,0.0,1.0,0.5555555555555556,0.2,0.0,0.0,0.0,0.0,2.0,2.113283334294875,0.0,0.0,0.0,0.0,0.0,0.0,0.0,0.0,0.0,0.0,0.0,0.0,0.0
avicicirean.com,Phishing,mock_Mock_Data_01_08_2025.xlsx,15.0,0.0,0.06666666666666667,0.0,0.0,0.0,0.0,0.0,1.0,15.0,0.0,0.0,0.3333333333333333,0.6666666666666666,0.0,0.0,0.0,1.0,3.0,3.139572261986723,0.0,0.0,0.0,0.0,0.0,0.0,0.0,0.0,0.0,0.0,0.0,0.0,0.0
icicivcs.co.in,Phishing,mock_Mock_Data_01_08_2025.xlsx,14.0,0.0,0.14285714285714285,0.0,0.0,0.0,0.0,1.0,2.0,5.0,1.0,0.0,1.0,0.6,0.0,0.0,0.0,0.0,2.0,2.521640636343318,0.0,0.0,0.0,0.0,0.0,0.0,0.0,0.0,0.0,0.0,0.0,0.0,0.0
icici.banklocationmaps.com,Phishing,mock_Mock_Data_01_08_2025.xlsx,26.0,0.0,0.07692307692307693,0.0,0.0,0.0,0.0,1.0,2.0,20.0,1.0,0.0,0.25,0.6,0.0,0.0,0.0,1.0,3.0,3.488525294897748,0.0,0.0,0.0,0.0,0.0,0.0,0.0,0.0,0.0,0.0,0.0,0.0,0.0
clicicililmardi.tk,Phishing,mock_Mock_Data_01_08_2025.xlsx,18.0,0.0,0.05555555555555555,0.0,0.0,0.0,0.0,0.0,1.0,18.0,0.0,1.0,0.2777777777777778,99.0,0.0,0.0,0.0,0.0,2.0,2.9966241415109933,0.0,0.0,0.0,0.0,0.0,0.0,0.0,0.0,0.0,0.0,0.0,0.0,0.0
kirazbicici.com,Phishing,mock_Mock_Data_01_08_2025.xlsx,15.0,0.0,0.06666666666666667,0.0,0.0,0.0,0.0,0.0,1.0,15.0,0.0,0.0,0.3333333333333333,0.6666666666666666,0.0,0.0,0.0,1.0,3.0,3.0565647621309533,0.0,0.0,0.0,0.0,0.0,0.0,0.0,0.0,0.0,0.0,0.0,0.0,0.0
antitoxicicity.com,Phishing,mock_Mock_Data_01_08_2025.xlsx,18.0,0.0,0.05555555555555555,0.0,0.0,0.0,0.0,0.0,1.0,18.0,0.0,0.0,0.2777777777777778,0.6666666666666666,0.0,0.0,0.0,1.0,3.0,3.086048612313038,0.0,0.0,0.0,0.0,0.0,0.0,0.0,0.0,0.0,0.0,0.0,0.0,0.0
tricicidsi.cf,Phishing,mock_Mock_Data_01_08_2025.xlsx,13.0,0.0,0.07692307692307693,0.0,0.0,0.0,0.0,0.0,1.0,13.0,0.0,1.0,0.38461538461538464,99.0,0.0,0.0,0.0,0.0,2.0,2.71929452566698,0.0,0.0,0.0,0.0,0.0,0.0,0.0,0.0,0.0,0.0,0.0,0.0,0.0
cicici.cz,Phishing,mock_Mock_Data_01_08_2025.xlsx,9.0,0.0,0.1111111111111111,0.0,0.0,0.0,0.0,0.0,1.0,9.0,0.0,0.0,0.5555555555555556,0.2,0.0,0.0,0.0,0.0,2.0,1.7527152789797045,0.0,0.0,0.0,0.0,0.0,0.0,0.0,0.0,0.0,0.0,0.0,0.0,0.0
didicici.com,Phishing,mock_Mock_Data_01_08_2025.xlsx,12.0,0.0,0.08333333333333333,0.0,0.0,0.0,0.0,0.0,1.0,12.0,0.0,0.0,0.4166666666666667,0.6,0.0,0.0,0.0,1.0,3.0,2.355388542207534,0.0,0.0,0.0,0.0,0.0,0.0,0.0,0.0,0.0,0.0,0.0,0.0,0.0
biciciti.es,Phishing,mock_Mock_Data_01_08_2025.xlsx,11.0,0.0,0.09090909090909091,0.0,0.0,0.0,0.0,0.0,1.0,11.0,0.0,0.0,0.45454545454545453,0.6,0.0,0.0,0.0,0.0,2.0,2.5503407095463886,0.0,0.0,0.0,0.0,0.0,0.0,0.0,0.0,0.0,0.0,0.0,0.0,0.0
lechicicingcookie.com,Phishing,mock_Mock_Data_01_08_2025.xlsx,21.0,0.0,0.047619047619047616,0.0,0.0,0.0,0.0,0.0,1.0,21.0,0.0,0.0,0.23809523809523808,0.6666666666666666,0.0,0.0,0.0,1.0,3.0,3.136863709607318,0.0,0.0,0.0,0.0,0.0,0.0,0.0,0.0,0.0,0.0,0.0,0.0,0.0
icicinstitute.in,Phishing,mock_Mock_Data_01_08_2025.xlsx,16.0,0.0,0.0625,0.0,0.0,0.0,0.0,0.0,1.0,16.0,0.0,0.0,0.3125,99.0,0.0,0.0,0.0,0.0,2.0,2.727217001462482,0.0,0.0,0.0,0.0,0.0,0.0,0.0,0.0,0.0,0.0,0.0,0.0,0.0
apps.cicink.com,Phishing,mock_Mock_Data_01_08_2025.xlsx,15.0,0.0,0.13333333333333333,0.0,0.0,0.0,0.0,1.0,0.0,10.0,0.0,0.0,0.0,0.3333333333333333,0.0,0.0,0.0,1.0,3.0,3.189898095464287,0.0,0.0,0.0,0.0,0.0,0.0,0.0,0.0,0.0,0.0,0.0,0.0,0.0
icicicareers.co.ca,Phishing,mock_Mock_Data_01_08_2025.xlsx,18.0,0.0,0.1111111111111111,0.0,0.0,0.0,0.0,1.0,2.0,5.0,1.0,0.0,1.0,99.0,0.0,0.0,0.0,0.0,2.0,2.816340113853408,0.0,0.0,0.0,0.0,0.0,0.0,0.0,0.0,0.0,0.0,0.0,0.0,0.0
cicicicici.com,Phishing,mock_Mock_Data_01_08_2025.xlsx,14.0,0.0,0.07142857142857142,0.0,0.0,0.0,0.0,0.0,1.0,14.0,0.0,0.0,0.35714285714285715,0.6666666666666666,0.0,0.0,0.0,1.0,3.0,1.8702538164316223,0.0,0.0,0.0,0.0,0.0,0.0,0.0,0.0,0.0,0.0,0.0,0.0,0.0
ipartnerext.cicilombard.com,Phishing,mock_Mock_Data_01_08_2025.xlsx,27.0,0.0,0.07407407407407407,0.0,0.0,0.0,0.0,1.0,0.0,15.0,0.0,0.0,0.0,0.6666666666666666,0.0,0.0,0.0,1.0,3.0,3.782122224145306,0.0,0.0,0.0,0.0,0.0,0.0,0.0,0.0,0.0,0.0,0.0,0.0,0.0
icicibank.com.mcas-gov.ms,Phishing,mock_Mock_Data_01_08_2025.xlsx,25.0,0.0,0.12,1.0,0.04,0.0,0.0,2.0,2.0,11.0,1.0,0.0,0.45454545454545453,0.5,0.0,0.0,0.0,0.0,2.0,3.513269689515108,0.0,0.0,0.0,0.0,0.0,0.0,0.0,0.0,0.0,0.0,0.0,0.0,0.0
icicibankltd.com.admin-mcas-gov.ms,Phishing,mock_Mock_Data_01_08_2025.xlsx,34.0,0.0,0.08823529411764706,2.0,0.058823529411764705,0.0,0.0,2.0,2.0,17.0,1.0,0.0,0.29411764705882354,0.3333333333333333,0.0,0.0,0.0,0.0,2.0,3.8077635764171944,0.0,0.0,0.0,0.0,0.0,0.0,0.0,0.0,0.0,0.0,0.0,0.0,0.0
icicibankltd.com.mcas-gov.ms,Phishing,mock_Mock_Data_01_08_2025.xlsx,28.0,0.0,0.10714285714285714,1.0,0.03571428571428571,0.0,0.0,2.0,2.0,11.0,1.0,0.0,0.45454545454545453,0.3333333333333333,0.0,0.0,0.0,0.0,2.0,3.797902689682947,0.0,0.0,0.0,0.0,0.0,0.0,0.0,0.0,0.0,0.0,0.0,0.0,0.0
icicidirect.com.admin-mcas-gov.ms,Phishing,mock_Mock_Data_01_08_2025.xlsx,33.0,0.0,0.09090909090909091,2.0,0.06060606060606061,0.0,0.0,2.0,2.0,17.0,1.0,0.0,0.29411764705882354,0.5,0.0,0.0,0.0,0.0,2.0,3.651237499630057,0.0,0.0,0.0,0.0,0.0,0.0,0.0,0.0,0.0,0.0,0.0,0.0,0.0
icicidirect.com.mcas-gov.ms,Phishing,mock_Mock_Data_01_08_2025.xlsx,27.0,0.0,0.1111111111111111,1.0,0.037037037037037035,0.0,0.0,2.0,2.0,11.0,1.0,0.0,0.45454545454545453,0.5,0.0,0.0,0.0,0.0,2.0,3.5282424844314786,0.0,0.0,0.0,0.0,0.0,0.0,0.0,0.0,0.0,0.0,0.0,0.0,0.0
icicifoundation-connect.org,Phishing,mock_Mock_Data_01_08_2025.xlsx,27.0,0.0,0.037037037037037035,1.0,0.037037037037037035,0.0,0.0,0.0,1.0,27.0,0.0,0.0,0.18518518518518517,0.75,0.0,0.0,0.0,1.0,3.0,3.49562824290421,0.0,0.0,0.0,0.0,0.0,0.0,0.0,0.0,0.0,0.0,0.0,0.0,0.0
icici.autonetic.com,Phishing,mock_Mock_Data_01_08_2025.xlsx,19.0,0.0,0.10526315789473684,0.0,0.0,0.0,0.0,1.0,2.0,13.0,1.0,0.0,0.38461538461538464,0.6,0.0,0.0,0.0,1.0,3.0,3.0900327766014795,0.0,0.0,0.0,0.0,0.0,0.0,0.0,0.0,0.0,0.0,0.0,0.0,0.0
icici.sreeannaijewels.in,Phishing,mock_Mock_Data_01_08_2025.xlsx,24.0,0.0,0.08333333333333333,0.0,0.0,0.0,0.0,1.0,2.0,18.0,1.0,0.0,0.2777777777777778,0.6,0.0,0.0,0.0,0.0,2.0,3.236440501696145,0.0,0.0,0.0,0.0,0.0,0.0,0.0,0.0,0.0,0.0,0.0,0.0,0.0
icici.trademantri.in,Phishing,mock_Mock_Data_01_08_2025.xlsx,20.0,0.0,0.1,0.0,0.0,0.0,0.0,1.0,2.0,14.0,1.0,0.0,0.35714285714285715,0.6,0.0,0.0,0.0,0.0,2.0,3.1414460711655217,0.0,0.0,0.0,0.0,0.0,0.0,0.0,0.0,0.0,0.0,0.0,0.0,0.0
bk.icicibank.top,Phishing,mock_Mock_Data_01_08_2025.xlsx,16.0,0.0,0.125,0.0,0.0,0.0,0.0,1.0,1.0,13.0,0.0,1.0,0.38461538461538464,0.6666666666666666,0.0,0.0,0.0,0.0,3.0,3.202819531114783,0.0,0.0,0.0,0.0,0.0,0.0,0.0,0.0,0.0,0.0,0.0,0.0,0.0
es.icicibank.cn,Phishing,mock_Mock_Data_01_08_2025.xlsx,15.0,0.0,0.13333333333333333,0.0,0.0,0.0,0.0,1.0,1.0,12.0,0.0,1.0,0.4166666666666667,99.0,0.0,0.0,0.0,0.0,2.0,3.006238928653389,0.0,0.0,0.0,0.0,0.0,0.0,0.0,0.0,0.0,0.0,0.0,0.0,0.0
icicilombardhealthcare.com,Phishing,mock_Mock_Data_01_08_2025.xlsx,26.0,0.0,0.038461538461538464,0.0,0.0,0.0,0.0,0.0,1.0,26.0,0.0,0.0,0.19230769230769232,0.6666666666666666,0.0,0.0,0.0,1.0,3.0,3.5654483718208256,0.0,0.0,0.0,0.0,0.0,0.0,0.0,0.0,0.0,0.0,0.0,0.0,0.0
app.icicibank.top,Phishing,mock_Mock_Data_01_08_2025.xlsx,17.0,0.0,0.11764705882352941,0.0,0.0,0.0,0.0,1.0,1.0,13.0,0.0,1.0,0.38461538461538464,0.6666666666666666,0.0,0.0,0.0,0.0,3.0,3.175123135113461,0.0,0.0,0.0,0.0,0.0,0.0,0.0,0.0,0.0,0.0,0.0,0.0,0.0
icici.ezcred.in,Phishing,mock_Mock_Data_01_08_2025.xlsx,15.0,0.0,0.13333333333333333,0.0,0.0,0.0,0.0,1.0,2.0,9.0,1.0,0.0,0.5555555555555556,0.6,0.0,0.0,0.0,0.0,2.0,2.7898980954642876,0.0,0.0,0.0,0.0,0.0,0.0,0.0,0.0,0.0,0.0,0.0,0.0,0.0
icicibank.customlinks.appsflyer.com,Phishing,mock_Mock_Data_01_08_2025.xlsx,35.0,0.0,0.08571428571428572,0.0,0.0,0.0,0.0,2.0,2.0,13.0,1.0,0.0,0.38461538461538464,0.6666666666666666,0.0,0.0,0.0,1.0,3.0,4.000432302535624,0.0,0.0,0.0,0.0,0.0,0.0,0.0,0.0,0.0,0.0,0.0,0.0,0.0
icicibank.ru,Phishing,mock_Mock_Data_01_08_2025.xlsx,12.0,0.0,0.08333333333333333,0.0,0.0,0.0,0.0,0.0,1.0,12.0,0.0,0.0,0.4166666666666667,99.0,0.0,0.0,0.0,0.0,2.0,3.0220552088742005,0.0,0.0,0.0,0.0,0.0,0.0,0.0,0.0,0.0,0.0,0.0,0.0,0.0
icicihfc.ph,Phishing,mock_Mock_Data_01_08_2025.xlsx,11.0,0.0,0.09090909090909091,0.0,0.0,0.0,0.0,0.0,1.0,11.0,0.0,0.0,0.45454545454545453,0.6,0.0,0.0,0.0,0.0,2.0,2.413088436425758,0.0,0.0,0.0,0.0,0.0,0.0,0.0,0.0,0.0,0.0,0.0,0.0,0.0
icicihfc.vg,Phishing,mock_Mock_Data_01_08_2025.xlsx,11.0,0.0,0.09090909090909091,0.0,0.0,0.0,0.0,0.0,1.0,11.0,0.0,0.0,0.45454545454545453,0.6,0.0,0.0,0.0,0.0,2.0,2.5949066182439395,0.0,0.0,0.0,0.0,0.0,0.0,0.0,0.0,0.0,0.0,0.0,0.0,0.0
icicihfc.watches,Phishing,mock_Mock_Data_01_08_2025.xlsx,16.0,0.0,0.0625,0.0,0.0,0.0,0.0,0.0,1.0,16.0,0.0,0.0,0.3125,0.6,0.0,0.0,0.0,0.0,7.0,3.077819531114783,0.0,0.0,0.0,0.0,0.0,0.0,0.0,0.0,0.0,0.0,0.0,0.0,0.0
icicici.in,Phishing,mock_Mock_Data_01_08_2025.xlsx,10.0,0.0,0.1,0.0,0.0,0.0,0.0,0.0,1.0,10.0,0.0,0.0,0.5,0.4,0.0,0.0,0.0,0.0,2.0,1.6854752972273344,0.0,0.0,0.0,0.0,0.0,0.0,0.0,0.0,0.0,0.0,0.0,0.0,0.0
cicici.co,Phishing,mock_Mock_Data_01_08_2025.xlsx,9.0,0.0,0.1111111111111111,0.0,0.0,0.0,0.0,0.0,1.0,9.0,0.0,0.0,0.5555555555555556,0.2,0.0,0.0,0.0,0.0,2.0,1.7527152789797045,0.0,0.0,0.0,0.0,0.0,0.0,0.0,0.0,0.0,0.0,0.0,0.0,0.0
cicici.site,Phishing,mock_Mock_Data_01_08_2025.xlsx,11.0,0.0,0.09090909090909091,0.0,0.0,0.0,0.0,0.0,1.0,11.0,0.0,1.0,0.45454545454545453,0.2,0.0,0.0,0.0,0.0,4.0,2.2998963911678914,0.0,0.0,0.0,0.0,0.0,0.0,0.0,0.0,0.0,0.0,0.0,0.0,0.0
chicicity.co.uk,Phishing,mock_Mock_Data_01_08_2025.xlsx,15.0,0.0,0.13333333333333333,0.0,0.0,0.0,0.0,1.0,2.0,5.0,1.0,0.0,1.0,99.0,0.0,0.0,0.0,0.0,2.0,2.9232314287976204,0.0,0.0,0.0,0.0,0.0,0.0,0.0,0.0,0.0,0.0,0.0,0.0,0.0
tricicinexpo.tk,Phishing,mock_Mock_Data_01_08_2025.xlsx,15.0,0.0,0.06666666666666667,0.0,0.0,0.0,0.0,0.0,1.0,15.0,0.0,1.0,0.3333333333333333,99.0,0.0,0.0,0.0,0.0,2.0,3.3232314287976203,0.0,0.0,0.0,0.0,0.0,0.0,0.0,0.0,0.0,0.0,0.0,0.0,0.0
ww1.cictbank.com,Phishing,mock_Mock_Data_01_08_2025.xlsx,16.0,0.0625,0.125,0.0,0.0,0.0,0.0,1.0,0.0,12.0,0.0,0.0,0.0,0.2222222222222222,0.0,0.0,0.0,1.0,3.0,3.452819531114783,0.0,0.0,0.0,0.0,0.0,0.0,0.0,0.0,0.0,0.0,0.0,0.0,0.0
iciciland.com,Phishing,mock_Mock_Data_01_08_2025.xlsx,13.0,0.0,0.07692307692307693,0.0,0.0,0.0,0.0,0.0,1.0,13.0,0.0,0.0,0.38461538461538464,0.2222222222222222,0.0,0.0,0.0,1.0,3.0,2.9689185639620974,0.0,0.0,0.0,0.0,0.0,0.0,0.0,0.0,0.0,0.0,0.0,0.0,0.0
yicici.space,Phishing,mock_Mock_Data_01_08_2025.xlsx,12.0,0.0,0.08333333333333333,0.0,0.0,0.0,0.0,0.0,1.0,12.0,0.0,0.0,0.4166666666666667,0.2,0.0,0.0,0.0,0.0,5.0,2.792481250360578,0.0,0.0,0.0,0.0,0.0,0.0,0.0,0.0,0.0,0.0,0.0,0.0,0.0
wiicicir.gq,Phishing,mock_Mock_Data_01_08_2025.xlsx,11.0,0.0,0.09090909090909091,0.0,0.0,0.0,0.0,0.0,1.0,11.0,0.0,1.0,0.45454545454545453,0.6,0.0,0.0,0.0,0.0,2.0,2.5503407095463886,0.0,0.0,0.0,0.0,0.0,0.0,0.0,0.0,0.0,0.0,0.0,0.0,0.0
ucicicillf.ga,Phishing,mock_Mock_Data_01_08_2025.xlsx,13.0,0.0,0.07692307692307693,0.0,0.0,0.0,0.0,0.0,1.0,13.0,0.0,1.0,0.38461538461538464,99.0,0.0,0.0,0.0,0.0,2.0,2.8150724101159437,0.0,0.0,0.0,0.0,0.0,0.0,0.0,0.0,0.0,0.0,0.0,0.0,0.0
ricici.cn,Phishing,mock_Mock_Data_01_08_2025.xlsx,9.0,0.0,0.1111111111111111,0.0,0.0,0.0,0.0,0.0,1.0,9.0,0.0,1.0,0.5555555555555556,0.2,0.0,0.0,0.0,0.0,2.0,2.113283334294875,0.0,0.0,0.0,0.0,0.0,0.0,0.0,0.0,0.0,0.0,0.0,0.0,0.0
cicici.com,Phishing,mock_Mock_Data_01_08_2025.xlsx,10.0,0.0,0.1,0.0,0.0,0.0,0.0,0.0,1.0,10.0,0.0,0.0,0.5,0.2,0.0,0.0,0.0,1.0,3.0,2.0464393446710156,0.0,0.0,0.0,0.0,0.0,0.0,0.0,0.0,0.0,0.0,0.0,0.0,0.0
viciciv.com,Phishing,mock_Mock_Data_01_08_2025.xlsx,11.0,0.0,0.09090909090909091,0.0,0.0,0.0,0.0,0.0,1.0,11.0,0.0,0.0,0.45454545454545453,0.4,0.0,0.0,0.0,1.0,3.0,2.413088436425758,0.0,0.0,0.0,0.0,0.0,0.0,0.0,0.0,0.0,0.0,0.0,0.0,0.0
icici.ru,Phishing,mock_Mock_Data_01_08_2025.xlsx,8.0,0.0,0.125,0.0,0.0,0.0,0.0,0.0,1.0,8.0,0.0,0.0,0.625,0.6,0.0,0.0,0.0,0.0,2.0,2.1556390622295662,0.0,0.0,0.0,0.0,0.0,0.0,0.0,0.0,0.0,0.0,0.0,0.0,0.0
icicihizins.de,Phishing,mock_Mock_Data_01_08_2025.xlsx,14.0,0.0,0.07142857142857142,0.0,0.0,0.0,0.0,0.0,1.0,14.0,0.0,0.0,0.35714285714285715,99.0,0.0,0.0,0.0,0.0,2.0,2.835237745312118,0.0,0.0,0.0,0.0,0.0,0.0,0.0,0.0,0.0,0.0,0.0,0.0,0.0
dodicicicli.it,Phishing,mock_Mock_Data_01_08_2025.xlsx,14.0,0.0,0.07142857142857142,0.0,0.0,0.0,0.0,0.0,1.0,14.0,0.0,0.0,0.35714285714285715,99.0,0.0,0.0,0.0,0.0,2.0,2.495602923729013,0.0,0.0,0.0,0.0,0.0,0.0,0.0,0.0,0.0,0.0,0.0,0.0,0.0
icicine.cm,Phishing,mock_Mock_Data_01_08_2025.xlsx,10.0,0.0,0.1,0.0,0.0,0.0,0.0,0.0,1.0,10.0,0.0,0.0,0.5,0.3333333333333333,0.0,0.0,0.0,0.0,2.0,2.3709505944546683,0.0,0.0,0.0,0.0,0.0,0.0,0.0,0.0,0.0,0.0,0.0,0.0,0.0
uzdrowiciciel.pl,Phishing,mock_Mock_Data_01_08_2025.xlsx,16.0,0.0,0.0625,0.0,0.0,0.0,0.0,0.0,1.0,16.0,0.0,0.0,0.3125,99.0,0.0,0.0,0.0,0.0,2.0,3.452819531114783,0.0,0.0,0.0,0.0,0.0,0.0,0.0,0.0,0.0,0.0,0.0,0.0,0.0
apiicici.com,Phishing,mock_Mock_Data_01_08_2025.xlsx,12.0,0.0,0.08333333333333333,0.0,0.0,0.0,0.0,0.0,1.0,12.0,0.0,0.0,0.4166666666666667,0.6,0.0,0.0,0.0,1.0,3.0,2.5220552088742005,0.0,0.0,0.0,0.0,0.0,0.0,0.0,0.0,0.0,0.0,0.0,0.0,0.0
bibicici.it,Phishing,mock_Mock_Data_01_08_2025.xlsx,11.0,0.0,0.09090909090909091,0.0,0.0,0.0,0.0,0.0,1.0,11.0,0.0,0.0,0.45454545454545453,0.6,0.0,0.0,0.0,0.0,2.0,2.0403733936884962,0.0,0.0,0.0,0.0,0.0,0.0,0.0,0.0,0.0,0.0,0.0,0.0,0.0
icicisapawixa.gq,Phishing,mock_Mock_Data_01_08_2025.xlsx,16.0,0.0,0.0625,0.0,0.0,0.0,0.0,0.0,1.0,16.0,0.0,1.0,0.3125,99.0,0.0,0.0,0.0,0.0,2.0,3.077819531114783,0.0,0.0,0.0,0.0,0.0,0.0,0.0,0.0,0.0,0.0,0.0,0.0,0.0
ixacicicig.ga,Phishing,mock_Mock_Data_01_08_2025.xlsx,13.0,0.0,0.07692307692307693,0.0,0.0,0.0,0.0,0.0,1.0,13.0,0.0,1.0,0.38461538461538464,99.0,0.0,0.0,0.0,0.0,2.0,2.411602217974672,0.0,0.0,0.0,0.0,0.0,0.0,0.0,0.0,0.0,0.0,0.0,0.0,0.0
lelicicisi.tk,Phishing,mock_Mock_Data_01_08_2025.xlsx,13.0,0.0,0.07692307692307693,0.0,0.0,0.0,0.0,0.0,1.0,13.0,0.0,1.0,0.38461538461538464,99.0,0.0,0.0,0.0,0.0,2.0,2.7773627950641697,0.0,0.0,0.0,0.0,0.0,0.0,0.0,0.0,0.0,0.0,0.0,0.0,0.0
lycicicimivi.cf,Phishing,mock_Mock_Data_01_08_2025.xlsx,15.0,0.0,0.06666666666666667,0.0,0.0,0.0,0.0,0.0,1.0,15.0,0.0,1.0,0.3333333333333333,99.0,0.0,0.0,0.0,0.0,2.0,2.599581230646064,0.0,0.0,0.0,0.0,0.0,0.0,0.0,0.0,0.0,0.0,0.0,0.0,0.0
micicixasilaje.cf,Phishing,mock_Mock_Data_01_08_2025.xlsx,17.0,0.0,0.058823529411764705,0.0,0.0,0.0,0.0,0.0,1.0,17.0,0.0,1.0,0.29411764705882354,99.0,0.0,0.0,0.0,0.0,2.0,3.2195282822995472,0.0,0.0,0.0,0.0,0.0,0.0,0.0,0.0,0.0,0.0,0.0,0.0,0.0
bicici.eu,Phishing,mock_Mock_Data_01_08_2025.xlsx,9.0,0.0,0.1111111111111111,0.0,0.0,0.0,0.0,0.0,1.0,9.0,0.0,0.0,0.5555555555555556,0.2,0.0,0.0,0.0,0.0,2.0,2.4193819456463714,0.0,0.0,0.0,0.0,0.0,0.0,0.0,0.0,0.0,0.0,0.0,0.0,0.0
picici.ro,Phishing,mock_Mock_Data_01_08_2025.xlsx,9.0,0.0,0.1111111111111111,0.0,0.0,0.0,0.0,0.0,1.0,9.0,0.0,0.0,0.5555555555555556,0.2,0.0,0.0,0.0,0.0,2.0,2.4193819456463714,0.0,0.0,0.0,0.0,0.0,0.0,0.0,0.0,0.0,0.0,0.0,0.0,0.0
adicicisig.gq,Phishing,mock_Mock_Data_01_08_2025.xlsx,13.0,0.0,0.07692307692307693,0.0,0.0,0.0,0.0,0.0,1.0,13.0,0.0,1.0,0.38461538461538464,99.0,0.0,0.0,0.0,0.0,2.0,2.7773627950641693,0.0,0.0,0.0,0.0,0.0,0.0,0.0,0.0,0.0,0.0,0.0,0.0,0.0
chicicitira.monster,Phishing,mock_Mock_Data_01_08_2025.xlsx,19.0,0.0,0.05263157894736842,0.0,0.0,0.0,0.0,0.0,1.0,19.0,0.0,0.0,0.2631578947368421,99.0,0.0,0.0,0.0,0.0,7.0,3.3660913291191914,0.0,0.0,0.0,0.0,0.0,0.0,0.0,0.0,0.0,0.0,0.0,0.0,0.0
cicicircular.eu,Phishing,mock_Mock_Data_01_08_2025.xlsx,15.0,0.0,0.06666666666666667,0.0,0.0,0.0,0.0,0.0,1.0,15.0,0.0,0.0,0.3333333333333333,99.0,0.0,0.0,0.0,0.0,2.0,2.789898095464287,0.0,0.0,0.0,0.0,0.0,0.0,0.0,0.0,0.0,0.0,0.0,0.0,0.0
dicici.ml,Phishing,mock_Mock_Data_01_08_2025.xlsx,9.0,0.0,0.1111111111111111,0.0,0.0,0.0,0.0,0.0,1.0,9.0,0.0,1.0,0.5555555555555556,0.2,0.0,0.0,0.0,0.0,2.0,2.4193819456463714,0.0,0.0,0.0,0.0,0.0,0.0,0.0,0.0,0.0,0.0,0.0,0.0,0.0
ficicilar.com.tr,Phishing,mock_Mock_Data_01_08_2025.xlsx,16.0,0.0,0.125,0.0,0.0,0.0,0.0,1.0,2.0,6.0,1.0,0.0,0.8333333333333334,0.6666666666666666,0.0,0.0,0.0,0.0,2.0,3.1556390622295662,0.0,0.0,0.0,0.0,0.0,0.0,0.0,0.0,0.0,0.0,0.0,0.0,0.0
kikicici.com,Phishing,mock_Mock_Data_01_08_2025.xlsx,12.0,0.0,0.08333333333333333,0.0,0.0,0.0,0.0,0.0,1.0,12.0,0.0,0.0,0.4166666666666667,0.6,0.0,0.0,0.0,1.0,3.0,2.355388542207534,0.0,0.0,0.0,0.0,0.0,0.0,0.0,0.0,0.0,0.0,0.0,0.0,0.0
itumicicitnan.cf,Phishing,mock_Mock_Data_01_08_2025.xlsx,16.0,0.0,0.0625,0.0,0.0,0.0,0.0,0.0,1.0,16.0,0.0,1.0,0.3125,99.0,0.0,0.0,0.0,0.0,2.0,2.952819531114783,0.0,0.0,0.0,0.0,0.0,0.0,0.0,0.0,0.0,0.0,0.0,0.0,0.0
riciciu.ml,Phishing,mock_Mock_Data_01_08_2025.xlsx,10.0,0.0,0.1,0.0,0.0,0.0,0.0,0.0,1.0,10.0,0.0,1.0,0.5,0.4,0.0,0.0,0.0,0.0,2.0,2.6464393446710153,0.0,0.0,0.0,0.0,0.0,0.0,0.0,0.0,0.0,0.0,0.0,0.0,0.0
jicicidu.cf,Phishing,mock_Mock_Data_01_08_2025.xlsx,11.0,0.0,0.09090909090909091,0.0,0.0,0.0,0.0,0.0,1.0,11.0,0.0,1.0,0.45454545454545453,0.6,0.0,0.0,0.0,0.0,2.0,2.5949066182439395,0.0,0.0,0.0,0.0,0.0,0.0,0.0,0.0,0.0,0.0,0.0,0.0,0.0
apiliciviciciki.cf,Phishing,mock_Mock_Data_01_08_2025.xlsx,18.0,0.0,0.05555555555555555,0.0,0.0,0.0,0.0,0.0,1.0,18.0,0.0,1.0,0.2777777777777778,99.0,0.0,0.0,0.0,0.0,2.0,2.6337314206421327,0.0,0.0,0.0,0.0,0.0,0.0,0.0,0.0,0.0,0.0,0.0,0.0,0.0
ijicicipylid.ga,Phishing,mock_Mock_Data_01_08_2025.xlsx,15.0,0.0,0.06666666666666667,0.0,0.0,0.0,0.0,0.0,1.0,15.0,0.0,1.0,0.3333333333333333,99.0,0.0,0.0,0.0,0.0,2.0,2.999581230646064,0.0,0.0,0.0,0.0,0.0,0.0,0.0,0.0,0.0,0.0,0.0,0.0,0.0
sicicilsym.gq,Phishing,mock_Mock_Data_01_08_2025.xlsx,13.0,0.0,0.07692307692307693,0.0,0.0,0.0,0.0,0.0,1.0,13.0,0.0,1.0,0.38461538461538464,99.0,0.0,0.0,0.0,0.0,2.0,3.0269868333592873,0.0,0.0,0.0,0.0,0.0,0.0,0.0,0.0,0.0,0.0,0.0,0.0,0.0
zicici.ml,Phishing,mock_Mock_Data_01_08_2025.xlsx,9.0,0.0,0.1111111111111111,0.0,0.0,0.0,0.0,0.0,1.0,9.0,0.0,1.0,0.5555555555555556,0.2,0.0,0.0,0.0,0.0,2.0,2.4193819456463714,0.0,0.0,0.0,0.0,0.0,0.0,0.0,0.0,0.0,0.0,0.0,0.0,0.0
bybiciciniqa.ga,Phishing,mock_Mock_Data_01_08_2025.xlsx,15.0,0.0,0.06666666666666667,0.0,0.0,0.0,0.0,0.0,1.0,15.0,0.0,1.0,0.3333333333333333,99.0,0.0,0.0,0.0,0.0,2.0,2.9735572622751856,0.0,0.0,0.0,0.0,0.0,0.0,0.0,0.0,0.0,0.0,0.0,0.0,0.0
quicicisoun.tk,Phishing,mock_Mock_Data_01_08_2025.xlsx,14.0,0.0,0.07142857142857142,0.0,0.0,0.0,0.0,0.0,1.0,14.0,0.0,1.0,0.35714285714285715,99.0,0.0,0.0,0.0,0.0,2.0,3.182005814760214,0.0,0.0,0.0,0.0,0.0,0.0,0.0,0.0,0.0,0.0,0.0,0.0,0.0
geltticicilwi.tk,Phishing,mock_Mock_Data_01_08_2025.xlsx,16.0,0.0,0.0625,0.0,0.0,0.0,0.0,0.0,1.0,16.0,0.0,1.0,0.3125,99.0,0.0,0.0,0.0,0.0,2.0,2.952819531114783,0.0,0.0,0.0,0.0,0.0,0.0,0.0,0.0,0.0,0.0,0.0,0.0,0.0
clicicictan.ml,Phishing,mock_Mock_Data_01_08_2025.xlsx,14.0,0.0,0.07142857142857142,0.0,0.0,0.0,0.0,0.0,1.0,14.0,0.0,1.0,0.35714285714285715,99.0,0.0,0.0,0.0,0.0,2.0,2.7534343861887853,0.0,0.0,0.0,0.0,0.0,0.0,0.0,0.0,0.0,0.0,0.0,0.0,0.0
zekicici.com,Phishing,mock_Mock_Data_01_08_2025.xlsx,12.0,0.0,0.08333333333333333,0.0,0.0,0.0,0.0,0.0,1.0,12.0,0.0,0.0,0.4166666666666667,0.6,0.0,0.0,0.0,1.0,3.0,2.792481250360578,0.0,0.0,0.0,0.0,0.0,0.0,0.0,0.0,0.0,0.0,0.0,0.0,0.0
medicicircle.com,Phishing,mock_Mock_Data_01_08_2025.xlsx,16.0,0.0,0.0625,0.0,0.0,0.0,0.0,0.0,1.0,16.0,0.0,0.0,0.3125,0.6666666666666666,0.0,0.0,0.0,1.0,3.0,2.952819531114783,0.0,0.0,0.0,0.0,0.0,0.0,0.0,0.0,0.0,0.0,0.0,0.0,0.0
bilalbicici.com.tr,Phishing,mock_Mock_Data_01_08_2025.xlsx,18.0,0.0,0.1111111111111111,0.0,0.0,0.0,0.0,1.0,2.0,6.0,1.0,0.0,0.8333333333333334,0.6666666666666666,0.0,0.0,0.0,0.0,2.0,3.127986806877675,0.0,0.0,0.0,0.0,0.0,0.0,0.0,0.0,0.0,0.0,0.0,0.0,0.0
clicici.ca,Phishing,mock_Mock_Data_01_08_2025.xlsx,10.0,0.0,0.1,0.0,0.0,0.0,0.0,0.0,1.0,10.0,0.0,0.0,0.5,0.4,0.0,0.0,0.0,0.0,2.0,2.0464393446710156,0.0,0.0,0.0,0.0,0.0,0.0,0.0,0.0,0.0,0.0,0.0,0.0,0.0
bicicleta-lujo.com,Phishing,mock_Mock_Data_01_08_2025.xlsx,18.0,0.0,0.05555555555555555,1.0,0.05555555555555555,0.0,0.0,0.0,0.0,18.0,0.0,0.0,0.0,0.6666666666666666,0.0,0.0,0.0,1.0,3.0,3.5724312513221195,0.0,0.0,0.0,0.0,0.0,0.0,0.0,0.0,0.0,0.0,0.0,0.0,0.0
bicicletas.xyz,Phishing,mock_Mock_Data_01_08_2025.xlsx,14.0,0.0,0.07142857142857142,0.0,0.0,0.0,0.0,0.0,0.0,14.0,0.0,1.0,0.0,1.0,0.0,0.0,0.0,0.0,3.0,3.521640636343319,0.0,0.0,0.0,0.0,0.0,0.0,0.0,0.0,0.0,0.0,0.0,0.0,0.0
ns1.ciclope.net,Phishing,mock_Mock_Data_01_08_2025.xlsx,15.0,0.06666666666666667,0.13333333333333333,0.0,0.0,0.0,0.0,1.0,0.0,11.0,0.0,0.0,0.0,0.6666666666666666,0.0,0.0,0.0,1.0,3.0,3.373557262275185,0.0,0.0,0.0,0.0,0.0,0.0,0.0,0.0,0.0,0.0,0.0,0.0,0.0
ilciciftligi.com.tr,Phishing,mock_Mock_Data_01_08_2025.xlsx,19.0,0.0,0.10526315789473684,0.0,0.0,0.0,0.0,1.0,0.0,6.0,0.0,0.0,0.0,0.6666666666666666,0.0,0.0,0.0,0.0,2.0,3.0708470936225174,0.0,0.0,0.0,0.0,0.0,0.0,0.0,0.0,0.0,0.0,0.0,0.0,0.0
minicici.cn,Phishing,mock_Mock_Data_01_08_2025.xlsx,11.0,0.0,0.09090909090909091,0.0,0.0,0.0,0.0,0.0,1.0,11.0,0.0,1.0,0.2727272727272727,0.6,0.0,0.0,0.0,0.0,2.0,2.1180782093497093,0.0,0.0,0.0,0.0,0.0,0.0,0.0,0.0,0.0,0.0,0.0,0.0,0.0
icicin.gq,Phishing,mock_Mock_Data_01_08_2025.xlsx,9.0,0.0,0.1111111111111111,0.0,0.0,0.0,0.0,0.0,1.0,9.0,0.0,1.0,0.5555555555555556,0.2,0.0,0.0,0.0,0.0,2.0,2.4193819456463714,0.0,0.0,0.0,0.0,0.0,0.0,0.0,0.0,0.0,0.0,0.0,0.0,0.0
atproficicicna.tk,Phishing,mock_Mock_Data_01_08_2025.xlsx,17.0,0.0,0.058823529411764705,0.0,0.0,0.0,0.0,0.0,1.0,17.0,0.0,1.0,0.29411764705882354,99.0,0.0,0.0,0.0,0.0,2.0,3.2927701939369904,0.0,0.0,0.0,0.0,0.0,0.0,0.0,0.0,0.0,0.0,0.0,0.0,0.0
ticici.cf,Phishing,mock_Mock_Data_01_08_2025.xlsx,9.0,0.0,0.1111111111111111,0.0,0.0,0.0,0.0,0.0,1.0,9.0,0.0,1.0,0.5555555555555556,0.2,0.0,0.0,0.0,0.0,2.0,2.113283334294875,0.0,0.0,0.0,0.0,0.0,0.0,0.0,0.0,0.0,0.0,0.0,0.0,0.0
ciccciciciccicicccii.ga,Phishing,mock_Mock_Data_01_08_2025.xlsx,23.0,0.0,0.043478260869565216,0.0,0.0,0.0,0.0,0.0,1.0,23.0,0.0,1.0,0.21739130434782608,99.0,0.0,0.0,0.0,0.0,2.0,1.609668477419888,0.0,0.0,0.0,0.0,0.0,0.0,0.0,0.0,0.0,0.0,0.0,0.0,0.0
cicicicicici.com,Phishing,mock_Mock_Data_01_08_2025.xlsx,16.0,0.0,0.0625,0.0,0.0,0.0,0.0,0.0,1.0,16.0,0.0,0.0,0.3125,0.6666666666666666,0.0,0.0,0.0,1.0,3.0,1.8024212838293647,0.0,0.0,0.0,0.0,0.0,0.0,0.0,0.0,0.0,0.0,0.0,0.0,0.0
icicledid.com,Phishing,mock_Mock_Data_01_08_2025.xlsx,13.0,0.0,0.07692307692307693,0.0,0.0,0.0,0.0,0.0,0.0,13.0,0.0,0.0,0.0,0.6666666666666666,0.0,0.0,0.0,1.0,3.0,2.8150724101159437,0.0,0.0,0.0,0.0,0.0,0.0,0.0,0.0,0.0,0.0,0.0,0.0,0.0
miciclo.com,Phishing,mock_Mock_Data_01_08_2025.xlsx,11.0,0.0,0.09090909090909091,0.0,0.0,0.0,0.0,0.0,0.0,11.0,0.0,0.0,0.0,0.6,0.0,0.0,0.0,1.0,3.0,2.481714572986073,0.0,0.0,0.0,0.0,0.0,0.0,0.0,0.0,0.0,0.0,0.0,0.0,0.0
tipici.club,Phishing,mock_Mock_Data_01_08_2025.xlsx,11.0,0.0,0.09090909090909091,0.0,0.0,0.0,0.0,0.0,0.0,11.0,0.0,0.0,0.0,0.4,0.0,0.0,0.0,0.0,4.0,2.8453509366224368,0.0,0.0,0.0,0.0,0.0,0.0,0.0,0.0,0.0,0.0,0.0,0.0,0.0
i-cicle.com,Phishing,mock_Mock_Data_01_08_2025.xlsx,11.0,0.0,0.09090909090909091,1.0,0.09090909090909091,0.0,0.0,0.0,0.0,11.0,0.0,0.0,0.0,0.6,0.0,0.0,0.0,1.0,3.0,2.845350936622437,0.0,0.0,0.0,0.0,0.0,0.0,0.0,0.0,0.0,0.0,0.0,0.0,0.0
ns01.bicicletasuperprestigio.com,Phishing,mock_Mock_Data_01_08_2025.xlsx,32.0,0.0625,0.0625,0.0,0.0,0.0,0.0,1.0,0.0,27.0,0.0,0.0,0.0,0.6666666666666666,0.0,0.0,0.0,1.0,3.0,3.9917292966721747,0.0,0.0,0.0,0.0,0.0,0.0,0.0,0.0,0.0,0.0,0.0,0.0,0.0
ns02.bicicletesportocolom.com,Phishing,mock_Mock_Data_01_08_2025.xlsx,29.0,0.06896551724137931,0.06896551724137931,0.0,0.0,0.0,0.0,1.0,0.0,24.0,0.0,0.0,0.0,0.6666666666666666,0.0,0.0,0.0,1.0,3.0,3.6990278753194064,0.0,0.0,0.0,0.0,0.0,0.0,0.0,0.0,0.0,0.0,0.0,0.0,0.0
ns01.ciclosteo.com,Phishing,mock_Mock_Data_01_08_2025.xlsx,18.0,0.1111111111111111,0.1111111111111111,0.0,0.0,0.0,0.0,1.0,0.0,13.0,0.0,0.0,0.0,0.6666666666666666,0.0,0.0,0.0,1.0,3.0,3.4193819456463714,0.0,0.0,0.0,0.0,0.0,0.0,0.0,0.0,0.0,0.0,0.0,0.0,0.0
bicicletasushuaia.com,Phishing,mock_Mock_Data_01_08_2025.xlsx,21.0,0.0,0.047619047619047616,0.0,0.0,0.0,0.0,0.0,0.0,21.0,0.0,0.0,0.0,0.6666666666666666,0.0,0.0,0.0,1.0,3.0,3.52257158913636,0.0,0.0,0.0,0.0,0.0,0.0,0.0,0.0,0.0,0.0,0.0,0.0,0.0
ns01.bicicletastribiker.com,Phishing,mock_Mock_Data_01_08_2025.xlsx,27.0,0.07407407407407407,0.07407407407407407,0.0,0.0,0.0,0.0,1.0,0.0,22.0,0.0,0.0,0.0,0.6666666666666666,0.0,0.0,0.0,1.0,3.0,3.838039816898156,0.0,0.0,0.0,0.0,0.0,0.0,0.0,0.0,0.0,0.0,0.0,0.0,0.0
ns01.bicicletasmundopedal.com,Phishing,mock_Mock_Data_01_08_2025.xlsx,29.0,0.06896551724137931,0.06896551724137931,0.0,0.0,0.0,0.0,1.0,0.0,24.0,0.0,0.0,0.0,0.6666666666666666,0.0,0.0,0.0,1.0,3.0,4.004364184708142,0.0,0.0,0.0,0.0,0.0,0.0,0.0,0.0,0.0,0.0,0.0,0.0,0.0
biciclasificados.com,Phishing,mock_Mock_Data_01_08_2025.xlsx,20.0,0.0,0.05,0.0,0.0,0.0,0.0,0.0,0.0,20.0,0.0,0.0,0.0,0.6666666666666666,0.0,0.0,0.0,1.0,3.0,3.221928094887362,0.0,0.0,0.0,0.0,0.0,0.0,0.0,0.0,0.0,0.0,0.0,0.0,0.0
ns01.bicicletastope.com,Phishing,mock_Mock_Data_01_08_2025.xlsx,23.0,0.08695652173913043,0.08695652173913043,0.0,0.0,0.0,0.0,1.0,0.0,18.0,0.0,0.0,0.0,0.6666666666666666,0.0,0.0,0.0,1.0,3.0,3.7950885863977324,0.0,0.0,0.0,0.0,0.0,0.0,0.0,0.0,0.0,0.0,0.0,0.0,0.0
bicicletachopper.com,Phishing,mock_Mock_Data_01_08_2025.xlsx,20.0,0.0,0.05,0.0,0.0,0.0,0.0,0.0,0.0,20.0,0.0,0.0,0.0,0.6666666666666666,0.0,0.0,0.0,1.0,3.0,3.521928094887362,0.0,0.0,0.0,0.0,0.0,0.0,0.0,0.0,0.0,0.0,0.0,0.0,0.0
lcicllc.com,Phishing,mock_Mock_Data_01_08_2025.xlsx,11.0,0.0,0.09090909090909091,0.0,0.0,0.0,0.0,0.0,0.0,11.0,0.0,0.0,0.0,0.6666666666666666,0.0,0.0,0.0,1.0,3.0,2.2998963911678914,0.0,0.0,0.0,0.0,0.0,0.0,0.0,0.0,0.0,0.0,0.0,0.0,0.0
bicicletasbosqueysalud.com,Phishing,mock_Mock_Data_01_08_2025.xlsx,26.0,0.0,0.038461538461538464,0.0,0.0,0.0,0.0,0.0,0.0,26.0,0.0,0.0,0.0,0.6666666666666666,0.0,0.0,0.0,1.0,3.0,3.796217602590056,0.0,0.0,0.0,0.0,0.0,0.0,0.0,0.0,0.0,0.0,0.0,0.0,0.0
aicici.cn,Phishing,mock_Mock_Data_01_08_2025.xlsx,9.0,0.0,0.1111111111111111,0.0,0.0,0.0,0.0,0.0,1.0,9.0,0.0,1.0,0.5555555555555556,0.2,0.0,0.0,0.0,0.0,2.0,2.113283334294875,0.0,0.0,0.0,0.0,0.0,0.0,0.0,0.0,0.0,0.0,0.0,0.0,0.0
uicici.com,Phishing,mock_Mock_Data_01_08_2025.xlsx,10.0,0.0,0.1,0.0,0.0,0.0,0.0,0.0,1.0,10.0,0.0,0.0,0.5,0.2,0.0,0.0,0.0,1.0,3.0,2.3709505944546687,0.0,0.0,0.0,0.0,0.0,0.0,0.0,0.0,0.0,0.0,0.0,0.0,0.0
labicicleta.co.uk,Phishing,mock_Mock_Data_01_08_2025.xlsx,17.0,0.0,0.11764705882352941,0.0,0.0,0.0,0.0,1.0,0.0,5.0,0.0,0.0,0.0,99.0,0.0,0.0,0.0,0.0,2.0,3.337175341123077,0.0,0.0,0.0,0.0,0.0,0.0,0.0,0.0,0.0,0.0,0.0,0.0,0.0
bicicleta-electrica-usada.store,Phishing,mock_Mock_Data_01_08_2025.xlsx,31.0,0.0,0.03225806451612903,2.0,0.06451612903225806,0.0,0.0,0.0,0.0,31.0,0.0,0.0,0.0,0.6,0.0,0.0,0.0,0.0,5.0,3.6151713102472964,0.0,0.0,0.0,0.0,0.0,0.0,0.0,0.0,0.0,0.0,0.0,0.0,0.0
bicicletas-electricas.online,Phishing,mock_Mock_Data_01_08_2025.xlsx,28.0,0.0,0.03571428571428571,1.0,0.03571428571428571,0.0,0.0,0.0,0.0,28.0,0.0,1.0,0.0,0.3333333333333333,0.0,0.0,0.0,0.0,6.0,3.4946803684089085,0.0,0.0,0.0,0.0,0.0,0.0,0.0,0.0,0.0,0.0,0.0,0.0,0.0
bicicleta-electrica-segunda-mano.online,Phishing,mock_Mock_Data_01_08_2025.xlsx,39.0,0.0,0.02564102564102564,3.0,0.07692307692307693,0.0,0.0,0.0,0.0,39.0,0.0,1.0,0.0,0.3333333333333333,0.0,0.0,0.0,0.0,6.0,3.82080182197087,0.0,0.0,0.0,0.0,0.0,0.0,0.0,0.0,0.0,0.0,0.0,0.0,0.0
bicicims.com,Phishing,mock_Mock_Data_01_08_2025.xlsx,12.0,0.0,0.08333333333333333,0.0,0.0,0.0,0.0,0.0,1.0,12.0,0.0,0.0,0.4166666666666667,0.6,0.0,0.0,0.0,1.0,3.0,2.6258145836939115,0.0,0.0,0.0,0.0,0.0,0.0,0.0,0.0,0.0,0.0,0.0,0.0,0.0
riciclidea.org,Phishing,mock_Mock_Data_01_08_2025.xlsx,14.0,0.0,0.07142857142857142,0.0,0.0,0.0,0.0,0.0,0.0,14.0,0.0,0.0,0.0,0.75,0.0,0.0,0.0,1.0,3.0,3.182005814760214,0.0,0.0,0.0,0.0,0.0,0.0,0.0,0.0,0.0,0.0,0.0,0.0,0.0
cixibank.cn,Phishing,mock_Mock_Data_01_08_2025.xlsx,11.0,0.0,0.09090909090909091,0.0,0.0,0.0,0.0,0.0,0.0,11.0,0.0,1.0,0.0,0.2222222222222222,0.0,0.0,0.0,0.0,2.0,2.9139770731827523,0.0,0.0,0.0,0.0,0.0,0.0,0.0,0.0,0.0,0.0,0.0,0.0,0.0
cicicici.org,Phishing,mock_Mock_Data_01_08_2025.xlsx,12.0,0.0,0.08333333333333333,0.0,0.0,0.0,0.0,0.0,1.0,12.0,0.0,0.0,0.4166666666666667,0.6,0.0,0.0,0.0,1.0,3.0,2.251629167387823,0.0,0.0,0.0,0.0,0.0,0.0,0.0,0.0,0.0,0.0,0.0,0.0,0.0
cicici.org,Phishing,mock_Mock_Data_01_08_2025.xlsx,10.0,0.0,0.1,0.0,0.0,0.0,0.0,0.0,1.0,10.0,0.0,0.0,0.5,0.2,0.0,0.0,0.0,1.0,3.0,2.3709505944546683,0.0,0.0,0.0,0.0,0.0,0.0,0.0,0.0,0.0,0.0,0.0,0.0,0.0
ezgificici.com,Phishing,mock_Mock_Data_01_08_2025.xlsx,14.0,0.0,0.07142857142857142,0.0,0.0,0.0,0.0,0.0,1.0,14.0,0.0,0.0,0.35714285714285715,0.6666666666666666,0.0,0.0,0.0,1.0,3.0,2.8962915290459286,0.0,0.0,0.0,0.0,0.0,0.0,0.0,0.0,0.0,0.0,0.0,0.0,0.0
bicici.gen.tr,Phishing,mock_Mock_Data_01_08_2025.xlsx,13.0,0.0,0.15384615384615385,0.0,0.0,0.0,0.0,1.0,2.0,6.0,1.0,0.0,0.8333333333333334,0.2,0.0,0.0,0.0,0.0,2.0,3.0269868333592873,0.0,0.0,0.0,0.0,0.0,0.0,0.0,0.0,0.0,0.0,0.0,0.0,0.0
ciciba.info,Phishing,mock_Mock_Data_01_08_2025.xlsx,11.0,0.0,0.09090909090909091,0.0,0.0,0.0,0.0,0.0,0.0,11.0,0.0,1.0,0.0,0.3333333333333333,0.0,0.0,0.0,0.0,4.0,2.8453509366224368,0.0,0.0,0.0,0.0,0.0,0.0,0.0,0.0,0.0,0.0,0.0,0.0,0.0
cicifosilcici.shop,Phishing,mock_Mock_Data_01_08_2025.xlsx,18.0,0.0,0.05555555555555555,0.0,0.0,0.0,0.0,0.0,0.0,18.0,0.0,1.0,0.0,1.0,0.0,0.0,0.0,0.0,4.0,2.8582783084180448,0.0,0.0,0.0,0.0,0.0,0.0,0.0,0.0,0.0,0.0,0.0,0.0,0.0
ciibank.pl,Phishing,mock_Mock_Data_01_08_2025.xlsx,10.0,0.0,0.1,0.0,0.0,0.0,0.0,0.0,0.0,10.0,0.0,0.0,0.0,0.2222222222222222,0.0,0.0,0.0,0.0,2.0,3.121928094887362,0.0,0.0,0.0,0.0,0.0,0.0,0.0,0.0,0.0,0.0,0.0,0.0,0.0
jicici.com,Phishing,mock_Mock_Data_01_08_2025.xlsx,10.0,0.0,0.1,0.0,0.0,0.0,0.0,0.0,1.0,10.0,0.0,0.0,0.5,0.2,0.0,0.0,0.0,1.0,3.0,2.3709505944546683,0.0,0.0,0.0,0.0,0.0,0.0,0.0,0.0,0.0,0.0,0.0,0.0,0.0
micici.fr,Phishing,mock_Mock_Data_01_08_2025.xlsx,9.0,0.0,0.1111111111111111,0.0,0.0,0.0,0.0,0.0,1.0,9.0,0.0,0.0,0.5555555555555556,0.2,0.0,0.0,0.0,0.0,2.0,2.4193819456463714,0.0,0.0,0.0,0.0,0.0,0.0,0.0,0.0,0.0,0.0,0.0,0.0,0.0
dicici.com,Phishing,mock_Mock_Data_01_08_2025.xlsx,10.0,0.0,0.1,0.0,0.0,0.0,0.0,0.0,1.0,10.0,0.0,0.0,0.5,0.2,0.0,0.0,0.0,1.0,3.0,2.3709505944546687,0.0,0.0,0.0,0.0,0.0,0.0,0.0,0.0,0.0,0.0,0.0,0.0,0.0
cicici.store,Phishing,mock_Mock_Data_01_08_2025.xlsx,12.0,0.0,0.08333333333333333,0.0,0.0,0.0,0.0,0.0,1.0,12.0,0.0,0.0,0.4166666666666667,0.2,0.0,0.0,0.0,0.0,5.0,2.792481250360578,0.0,0.0,0.0,0.0,0.0,0.0,0.0,0.0,0.0,0.0,0.0,0.0,0.0
micicipi.com,Phishing,mock_Mock_Data_01_08_2025.xlsx,12.0,0.0,0.08333333333333333,0.0,0.0,0.0,0.0,0.0,1.0,12.0,0.0,0.0,0.4166666666666667,0.6,0.0,0.0,0.0,1.0,3.0,2.355388542207534,0.0,0.0,0.0,0.0,0.0,0.0,0.0,0.0,0.0,0.0,0.0,0.0,0.0
micicipii.com,Phishing,mock_Mock_Data_01_08_2025.xlsx,13.0,0.0,0.07692307692307693,0.0,0.0,0.0,0.0,0.0,1.0,13.0,0.0,0.0,0.38461538461538464,0.6666666666666666,0.0,0.0,0.0,1.0,3.0,2.287783719941071,0.0,0.0,0.0,0.0,0.0,0.0,0.0,0.0,0.0,0.0,0.0,0.0,0.0
yenigibicici.com,Phishing,mock_Mock_Data_01_08_2025.xlsx,16.0,0.0,0.0625,0.0,0.0,0.0,0.0,0.0,1.0,16.0,0.0,0.0,0.3125,0.6666666666666666,0.0,0.0,0.0,1.0,3.0,2.9772170014624826,0.0,0.0,0.0,0.0,0.0,0.0,0.0,0.0,0.0,0.0,0.0,0.0,0.0
kiciciap.shop,Phishing,mock_Mock_Data_01_08_2025.xlsx,13.0,0.0,0.07692307692307693,0.0,0.0,0.0,0.0,0.0,1.0,13.0,0.0,1.0,0.38461538461538464,0.6,0.0,0.0,0.0,0.0,4.0,3.0269868333592873,0.0,0.0,0.0,0.0,0.0,0.0,0.0,0.0,0.0,0.0,0.0,0.0,0.0
yenigibicici.xyz,Phishing,mock_Mock_Data_01_08_2025.xlsx,16.0,0.0,0.0625,0.0,0.0,0.0,0.0,0.0,1.0,16.0,0.0,1.0,0.3125,1.0,0.0,0.0,0.0,0.0,3.0,3.024397470347699,0.0,0.0,0.0,0.0,0.0,0.0,0.0,0.0,0.0,0.0,0.0,0.0,0.0
bnpparibasbicici.com,Phishing,mock_Mock_Data_01_08_2025.xlsx,20.0,0.0,0.05,0.0,0.0,0.0,0.0,0.0,1.0,20.0,0.0,0.0,0.15,0.6666666666666666,0.0,0.0,0.0,1.0,3.0,3.246439344671015,0.0,0.0,0.0,0.0,0.0,0.0,0.0,0.0,0.0,0.0,0.0,0.0,0.0
icicipi.top,Phishing,mock_Mock_Data_01_08_2025.xlsx,11.0,0.0,0.09090909090909091,0.0,0.0,0.0,0.0,0.0,1.0,11.0,0.0,1.0,0.45454545454545453,0.4,0.0,0.0,0.0,0.0,3.0,2.3685225277282065,0.0,0.0,0.0,0.0,0.0,0.0,0.0,0.0,0.0,0.0,0.0,0.0,0.0
makasicici.com,Phishing,mock_Mock_Data_01_08_2025.xlsx,14.0,0.0,0.07142857142857142,0.0,0.0,0.0,0.0,0.0,1.0,14.0,0.0,0.0,0.35714285714285715,0.6666666666666666,0.0,0.0,0.0,1.0,3.0,2.8423709931771084,0.0,0.0,0.0,0.0,0.0,0.0,0.0,0.0,0.0,0.0,0.0,0.0,0.0
cicici.id,Phishing,mock_Mock_Data_01_08_2025.xlsx,9.0,0.0,0.1111111111111111,0.0,0.0,0.0,0.0,0.0,1.0,9.0,0.0,0.0,0.5555555555555556,0.2,0.0,0.0,0.0,0.0,2.0,1.7527152789797047,0.0,0.0,0.0,0.0,0.0,0.0,0.0,0.0,0.0,0.0,0.0,0.0,0.0
mimicicicaketng.com,Phishing,mock_Mock_Data_01_08_2025.xlsx,19.0,0.0,0.05263157894736842,0.0,0.0,0.0,0.0,0.0,1.0,19.0,0.0,0.0,0.2631578947368421,0.6666666666666666,0.0,0.0,0.0,1.0,3.0,3.155565013329718,0.0,0.0,0.0,0.0,0.0,0.0,0.0,0.0,0.0,0.0,0.0,0.0,0.0
tistdetelicici.tk,Phishing,mock_Mock_Data_01_08_2025.xlsx,17.0,0.0,0.058823529411764705,0.0,0.0,0.0,0.0,0.0,1.0,17.0,0.0,1.0,0.29411764705882354,99.0,0.0,0.0,0.0,0.0,2.0,2.910992253015046,0.0,0.0,0.0,0.0,0.0,0.0,0.0,0.0,0.0,0.0,0.0,0.0,0.0
falicici.online,Phishing,mock_Mock_Data_01_08_2025.xlsx,15.0,0.0,0.06666666666666667,0.0,0.0,0.0,0.0,0.0,1.0,15.0,0.0,1.0,0.3333333333333333,0.3333333333333333,0.0,0.0,0.0,0.0,6.0,2.973557262275185,0.0,0.0,0.0,0.0,0.0,0.0,0.0,0.0,0.0,0.0,0.0,0.0,0.0
undiciclo.com,Phishing,mock_Mock_Data_01_08_2025.xlsx,13.0,0.0,0.07692307692307693,0.0,0.0,0.0,0.0,0.0,0.0,13.0,0.0,0.0,0.0,0.6666666666666666,0.0,0.0,0.0,1.0,3.0,3.0269868333592873,0.0,0.0,0.0,0.0,0.0,0.0,0.0,0.0,0.0,0.0,0.0,0.0,0.0
iciclestraw.com,Phishing,mock_Mock_Data_01_08_2025.xlsx,15.0,0.0,0.06666666666666667,0.0,0.0,0.0,0.0,0.0,0.0,15.0,0.0,0.0,0.0,0.6666666666666666,0.0,0.0,0.0,1.0,3.0,3.456564762130953,0.0,0.0,0.0,0.0,0.0,0.0,0.0,0.0,0.0,0.0,0.0,0.0,0.0
riciclamente.com,Phishing,mock_Mock_Data_01_08_2025.xlsx,16.0,0.0,0.0625,0.0,0.0,0.0,0.0,0.0,0.0,16.0,0.0,0.0,0.0,0.6666666666666666,0.0,0.0,0.0,1.0,3.0,3.327819531114783,0.0,0.0,0.0,0.0,0.0,0.0,0.0,0.0,0.0,0.0,0.0,0.0,0.0
gokcebicici.com,Phishing,mock_Mock_Data_01_08_2025.xlsx,15.0,0.0,0.06666666666666667,0.0,0.0,0.0,0.0,0.0,1.0,15.0,0.0,0.0,0.3333333333333333,0.6666666666666666,0.0,0.0,0.0,1.0,3.0,2.9232314287976204,0.0,0.0,0.0,0.0,0.0,0.0,0.0,0.0,0.0,0.0,0.0,0.0,0.0
iciciea.com,Phishing,mock_Mock_Data_01_08_2025.xlsx,11.0,0.0,0.09090909090909091,0.0,0.0,0.0,0.0,0.0,1.0,11.0,0.0,0.0,0.45454545454545453,0.3333333333333333,0.0,0.0,0.0,1.0,3.0,2.59490661824394,0.0,0.0,0.0,0.0,0.0,0.0,0.0,0.0,0.0,0.0,0.0,0.0,0.0
bicici.online,Phishing,mock_Mock_Data_01_08_2025.xlsx,13.0,0.0,0.07692307692307693,0.0,0.0,0.0,0.0,0.0,1.0,13.0,0.0,1.0,0.38461538461538464,0.2,0.0,0.0,0.0,0.0,6.0,2.7773627950641693,0.0,0.0,0.0,0.0,0.0,0.0,0.0,0.0,0.0,0.0,0.0,0.0,0.0
bicici.net,Phishing,mock_Mock_Data_01_08_2025.xlsx,10.0,0.0,0.1,0.0,0.0,0.0,0.0,0.0,1.0,10.0,0.0,0.0,0.5,0.2,0.0,0.0,0.0,1.0,3.0,2.6464393446710153,0.0,0.0,0.0,0.0,0.0,0.0,0.0,0.0,0.0,0.0,0.0,0.0,0.0
aicicia.se,Phishing,mock_Mock_Data_01_08_2025.xlsx,10.0,0.0,0.1,0.0,0.0,0.0,0.0,0.0,1.0,10.0,0.0,0.0,0.5,0.4,0.0,0.0,0.0,0.0,2.0,2.4464393446710155,0.0,0.0,0.0,0.0,0.0,0.0,0.0,0.0,0.0,0.0,0.0,0.0,0.0
aicicia.com,Phishing,mock_Mock_Data_01_08_2025.xlsx,11.0,0.0,0.09090909090909091,0.0,0.0,0.0,0.0,0.0,1.0,11.0,0.0,0.0,0.45454545454545453,0.4,0.0,0.0,0.0,1.0,3.0,2.413088436425758,0.0,0.0,0.0,0.0,0.0,0.0,0.0,0.0,0.0,0.0,0.0,0.0,0.0
aicicia.art,Phishing,mock_Mock_Data_01_08_2025.xlsx,11.0,0.0,0.09090909090909091,0.0,0.0,0.0,0.0,0.0,1.0,11.0,0.0,0.0,0.45454545454545453,0.4,0.0,0.0,0.0,0.0,3.0,2.4130884364257574,0.0,0.0,0.0,0.0,0.0,0.0,0.0,0.0,0.0,0.0,0.0,0.0,0.0
juicici.campsite.bio,Phishing,mock_Mock_Data_01_08_2025.xlsx,20.0,0.0,0.1,0.0,0.0,0.0,0.0,1.0,2.0,12.0,1.0,0.0,0.4166666666666667,0.4,0.0,0.0,0.0,0.0,3.0,3.403701696057348,0.0,0.0,0.0,0.0,0.0,0.0,0.0,0.0,0.0,0.0,0.0,0.0,0.0
uwicicis.myhostpoint.ch,Phishing,mock_Mock_Data_01_08_2025.xlsx,23.0,0.0,0.08695652173913043,0.0,0.0,0.0,0.0,1.0,2.0,14.0,1.0,0.0,0.35714285714285715,0.6,0.0,0.0,0.0,0.0,2.0,3.534219021180341,0.0,0.0,0.0,0.0,0.0,0.0,0.0,0.0,0.0,0.0,0.0,0.0,0.0
aicicicici.repl.co,Phishing,mock_Mock_Data_01_08_2025.xlsx,18.0,0.0,0.1111111111111111,0.0,0.0,0.0,0.0,1.0,2.0,7.0,1.0,0.0,0.7142857142857143,0.5,0.0,0.0,0.0,0.0,2.0,2.768853837616,0.0,0.0,0.0,0.0,0.0,0.0,0.0,0.0,0.0,0.0,0.0,0.0,0.0
citicicifulworl.tk,Phishing,mock_Mock_Data_01_08_2025.xlsx,18.0,0.0,0.05555555555555555,0.0,0.0,0.0,0.0,0.0,1.0,18.0,0.0,1.0,0.2777777777777778,99.0,0.0,0.0,0.0,0.0,2.0,3.239097917988786,0.0,0.0,0.0,0.0,0.0,0.0,0.0,0.0,0.0,0.0,0.0,0.0,0.0
hepsicici.com.polkaconnect.com,Phishing,mock_Mock_Data_01_08_2025.xlsx,30.0,0.0,0.1,0.0,0.0,0.0,0.0,2.0,2.0,16.0,1.0,0.0,0.3125,0.6666666666666666,0.0,0.0,0.0,1.0,3.0,3.539572261986723,0.0,0.0,0.0,0.0,0.0,0.0,0.0,0.0,0.0,0.0,0.0,0.0,0.0
spiciciden.ga,Phishing,mock_Mock_Data_01_08_2025.xlsx,13.0,0.0,0.07692307692307693,0.0,0.0,0.0,0.0,0.0,1.0,13.0,0.0,1.0,0.38461538461538464,99.0,0.0,0.0,0.0,0.0,2.0,3.180832987205441,0.0,0.0,0.0,0.0,0.0,0.0,0.0,0.0,0.0,0.0,0.0,0.0,0.0
otticicio.com,Phishing,mock_Mock_Data_01_08_2025.xlsx,13.0,0.0,0.07692307692307693,0.0,0.0,0.0,0.0,0.0,1.0,13.0,0.0,0.0,0.38461538461538464,0.6666666666666666,0.0,0.0,0.0,1.0,3.0,2.449311833026446,0.0,0.0,0.0,0.0,0.0,0.0,0.0,0.0,0.0,0.0,0.0,0.0,0.0
icbank.net,Phishing,mock_Mock_Data_01_08_2025.xlsx,10.0,0.0,0.1,0.0,0.0,0.0,0.0,0.0,0.0,10.0,0.0,0.0,0.0,0.3333333333333333,0.0,0.0,0.0,1.0,3.0,3.121928094887362,0.0,0.0,0.0,0.0,0.0,0.0,0.0,0.0,0.0,0.0,0.0,0.0,0.0
cibcbank.net,Phishing,mock_Mock_Data_01_08_2025.xlsx,12.0,0.0,0.08333333333333333,0.0,0.0,0.0,0.0,0.0,0.0,12.0,0.0,0.0,0.0,0.3333333333333333,0.0,0.0,0.0,1.0,3.0,3.084962500721156,0.0,0.0,0.0,0.0,0.0,0.0,0.0,0.0,0.0,0.0,0.0,0.0,0.0
artebicicitytours.com,Phishing,mock_Mock_Data_01_08_2025.xlsx,21.0,0.0,0.047619047619047616,0.0,0.0,0.0,0.0,0.0,1.0,21.0,0.0,0.0,0.23809523809523808,0.6666666666666666,0.0,0.0,0.0,1.0,3.0,3.5225715891363594,0.0,0.0,0.0,0.0,0.0,0.0,0.0,0.0,0.0,0.0,0.0,0.0,0.0
versdicici.gq,Phishing,mock_Mock_Data_01_08_2025.xlsx,13.0,0.0,0.07692307692307693,0.0,0.0,0.0,0.0,0.0,1.0,13.0,0.0,1.0,0.38461538461538464,99.0,0.0,0.0,0.0,0.0,2.0,3.180832987205441,0.0,0.0,0.0,0.0,0.0,0.0,0.0,0.0,0.0,0.0,0.0,0.0,0.0
simplicicity.de,Phishing,mock_Mock_Data_01_08_2025.xlsx,15.0,0.0,0.06666666666666667,0.0,0.0,0.0,0.0,0.0,1.0,15.0,0.0,0.0,0.3333333333333333,99.0,0.0,0.0,0.0,0.0,2.0,3.2402239289418513,0.0,0.0,0.0,0.0,0.0,0.0,0.0,0.0,0.0,0.0,0.0,0.0,0.0
arcticicicles.com,Phishing,mock_Mock_Data_01_08_2025.xlsx,17.0,0.0,0.058823529411764705,0.0,0.0,0.0,0.0,0.0,1.0,17.0,0.0,0.0,0.29411764705882354,0.6666666666666666,0.0,0.0,0.0,1.0,3.0,3.124843548509147,0.0,0.0,0.0,0.0,0.0,0.0,0.0,0.0,0.0,0.0,0.0,0.0,0.0
juicici.store,Phishing,mock_Mock_Data_01_08_2025.xlsx,13.0,0.0,0.07692307692307693,0.0,0.0,0.0,0.0,0.0,1.0,13.0,0.0,0.0,0.38461538461538464,0.4,0.0,0.0,0.0,0.0,5.0,3.180832987205441,0.0,0.0,0.0,0.0,0.0,0.0,0.0,0.0,0.0,0.0,0.0,0.0,0.0
tunaicicilan.com,Phishing,mock_Mock_Data_01_08_2025.xlsx,16.0,0.0,0.0625,0.0,0.0,0.0,0.0,0.0,1.0,16.0,0.0,0.0,0.3125,0.6666666666666666,0.0,0.0,0.0,1.0,3.0,3.1556390622295662,0.0,0.0,0.0,0.0,0.0,0.0,0.0,0.0,0.0,0.0,0.0,0.0,0.0
nesibebicici.com,Phishing,mock_Mock_Data_01_08_2025.xlsx,16.0,0.0,0.0625,0.0,0.0,0.0,0.0,0.0,1.0,16.0,0.0,0.0,0.3125,0.6666666666666666,0.0,0.0,0.0,1.0,3.0,2.952819531114783,0.0,0.0,0.0,0.0,0.0,0.0,0.0,0.0,0.0,0.0,0.0,0.0,0.0
prodottitipiciciociari.it,Phishing,mock_Mock_Data_01_08_2025.xlsx,25.0,0.0,0.04,0.0,0.0,0.0,0.0,0.0,1.0,25.0,0.0,0.0,0.2,99.0,0.0,0.0,0.0,0.0,2.0,2.8234651896016474,0.0,0.0,0.0,0.0,0.0,0.0,0.0,0.0,0.0,0.0,0.0,0.0,0.0
ticicity.com,Phishing,mock_Mock_Data_01_08_2025.xlsx,12.0,0.0,0.08333333333333333,0.0,0.0,0.0,0.0,0.0,1.0,12.0,0.0,0.0,0.4166666666666667,0.6,0.0,0.0,0.0,1.0,3.0,2.625814583693911,0.0,0.0,0.0,0.0,0.0,0.0,0.0,0.0,0.0,0.0,0.0,0.0,0.0
omicicintufar.tk,Phishing,mock_Mock_Data_01_08_2025.xlsx,16.0,0.0,0.0625,0.0,0.0,0.0,0.0,0.0,1.0,16.0,0.0,1.0,0.3125,99.0,0.0,0.0,0.0,0.0,2.0,3.452819531114783,0.0,0.0,0.0,0.0,0.0,0.0,0.0,0.0,0.0,0.0,0.0,0.0,0.0
dicic.link,Phishing,mock_Mock_Data_01_08_2025.xlsx,10.0,0.0,0.1,0.0,0.0,0.0,0.0,0.0,0.0,10.0,0.0,0.0,0.0,0.4,0.0,0.0,0.0,0.0,4.0,2.6464393446710153,0.0,0.0,0.0,0.0,0.0,0.0,0.0,0.0,0.0,0.0,0.0,0.0,0.0
bicicletaspara.info,Phishing,mock_Mock_Data_01_08_2025.xlsx,19.0,0.0,0.05263157894736842,0.0,0.0,0.0,0.0,0.0,0.0,19.0,0.0,1.0,0.0,0.75,0.0,0.0,0.0,0.0,4.0,3.6421498816369033,0.0,0.0,0.0,0.0,0.0,0.0,0.0,0.0,0.0,0.0,0.0,0.0,0.0
lokvicici.hippocamp.eu,Phishing,mock_Mock_Data_01_08_2025.xlsx,22.0,0.0,0.09090909090909091,0.0,0.0,0.0,0.0,1.0,2.0,12.0,1.0,0.0,0.4166666666666667,99.0,0.0,0.0,0.0,0.0,2.0,3.481714572986072,0.0,0.0,0.0,0.0,0.0,0.0,0.0,0.0,0.0,0.0,0.0,0.0,0.0
tranaficicil.tk,Phishing,mock_Mock_Data_01_08_2025.xlsx,15.0,0.0,0.06666666666666667,0.0,0.0,0.0,0.0,0.0,1.0,15.0,0.0,1.0,0.3333333333333333,99.0,0.0,0.0,0.0,0.0,2.0,3.189898095464287,0.0,0.0,0.0,0.0,0.0,0.0,0.0,0.0,0.0,0.0,0.0,0.0,0.0
8maysite2-ozficici.me,Phishing,mock_Mock_Data_01_08_2025.xlsx,21.0,0.09523809523809523,0.047619047619047616,1.0,0.047619047619047616,0.0,0.0,0.0,1.0,21.0,0.0,0.0,0.23809523809523808,0.6,0.0,0.0,0.0,0.0,2.0,3.7256507561120937,0.0,0.0,0.0,0.0,0.0,0.0,0.0,0.0,0.0,0.0,0.0,0.0,0.0
mimicicicake.com,Phishing,mock_Mock_Data_01_08_2025.xlsx,16.0,0.0,0.0625,0.0,0.0,0.0,0.0,0.0,1.0,16.0,0.0,0.0,0.3125,0.6666666666666666,0.0,0.0,0.0,1.0,3.0,2.702819531114783,0.0,0.0,0.0,0.0,0.0,0.0,0.0,0.0,0.0,0.0,0.0,0.0,0.0
mimicicicake.com.kueulangtahunbogor.com,Phishing,mock_Mock_Data_01_08_2025.xlsx,39.0,0.0,0.07692307692307693,0.0,0.0,0.0,0.0,2.0,2.0,22.0,1.0,0.0,0.22727272727272727,0.6666666666666666,0.0,0.0,0.0,1.0,3.0,3.801445732171807,0.0,0.0,0.0,0.0,0.0,0.0,0.0,0.0,0.0,0.0,0.0,0.0,0.0
cicicircular.com,Phishing,mock_Mock_Data_01_08_2025.xlsx,16.0,0.0,0.0625,0.0,0.0,0.0,0.0,0.0,1.0,16.0,0.0,0.0,0.3125,0.6666666666666666,0.0,0.0,0.0,1.0,3.0,2.852217001462482,0.0,0.0,0.0,0.0,0.0,0.0,0.0,0.0,0.0,0.0,0.0,0.0,0.0
licicis.com,Phishing,mock_Mock_Data_01_08_2025.xlsx,11.0,0.0,0.09090909090909091,0.0,0.0,0.0,0.0,0.0,1.0,11.0,0.0,0.0,0.45454545454545453,0.4,0.0,0.0,0.0,1.0,3.0,2.5949066182439395,0.0,0.0,0.0,0.0,0.0,0.0,0.0,0.0,0.0,0.0,0.0,0.0,0.0
onariciciftci.com,Phishing,mock_Mock_Data_01_08_2025.xlsx,17.0,0.0,0.058823529411764705,0.0,0.0,0.0,0.0,0.0,1.0,17.0,0.0,0.0,0.29411764705882354,0.6666666666666666,0.0,0.0,0.0,1.0,3.0,3.028639311838575,0.0,0.0,0.0,0.0,0.0,0.0,0.0,0.0,0.0,0.0,0.0,0.0,0.0
meokicicit.tk,Phishing,mock_Mock_Data_01_08_2025.xlsx,13.0,0.0,0.07692307692307693,0.0,0.0,0.0,0.0,0.0,1.0,13.0,0.0,1.0,0.38461538461538464,99.0,0.0,0.0,0.0,0.0,2.0,2.8731406795131336,0.0,0.0,0.0,0.0,0.0,0.0,0.0,0.0,0.0,0.0,0.0,0.0,0.0
quicicidi.cf,Phishing,mock_Mock_Data_01_08_2025.xlsx,12.0,0.0,0.08333333333333333,0.0,0.0,0.0,0.0,0.0,1.0,12.0,0.0,1.0,0.4166666666666667,99.0,0.0,0.0,0.0,0.0,2.0,2.5220552088742005,0.0,0.0,0.0,0.0,0.0,0.0,0.0,0.0,0.0,0.0,0.0,0.0,0.0
iciciconverse.byteprophecy.accenture.com,Phishing,mock_Mock_Data_01_08_2025.xlsx,40.0,0.0,0.075,0.0,0.0,0.0,0.0,2.0,2.0,13.0,1.0,0.0,0.38461538461538464,0.6666666666666666,0.0,0.0,0.0,1.0,3.0,3.7674078582027613,0.0,0.0,0.0,0.0,0.0,0.0,0.0,0.0,0.0,0.0,0.0,0.0,0.0
ww01.citibank.com.in,Phishing,mock_Mock_Data_01_08_2025.xlsx,20.0,0.1,0.15,0.0,0.0,0.0,0.0,2.0,0.0,6.0,0.0,0.0,0.0,0.2222222222222222,0.0,0.0,0.0,0.0,2.0,3.5464393446710147,0.0,0.0,0.0,0.0,0.0,0.0,0.0,0.0,0.0,0.0,0.0,0.0,0.0
micicipi.ir,Phishing,mock_Mock_Data_01_08_2025.xlsx,11.0,0.0,0.09090909090909091,0.0,0.0,0.0,0.0,0.0,1.0,11.0,0.0,0.0,0.45454545454545453,0.6,0.0,0.0,0.0,0.0,2.0,2.2221915755066783,0.0,0.0,0.0,0.0,0.0,0.0,0.0,0.0,0.0,0.0,0.0,0.0,0.0
custmail.icicibank.com.mcas.ms,Phishing,mock_Mock_Data_01_08_2025.xlsx,30.0,0.0,0.13333333333333333,0.0,0.0,0.0,0.0,3.0,2.0,7.0,1.0,0.0,0.7142857142857143,0.6666666666666666,0.0,0.0,0.0,0.0,2.0,3.402910079649727,0.0,0.0,0.0,0.0,0.0,0.0,0.0,0.0,0.0,0.0,0.0,0.0,0.0
cvicicizralok.com,Phishing,mock_Mock_Data_01_08_2025.xlsx,17.0,0.0,0.058823529411764705,0.0,0.0,0.0,0.0,0.0,1.0,17.0,0.0,0.0,0.29411764705882354,0.6666666666666666,0.0,0.0,0.0,1.0,3.0,3.2195282822995477,0.0,0.0,0.0,0.0,0.0,0.0,0.0,0.0,0.0,0.0,0.0,0.0,0.0
iciciacs.com,Phishing,mock_Mock_Data_01_08_2025.xlsx,12.0,0.0,0.08333333333333333,0.0,0.0,0.0,0.0,0.0,1.0,12.0,0.0,0.0,0.4166666666666667,0.3333333333333333,0.0,0.0,0.0,1.0,3.0,2.5220552088742005,0.0,0.0,0.0,0.0,0.0,0.0,0.0,0.0,0.0,0.0,0.0,0.0,0.0
autoconfig.ciciprulife.com,Phishing,mock_Mock_Data_01_08_2025.xlsx,26.0,0.0,0.07692307692307693,0.0,0.0,0.0,0.0,1.0,0.0,15.0,0.0,0.0,0.0,0.6666666666666666,0.0,0.0,0.0,1.0,3.0,3.6714055834424966,0.0,0.0,0.0,0.0,0.0,0.0,0.0,0.0,0.0,0.0,0.0,0.0,0.0
cicicity.com,Phishing,mock_Mock_Data_01_08_2025.xlsx,12.0,0.0,0.08333333333333333,0.0,0.0,0.0,0.0,0.0,1.0,12.0,0.0,0.0,0.4166666666666667,0.6,0.0,0.0,0.0,1.0,3.0,2.5220552088742005,0.0,0.0,0.0,0.0,0.0,0.0,0.0,0.0,0.0,0.0,0.0,0.0,0.0
firstdataicici.magecomp.org,Phishing,mock_Mock_Data_01_08_2025.xlsx,27.0,0.0,0.07407407407407407,0.0,0.0,0.0,0.0,1.0,2.0,12.0,1.0,0.0,0.4166666666666667,0.75,0.0,0.0,0.0,1.0,3.0,3.6619328723735824,0.0,0.0,0.0,0.0,0.0,0.0,0.0,0.0,0.0,0.0,0.0,0.0,0.0
bankicici.wuaze.com,Phishing,mock_Mock_Data_01_08_2025.xlsx,19.0,0.0,0.10526315789473684,0.0,0.0,0.0,0.0,1.0,2.0,9.0,1.0,0.0,0.5555555555555556,0.6666666666666666,0.0,0.0,0.0,1.0,3.0,3.5368867237421666,0.0,0.0,0.0,0.0,0.0,0.0,0.0,0.0,0.0,0.0,0.0,0.0,0.0
blicicil.app,Phishing,mock_Mock_Data_01_08_2025.xlsx,12.0,0.0,0.08333333333333333,0.0,0.0,0.0,0.0,0.0,1.0,12.0,0.0,0.0,0.4166666666666667,0.6,0.0,0.0,0.0,0.0,3.0,2.688721875540867,0.0,0.0,0.0,0.0,0.0,0.0,0.0,0.0,0.0,0.0,0.0,0.0,0.0
yurticicicekcilik.online,Phishing,mock_Mock_Data_01_08_2025.xlsx,24.0,0.0,0.041666666666666664,0.0,0.0,0.0,0.0,0.0,1.0,24.0,0.0,1.0,0.20833333333333334,0.3333333333333333,0.0,0.0,0.0,0.0,6.0,3.2720552088742,0.0,0.0,0.0,0.0,0.0,0.0,0.0,0.0,0.0,0.0,0.0,0.0,0.0
drvelicicimen.com,Phishing,mock_Mock_Data_01_08_2025.xlsx,17.0,0.0,0.058823529411764705,0.0,0.0,0.0,0.0,0.0,1.0,17.0,0.0,0.0,0.29411764705882354,0.6666666666666666,0.0,0.0,0.0,1.0,3.0,3.2927701939369904,0.0,0.0,0.0,0.0,0.0,0.0,0.0,0.0,0.0,0.0,0.0,0.0,0.0
argold-icici.aerele.in,Phishing,mock_Mock_Data_01_08_2025.xlsx,22.0,0.0,0.09090909090909091,1.0,0.045454545454545456,0.0,0.0,1.0,2.0,9.0,1.0,0.0,0.5555555555555556,0.5,0.0,0.0,0.0,0.0,2.0,3.4251185503571393,0.0,0.0,0.0,0.0,0.0,0.0,0.0,0.0,0.0,0.0,0.0,0.0,0.0
icicibudgeting.magitt.com,Phishing,mock_Mock_Data_01_08_2025.xlsx,25.0,0.0,0.08,0.0,0.0,0.0,0.0,1.0,2.0,10.0,1.0,0.0,0.5,0.6666666666666666,0.0,0.0,0.0,1.0,3.0,3.4488840705376353,0.0,0.0,0.0,0.0,0.0,0.0,0.0,0.0,0.0,0.0,0.0,0.0,0.0
nesibebiciciart.com,Phishing,mock_Mock_Data_01_08_2025.xlsx,19.0,0.0,0.05263157894736842,0.0,0.0,0.0,0.0,0.0,1.0,19.0,0.0,0.0,0.2631578947368421,0.6666666666666666,0.0,0.0,0.0,1.0,3.0,3.366091329119192,0.0,0.0,0.0,0.0,0.0,0.0,0.0,0.0,0.0,0.0,0.0,0.0,0.0
icici-lombardhelpdocs.cogdam.com,Phishing,mock_Mock_Data_01_08_2025.xlsx,32.0,0.0,0.0625,1.0,0.03125,0.0,0.0,1.0,2.0,10.0,1.0,0.0,0.5,0.6,0.0,0.0,0.0,1.0,3.0,3.7539280318460246,0.0,0.0,0.0,0.0,0.0,0.0,0.0,0.0,0.0,0.0,0.0,0.0,0.0
yurticicicekcilik.com,Phishing,mock_Mock_Data_01_08_2025.xlsx,21.0,0.0,0.047619047619047616,0.0,0.0,0.0,0.0,0.0,1.0,21.0,0.0,0.0,0.23809523809523808,0.6666666666666666,0.0,0.0,0.0,1.0,3.0,3.1913992823562065,0.0,0.0,0.0,0.0,0.0,0.0,0.0,0.0,0.0,0.0,0.0,0.0,0.0
icbank.cc,Phishing,mock_Mock_Data_01_08_2025.xlsx,9.0,0.0,0.1111111111111111,0.0,0.0,0.0,0.0,0.0,0.0,9.0,0.0,0.0,0.0,0.3333333333333333,0.0,0.0,0.0,0.0,2.0,2.6416041678685933,0.0,0.0,0.0,0.0,0.0,0.0,0.0,0.0,0.0,0.0,0.0,0.0,0.0
themusicicityaccball.org,Phishing,mock_Mock_Data_01_08_2025.xlsx,24.0,0.0,0.041666666666666664,0.0,0.0,0.0,0.0,0.0,1.0,24.0,0.0,0.0,0.20833333333333334,0.75,0.0,0.0,0.0,1.0,3.0,3.8035088547976788,0.0,0.0,0.0,0.0,0.0,0.0,0.0,0.0,0.0,0.0,0.0,0.0,0.0
ww01.cidibank.com,Phishing,mock_Mock_Data_01_08_2025.xlsx,17.0,0.11764705882352941,0.11764705882352941,0.0,0.0,0.0,0.0,1.0,0.0,12.0,0.0,0.0,0.0,0.2222222222222222,0.0,0.0,0.0,1.0,3.0,3.6168746059562227,0.0,0.0,0.0,0.0,0.0,0.0,0.0,0.0,0.0,0.0,0.0,0.0,0.0
uaticici.aalroot.com,Phishing,mock_Mock_Data_01_08_2025.xlsx,20.0,0.0,0.1,0.0,0.0,0.0,0.0,1.0,2.0,11.0,1.0,0.0,0.45454545454545453,0.6,0.0,0.0,0.0,1.0,3.0,3.170950594454669,0.0,0.0,0.0,0.0,0.0,0.0,0.0,0.0,0.0,0.0,0.0,0.0,0.0
umanerficicin.tk,Phishing,mock_Mock_Data_01_08_2025.xlsx,16.0,0.0,0.0625,0.0,0.0,0.0,0.0,0.0,1.0,16.0,0.0,1.0,0.3125,99.0,0.0,0.0,0.0,0.0,2.0,3.452819531114783,0.0,0.0,0.0,0.0,0.0,0.0,0.0,0.0,0.0,0.0,0.0,0.0,0.0
dicici.net,Phishing,mock_Mock_Data_01_08_2025.xlsx,10.0,0.0,0.1,0.0,0.0,0.0,0.0,0.0,1.0,10.0,0.0,0.0,0.5,0.2,0.0,0.0,0.0,1.0,3.0,2.6464393446710153,0.0,0.0,0.0,0.0,0.0,0.0,0.0,0.0,0.0,0.0,0.0,0.0,0.0
cicici.vip,Phishing,mock_Mock_Data_01_08_2025.xlsx,10.0,0.0,0.1,0.0,0.0,0.0,0.0,0.0,1.0,10.0,0.0,0.0,0.5,0.2,0.0,0.0,0.0,0.0,3.0,2.046439344671015,0.0,0.0,0.0,0.0,0.0,0.0,0.0,0.0,0.0,0.0,0.0,0.0,0.0
ccbank.online,Phishing,mock_Mock_Data_01_08_2025.xlsx,13.0,0.0,0.07692307692307693,0.0,0.0,0.0,0.0,0.0,0.0,13.0,0.0,1.0,0.0,0.3333333333333333,0.0,0.0,0.0,0.0,6.0,3.180832987205441,0.0,0.0,0.0,0.0,0.0,0.0,0.0,0.0,0.0,0.0,0.0,0.0,0.0
vaicicigroup.net,Phishing,mock_Mock_Data_01_08_2025.xlsx,16.0,0.0,0.0625,0.0,0.0,0.0,0.0,0.0,1.0,16.0,0.0,0.0,0.3125,0.6666666666666666,0.0,0.0,0.0,1.0,3.0,3.577819531114783,0.0,0.0,0.0,0.0,0.0,0.0,0.0,0.0,0.0,0.0,0.0,0.0,0.0
centriacusticicisento.it,Phishing,mock_Mock_Data_01_08_2025.xlsx,24.0,0.0,0.041666666666666664,0.0,0.0,0.0,0.0,0.0,1.0,24.0,0.0,0.0,0.20833333333333334,99.0,0.0,0.0,0.0,0.0,2.0,3.184560814286289,0.0,0.0,0.0,0.0,0.0,0.0,0.0,0.0,0.0,0.0,0.0,0.0,0.0
dev-icici.pantheonsite.io,Phishing,mock_Mock_Data_01_08_2025.xlsx,25.0,0.0,0.08,1.0,0.04,0.0,0.0,1.0,2.0,15.0,1.0,0.0,0.3333333333333333,0.6,0.0,0.0,0.0,0.0,2.0,3.5892750707107126,0.0,0.0,0.0,0.0,0.0,0.0,0.0,0.0,0.0,0.0,0.0,0.0,0.0
infinity.icicibank.com.mcas.ms,Phishing,mock_Mock_Data_01_08_2025.xlsx,30.0,0.0,0.13333333333333333,0.0,0.0,0.0,0.0,3.0,2.0,7.0,1.0,0.0,0.7142857142857143,0.6666666666666666,0.0,0.0,0.0,0.0,2.0,3.4062389286533894,0.0,0.0,0.0,0.0,0.0,0.0,0.0,0.0,0.0,0.0,0.0,0.0,0.0
biciciotomotivkonya.com,Phishing,mock_Mock_Data_01_08_2025.xlsx,23.0,0.0,0.043478260869565216,0.0,0.0,0.0,0.0,0.0,1.0,23.0,0.0,0.0,0.21739130434782608,0.6666666666666666,0.0,0.0,0.0,1.0,3.0,3.290321609248305,0.0,0.0,0.0,0.0,0.0,0.0,0.0,0.0,0.0,0.0,0.0,0.0,0.0
icici.creditmonitor.info,Phishing,mock_Mock_Data_01_08_2025.xlsx,24.0,0.0,0.08333333333333333,0.0,0.0,0.0,0.0,1.0,2.0,18.0,1.0,1.0,0.2777777777777778,0.6,0.0,0.0,0.0,0.0,4.0,3.209147917027245,0.0,0.0,0.0,0.0,0.0,0.0,0.0,0.0,0.0,0.0,0.0,0.0,0.0
icici.bank.co.in,Phishing,mock_Mock_Data_01_08_2025.xlsx,16.0,0.0,0.1875,0.0,0.0,0.0,0.0,2.0,2.0,5.0,1.0,0.0,1.0,0.6,0.0,0.0,0.0,0.0,2.0,2.7806390622295662,0.0,0.0,0.0,0.0,0.0,0.0,0.0,0.0,0.0,0.0,0.0,0.0,0.0
ricici.com,Phishing,mock_Mock_Data_01_08_2025.xlsx,10.0,0.0,0.1,0.0,0.0,0.0,0.0,0.0,1.0,10.0,0.0,0.0,0.5,0.2,0.0,0.0,0.0,1.0,3.0,2.3709505944546683,0.0,0.0,0.0,0.0,0.0,0.0,0.0,0.0,0.0,0.0,0.0,0.0,0.0
janicici.com,Phishing,mock_Mock_Data_01_08_2025.xlsx,12.0,0.0,0.08333333333333333,0.0,0.0,0.0,0.0,0.0,1.0,12.0,0.0,0.0,0.25,0.6,0.0,0.0,0.0,1.0,3.0,2.792481250360578,0.0,0.0,0.0,0.0,0.0,0.0,0.0,0.0,0.0,0.0,0.0,0.0,0.0
dodicicilindri.com,Phishing,mock_Mock_Data_01_08_2025.xlsx,18.0,0.0,0.05555555555555555,0.0,0.0,0.0,0.0,0.0,1.0,18.0,0.0,0.0,0.2777777777777778,0.6666666666666666,0.0,0.0,0.0,1.0,3.0,2.8855130303998817,0.0,0.0,0.0,0.0,0.0,0.0,0.0,0.0,0.0,0.0,0.0,0.0,0.0
idicicihe.shop,Phishing,mock_Mock_Data_01_08_2025.xlsx,14.0,0.0,0.07142857142857142,0.0,0.0,0.0,0.0,0.0,1.0,14.0,0.0,1.0,0.35714285714285715,1.0,0.0,0.0,0.0,0.0,4.0,2.950212064914747,0.0,0.0,0.0,0.0,0.0,0.0,0.0,0.0,0.0,0.0,0.0,0.0,0.0
jidicicicixidiiddi.one,Phishing,mock_Mock_Data_01_08_2025.xlsx,22.0,0.0,0.045454545454545456,0.0,0.0,0.0,0.0,0.0,1.0,22.0,0.0,0.0,0.22727272727272727,0.6666666666666666,0.0,0.0,0.0,0.0,3.0,2.5828765043125568,0.0,0.0,0.0,0.0,0.0,0.0,0.0,0.0,0.0,0.0,0.0,0.0,0.0
quizsilver.com,Phishing,mock_Mock_Data_01_08_2025.xlsx,14.0,0.0,0.07142857142857142,0.0,0.0,0.0,0.0,0.0,0.0,14.0,0.0,0.0,0.0,0.6666666666666666,0.0,0.0,0.0,1.0,3.0,3.6644977792004623,0.0,0.0,0.0,0.0,0.0,0.0,0.0,0.0,0.0,0.0,0.0,0.0,0.0
uicicifmre.ewefvo.homes,Phishing,mock_Mock_Data_01_08_2025.xlsx,23.0,0.0,0.08695652173913043,0.0,0.0,0.0,0.0,1.0,2.0,12.0,1.0,0.0,0.4166666666666667,99.0,0.0,0.0,0.0,0.0,5.0,3.5342190211803413,0.0,0.0,0.0,0.0,0.0,0.0,0.0,0.0,0.0,0.0,0.0,0.0,0.0
icici.sworks.co.in,Phishing,mock_Mock_Data_01_08_2025.xlsx,18.0,0.0,0.16666666666666666,0.0,0.0,0.0,0.0,2.0,2.0,5.0,1.0,0.0,1.0,0.6,0.0,0.0,0.0,0.0,2.0,2.974937501201927,0.0,0.0,0.0,0.0,0.0,0.0,0.0,0.0,0.0,0.0,0.0,0.0,0.0
weicicizhuan.com,Phishing,mock_Mock_Data_01_08_2025.xlsx,16.0,0.0,0.0625,0.0,0.0,0.0,0.0,0.0,1.0,16.0,0.0,0.0,0.3125,0.6666666666666666,0.0,0.0,0.0,1.0,3.0,3.4056390622295662,0.0,0.0,0.0,0.0,0.0,0.0,0.0,0.0,0.0,0.0,0.0,0.0,0.0
pipicici.com,Phishing,mock_Mock_Data_01_08_2025.xlsx,12.0,0.0,0.08333333333333333,0.0,0.0,0.0,0.0,0.0,1.0,12.0,0.0,0.0,0.4166666666666667,0.6,0.0,0.0,0.0,1.0,3.0,2.355388542207534,0.0,0.0,0.0,0.0,0.0,0.0,0.0,0.0,0.0,0.0,0.0,0.0,0.0
oembrand.com,Phishing,mock_Mock_Data_01_08_2025.xlsx,12.0,0.0,0.08333333333333333,0.0,0.0,0.0,0.0,0.0,0.0,12.0,0.0,0.0,0.0,0.6666666666666666,0.0,0.0,0.0,1.0,3.0,3.2516291673878226,0.0,0.0,0.0,0.0,0.0,0.0,0.0,0.0,0.0,0.0,0.0,0.0,0.0
icicis.cis.asu.edu.eg,Phishing,mock_Mock_Data_01_08_2025.xlsx,21.0,0.0,0.19047619047619047,0.0,0.0,0.0,0.0,3.0,2.0,6.0,1.0,0.0,0.8333333333333334,0.2,0.0,0.0,0.0,0.0,2.0,2.9870900416203345,0.0,0.0,0.0,0.0,0.0,0.0,0.0,0.0,0.0,0.0,0.0,0.0,0.0
dicicilaja.info,Phishing,mock_Mock_Data_01_08_2025.xlsx,15.0,0.0,0.06666666666666667,0.0,0.0,0.0,0.0,0.0,1.0,15.0,0.0,1.0,0.3333333333333333,0.75,0.0,0.0,0.0,0.0,4.0,3.106890595608519,0.0,0.0,0.0,0.0,0.0,0.0,0.0,0.0,0.0,0.0,0.0,0.0,0.0
cicici.altervista.org,Phishing,mock_Mock_Data_01_08_2025.xlsx,21.0,0.0,0.09523809523809523,0.0,0.0,0.0,0.0,1.0,2.0,14.0,1.0,0.0,0.35714285714285715,0.2,0.0,0.0,0.0,1.0,3.0,3.4039894464852614,0.0,0.0,0.0,0.0,0.0,0.0,0.0,0.0,0.0,0.0,0.0,0.0,0.0
mimicici-qc.direct.quickconnect.to,Phishing,mock_Mock_Data_01_08_2025.xlsx,34.0,0.0,0.08823529411764706,1.0,0.029411764705882353,0.0,0.0,2.0,2.0,15.0,1.0,0.0,0.3333333333333333,0.6,0.0,0.0,0.0,0.0,2.0,3.4794912393957187,0.0,0.0,0.0,0.0,0.0,0.0,0.0,0.0,0.0,0.0,0.0,0.0,0.0
lvicicira.shop,Phishing,mock_Mock_Data_01_08_2025.xlsx,14.0,0.0,0.07142857142857142,0.0,0.0,0.0,0.0,0.0,1.0,14.0,0.0,1.0,0.35714285714285715,1.0,0.0,0.0,0.0,0.0,4.0,3.3248629576173574,0.0,0.0,0.0,0.0,0.0,0.0,0.0,0.0,0.0,0.0,0.0,0.0,0.0
shicici.com,Phishing,mock_Mock_Data_01_08_2025.xlsx,11.0,0.0,0.09090909090909091,0.0,0.0,0.0,0.0,0.0,1.0,11.0,0.0,0.0,0.45454545454545453,0.4,0.0,0.0,0.0,1.0,3.0,2.5949066182439395,0.0,0.0,0.0,0.0,0.0,0.0,0.0,0.0,0.0,0.0,0.0,0.0,0.0
bodhicici.com,Phishing,mock_Mock_Data_01_08_2025.xlsx,13.0,0.0,0.07692307692307693,0.0,0.0,0.0,0.0,0.0,1.0,13.0,0.0,0.0,0.38461538461538464,0.6666666666666666,0.0,0.0,0.0,1.0,3.0,2.8150724101159437,0.0,0.0,0.0,0.0,0.0,0.0,0.0,0.0,0.0,0.0,0.0,0.0,0.0
aicicill.com,Phishing,mock_Mock_Data_01_08_2025.xlsx,12.0,0.0,0.08333333333333333,0.0,0.0,0.0,0.0,0.0,1.0,12.0,0.0,0.0,0.4166666666666667,0.6,0.0,0.0,0.0,1.0,3.0,2.6258145836939115,0.0,0.0,0.0,0.0,0.0,0.0,0.0,0.0,0.0,0.0,0.0,0.0,0.0
xicici.cn,Phishing,mock_Mock_Data_01_08_2025.xlsx,9.0,0.0,0.1111111111111111,0.0,0.0,0.0,0.0,0.0,1.0,9.0,0.0,1.0,0.5555555555555556,0.2,0.0,0.0,0.0,0.0,2.0,2.113283334294875,0.0,0.0,0.0,0.0,0.0,0.0,0.0,0.0,0.0,0.0,0.0,0.0,0.0
klicici.com,Phishing,mock_Mock_Data_01_08_2025.xlsx,11.0,0.0,0.09090909090909091,0.0,0.0,0.0,0.0,0.0,1.0,11.0,0.0,0.0,0.45454545454545453,0.4,0.0,0.0,0.0,1.0,3.0,2.59490661824394,0.0,0.0,0.0,0.0,0.0,0.0,0.0,0.0,0.0,0.0,0.0,0.0,0.0
bicicihukuk.com,Phishing,mock_Mock_Data_01_08_2025.xlsx,15.0,0.0,0.06666666666666667,0.0,0.0,0.0,0.0,0.0,1.0,15.0,0.0,0.0,0.3333333333333333,0.6666666666666666,0.0,0.0,0.0,1.0,3.0,3.0062389286533895,0.0,0.0,0.0,0.0,0.0,0.0,0.0,0.0,0.0,0.0,0.0,0.0,0.0
eticicibebe.com,Phishing,mock_Mock_Data_01_08_2025.xlsx,15.0,0.0,0.06666666666666667,0.0,0.0,0.0,0.0,0.0,1.0,15.0,0.0,0.0,0.3333333333333333,0.6666666666666666,0.0,0.0,0.0,1.0,3.0,2.8225797618424915,0.0,0.0,0.0,0.0,0.0,0.0,0.0,0.0,0.0,0.0,0.0,0.0,0.0
cicicil.sbs,Phishing,mock_Mock_Data_01_08_2025.xlsx,11.0,0.0,0.09090909090909091,0.0,0.0,0.0,0.0,0.0,1.0,11.0,0.0,1.0,0.45454545454545453,0.3333333333333333,0.0,0.0,0.0,0.0,3.0,2.4130884364257574,0.0,0.0,0.0,0.0,0.0,0.0,0.0,0.0,0.0,0.0,0.0,0.0,0.0
iciciyvao.shop,Phishing,mock_Mock_Data_01_08_2025.xlsx,14.0,0.0,0.07142857142857142,0.0,0.0,0.0,0.0,0.0,1.0,14.0,0.0,1.0,0.35714285714285715,1.0,0.0,0.0,0.0,0.0,4.0,3.182005814760214,0.0,0.0,0.0,0.0,0.0,0.0,0.0,0.0,0.0,0.0,0.0,0.0,0.0
mybicici.com,Phishing,mock_Mock_Data_01_08_2025.xlsx,12.0,0.0,0.08333333333333333,0.0,0.0,0.0,0.0,0.0,1.0,12.0,0.0,0.0,0.4166666666666667,0.6,0.0,0.0,0.0,1.0,3.0,2.6258145836939115,0.0,0.0,0.0,0.0,0.0,0.0,0.0,0.0,0.0,0.0,0.0,0.0,0.0
apartmenticici.com,Phishing,mock_Mock_Data_01_08_2025.xlsx,18.0,0.0,0.05555555555555555,0.0,0.0,0.0,0.0,0.0,1.0,18.0,0.0,0.0,0.2777777777777778,0.6666666666666666,0.0,0.0,0.0,1.0,3.0,3.30827083453526,0.0,0.0,0.0,0.0,0.0,0.0,0.0,0.0,0.0,0.0,0.0,0.0,0.0
leoagarbatti.icicirud.com,Phishing,mock_Mock_Data_01_08_2025.xlsx,25.0,0.0,0.08,0.0,0.0,0.0,0.0,1.0,1.0,12.0,0.0,0.0,0.4166666666666667,0.6,0.0,0.0,0.0,1.0,3.0,3.6234651896016463,0.0,0.0,0.0,0.0,0.0,0.0,0.0,0.0,0.0,0.0,0.0,0.0,0.0
micicipi.ruk.eug.store.mx0.edushophk.com,Phishing,mock_Mock_Data_01_08_2025.xlsx,40.0,0.025,0.15,0.0,0.0,0.0,0.0,5.0,2.0,13.0,1.0,0.0,0.38461538461538464,0.6,0.0,0.0,0.0,1.0,3.0,3.8898227820087543,0.0,0.0,0.0,0.0,0.0,0.0,0.0,0.0,0.0,0.0,0.0,0.0,0.0
ficicioglu.de,Phishing,mock_Mock_Data_01_08_2025.xlsx,13.0,0.0,0.07692307692307693,0.0,0.0,0.0,0.0,0.0,1.0,13.0,0.0,0.0,0.38461538461538464,99.0,0.0,0.0,0.0,0.0,2.0,3.180832987205441,0.0,0.0,0.0,0.0,0.0,0.0,0.0,0.0,0.0,0.0,0.0,0.0,0.0
denicici.direct.quickconnect.to,Phishing,mock_Mock_Data_01_08_2025.xlsx,31.0,0.0,0.0967741935483871,0.0,0.0,0.0,0.0,2.0,2.0,15.0,1.0,0.0,0.2,0.6,0.0,0.0,0.0,0.0,2.0,3.3368103269217904,0.0,0.0,0.0,0.0,0.0,0.0,0.0,0.0,0.0,0.0,0.0,0.0,0.0
dramaiciciari.com,Phishing,mock_Mock_Data_01_08_2025.xlsx,17.0,0.0,0.058823529411764705,0.0,0.0,0.0,0.0,0.0,1.0,17.0,0.0,0.0,0.29411764705882354,0.6666666666666666,0.0,0.0,0.0,1.0,3.0,2.8221819586428727,0.0,0.0,0.0,0.0,0.0,0.0,0.0,0.0,0.0,0.0,0.0,0.0,0.0
credit-auto-bicici.com,Phishing,mock_Mock_Data_01_08_2025.xlsx,22.0,0.0,0.045454545454545456,2.0,0.09090909090909091,0.0,0.0,0.0,1.0,22.0,0.0,0.0,0.22727272727272727,0.2,0.0,0.0,0.0,1.0,3.0,3.4594316186372964,0.0,0.0,0.0,0.0,0.0,0.0,0.0,0.0,0.0,0.0,0.0,0.0,0.0
lokvicici.iptvsmart.eu,Phishing,mock_Mock_Data_01_08_2025.xlsx,22.0,0.0,0.09090909090909091,0.0,0.0,0.0,0.0,1.0,2.0,12.0,1.0,0.0,0.4166666666666667,99.0,0.0,0.0,0.0,0.0,2.0,3.7321588913645685,0.0,0.0,0.0,0.0,0.0,0.0,0.0,0.0,0.0,0.0,0.0,0.0,0.0
micicipi.top,Phishing,mock_Mock_Data_01_08_2025.xlsx,12.0,0.0,0.08333333333333333,0.0,0.0,0.0,0.0,0.0,1.0,12.0,0.0,1.0,0.4166666666666667,0.6,0.0,0.0,0.0,0.0,3.0,2.584962500721156,0.0,0.0,0.0,0.0,0.0,0.0,0.0,0.0,0.0,0.0,0.0,0.0,0.0
de.xixizizicici.store,Phishing,mock_Mock_Data_01_08_2025.xlsx,21.0,0.0,0.09523809523809523,0.0,0.0,0.0,0.0,1.0,1.0,18.0,0.0,0.0,0.2777777777777778,99.0,0.0,0.0,0.0,0.0,5.0,3.177566232096525,0.0,0.0,0.0,0.0,0.0,0.0,0.0,0.0,0.0,0.0,0.0,0.0,0.0
chickibank.au,Phishing,mock_Mock_Data_01_08_2025.xlsx,13.0,0.0,0.07692307692307693,0.0,0.0,0.0,0.0,0.0,0.0,13.0,0.0,0.0,0.0,0.3333333333333333,0.0,0.0,0.0,0.0,2.0,3.085055102756477,0.0,0.0,0.0,0.0,0.0,0.0,0.0,0.0,0.0,0.0,0.0,0.0,0.0
democraticicivici.it,Phishing,mock_Mock_Data_01_08_2025.xlsx,20.0,0.0,0.05,0.0,0.0,0.0,0.0,0.0,1.0,20.0,0.0,0.0,0.25,99.0,0.0,0.0,0.0,0.0,2.0,3.0464393446710156,0.0,0.0,0.0,0.0,0.0,0.0,0.0,0.0,0.0,0.0,0.0,0.0,0.0
nam.simntit.nicici.adata.in,Phishing,mock_Mock_Data_01_08_2025.xlsx,27.0,0.0,0.14814814814814814,0.0,0.0,0.0,0.0,3.0,2.0,8.0,1.0,0.0,0.375,0.2,0.0,0.0,0.0,0.0,2.0,2.9673074093304903,0.0,0.0,0.0,0.0,0.0,0.0,0.0,0.0,0.0,0.0,0.0,0.0,0.0
polatbicici.com,Phishing,mock_Mock_Data_01_08_2025.xlsx,15.0,0.0,0.06666666666666667,0.0,0.0,0.0,0.0,0.0,1.0,15.0,0.0,0.0,0.3333333333333333,0.6666666666666666,0.0,0.0,0.0,1.0,3.0,3.139572261986723,0.0,0.0,0.0,0.0,0.0,0.0,0.0,0.0,0.0,0.0,0.0,0.0,0.0
polatbicici.online,Phishing,mock_Mock_Data_01_08_2025.xlsx,18.0,0.0,0.05555555555555555,0.0,0.0,0.0,0.0,0.0,1.0,18.0,0.0,1.0,0.2777777777777778,0.3333333333333333,0.0,0.0,0.0,0.0,6.0,3.281036112553423,0.0,0.0,0.0,0.0,0.0,0.0,0.0,0.0,0.0,0.0,0.0,0.0,0.0
polatbicici.xyz,Phishing,mock_Mock_Data_01_08_2025.xlsx,15.0,0.0,0.06666666666666667,0.0,0.0,0.0,0.0,0.0,1.0,15.0,0.0,1.0,0.3333333333333333,1.0,0.0,0.0,0.0,0.0,3.0,3.4565647621309536,0.0,0.0,0.0,0.0,0.0,0.0,0.0,0.0,0.0,0.0,0.0,0.0,0.0
kwikid.kyc.priv.icici.getkwikid.com,Phishing,mock_Mock_Data_01_08_2025.xlsx,35.0,0.0,0.14285714285714285,0.0,0.0,0.0,0.0,4.0,2.0,13.0,1.0,0.0,0.38461538461538464,0.6,0.0,0.0,0.0,1.0,3.0,3.437303561262862,0.0,0.0,0.0,0.0,0.0,0.0,0.0,0.0,0.0,0.0,0.0,0.0,0.0
ycfguneskiricicit.com,Phishing,mock_Mock_Data_01_08_2025.xlsx,21.0,0.0,0.047619047619047616,0.0,0.0,0.0,0.0,0.0,1.0,21.0,0.0,0.0,0.23809523809523808,0.6666666666666666,0.0,0.0,0.0,1.0,3.0,3.630412660873998,0.0,0.0,0.0,0.0,0.0,0.0,0.0,0.0,0.0,0.0,0.0,0.0,0.0
cicicici.direct.quickconnect.to,Phishing,mock_Mock_Data_01_08_2025.xlsx,31.0,0.0,0.0967741935483871,0.0,0.0,0.0,0.0,2.0,2.0,15.0,1.0,0.0,0.3333333333333333,0.6,0.0,0.0,0.0,0.0,2.0,3.1793721165593305,0.0,0.0,0.0,0.0,0.0,0.0,0.0,0.0,0.0,0.0,0.0,0.0,0.0
bicici.croatia.topdestination.it,Phishing,mock_Mock_Data_01_08_2025.xlsx,32.0,0.0,0.09375,0.0,0.0,0.0,0.0,2.0,2.0,17.0,1.0,0.0,0.29411764705882354,0.2,0.0,0.0,0.0,0.0,2.0,3.366228908203315,0.0,0.0,0.0,0.0,0.0,0.0,0.0,0.0,0.0,0.0,0.0,0.0,0.0
icicrts.in,Phishing,mock_Mock_Data_01_08_2025.xlsx,10.0,0.0,0.1,0.0,0.0,0.0,0.0,0.0,0.0,10.0,0.0,0.0,0.0,0.6,0.0,0.0,0.0,0.0,2.0,2.6464393446710153,0.0,0.0,0.0,0.0,0.0,0.0,0.0,0.0,0.0,0.0,0.0,0.0,0.0
geciktiricici.palgat.com,Phishing,mock_Mock_Data_01_08_2025.xlsx,24.0,0.0,0.08333333333333333,0.0,0.0,0.0,0.0,1.0,2.0,10.0,1.0,0.0,0.5,0.6666666666666666,0.0,0.0,0.0,1.0,3.0,3.4345608142862893,0.0,0.0,0.0,0.0,0.0,0.0,0.0,0.0,0.0,0.0,0.0,0.0,0.0
daodaocicicishang2866.top,Phishing,mock_Mock_Data_01_08_2025.xlsx,25.0,0.16,0.04,0.0,0.0,0.0,0.0,0.0,1.0,25.0,0.0,1.0,0.2,0.6666666666666666,0.0,0.0,0.0,0.0,3.0,3.7230741894285693,0.0,0.0,0.0,0.0,0.0,0.0,0.0,0.0,0.0,0.0,0.0,0.0,0.0
gameicicie.com,Phishing,mock_Mock_Data_01_08_2025.xlsx,14.0,0.0,0.07142857142857142,0.0,0.0,0.0,0.0,0.0,1.0,14.0,0.0,0.0,0.35714285714285715,0.6666666666666666,0.0,0.0,0.0,1.0,3.0,2.8423709931771084,0.0,0.0,0.0,0.0,0.0,0.0,0.0,0.0,0.0,0.0,0.0,0.0,0.0
iddia-bicici-be.arolitec.com,Phishing,mock_Mock_Data_01_08_2025.xlsx,28.0,0.0,0.07142857142857142,2.0,0.07142857142857142,0.0,0.0,1.0,2.0,12.0,1.0,0.0,0.4166666666666667,0.2,0.0,0.0,0.0,1.0,3.0,3.4677201004744993,0.0,0.0,0.0,0.0,0.0,0.0,0.0,0.0,0.0,0.0,0.0,0.0,0.0
wicicio1.pro,Phishing,mock_Mock_Data_01_08_2025.xlsx,12.0,0.08333333333333333,0.08333333333333333,0.0,0.0,0.0,0.0,0.0,1.0,12.0,0.0,0.0,0.4166666666666667,0.6,0.0,0.0,0.0,0.0,3.0,2.8553885422075336,0.0,0.0,0.0,0.0,0.0,0.0,0.0,0.0,0.0,0.0,0.0,0.0,0.0
icbcbank.ru,Phishing,mock_Mock_Data_01_08_2025.xlsx,11.0,0.0,0.09090909090909091,0.0,0.0,0.0,0.0,0.0,0.0,11.0,0.0,0.0,0.0,0.2222222222222222,0.0,0.0,0.0,0.0,2.0,3.095795255000934,0.0,0.0,0.0,0.0,0.0,0.0,0.0,0.0,0.0,0.0,0.0,0.0,0.0
cacibank.com,Phishing,mock_Mock_Data_01_08_2025.xlsx,12.0,0.0,0.08333333333333333,0.0,0.0,0.0,0.0,0.0,0.0,12.0,0.0,0.0,0.0,0.2222222222222222,0.0,0.0,0.0,1.0,3.0,3.0220552088742005,0.0,0.0,0.0,0.0,0.0,0.0,0.0,0.0,0.0,0.0,0.0,0.0,0.0
bicicimum.com.tr,Phishing,mock_Mock_Data_01_08_2025.xlsx,16.0,0.0,0.125,0.0,0.0,0.0,0.0,1.0,2.0,6.0,1.0,0.0,0.8333333333333334,0.6666666666666666,0.0,0.0,0.0,0.0,2.0,2.9834585933443494,0.0,0.0,0.0,0.0,0.0,0.0,0.0,0.0,0.0,0.0,0.0,0.0,0.0
zicicip-157-89.df.gov.br,Phishing,mock_Mock_Data_01_08_2025.xlsx,24.0,0.20833333333333334,0.125,2.0,0.08333333333333333,0.0,0.0,2.0,2.0,6.0,1.0,0.0,0.8333333333333334,0.4,0.0,0.0,0.0,0.0,2.0,4.0220552088742005,0.0,0.0,0.0,0.0,0.0,0.0,0.0,0.0,0.0,0.0,0.0,0.0,0.0
lokvicici.travellove.eu,Phishing,mock_Mock_Data_01_08_2025.xlsx,23.0,0.0,0.08695652173913043,0.0,0.0,0.0,0.0,1.0,2.0,13.0,1.0,0.0,0.38461538461538464,99.0,0.0,0.0,0.0,0.0,2.0,3.4357554339416274,0.0,0.0,0.0,0.0,0.0,0.0,0.0,0.0,0.0,0.0,0.0,0.0,0.0
bicici.croatia.topdestination.de,Phishing,mock_Mock_Data_01_08_2025.xlsx,32.0,0.0,0.09375,0.0,0.0,0.0,0.0,2.0,2.0,17.0,1.0,0.0,0.29411764705882354,0.2,0.0,0.0,0.0,0.0,2.0,3.4834585933443494,0.0,0.0,0.0,0.0,0.0,0.0,0.0,0.0,0.0,0.0,0.0,0.0,0.0
suryaticici32.erwinnila123.my.id,Phishing,mock_Mock_Data_01_08_2025.xlsx,32.0,0.15625,0.09375,0.0,0.0,0.0,0.0,2.0,2.0,5.0,1.0,0.0,1.0,99.0,0.0,0.0,0.0,0.0,2.0,3.9292292966721747,0.0,0.0,0.0,0.0,0.0,0.0,0.0,0.0,0.0,0.0,0.0,0.0,0.0
optifiiicicidev.betadelivery.com,Phishing,mock_Mock_Data_01_08_2025.xlsx,32.0,0.0,0.0625,0.0,0.0,0.0,0.0,1.0,2.0,16.0,1.0,0.0,0.3125,0.6666666666666666,0.0,0.0,0.0,1.0,3.0,3.6748008763572906,0.0,0.0,0.0,0.0,0.0,0.0,0.0,0.0,0.0,0.0,0.0,0.0,0.0
kiciciuchy.pl,Phishing,mock_Mock_Data_01_08_2025.xlsx,13.0,0.0,0.07692307692307693,0.0,0.0,0.0,0.0,0.0,1.0,13.0,0.0,0.0,0.38461538461538464,99.0,0.0,0.0,0.0,0.0,2.0,2.9689185639620974,0.0,0.0,0.0,0.0,0.0,0.0,0.0,0.0,0.0,0.0,0.0,0.0,0.0
cibcbank.me,Phishing,mock_Mock_Data_01_08_2025.xlsx,11.0,0.0,0.09090909090909091,0.0,0.0,0.0,0.0,0.0,0.0,11.0,0.0,0.0,0.0,0.3333333333333333,0.0,0.0,0.0,0.0,2.0,3.095795255000934,0.0,0.0,0.0,0.0,0.0,0.0,0.0,0.0,0.0,0.0,0.0,0.0,0.0
icbcbank.top,Phishing,mock_Mock_Data_01_08_2025.xlsx,12.0,0.0,0.08333333333333333,0.0,0.0,0.0,0.0,0.0,0.0,12.0,0.0,1.0,0.0,0.2222222222222222,0.0,0.0,0.0,0.0,3.0,3.2516291673878226,0.0,0.0,0.0,0.0,0.0,0.0,0.0,0.0,0.0,0.0,0.0,0.0,0.0
icicity.com,Phishing,mock_Mock_Data_01_08_2025.xlsx,11.0,0.0,0.09090909090909091,0.0,0.0,0.0,0.0,0.0,1.0,11.0,0.0,0.0,0.45454545454545453,0.4,0.0,0.0,0.0,1.0,3.0,2.5949066182439395,0.0,0.0,0.0,0.0,0.0,0.0,0.0,0.0,0.0,0.0,0.0,0.0,0.0
my.micicipi.ru,Phishing,mock_Mock_Data_01_08_2025.xlsx,14.0,0.0,0.14285714285714285,0.0,0.0,0.0,0.0,1.0,1.0,11.0,0.0,0.0,0.45454545454545453,0.6,0.0,0.0,0.0,0.0,2.0,2.8073549220576046,0.0,0.0,0.0,0.0,0.0,0.0,0.0,0.0,0.0,0.0,0.0,0.0,0.0
ciciciciciic.altervista.org,Phishing,mock_Mock_Data_01_08_2025.xlsx,27.0,0.0,0.07407407407407407,0.0,0.0,0.0,0.0,1.0,2.0,14.0,1.0,0.0,0.35714285714285715,0.75,0.0,0.0,0.0,1.0,3.0,3.156322337025315,0.0,0.0,0.0,0.0,0.0,0.0,0.0,0.0,0.0,0.0,0.0,0.0,0.0
imap.egicici.com,Phishing,mock_Mock_Data_01_08_2025.xlsx,16.0,0.0,0.125,0.0,0.0,0.0,0.0,1.0,1.0,11.0,0.0,0.0,0.45454545454545453,0.4,0.0,0.0,0.0,1.0,3.0,2.952819531114783,0.0,0.0,0.0,0.0,0.0,0.0,0.0,0.0,0.0,0.0,0.0,0.0,0.0
bicicita.bitlen.com,Phishing,mock_Mock_Data_01_08_2025.xlsx,19.0,0.0,0.10526315789473684,0.0,0.0,0.0,0.0,1.0,2.0,10.0,1.0,0.0,0.5,0.6,0.0,0.0,0.0,1.0,3.0,3.2608281712244547,0.0,0.0,0.0,0.0,0.0,0.0,0.0,0.0,0.0,0.0,0.0,0.0,0.0
www.icichfc.com,Phishing,mock_Mock_Data_01_08_2025.xlsx,15.0,0.0,0.13333333333333333,0.0,0.0,0.0,0.0,1.0,0.0,11.0,0.0,0.0,0.0,0.6,0.0,0.0,0.0,1.0,3.0,2.789898095464287,0.0,0.0,0.0,0.0,0.0,0.0,0.0,0.0,0.0,0.0,0.0,0.0,0.0
ww16.pujicicixu.suplikasro.cz,Phishing,mock_Mock_Data_01_08_2025.xlsx,29.0,0.06896551724137931,0.10344827586206896,0.0,0.0,0.0,0.0,2.0,2.0,13.0,1.0,0.0,0.38461538461538464,99.0,0.0,0.0,0.0,0.0,2.0,3.8833374604210067,0.0,0.0,0.0,0.0,0.0,0.0,0.0,0.0,0.0,0.0,0.0,0.0,0.0
labicicicletta.ch,Phishing,mock_Mock_Data_01_08_2025.xlsx,17.0,0.0,0.058823529411764705,0.0,0.0,0.0,0.0,0.0,1.0,17.0,0.0,0.0,0.29411764705882354,99.0,0.0,0.0,0.0,0.0,2.0,2.984234164652489,0.0,0.0,0.0,0.0,0.0,0.0,0.0,0.0,0.0,0.0,0.0,0.0,0.0
articicial-grass.click,Phishing,mock_Mock_Data_01_08_2025.xlsx,22.0,0.0,0.045454545454545456,1.0,0.045454545454545456,0.0,0.0,0.0,1.0,22.0,0.0,1.0,0.22727272727272727,0.6,0.0,0.0,0.0,0.0,5.0,3.2433003685389576,0.0,0.0,0.0,0.0,0.0,0.0,0.0,0.0,0.0,0.0,0.0,0.0,0.0
milicicity.forumh.net,Phishing,mock_Mock_Data_01_08_2025.xlsx,21.0,0.0,0.09523809523809523,0.0,0.0,0.0,0.0,1.0,2.0,10.0,1.0,0.0,0.5,0.6666666666666666,0.0,0.0,0.0,1.0,3.0,3.630412660873998,0.0,0.0,0.0,0.0,0.0,0.0,0.0,0.0,0.0,0.0,0.0,0.0,0.0
icicibankbizcircle.raovat9s.com,Phishing,mock_Mock_Data_01_08_2025.xlsx,31.0,0.03225806451612903,0.06451612903225806,0.0,0.0,0.0,0.0,1.0,2.0,12.0,1.0,0.0,0.4166666666666667,0.6666666666666666,0.0,0.0,0.0,1.0,3.0,3.7937392635792264,0.0,0.0,0.0,0.0,0.0,0.0,0.0,0.0,0.0,0.0,0.0,0.0,0.0
delicici.com,Phishing,mock_Mock_Data_01_08_2025.xlsx,12.0,0.0,0.08333333333333333,0.0,0.0,0.0,0.0,0.0,1.0,12.0,0.0,0.0,0.4166666666666667,0.6,0.0,0.0,0.0,1.0,3.0,2.792481250360578,0.0,0.0,0.0,0.0,0.0,0.0,0.0,0.0,0.0,0.0,0.0,0.0,0.0
epicicious.com,Phishing,mock_Mock_Data_01_08_2025.xlsx,14.0,0.0,0.07142857142857142,0.0,0.0,0.0,0.0,0.0,1.0,14.0,0.0,0.0,0.35714285714285715,0.6666666666666666,0.0,0.0,0.0,1.0,3.0,2.9852281360342516,0.0,0.0,0.0,0.0,0.0,0.0,0.0,0.0,0.0,0.0,0.0,0.0,0.0
closdevicici.crm8.dynaics.com,Phishing,mock_Mock_Data_01_08_2025.xlsx,29.0,0.034482758620689655,0.10344827586206896,0.0,0.0,0.0,0.0,2.0,2.0,11.0,1.0,0.0,0.45454545454545453,0.6666666666666666,0.0,0.0,0.0,1.0,3.0,3.6074753914554893,0.0,0.0,0.0,0.0,0.0,0.0,0.0,0.0,0.0,0.0,0.0,0.0,0.0
icicib.com.mintvalley.com,Phishing,mock_Mock_Data_01_08_2025.xlsx,25.0,0.0,0.12,0.0,0.0,0.0,0.0,2.0,2.0,14.0,1.0,0.0,0.35714285714285715,0.2,0.0,0.0,0.0,1.0,3.0,3.463465189601647,0.0,0.0,0.0,0.0,0.0,0.0,0.0,0.0,0.0,0.0,0.0,0.0,0.0
licici.cn,Phishing,mock_Mock_Data_01_08_2025.xlsx,9.0,0.0,0.1111111111111111,0.0,0.0,0.0,0.0,0.0,1.0,9.0,0.0,1.0,0.5555555555555556,0.2,0.0,0.0,0.0,0.0,2.0,2.113283334294875,0.0,0.0,0.0,0.0,0.0,0.0,0.0,0.0,0.0,0.0,0.0,0.0,0.0
portal.cicidirect.com,Phishing,mock_Mock_Data_01_08_2025.xlsx,21.0,0.0,0.09523809523809523,0.0,0.0,0.0,0.0,1.0,0.0,14.0,0.0,0.0,0.0,0.5,0.0,0.0,0.0,1.0,3.0,3.403989446485261,0.0,0.0,0.0,0.0,0.0,0.0,0.0,0.0,0.0,0.0,0.0,0.0,0.0
icbcbank.com.cn,Phishing,mock_Mock_Data_01_08_2025.xlsx,15.0,0.0,0.13333333333333333,0.0,0.0,0.0,0.0,1.0,0.0,6.0,0.0,1.0,0.0,0.2222222222222222,0.0,0.0,0.0,0.0,2.0,2.973557262275185,0.0,0.0,0.0,0.0,0.0,0.0,0.0,0.0,0.0,0.0,0.0,0.0,0.0
bicicita.greenhub.es,Phishing,mock_Mock_Data_01_08_2025.xlsx,20.0,0.0,0.1,0.0,0.0,0.0,0.0,1.0,2.0,11.0,1.0,0.0,0.45454545454545453,0.6,0.0,0.0,0.0,0.0,2.0,3.5464393446710156,0.0,0.0,0.0,0.0,0.0,0.0,0.0,0.0,0.0,0.0,0.0,0.0,0.0
ilicicimpiesnertz.online,Phishing,mock_Mock_Data_01_08_2025.xlsx,24.0,0.0,0.041666666666666664,0.0,0.0,0.0,0.0,0.0,1.0,24.0,0.0,1.0,0.20833333333333334,0.3333333333333333,0.0,0.0,0.0,0.0,6.0,3.3758145836939115,0.0,0.0,0.0,0.0,0.0,0.0,0.0,0.0,0.0,0.0,0.0,0.0,0.0
ecanivicici.arab-spam.com,Phishing,mock_Mock_Data_01_08_2025.xlsx,25.0,0.0,0.08,1.0,0.04,0.0,0.0,1.0,2.0,13.0,1.0,0.0,0.38461538461538464,0.6666666666666666,0.0,0.0,0.0,1.0,3.0,3.5238561897747243,0.0,0.0,0.0,0.0,0.0,0.0,0.0,0.0,0.0,0.0,0.0,0.0,0.0
mimicici-qc.direct.quickconnect.cn,Phishing,mock_Mock_Data_01_08_2025.xlsx,34.0,0.0,0.08823529411764706,1.0,0.029411764705882353,0.0,0.0,2.0,2.0,15.0,1.0,1.0,0.3333333333333333,0.6,0.0,0.0,0.0,0.0,2.0,3.410417252760519,0.0,0.0,0.0,0.0,0.0,0.0,0.0,0.0,0.0,0.0,0.0,0.0,0.0
la.dicicion.mia.es,Phishing,mock_Mock_Data_01_08_2025.xlsx,18.0,0.0,0.16666666666666666,0.0,0.0,0.0,0.0,2.0,2.0,6.0,1.0,0.0,0.8333333333333334,0.6,0.0,0.0,0.0,0.0,2.0,3.239097917988786,0.0,0.0,0.0,0.0,0.0,0.0,0.0,0.0,0.0,0.0,0.0,0.0,0.0
mengzhicici.5ddd.com,Phishing,mock_Mock_Data_01_08_2025.xlsx,20.0,0.05,0.1,0.0,0.0,0.0,0.0,1.0,2.0,8.0,1.0,0.0,0.625,0.6666666666666666,0.0,0.0,0.0,1.0,3.0,3.4086949695628417,0.0,0.0,0.0,0.0,0.0,0.0,0.0,0.0,0.0,0.0,0.0,0.0,0.0
a.mx.icicibank.in,Phishing,mock_Mock_Data_01_08_2025.xlsx,17.0,0.0,0.17647058823529413,0.0,0.0,0.0,0.0,2.0,1.0,12.0,0.0,0.0,0.4166666666666667,99.0,0.0,0.0,0.0,0.0,2.0,2.984234164652489,0.0,0.0,0.0,0.0,0.0,0.0,0.0,0.0,0.0,0.0,0.0,0.0,0.0
uaticicifadminapi.mgrant.in,Phishing,mock_Mock_Data_01_08_2025.xlsx,27.0,0.0,0.07407407407407407,0.0,0.0,0.0,0.0,1.0,2.0,9.0,1.0,0.0,0.5555555555555556,99.0,0.0,0.0,0.0,0.0,2.0,3.411751853774936,0.0,0.0,0.0,0.0,0.0,0.0,0.0,0.0,0.0,0.0,0.0,0.0,0.0
miglioribicicitta.altervista.org,Phishing,mock_Mock_Data_01_08_2025.xlsx,32.0,0.0,0.0625,0.0,0.0,0.0,0.0,1.0,2.0,14.0,1.0,0.0,0.35714285714285715,0.75,0.0,0.0,0.0,1.0,3.0,3.526210641914682,0.0,0.0,0.0,0.0,0.0,0.0,0.0,0.0,0.0,0.0,0.0,0.0,0.0
caricicijitu.store,Phishing,mock_Mock_Data_01_08_2025.xlsx,18.0,0.0,0.05555555555555555,0.0,0.0,0.0,0.0,0.0,1.0,18.0,0.0,0.0,0.2777777777777778,99.0,0.0,0.0,0.0,0.0,5.0,3.239097917988786,0.0,0.0,0.0,0.0,0.0,0.0,0.0,0.0,0.0,0.0,0.0,0.0,0.0
caricicijitu.xyz,Phishing,mock_Mock_Data_01_08_2025.xlsx,16.0,0.0,0.0625,0.0,0.0,0.0,0.0,0.0,1.0,16.0,0.0,1.0,0.3125,1.0,0.0,0.0,0.0,0.0,3.0,3.202819531114783,0.0,0.0,0.0,0.0,0.0,0.0,0.0,0.0,0.0,0.0,0.0,0.0,0.0
spicicisma.com,Phishing,mock_Mock_Data_01_08_2025.xlsx,14.0,0.0,0.07142857142857142,0.0,0.0,0.0,0.0,0.0,1.0,14.0,0.0,0.0,0.35714285714285715,0.6666666666666666,0.0,0.0,0.0,1.0,3.0,2.8423709931771084,0.0,0.0,0.0,0.0,0.0,0.0,0.0,0.0,0.0,0.0,0.0,0.0,0.0
icici-tourism.com,Phishing,mock_Mock_Data_01_08_2025.xlsx,17.0,0.0,0.058823529411764705,1.0,0.058823529411764705,0.0,0.0,0.0,1.0,17.0,0.0,0.0,0.29411764705882354,0.6,0.0,0.0,0.0,1.0,3.0,3.1018812234760182,0.0,0.0,0.0,0.0,0.0,0.0,0.0,0.0,0.0,0.0,0.0,0.0,0.0
crmapi.icicirise.com,Phishing,mock_Mock_Data_01_08_2025.xlsx,20.0,0.0,0.1,0.0,0.0,0.0,0.0,1.0,1.0,13.0,0.0,0.0,0.38461538461538464,0.6666666666666666,0.0,0.0,0.0,1.0,3.0,3.0414460711655216,0.0,0.0,0.0,0.0,0.0,0.0,0.0,0.0,0.0,0.0,0.0,0.0,0.0
dodicicinque.com,Phishing,mock_Mock_Data_01_08_2025.xlsx,16.0,0.0,0.0625,0.0,0.0,0.0,0.0,0.0,1.0,16.0,0.0,0.0,0.3125,0.6666666666666666,0.0,0.0,0.0,1.0,3.0,3.1556390622295662,0.0,0.0,0.0,0.0,0.0,0.0,0.0,0.0,0.0,0.0,0.0,0.0,0.0
pejuangjpgacor.vip.prediksicici.xyz,Phishing,mock_Mock_Data_01_08_2025.xlsx,35.0,0.0,0.08571428571428572,0.0,0.0,0.0,0.0,2.0,1.0,16.0,0.0,1.0,0.3125,0.6666666666666666,0.0,0.0,0.0,0.0,3.0,4.01158543183743,0.0,0.0,0.0,0.0,0.0,0.0,0.0,0.0,0.0,0.0,0.0,0.0,0.0
icici-ecollect-prod.flamingotravels.co.in,Phishing,mock_Mock_Data_01_08_2025.xlsx,41.0,0.0,0.07317073170731707,2.0,0.04878048780487805,0.0,0.0,2.0,2.0,5.0,1.0,0.0,1.0,0.6,0.0,0.0,0.0,0.0,2.0,3.925136005759534,0.0,0.0,0.0,0.0,0.0,0.0,0.0,0.0,0.0,0.0,0.0,0.0,0.0
lokvicici.hr,Phishing,mock_Mock_Data_01_08_2025.xlsx,12.0,0.0,0.08333333333333333,0.0,0.0,0.0,0.0,0.0,1.0,12.0,0.0,0.0,0.4166666666666667,99.0,0.0,0.0,0.0,0.0,2.0,3.0220552088742,0.0,0.0,0.0,0.0,0.0,0.0,0.0,0.0,0.0,0.0,0.0,0.0,0.0
cicici.ggff.net,Phishing,mock_Mock_Data_01_08_2025.xlsx,15.0,0.0,0.13333333333333333,0.0,0.0,0.0,0.0,1.0,2.0,8.0,1.0,0.0,0.625,0.2,0.0,0.0,0.0,1.0,3.0,2.8729055953200566,0.0,0.0,0.0,0.0,0.0,0.0,0.0,0.0,0.0,0.0,0.0,0.0,0.0
bogazicicimento.com,Phishing,mock_Mock_Data_01_08_2025.xlsx,19.0,0.0,0.05263157894736842,0.0,0.0,0.0,0.0,0.0,1.0,19.0,0.0,0.0,0.2631578947368421,0.6666666666666666,0.0,0.0,0.0,1.0,3.0,3.391892644680932,0.0,0.0,0.0,0.0,0.0,0.0,0.0,0.0,0.0,0.0,0.0,0.0,0.0
plasticicicles.com,Phishing,mock_Mock_Data_01_08_2025.xlsx,18.0,0.0,0.05555555555555555,0.0,0.0,0.0,0.0,0.0,1.0,18.0,0.0,0.0,0.2777777777777778,0.6666666666666666,0.0,0.0,0.0,1.0,3.0,3.239097917988786,0.0,0.0,0.0,0.0,0.0,0.0,0.0,0.0,0.0,0.0,0.0,0.0,0.0
ld-icici.toss4u.com,Phishing,mock_Mock_Data_01_08_2025.xlsx,19.0,0.05263157894736842,0.10526315789473684,1.0,0.05263157894736842,0.0,0.0,1.0,2.0,10.0,1.0,0.0,0.5,0.6,0.0,0.0,0.0,1.0,3.0,3.43162356584743,0.0,0.0,0.0,0.0,0.0,0.0,0.0,0.0,0.0,0.0,0.0,0.0,0.0
ficicilar.com,Phishing,mock_Mock_Data_01_08_2025.xlsx,13.0,0.0,0.07692307692307693,0.0,0.0,0.0,0.0,0.0,1.0,13.0,0.0,0.0,0.38461538461538464,0.6666666666666666,0.0,0.0,0.0,1.0,3.0,2.9689185639620974,0.0,0.0,0.0,0.0,0.0,0.0,0.0,0.0,0.0,0.0,0.0,0.0,0.0
icicipointin.sbs,Phishing,mock_Mock_Data_01_08_2025.xlsx,16.0,0.0,0.0625,0.0,0.0,0.0,0.0,0.0,1.0,16.0,0.0,1.0,0.3125,0.3333333333333333,0.0,0.0,0.0,0.0,3.0,2.899397470347699,0.0,0.0,0.0,0.0,0.0,0.0,0.0,0.0,0.0,0.0,0.0,0.0,0.0
alicici.cn,Phishing,mock_Mock_Data_01_08_2025.xlsx,10.0,0.0,0.1,0.0,0.0,0.0,0.0,0.0,1.0,10.0,0.0,1.0,0.5,0.4,0.0,0.0,0.0,0.0,2.0,2.3709505944546683,0.0,0.0,0.0,0.0,0.0,0.0,0.0,0.0,0.0,0.0,0.0,0.0,0.0
biciciclismo.com,Phishing,mock_Mock_Data_01_08_2025.xlsx,16.0,0.0,0.0625,0.0,0.0,0.0,0.0,0.0,1.0,16.0,0.0,0.0,0.3125,0.6666666666666666,0.0,0.0,0.0,1.0,3.0,2.75,0.0,0.0,0.0,0.0,0.0,0.0,0.0,0.0,0.0,0.0,0.0,0.0,0.0
icicirtgsbcob.bhagyodayabank.com,Phishing,mock_Mock_Data_01_08_2025.xlsx,32.0,0.0,0.0625,0.0,0.0,0.0,0.0,1.0,2.0,18.0,1.0,0.0,0.2777777777777778,0.6666666666666666,0.0,0.0,0.0,1.0,3.0,3.765319531114783,0.0,0.0,0.0,0.0,0.0,0.0,0.0,0.0,0.0,0.0,0.0,0.0,0.0
pinarficici.xyz,Phishing,mock_Mock_Data_01_08_2025.xlsx,15.0,0.0,0.06666666666666667,0.0,0.0,0.0,0.0,0.0,1.0,15.0,0.0,1.0,0.3333333333333333,1.0,0.0,0.0,0.0,0.0,3.0,3.2402239289418517,0.0,0.0,0.0,0.0,0.0,0.0,0.0,0.0,0.0,0.0,0.0,0.0,0.0
iciciapi.lyra-network.in,Phishing,mock_Mock_Data_01_08_2025.xlsx,24.0,0.0,0.08333333333333333,1.0,0.041666666666666664,0.0,0.0,1.0,2.0,15.0,1.0,0.0,0.3333333333333333,0.3333333333333333,0.0,0.0,0.0,0.0,2.0,3.6845608142862893,0.0,0.0,0.0,0.0,0.0,0.0,0.0,0.0,0.0,0.0,0.0,0.0,0.0
pinarficici.com.tr,Phishing,mock_Mock_Data_01_08_2025.xlsx,18.0,0.0,0.1111111111111111,0.0,0.0,0.0,0.0,1.0,2.0,6.0,1.0,0.0,0.8333333333333334,0.6666666666666666,0.0,0.0,0.0,0.0,2.0,3.239097917988786,0.0,0.0,0.0,0.0,0.0,0.0,0.0,0.0,0.0,0.0,0.0,0.0,0.0
chuaicici.cn,Phishing,mock_Mock_Data_01_08_2025.xlsx,12.0,0.0,0.08333333333333333,0.0,0.0,0.0,0.0,0.0,1.0,12.0,0.0,1.0,0.4166666666666667,99.0,0.0,0.0,0.0,0.0,2.0,2.5220552088742005,0.0,0.0,0.0,0.0,0.0,0.0,0.0,0.0,0.0,0.0,0.0,0.0,0.0
bogaziciciftlik.com,Phishing,mock_Mock_Data_01_08_2025.xlsx,19.0,0.0,0.05263157894736842,0.0,0.0,0.0,0.0,0.0,1.0,19.0,0.0,0.0,0.2631578947368421,0.6666666666666666,0.0,0.0,0.0,1.0,3.0,3.4713544870139277,0.0,0.0,0.0,0.0,0.0,0.0,0.0,0.0,0.0,0.0,0.0,0.0,0.0
onicici.info,Phishing,mock_Mock_Data_01_08_2025.xlsx,12.0,0.0,0.08333333333333333,0.0,0.0,0.0,0.0,0.0,1.0,12.0,0.0,1.0,0.25,0.4,0.0,0.0,0.0,0.0,4.0,2.418295834054489,0.0,0.0,0.0,0.0,0.0,0.0,0.0,0.0,0.0,0.0,0.0,0.0,0.0
viveplata.com.huicicilagold.com,Phishing,mock_Mock_Data_01_08_2025.xlsx,31.0,0.0,0.0967741935483871,0.0,0.0,0.0,0.0,2.0,1.0,17.0,0.0,0.0,0.29411764705882354,0.6666666666666666,0.0,0.0,0.0,1.0,3.0,3.695501148817395,0.0,0.0,0.0,0.0,0.0,0.0,0.0,0.0,0.0,0.0,0.0,0.0,0.0
cicicici.synology.me,Phishing,mock_Mock_Data_01_08_2025.xlsx,20.0,0.0,0.1,0.0,0.0,0.0,0.0,1.0,2.0,11.0,1.0,0.0,0.45454545454545453,0.6,0.0,0.0,0.0,0.0,2.0,3.221928094887362,0.0,0.0,0.0,0.0,0.0,0.0,0.0,0.0,0.0,0.0,0.0,0.0,0.0
icicic.carreers.com,Phishing,mock_Mock_Data_01_08_2025.xlsx,19.0,0.0,0.10526315789473684,0.0,0.0,0.0,0.0,1.0,2.0,12.0,1.0,0.0,0.4166666666666667,0.2,0.0,0.0,0.0,1.0,3.0,2.9258530145612824,0.0,0.0,0.0,0.0,0.0,0.0,0.0,0.0,0.0,0.0,0.0,0.0,0.0
poshn-icici-uat-stage.poshn.app,Phishing,mock_Mock_Data_01_08_2025.xlsx,31.0,0.0,0.06451612903225806,3.0,0.0967741935483871,0.0,0.0,1.0,2.0,9.0,1.0,0.0,0.5555555555555556,0.6,0.0,0.0,0.0,0.0,3.0,3.695501148817395,0.0,0.0,0.0,0.0,0.0,0.0,0.0,0.0,0.0,0.0,0.0,0.0,0.0
icicivd.xyzb.netww.22fd810e.nip.io,Phishing,mock_Mock_Data_01_08_2025.xlsx,34.0,0.14705882352941177,0.14705882352941177,0.0,0.0,0.0,0.0,4.0,2.0,6.0,1.0,0.0,0.8333333333333334,0.3333333333333333,0.0,0.0,0.0,0.0,2.0,4.051601636871703,0.0,0.0,0.0,0.0,0.0,0.0,0.0,0.0,0.0,0.0,0.0,0.0,0.0
bicicinet.gslb-off.wealthmanagement.cz,Phishing,mock_Mock_Data_01_08_2025.xlsx,38.0,0.0,0.07894736842105263,1.0,0.02631578947368421,0.0,0.0,2.0,2.0,19.0,1.0,0.0,0.2631578947368421,0.75,0.0,0.0,0.0,0.0,2.0,4.023471592049353,0.0,0.0,0.0,0.0,0.0,0.0,0.0,0.0,0.0,0.0,0.0,0.0,0.0
testicicipg.store,Phishing,mock_Mock_Data_01_08_2025.xlsx,17.0,0.0,0.058823529411764705,0.0,0.0,0.0,0.0,0.0,1.0,17.0,0.0,0.0,0.29411764705882354,99.0,0.0,0.0,0.0,0.0,5.0,3.175123135113461,0.0,0.0,0.0,0.0,0.0,0.0,0.0,0.0,0.0,0.0,0.0,0.0,0.0
bicici.bmm.in,Phishing,mock_Mock_Data_01_08_2025.xlsx,13.0,0.0,0.15384615384615385,0.0,0.0,0.0,0.0,1.0,2.0,6.0,1.0,0.0,0.8333333333333334,0.2,0.0,0.0,0.0,0.0,2.0,2.469670487371862,0.0,0.0,0.0,0.0,0.0,0.0,0.0,0.0,0.0,0.0,0.0,0.0,0.0
icicimov.rents.ws,Phishing,mock_Mock_Data_01_08_2025.xlsx,17.0,0.0,0.11764705882352941,0.0,0.0,0.0,0.0,1.0,2.0,8.0,1.0,0.0,0.625,0.5,0.0,0.0,0.0,0.0,2.0,3.4548223999466066,0.0,0.0,0.0,0.0,0.0,0.0,0.0,0.0,0.0,0.0,0.0,0.0,0.0
ww25.icici.myclassbord.com,Phishing,mock_Mock_Data_01_08_2025.xlsx,26.0,0.07692307692307693,0.11538461538461539,0.0,0.0,0.0,0.0,2.0,2.0,15.0,1.0,0.0,0.3333333333333333,0.6,0.0,0.0,0.0,1.0,3.0,3.719294525666979,0.0,0.0,0.0,0.0,0.0,0.0,0.0,0.0,0.0,0.0,0.0,0.0,0.0
cicici.dpdns.org,Phishing,mock_Mock_Data_01_08_2025.xlsx,16.0,0.0,0.125,0.0,0.0,0.0,0.0,1.0,2.0,9.0,1.0,0.0,0.5555555555555556,0.2,0.0,0.0,0.0,1.0,3.0,3.1556390622295662,0.0,0.0,0.0,0.0,0.0,0.0,0.0,0.0,0.0,0.0,0.0,0.0,0.0
ozficici.com,Phishing,mock_Mock_Data_01_08_2025.xlsx,12.0,0.0,0.08333333333333333,0.0,0.0,0.0,0.0,0.0,1.0,12.0,0.0,0.0,0.4166666666666667,0.6,0.0,0.0,0.0,1.0,3.0,2.6258145836939115,0.0,0.0,0.0,0.0,0.0,0.0,0.0,0.0,0.0,0.0,0.0,0.0,0.0
picicipo.hu,Phishing,mock_Mock_Data_01_08_2025.xlsx,11.0,0.0,0.09090909090909091,0.0,0.0,0.0,0.0,0.0,1.0,11.0,0.0,0.0,0.45454545454545453,0.6,0.0,0.0,0.0,0.0,2.0,2.663532754804255,0.0,0.0,0.0,0.0,0.0,0.0,0.0,0.0,0.0,0.0,0.0,0.0,0.0
jogroun-0.weicici.net,Phishing,mock_Mock_Data_01_08_2025.xlsx,21.0,0.047619047619047616,0.09523809523809523,1.0,0.047619047619047616,0.0,0.0,1.0,1.0,11.0,0.0,0.0,0.45454545454545453,0.4,0.0,0.0,0.0,1.0,3.0,3.6897037321995474,0.0,0.0,0.0,0.0,0.0,0.0,0.0,0.0,0.0,0.0,0.0,0.0,0.0
aricicichi.direct.quickconnect.to,Phishing,mock_Mock_Data_01_08_2025.xlsx,33.0,0.0,0.09090909090909091,0.0,0.0,0.0,0.0,2.0,2.0,15.0,1.0,0.0,0.3333333333333333,0.6,0.0,0.0,0.0,0.0,2.0,3.4483021659324806,0.0,0.0,0.0,0.0,0.0,0.0,0.0,0.0,0.0,0.0,0.0,0.0,0.0
aricicichi.synology.me,Phishing,mock_Mock_Data_01_08_2025.xlsx,22.0,0.0,0.09090909090909091,0.0,0.0,0.0,0.0,1.0,2.0,11.0,1.0,0.0,0.45454545454545453,99.0,0.0,0.0,0.0,0.0,2.0,3.60693673217532,0.0,0.0,0.0,0.0,0.0,0.0,0.0,0.0,0.0,0.0,0.0,0.0,0.0
bmwicici.de,Phishing,mock_Mock_Data_01_08_2025.xlsx,11.0,0.0,0.09090909090909091,0.0,0.0,0.0,0.0,0.0,1.0,11.0,0.0,0.0,0.45454545454545453,0.6,0.0,0.0,0.0,0.0,2.0,2.8453509366224368,0.0,0.0,0.0,0.0,0.0,0.0,0.0,0.0,0.0,0.0,0.0,0.0,0.0
icicic.jp,Phishing,mock_Mock_Data_01_08_2025.xlsx,9.0,0.0,0.1111111111111111,0.0,0.0,0.0,0.0,0.0,1.0,9.0,0.0,0.0,0.5555555555555556,0.2,0.0,0.0,0.0,0.0,2.0,2.113283334294875,0.0,0.0,0.0,0.0,0.0,0.0,0.0,0.0,0.0,0.0,0.0,0.0,0.0
lericicittacreativa.it,Phishing,mock_Mock_Data_01_08_2025.xlsx,22.0,0.0,0.045454545454545456,0.0,0.0,0.0,0.0,0.0,1.0,22.0,0.0,0.0,0.22727272727272727,99.0,0.0,0.0,0.0,0.0,2.0,2.9540036423298544,0.0,0.0,0.0,0.0,0.0,0.0,0.0,0.0,0.0,0.0,0.0,0.0,0.0
gjergjicici.johndoegroup.de,Phishing,mock_Mock_Data_01_08_2025.xlsx,27.0,0.0,0.07407407407407407,0.0,0.0,0.0,0.0,1.0,2.0,15.0,1.0,0.0,0.3333333333333333,99.0,0.0,0.0,0.0,0.0,2.0,3.578056483244308,0.0,0.0,0.0,0.0,0.0,0.0,0.0,0.0,0.0,0.0,0.0,0.0,0.0
cicici.vskkl.com,Phishing,mock_Mock_Data_01_08_2025.xlsx,16.0,0.0,0.125,0.0,0.0,0.0,0.0,1.0,2.0,9.0,1.0,0.0,0.5555555555555556,0.2,0.0,0.0,0.0,1.0,3.0,2.952819531114783,0.0,0.0,0.0,0.0,0.0,0.0,0.0,0.0,0.0,0.0,0.0,0.0,0.0
cicicilento.de,Phishing,mock_Mock_Data_01_08_2025.xlsx,14.0,0.0,0.07142857142857142,0.0,0.0,0.0,0.0,0.0,1.0,14.0,0.0,0.0,0.35714285714285715,99.0,0.0,0.0,0.0,0.0,2.0,2.9852281360342516,0.0,0.0,0.0,0.0,0.0,0.0,0.0,0.0,0.0,0.0,0.0,0.0,0.0
ivanlovricici.us1.hostry.host,Phishing,mock_Mock_Data_01_08_2025.xlsx,29.0,0.034482758620689655,0.10344827586206896,0.0,0.0,0.0,0.0,2.0,2.0,11.0,1.0,0.0,0.45454545454545453,0.75,0.0,0.0,0.0,0.0,4.0,3.745406425938248,0.0,0.0,0.0,0.0,0.0,0.0,0.0,0.0,0.0,0.0,0.0,0.0,0.0
www.iciuser.co.in,Phishing,mock_Mock_Data_01_08_2025.xlsx,17.0,0.0,0.17647058823529413,0.0,0.0,0.0,0.0,2.0,0.0,5.0,0.0,0.0,0.0,1.0,0.0,0.0,0.0,0.0,2.0,3.1307179879273743,0.0,0.0,0.0,0.0,0.0,0.0,0.0,0.0,0.0,0.0,0.0,0.0,0.0
kikicici.cn,Phishing,mock_Mock_Data_01_08_2025.xlsx,11.0,0.0,0.09090909090909091,0.0,0.0,0.0,0.0,0.0,1.0,11.0,0.0,1.0,0.45454545454545453,0.6,0.0,0.0,0.0,0.0,2.0,2.1180782093497093,0.0,0.0,0.0,0.0,0.0,0.0,0.0,0.0,0.0,0.0,0.0,0.0,0.0
notexistsicici.careeers.com,Phishing,mock_Mock_Data_01_08_2025.xlsx,27.0,0.0,0.07407407407407407,0.0,0.0,0.0,0.0,1.0,2.0,12.0,1.0,0.0,0.4166666666666667,0.6666666666666666,0.0,0.0,0.0,1.0,3.0,3.3935953724537105,0.0,0.0,0.0,0.0,0.0,0.0,0.0,0.0,0.0,0.0,0.0,0.0,0.0
omerbicici.direct.quickconnect.to,Phishing,mock_Mock_Data_01_08_2025.xlsx,33.0,0.0,0.09090909090909091,0.0,0.0,0.0,0.0,2.0,2.0,15.0,1.0,0.0,0.3333333333333333,0.6,0.0,0.0,0.0,0.0,2.0,3.5250315288306466,0.0,0.0,0.0,0.0,0.0,0.0,0.0,0.0,0.0,0.0,0.0,0.0,0.0
rusticiciclecows.mylearndash.com,Phishing,mock_Mock_Data_01_08_2025.xlsx,32.0,0.0,0.0625,0.0,0.0,0.0,0.0,1.0,2.0,15.0,1.0,0.0,0.3333333333333333,0.6666666666666666,0.0,0.0,0.0,1.0,3.0,3.9025182662886326,0.0,0.0,0.0,0.0,0.0,0.0,0.0,0.0,0.0,0.0,0.0,0.0,0.0
isidicici.store,Phishing,mock_Mock_Data_01_08_2025.xlsx,15.0,0.0,0.06666666666666667,0.0,0.0,0.0,0.0,0.0,1.0,15.0,0.0,0.0,0.3333333333333333,99.0,0.0,0.0,0.0,0.0,5.0,2.8662478973127308,0.0,0.0,0.0,0.0,0.0,0.0,0.0,0.0,0.0,0.0,0.0,0.0,0.0
aicicinnovative.com,Phishing,mock_Mock_Data_01_08_2025.xlsx,19.0,0.0,0.05263157894736842,0.0,0.0,0.0,0.0,0.0,1.0,19.0,0.0,0.0,0.2631578947368421,0.6666666666666666,0.0,0.0,0.0,1.0,3.0,3.1555650133297184,0.0,0.0,0.0,0.0,0.0,0.0,0.0,0.0,0.0,0.0,0.0,0.0,0.0
ww1.ciitbank.com,Phishing,mock_Mock_Data_01_08_2025.xlsx,16.0,0.0625,0.125,0.0,0.0,0.0,0.0,1.0,0.0,12.0,0.0,0.0,0.0,0.3333333333333333,0.0,0.0,0.0,1.0,3.0,3.5,0.0,0.0,0.0,0.0,0.0,0.0,0.0,0.0,0.0,0.0,0.0,0.0,0.0
picicicik.startporno.hu,Phishing,mock_Mock_Data_01_08_2025.xlsx,23.0,0.0,0.08695652173913043,0.0,0.0,0.0,0.0,1.0,2.0,13.0,1.0,0.0,0.38461538461538464,99.0,0.0,0.0,0.0,0.0,2.0,3.5342190211803413,0.0,0.0,0.0,0.0,0.0,0.0,0.0,0.0,0.0,0.0,0.0,0.0,0.0
giavicici.asia,Phishing,mock_Mock_Data_01_08_2025.xlsx,14.0,0.0,0.07142857142857142,0.0,0.0,0.0,0.0,0.0,1.0,14.0,0.0,0.0,0.35714285714285715,0.75,0.0,0.0,0.0,0.0,4.0,2.4956029237290123,0.0,0.0,0.0,0.0,0.0,0.0,0.0,0.0,0.0,0.0,0.0,0.0,0.0
lfotpicicibank.coj.me,Phishing,mock_Mock_Data_01_08_2025.xlsx,21.0,0.0,0.09523809523809523,0.0,0.0,0.0,0.0,1.0,2.0,6.0,1.0,0.0,0.8333333333333334,0.6666666666666666,0.0,0.0,0.0,0.0,2.0,3.748994803525096,0.0,0.0,0.0,0.0,0.0,0.0,0.0,0.0,0.0,0.0,0.0,0.0,0.0
ww1.ciitbank.co.in,Phishing,mock_Mock_Data_01_08_2025.xlsx,18.0,0.05555555555555555,0.16666666666666666,0.0,0.0,0.0,0.0,2.0,0.0,5.0,0.0,0.0,0.0,0.3333333333333333,0.0,0.0,0.0,0.0,2.0,3.30827083453526,0.0,0.0,0.0,0.0,0.0,0.0,0.0,0.0,0.0,0.0,0.0,0.0,0.0
nicicita.ch,Phishing,mock_Mock_Data_01_08_2025.xlsx,11.0,0.0,0.09090909090909091,0.0,0.0,0.0,0.0,0.0,1.0,11.0,0.0,0.0,0.2727272727272727,0.6,0.0,0.0,0.0,0.0,2.0,2.5949066182439395,0.0,0.0,0.0,0.0,0.0,0.0,0.0,0.0,0.0,0.0,0.0,0.0,0.0
pinfo.icici.grop.com,Phishing,mock_Mock_Data_01_08_2025.xlsx,20.0,0.0,0.15,0.0,0.0,0.0,0.0,2.0,2.0,8.0,1.0,0.0,0.625,0.6,0.0,0.0,0.0,1.0,3.0,3.1086949695628423,0.0,0.0,0.0,0.0,0.0,0.0,0.0,0.0,0.0,0.0,0.0,0.0,0.0
uang-pangkal-bisa-dicicil.depressiond.com,Phishing,mock_Mock_Data_01_08_2025.xlsx,41.0,0.0,0.04878048780487805,3.0,0.07317073170731707,0.0,0.0,1.0,2.0,15.0,1.0,0.0,0.3333333333333333,0.4,0.0,0.0,0.0,1.0,3.0,4.006720834246031,0.0,0.0,0.0,0.0,0.0,0.0,0.0,0.0,0.0,0.0,0.0,0.0,0.0
ticici.direct.quickconnect.to,Phishing,mock_Mock_Data_01_08_2025.xlsx,29.0,0.0,0.10344827586206896,0.0,0.0,0.0,0.0,2.0,2.0,15.0,1.0,0.0,0.3333333333333333,0.2,0.0,0.0,0.0,0.0,2.0,3.276108478543875,0.0,0.0,0.0,0.0,0.0,0.0,0.0,0.0,0.0,0.0,0.0,0.0,0.0
panificicialoni.it,Phishing,mock_Mock_Data_01_08_2025.xlsx,18.0,0.0,0.05555555555555555,0.0,0.0,0.0,0.0,0.0,1.0,18.0,0.0,0.0,0.2777777777777778,99.0,0.0,0.0,0.0,0.0,2.0,2.974937501201927,0.0,0.0,0.0,0.0,0.0,0.0,0.0,0.0,0.0,0.0,0.0,0.0,0.0
clicici.chateauduvice.com,Phishing,mock_Mock_Data_01_08_2025.xlsx,25.0,0.0,0.08,0.0,0.0,0.0,0.0,1.0,2.0,17.0,1.0,0.0,0.29411764705882354,0.4,0.0,0.0,0.0,1.0,3.0,3.3834651896016465,0.0,0.0,0.0,0.0,0.0,0.0,0.0,0.0,0.0,0.0,0.0,0.0,0.0
batuhanficici.com,Phishing,mock_Mock_Data_01_08_2025.xlsx,17.0,0.0,0.058823529411764705,0.0,0.0,0.0,0.0,0.0,1.0,17.0,0.0,0.0,0.29411764705882354,0.6666666666666666,0.0,0.0,0.0,1.0,3.0,3.41041725276052,0.0,0.0,0.0,0.0,0.0,0.0,0.0,0.0,0.0,0.0,0.0,0.0,0.0
dicicipua.cdnapp.net,Phishing,mock_Mock_Data_01_08_2025.xlsx,20.0,0.0,0.1,0.0,0.0,0.0,0.0,1.0,2.0,10.0,1.0,0.0,0.5,0.6666666666666666,0.0,0.0,0.0,1.0,3.0,3.2086949695628415,0.0,0.0,0.0,0.0,0.0,0.0,0.0,0.0,0.0,0.0,0.0,0.0,0.0
console.icici.buildint.co,Phishing,mock_Mock_Data_01_08_2025.xlsx,25.0,0.0,0.12,0.0,0.0,0.0,0.0,2.0,2.0,11.0,1.0,0.0,0.45454545454545453,0.6,0.0,0.0,0.0,0.0,2.0,3.319079570624174,0.0,0.0,0.0,0.0,0.0,0.0,0.0,0.0,0.0,0.0,0.0,0.0,0.0
levgreen.com.ua,Phishing,mock_Mock_Data_01_08_2025.xlsx,15.0,0.0,0.13333333333333333,0.0,0.0,0.0,0.0,1.0,0.0,6.0,0.0,0.0,0.0,0.6666666666666666,0.0,0.0,0.0,0.0,2.0,3.456564762130954,0.0,0.0,0.0,0.0,0.0,0.0,0.0,0.0,0.0,0.0,0.0,0.0,0.0
icicibanktitaniumcard.in,Phishing,mock_Mock_Data_01_08_2025.xlsx,24.0,0.0,0.041666666666666664,0.0,0.0,0.0,0.0,0.0,1.0,24.0,0.0,0.0,0.20833333333333334,99.0,0.0,0.0,0.0,0.0,2.0,3.2610276044371003,0.0,0.0,0.0,0.0,0.0,0.0,0.0,0.0,0.0,0.0,0.0,0.0,0.0
myicicibank.in,Phishing,mock_Mock_Data_01_08_2025.xlsx,14.0,0.0,0.07142857142857142,0.0,0.0,0.0,0.0,0.0,1.0,14.0,0.0,0.0,0.35714285714285715,0.2222222222222222,0.0,0.0,0.0,0.0,2.0,2.950212064914747,0.0,0.0,0.0,0.0,0.0,0.0,0.0,0.0,0.0,0.0,0.0,0.0,0.0
icicibankhomeloan.in,Phishing,mock_Mock_Data_01_08_2025.xlsx,20.0,0.0,0.05,0.0,0.0,0.0,0.0,0.0,1.0,20.0,0.0,0.0,0.25,99.0,0.0,0.0,0.0,0.0,2.0,3.3841837197791884,0.0,0.0,0.0,0.0,0.0,0.0,0.0,0.0,0.0,0.0,0.0,0.0,0.0
hicicie.com,Phishing,mock_Mock_Data_01_08_2025.xlsx,11.0,0.0,0.09090909090909091,0.0,0.0,0.0,0.0,0.0,1.0,11.0,0.0,0.0,0.45454545454545453,0.4,0.0,0.0,0.0,1.0,3.0,2.59490661824394,0.0,0.0,0.0,0.0,0.0,0.0,0.0,0.0,0.0,0.0,0.0,0.0,0.0
icicibanksip.in,Phishing,mock_Mock_Data_01_08_2025.xlsx,15.0,0.0,0.06666666666666667,0.0,0.0,0.0,0.0,0.0,1.0,15.0,0.0,0.0,0.3333333333333333,0.3333333333333333,0.0,0.0,0.0,0.0,2.0,2.866247897312731,0.0,0.0,0.0,0.0,0.0,0.0,0.0,0.0,0.0,0.0,0.0,0.0,0.0
icicicardoffer.info,Phishing,mock_Mock_Data_01_08_2025.xlsx,19.0,0.0,0.05263157894736842,0.0,0.0,0.0,0.0,0.0,1.0,19.0,0.0,1.0,0.2631578947368421,0.75,0.0,0.0,0.0,0.0,4.0,3.11583409216322,0.0,0.0,0.0,0.0,0.0,0.0,0.0,0.0,0.0,0.0,0.0,0.0,0.0
iciinnovations.org,Phishing,mock_Mock_Data_01_08_2025.xlsx,18.0,0.0,0.05555555555555555,0.0,0.0,0.0,0.0,0.0,0.0,18.0,0.0,0.0,0.0,0.75,0.0,0.0,0.0,1.0,3.0,3.197159723424149,0.0,0.0,0.0,0.0,0.0,0.0,0.0,0.0,0.0,0.0,0.0,0.0,0.0
hvkn4feaq6ic1cihhbg80ncmghh58116.com,Phishing,mock_Mock_Data_01_08_2025.xlsx,36.0,0.2777777777777778,0.027777777777777776,0.0,0.0,0.0,0.0,0.0,0.0,36.0,0.0,0.0,0.0,0.6666666666666666,0.0,0.0,0.0,1.0,3.0,4.159799224314526,0.0,0.0,0.0,0.0,0.0,0.0,0.0,0.0,0.0,0.0,0.0,0.0,0.0
icicta.com,Phishing,mock_Mock_Data_01_08_2025.xlsx,10.0,0.0,0.1,0.0,0.0,0.0,0.0,0.0,0.0,10.0,0.0,0.0,0.0,0.4,0.0,0.0,0.0,1.0,3.0,2.6464393446710157,0.0,0.0,0.0,0.0,0.0,0.0,0.0,0.0,0.0,0.0,0.0,0.0,0.0
onicici.com,Phishing,mock_Mock_Data_01_08_2025.xlsx,11.0,0.0,0.09090909090909091,0.0,0.0,0.0,0.0,0.0,1.0,11.0,0.0,0.0,0.2727272727272727,0.4,0.0,0.0,0.0,1.0,3.0,2.4130884364257574,0.0,0.0,0.0,0.0,0.0,0.0,0.0,0.0,0.0,0.0,0.0,0.0,0.0
icicibanking.org,Phishing,mock_Mock_Data_01_08_2025.xlsx,16.0,0.0,0.0625,0.0,0.0,0.0,0.0,0.0,1.0,16.0,0.0,0.0,0.3125,0.3333333333333333,0.0,0.0,0.0,1.0,3.0,3.125,0.0,0.0,0.0,0.0,0.0,0.0,0.0,1.0,0.0,0.0,0.0,0.0,0.0
lclclbank.ng,Phishing,mock_Mock_Data_01_08_2025.xlsx,12.0,0.0,0.08333333333333333,0.0,0.0,0.0,0.0,0.0,0.0,12.0,0.0,0.0,0.0,0.3333333333333333,0.0,0.0,0.0,0.0,2.0,2.8553885422075336,0.0,0.0,0.0,0.0,0.0,0.0,0.0,0.0,0.0,0.0,0.0,0.0,0.0
icicapitalllc.com,Phishing,mock_Mock_Data_01_08_2025.xlsx,17.0,0.0,0.058823529411764705,0.0,0.0,0.0,0.0,0.0,0.0,17.0,0.0,0.0,0.0,0.6666666666666666,0.0,0.0,0.0,1.0,3.0,2.939829017466402,0.0,0.0,0.0,0.0,0.0,0.0,0.0,0.0,0.0,0.0,0.0,0.0,0.0
icic.bet,Phishing,mock_Mock_Data_01_08_2025.xlsx,8.0,0.0,0.125,0.0,0.0,0.0,0.0,0.0,0.0,8.0,0.0,1.0,0.0,0.2,0.0,0.0,0.0,0.0,3.0,2.5,0.0,0.0,0.0,0.0,0.0,0.0,0.0,0.0,0.0,0.0,0.0,0.0,0.0
www.sandbox-superset.iciciprulife.co,Phishing,mock_Mock_Data_01_08_2025.xlsx,36.0,0.0,0.08333333333333333,1.0,0.027777777777777776,0.0,0.0,2.0,1.0,15.0,0.0,0.0,0.3333333333333333,1.0,0.0,0.0,0.0,0.0,2.0,4.065079515030719,0.0,0.0,0.0,0.0,0.0,0.0,0.0,0.0,0.0,0.0,0.0,0.0,0.0
icicic.org,Phishing,mock_Mock_Data_01_08_2025.xlsx,10.0,0.0,0.1,0.0,0.0,0.0,0.0,0.0,1.0,10.0,0.0,0.0,0.5,0.2,0.0,0.0,0.0,1.0,3.0,2.3709505944546683,0.0,0.0,0.0,0.0,0.0,0.0,0.0,0.0,0.0,0.0,0.0,0.0,0.0
icici-world.com,Phishing,mock_Mock_Data_01_08_2025.xlsx,15.0,0.0,0.06666666666666667,1.0,0.06666666666666667,0.0,0.0,0.0,1.0,15.0,0.0,0.0,0.3333333333333333,0.6,0.0,0.0,0.0,1.0,3.0,3.139572261986723,0.0,0.0,0.0,0.0,0.0,0.0,0.0,0.0,0.0,0.0,0.0,0.0,0.0
icicipersonalloan.doodlekit.com,Phishing,mock_Mock_Data_01_08_2025.xlsx,31.0,0.0,0.06451612903225806,0.0,0.0,0.0,0.0,1.0,2.0,13.0,1.0,0.0,0.38461538461538464,0.6666666666666666,0.0,0.0,0.0,1.0,3.0,3.6922796820396573,0.0,0.0,0.0,0.0,0.0,0.0,0.0,0.0,0.0,0.0,0.0,0.0,0.0
safimoneytransfer.com,Phishing,mock_Mock_Data_01_08_2025.xlsx,21.0,0.0,0.047619047619047616,0.0,0.0,0.0,0.0,0.0,0.0,21.0,0.0,0.0,0.0,0.6666666666666666,0.0,0.0,0.0,1.0,3.0,3.630412660873998,0.0,0.0,0.0,0.0,0.0,0.0,0.0,0.0,0.0,0.0,0.0,0.0,0.0
57e0d8d2686c.mail.iciciprulife.co,Phishing,mock_Mock_Data_01_08_2025.xlsx,33.0,0.24242424242424243,0.09090909090909091,0.0,0.0,0.0,0.0,2.0,1.0,15.0,0.0,0.0,0.3333333333333333,0.25,0.0,0.0,0.0,0.0,2.0,4.003044786734202,0.0,0.0,0.0,0.0,0.0,0.0,0.0,0.0,0.0,0.0,0.0,0.0,0.0
iciciloans.com,Phishing,mock_Mock_Data_01_08_2025.xlsx,14.0,0.0,0.07142857142857142,0.0,0.0,0.0,0.0,0.0,1.0,14.0,0.0,0.0,0.35714285714285715,0.3333333333333333,0.0,0.0,0.0,1.0,3.0,2.9852281360342516,0.0,0.0,0.0,0.0,0.0,0.0,0.0,0.0,0.0,0.0,0.0,0.0,0.0
iciciconcepts.com,Phishing,mock_Mock_Data_01_08_2025.xlsx,17.0,0.0,0.058823529411764705,0.0,0.0,0.0,0.0,0.0,1.0,17.0,0.0,0.0,0.29411764705882354,0.6666666666666666,0.0,0.0,0.0,1.0,3.0,3.0071964896856174,0.0,0.0,0.0,0.0,0.0,0.0,0.0,0.0,0.0,0.0,0.0,0.0,0.0
icicbet.com,Phishing,mock_Mock_Data_01_08_2025.xlsx,11.0,0.0,0.09090909090909091,0.0,0.0,0.0,0.0,0.0,0.0,11.0,0.0,0.0,0.0,0.6,0.0,0.0,0.0,1.0,3.0,2.8453509366224368,0.0,0.0,0.0,0.0,0.0,0.0,0.0,0.0,0.0,0.0,0.0,0.0,0.0
icicisecurities.vip,Phishing,mock_Mock_Data_01_08_2025.xlsx,19.0,0.0,0.05263157894736842,0.0,0.0,0.0,0.0,0.0,1.0,19.0,0.0,0.0,0.2631578947368421,0.6666666666666666,0.0,0.0,0.0,0.0,3.0,2.9708400131019848,0.0,0.0,0.0,0.0,0.0,0.0,0.0,0.0,0.0,0.0,0.0,0.0,0.0
icici-investment.com,Phishing,mock_Mock_Data_01_08_2025.xlsx,20.0,0.0,0.05,1.0,0.05,0.0,0.0,0.0,1.0,20.0,0.0,0.0,0.25,0.6,0.0,0.0,0.0,1.0,3.0,3.2841837197791888,0.0,0.0,0.0,0.0,0.0,0.0,0.0,0.0,0.0,0.0,0.0,0.0,0.0
selma-bicici.net,Phishing,mock_Mock_Data_01_08_2025.xlsx,16.0,0.0,0.0625,1.0,0.0625,0.0,0.0,0.0,1.0,16.0,0.0,0.0,0.3125,0.2,0.0,0.0,0.0,1.0,3.0,3.452819531114783,0.0,0.0,0.0,0.0,0.0,0.0,0.0,0.0,0.0,0.0,0.0,0.0,0.0
selma-bicici.com,Phishing,mock_Mock_Data_01_08_2025.xlsx,16.0,0.0,0.0625,1.0,0.0625,0.0,0.0,0.0,1.0,16.0,0.0,0.0,0.3125,0.2,0.0,0.0,0.0,1.0,3.0,3.2806390622295662,0.0,0.0,0.0,0.0,0.0,0.0,0.0,0.0,0.0,0.0,0.0,0.0,0.0
dolmetscher-bicici.com,Phishing,mock_Mock_Data_01_08_2025.xlsx,22.0,0.0,0.045454545454545456,1.0,0.045454545454545456,0.0,0.0,0.0,1.0,22.0,0.0,0.0,0.22727272727272727,0.2,0.0,0.0,0.0,1.0,3.0,3.606936732175321,0.0,0.0,0.0,0.0,0.0,0.0,0.0,0.0,0.0,0.0,0.0,0.0,0.0
ccicicilod.com,Phishing,mock_Mock_Data_01_08_2025.xlsx,14.0,0.0,0.07142857142857142,0.0,0.0,0.0,0.0,0.0,1.0,14.0,0.0,0.0,0.35714285714285715,0.6666666666666666,0.0,0.0,0.0,1.0,3.0,2.495602923729013,0.0,0.0,0.0,0.0,0.0,0.0,0.0,0.0,0.0,0.0,0.0,0.0,0.0
cicicicicici.cn,Phishing,mock_Mock_Data_01_08_2025.xlsx,15.0,0.0,0.06666666666666667,0.0,0.0,0.0,0.0,0.0,1.0,15.0,0.0,1.0,0.3333333333333333,99.0,0.0,0.0,0.0,0.0,2.0,1.5628066316931741,0.0,0.0,0.0,0.0,0.0,0.0,0.0,0.0,0.0,0.0,0.0,0.0,0.0
icicilbank.sbs,Phishing,mock_Mock_Data_01_08_2025.xlsx,14.0,0.0,0.07142857142857142,0.0,0.0,0.0,0.0,0.0,1.0,14.0,0.0,1.0,0.35714285714285715,0.1111111111111111,0.0,0.0,0.0,0.0,3.0,3.039148671903071,0.0,0.0,0.0,0.0,0.0,0.0,0.0,0.0,0.0,0.0,0.0,0.0,0.0
icicillbank.cc,Phishing,mock_Mock_Data_01_08_2025.xlsx,14.0,0.0,0.07142857142857142,0.0,0.0,0.0,0.0,0.0,1.0,14.0,0.0,0.0,0.35714285714285715,0.2222222222222222,0.0,0.0,0.0,0.0,2.0,2.7534343861887853,0.0,0.0,0.0,0.0,0.0,0.0,0.0,0.0,0.0,0.0,0.0,0.0,0.0
icicibanlk.com,Phishing,mock_Mock_Data_01_08_2025.xlsx,14.0,0.0,0.07142857142857142,0.0,0.0,0.0,0.0,0.0,1.0,14.0,0.0,0.0,0.35714285714285715,0.1111111111111111,0.0,0.0,0.0,1.0,3.0,3.128085278891395,0.0,0.0,0.0,0.0,0.0,0.0,0.0,0.0,0.0,0.0,0.0,0.0,0.0
aaadvantage.io,Phishing,mock_Mock_Data_01_08_2025.xlsx,14.0,0.0,0.07142857142857142,0.0,0.0,0.0,0.0,0.0,0.0,14.0,0.0,0.0,0.0,99.0,0.0,0.0,0.0,0.0,2.0,2.9780948881692604,0.0,0.0,0.0,0.0,0.0,0.0,0.0,0.0,0.0,0.0,0.0,0.0,0.0
scifidubai.com,Phishing,mock_Mock_Data_01_08_2025.xlsx,14.0,0.0,0.07142857142857142,0.0,0.0,0.0,0.0,0.0,0.0,14.0,0.0,0.0,0.0,0.6666666666666666,0.0,0.0,0.0,1.0,3.0,3.3248629576173574,0.0,0.0,0.0,0.0,0.0,0.0,0.0,0.0,0.0,0.0,0.0,0.0,0.0
iiainfotech.com,Phishing,mock_Mock_Data_01_08_2025.xlsx,15.0,0.0,0.06666666666666667,0.0,0.0,0.0,0.0,0.0,0.0,15.0,0.0,0.0,0.0,0.6666666666666666,0.0,0.0,0.0,1.0,3.0,3.3232314287976203,0.0,0.0,0.0,0.0,0.0,0.0,0.0,0.0,0.0,0.0,0.0,0.0,0.0
rcipromotions.com,Phishing,mock_Mock_Data_01_08_2025.xlsx,17.0,0.0,0.058823529411764705,0.0,0.0,0.0,0.0,0.0,0.0,17.0,0.0,0.0,0.0,0.6666666666666666,0.0,0.0,0.0,1.0,3.0,3.1462863706621045,0.0,0.0,0.0,0.0,0.0,0.0,0.0,0.0,0.0,0.0,0.0,0.0,0.0
dmpromotion.com,Phishing,mock_Mock_Data_01_08_2025.xlsx,15.0,0.0,0.06666666666666667,0.0,0.0,0.0,0.0,0.0,0.0,15.0,0.0,0.0,0.0,0.6666666666666666,0.0,0.0,0.0,1.0,3.0,3.056564762130954,0.0,0.0,0.0,0.0,0.0,0.0,0.0,0.0,0.0,0.0,0.0,0.0,0.0
lalpuricicibank.com,Phishing,mock_Mock_Data_01_08_2025.xlsx,19.0,0.0,0.05263157894736842,0.0,0.0,0.0,0.0,0.0,1.0,19.0,0.0,0.0,0.2631578947368421,0.6666666666666666,0.0,0.0,0.0,1.0,3.0,3.536886723742167,0.0,0.0,0.0,0.0,0.0,0.0,0.0,0.0,0.0,0.0,0.0,0.0,0.0
icici.crediwatch.org,Phishing,mock_Mock_Data_01_08_2025.xlsx,20.0,0.0,0.1,0.0,0.0,0.0,0.0,1.0,2.0,14.0,1.0,0.0,0.35714285714285715,0.6,0.0,0.0,0.0,1.0,3.0,3.321928094887362,0.0,0.0,0.0,0.0,0.0,0.0,0.0,0.0,0.0,0.0,0.0,0.0,0.0
icicibanksales.in,Phishing,mock_Mock_Data_01_08_2025.xlsx,17.0,0.0,0.058823529411764705,0.0,0.0,0.0,0.0,0.0,1.0,17.0,0.0,0.0,0.29411764705882354,99.0,0.0,0.0,0.0,0.0,2.0,3.1462863706621045,0.0,0.0,0.0,0.0,0.0,0.0,0.0,0.0,0.0,0.0,0.0,0.0,0.0
800e3e8e5b30.ngrok.io,Phishing,mock_Mock_Data_01_08_2025.xlsx,21.0,0.38095238095238093,0.09523809523809523,0.0,0.0,0.0,0.0,1.0,0.0,8.0,0.0,0.0,0.0,99.0,0.0,0.0,0.0,0.0,2.0,3.558518613048906,0.0,0.0,0.0,0.0,0.0,0.0,0.0,0.0,0.0,0.0,0.0,0.0,0.0
ici.cibank.com,Phishing,mock_Mock_Data_01_08_2025.xlsx,14.0,0.0,0.14285714285714285,0.0,0.0,0.0,0.0,1.0,0.0,10.0,0.0,0.0,0.0,0.3333333333333333,0.0,0.0,0.0,1.0,3.0,2.9852281360342516,0.0,0.0,0.0,0.0,0.0,0.0,0.0,0.0,0.0,0.0,0.0,0.0,0.0
icic.ibank.com,Phishing,mock_Mock_Data_01_08_2025.xlsx,14.0,0.0,0.14285714285714285,0.0,0.0,0.0,0.0,1.0,0.0,9.0,0.0,0.0,0.0,0.2,0.0,0.0,0.0,1.0,3.0,2.9852281360342516,0.0,0.0,0.0,0.0,0.0,0.0,0.0,0.0,0.0,0.0,0.0,0.0,0.0
icici.bank.com,Phishing,mock_Mock_Data_01_08_2025.xlsx,14.0,0.0,0.14285714285714285,0.0,0.0,0.0,0.0,1.0,2.0,8.0,1.0,0.0,0.625,0.6,0.0,0.0,0.0,1.0,3.0,2.9852281360342516,0.0,0.0,0.0,0.0,0.0,0.0,0.0,0.0,0.0,0.0,0.0,0.0,0.0
iciciba.nk.com,Phishing,mock_Mock_Data_01_08_2025.xlsx,14.0,0.0,0.14285714285714285,0.0,0.0,0.0,0.0,1.0,2.0,6.0,1.0,0.0,0.8333333333333334,0.2222222222222222,0.0,0.0,0.0,1.0,3.0,2.9852281360342516,0.0,0.0,0.0,0.0,0.0,0.0,0.0,0.0,0.0,0.0,0.0,0.0,0.0
icicimoney2india.com,Phishing,mock_Mock_Data_01_08_2025.xlsx,20.0,0.05,0.05,0.0,0.0,0.0,0.0,0.0,1.0,20.0,0.0,0.0,0.25,0.6666666666666666,0.0,0.0,0.0,1.0,3.0,3.203701696057348,0.0,0.0,0.0,0.0,0.0,0.0,0.0,0.0,0.0,0.0,0.0,0.0,0.0
bank-icici.cyou,Phishing,mock_Mock_Data_01_08_2025.xlsx,15.0,0.0,0.06666666666666667,1.0,0.06666666666666667,0.0,0.0,0.0,1.0,15.0,0.0,1.0,0.3333333333333333,0.6,0.0,0.0,0.0,0.0,4.0,3.2729055953200556,0.0,0.0,0.0,0.0,0.0,0.0,0.0,0.0,0.0,0.0,0.0,0.0,0.0
cicbank.finance,Phishing,mock_Mock_Data_01_08_2025.xlsx,15.0,0.0,0.06666666666666667,0.0,0.0,0.0,0.0,0.0,0.0,15.0,0.0,0.0,0.0,0.2222222222222222,0.0,0.0,0.0,0.0,7.0,3.0062389286533895,0.0,0.0,0.0,0.0,0.0,0.0,0.0,0.0,0.0,0.0,0.0,0.0,0.0
mx7.icicibanklogin.com,Phishing,mock_Mock_Data_01_08_2025.xlsx,22.0,0.045454545454545456,0.09090909090909091,0.0,0.0,0.0,0.0,1.0,1.0,18.0,0.0,0.0,0.2777777777777778,0.6666666666666666,0.0,0.0,0.0,1.0,3.0,3.51602764126623,1.0,0.0,0.0,0.0,0.0,0.0,0.0,0.0,0.0,0.0,0.0,0.0,0.0
videokyc.icicibsnk.com,Phishing,mock_Mock_Data_01_08_2025.xlsx,22.0,0.0,0.09090909090909091,0.0,0.0,0.0,0.0,1.0,1.0,13.0,0.0,0.0,0.38461538461538464,0.1111111111111111,0.0,0.0,0.0,1.0,3.0,3.459431618637297,0.0,0.0,0.0,0.0,0.0,0.0,0.0,0.0,0.0,0.0,0.0,0.0,0.0
icicin.net,Phishing,mock_Mock_Data_01_08_2025.xlsx,10.0,0.0,0.1,0.0,0.0,0.0,0.0,0.0,1.0,10.0,0.0,0.0,0.5,0.2,0.0,0.0,0.0,1.0,3.0,2.4464393446710155,0.0,0.0,0.0,0.0,0.0,0.0,0.0,0.0,0.0,0.0,0.0,0.0,0.0
icicin.ch,Phishing,mock_Mock_Data_01_08_2025.xlsx,9.0,0.0,0.1111111111111111,0.0,0.0,0.0,0.0,0.0,1.0,9.0,0.0,0.0,0.5555555555555556,0.2,0.0,0.0,0.0,0.0,2.0,2.113283334294875,0.0,0.0,0.0,0.0,0.0,0.0,0.0,0.0,0.0,0.0,0.0,0.0,0.0
iciclo.com,Phishing,mock_Mock_Data_01_08_2025.xlsx,10.0,0.0,0.1,0.0,0.0,0.0,0.0,0.0,0.0,10.0,0.0,0.0,0.0,0.4,0.0,0.0,0.0,1.0,3.0,2.4464393446710155,0.0,0.0,0.0,0.0,0.0,0.0,0.0,0.0,0.0,0.0,0.0,0.0,0.0
cicici.xin,Phishing,mock_Mock_Data_01_08_2025.xlsx,10.0,0.0,0.1,0.0,0.0,0.0,0.0,0.0,1.0,10.0,0.0,0.0,0.5,0.2,0.0,0.0,0.0,0.0,3.0,2.0464393446710156,0.0,0.0,0.0,0.0,0.0,0.0,0.0,0.0,0.0,0.0,0.0,0.0,0.0
4ward25.com,Phishing,mock_Mock_Data_01_08_2025.xlsx,11.0,0.2727272727272727,0.09090909090909091,0.0,0.0,0.0,0.0,0.0,0.0,11.0,0.0,0.0,0.0,0.6666666666666666,0.0,0.0,0.0,1.0,3.0,3.459431618637298,0.0,0.0,0.0,0.0,0.0,0.0,0.0,0.0,0.0,0.0,0.0,0.0,0.0
zicici.com,Phishing,mock_Mock_Data_01_08_2025.xlsx,10.0,0.0,0.1,0.0,0.0,0.0,0.0,0.0,1.0,10.0,0.0,0.0,0.5,0.2,0.0,0.0,0.0,1.0,3.0,2.3709505944546687,0.0,0.0,0.0,0.0,0.0,0.0,0.0,0.0,0.0,0.0,0.0,0.0,0.0
www.moviez.ml,Phishing,mock_Mock_Data_01_08_2025.xlsx,13.0,0.0,0.15384615384615385,0.0,0.0,0.0,0.0,1.0,0.0,9.0,0.0,1.0,0.0,1.0,0.0,0.0,0.0,0.0,2.0,3.0269868333592873,0.0,0.0,0.0,0.0,0.0,0.0,0.0,0.0,0.0,0.0,0.0,0.0,0.0
iciciaccount.com,Phishing,mock_Mock_Data_01_08_2025.xlsx,16.0,0.0,0.0625,0.0,0.0,0.0,0.0,0.0,1.0,16.0,0.0,0.0,0.3125,0.6666666666666666,0.0,0.0,0.0,1.0,3.0,2.852217001462482,0.0,0.0,0.0,1.0,0.0,0.0,0.0,0.0,0.0,0.0,0.0,0.0,0.0
icicibankestatement.com,Phishing,mock_Mock_Data_01_08_2025.xlsx,23.0,0.0,0.043478260869565216,0.0,0.0,0.0,0.0,0.0,1.0,23.0,0.0,0.0,0.21739130434782608,0.6666666666666666,0.0,0.0,0.0,1.0,3.0,3.435755433941628,0.0,0.0,0.0,0.0,0.0,0.0,0.0,0.0,0.0,0.0,0.0,0.0,0.0
icicibankmerchant.com,Phishing,mock_Mock_Data_01_08_2025.xlsx,21.0,0.0,0.047619047619047616,0.0,0.0,0.0,0.0,0.0,1.0,21.0,0.0,0.0,0.23809523809523808,0.6666666666666666,0.0,0.0,0.0,1.0,3.0,3.4992275417233567,0.0,0.0,0.0,0.0,0.0,0.0,0.0,0.0,0.0,0.0,0.0,0.0,0.0
icicibanknriservices.com,Phishing,mock_Mock_Data_01_08_2025.xlsx,24.0,0.0,0.041666666666666664,0.0,0.0,0.0,0.0,0.0,1.0,24.0,0.0,0.0,0.20833333333333334,0.6666666666666666,0.0,0.0,0.0,1.0,3.0,3.4345608142862893,0.0,0.0,0.0,0.0,0.0,0.0,0.0,0.0,0.0,0.0,0.0,0.0,0.0
icicihfcfd.com,Phishing,mock_Mock_Data_01_08_2025.xlsx,14.0,0.0,0.07142857142857142,0.0,0.0,0.0,0.0,0.0,1.0,14.0,0.0,0.0,0.35714285714285715,0.6666666666666666,0.0,0.0,0.0,1.0,3.0,2.7534343861887853,0.0,0.0,0.0,0.0,0.0,0.0,0.0,0.0,0.0,0.0,0.0,0.0,0.0
onlineicicibank.com,Phishing,mock_Mock_Data_01_08_2025.xlsx,19.0,0.0,0.05263157894736842,0.0,0.0,0.0,0.0,0.0,1.0,19.0,0.0,0.0,0.2631578947368421,0.6666666666666666,0.0,0.0,0.0,1.0,3.0,3.221097250057957,0.0,0.0,0.0,0.0,0.0,0.0,0.0,0.0,0.0,0.0,0.0,0.0,0.0
icico.xyz,Phishing,mock_Mock_Data_01_08_2025.xlsx,9.0,0.0,0.1111111111111111,0.0,0.0,0.0,0.0,0.0,0.0,9.0,0.0,1.0,0.0,0.2,0.0,0.0,0.0,0.0,3.0,2.725480556997868,0.0,0.0,0.0,0.0,0.0,0.0,0.0,0.0,0.0,0.0,0.0,0.0,0.0
icicin.org,Phishing,mock_Mock_Data_01_08_2025.xlsx,10.0,0.0,0.1,0.0,0.0,0.0,0.0,0.0,1.0,10.0,0.0,0.0,0.5,0.2,0.0,0.0,0.0,1.0,3.0,2.6464393446710153,0.0,0.0,0.0,0.0,0.0,0.0,0.0,0.0,0.0,0.0,0.0,0.0,0.0
icicin.biz,Phishing,mock_Mock_Data_01_08_2025.xlsx,10.0,0.0,0.1,0.0,0.0,0.0,0.0,0.0,1.0,10.0,0.0,0.0,0.5,0.2,0.0,0.0,0.0,0.0,3.0,2.321928094887362,0.0,0.0,0.0,0.0,0.0,0.0,0.0,0.0,0.0,0.0,0.0,0.0,0.0
bit.ly,Phishing,mock_Mock_Data_01_08_2025.xlsx,6.0,0.0,0.16666666666666666,0.0,0.0,0.0,0.0,0.0,0.0,6.0,0.0,0.0,0.0,0.6666666666666666,0.0,0.0,0.0,0.0,2.0,2.584962500721156,0.0,0.0,0.0,0.0,0.0,0.0,0.0,0.0,0.0,0.0,0.0,0.0,0.0
icici.candlesrider.com,Phishing,mock_Mock_Data_01_08_2025.xlsx,22.0,0.0,0.09090909090909091,0.0,0.0,0.0,0.0,1.0,2.0,16.0,1.0,0.0,0.3125,0.6,0.0,0.0,0.0,1.0,3.0,3.3685225277282056,0.0,0.0,0.0,0.0,0.0,0.0,0.0,0.0,0.0,0.0,0.0,0.0,0.0
icicin.eu,Phishing,mock_Mock_Data_01_08_2025.xlsx,9.0,0.0,0.1111111111111111,0.0,0.0,0.0,0.0,0.0,1.0,9.0,0.0,0.0,0.5555555555555556,0.2,0.0,0.0,0.0,0.0,2.0,2.4193819456463714,0.0,0.0,0.0,0.0,0.0,0.0,0.0,0.0,0.0,0.0,0.0,0.0,0.0
icici.figo.in,Phishing,mock_Mock_Data_01_08_2025.xlsx,13.0,0.0,0.15384615384615385,0.0,0.0,0.0,0.0,1.0,2.0,7.0,1.0,0.0,0.7142857142857143,0.6,0.0,0.0,0.0,0.0,2.0,2.499698143184414,0.0,0.0,0.0,0.0,0.0,0.0,0.0,0.0,0.0,0.0,0.0,0.0,0.0
icicingenieria.com,Phishing,mock_Mock_Data_01_08_2025.xlsx,18.0,0.0,0.05555555555555555,0.0,0.0,0.0,0.0,0.0,1.0,18.0,0.0,0.0,0.2777777777777778,0.6666666666666666,0.0,0.0,0.0,1.0,3.0,3.0385623360756298,0.0,0.0,0.0,0.0,0.0,0.0,0.0,0.0,0.0,0.0,0.0,0.0,0.0
cicici.cn,Phishing,mock_Mock_Data_01_08_2025.xlsx,9.0,0.0,0.1111111111111111,0.0,0.0,0.0,0.0,0.0,1.0,9.0,0.0,1.0,0.5555555555555556,0.2,0.0,0.0,0.0,0.0,2.0,1.7527152789797045,0.0,0.0,0.0,0.0,0.0,0.0,0.0,0.0,0.0,0.0,0.0,0.0,0.0
icicicarrier.com,Phishing,mock_Mock_Data_01_08_2025.xlsx,16.0,0.0,0.0625,0.0,0.0,0.0,0.0,0.0,1.0,16.0,0.0,0.0,0.3125,0.6666666666666666,0.0,0.0,0.0,1.0,3.0,2.702819531114783,0.0,0.0,0.0,0.0,0.0,0.0,0.0,0.0,0.0,0.0,0.0,0.0,0.0
icici.securehostdns.com,Phishing,mock_Mock_Data_01_08_2025.xlsx,23.0,0.0,0.08695652173913043,0.0,0.0,0.0,0.0,1.0,2.0,17.0,1.0,0.0,0.29411764705882354,0.6,0.0,0.0,0.0,1.0,3.0,3.501397825434103,0.0,0.0,1.0,0.0,0.0,0.0,0.0,0.0,0.0,0.0,0.0,0.0,0.0
cicici.ci,Phishing,mock_Mock_Data_01_08_2025.xlsx,9.0,0.0,0.1111111111111111,0.0,0.0,0.0,0.0,0.0,1.0,9.0,0.0,0.0,0.5555555555555556,0.2,0.0,0.0,0.0,0.0,2.0,1.3921472236645345,0.0,0.0,0.0,0.0,0.0,0.0,0.0,0.0,0.0,0.0,0.0,0.0,0.0
icicic.cn,Phishing,mock_Mock_Data_01_08_2025.xlsx,9.0,0.0,0.1111111111111111,0.0,0.0,0.0,0.0,0.0,1.0,9.0,0.0,1.0,0.5555555555555556,0.2,0.0,0.0,0.0,0.0,2.0,1.7527152789797045,0.0,0.0,0.0,0.0,0.0,0.0,0.0,0.0,0.0,0.0,0.0,0.0,0.0
icici.sbi.au,Phishing,mock_Mock_Data_01_08_2025.xlsx,12.0,0.0,0.16666666666666666,0.0,0.0,0.0,0.0,1.0,1.0,6.0,1.0,0.0,0.5,0.6,0.0,0.0,0.0,0.0,2.0,2.5849625007211556,0.0,0.0,0.0,0.0,0.0,0.0,0.0,0.0,0.0,0.0,0.0,0.0,0.0
xn--ccbank-2vabb.com,Phishing,mock_Mock_Data_01_08_2025.xlsx,20.0,0.05,0.05,3.0,0.15,0.0,0.0,0.0,0.0,20.0,0.0,0.0,0.0,0.3333333333333333,0.0,0.0,0.0,1.0,3.0,3.4086949695628412,0.0,0.0,0.0,0.0,0.0,0.0,0.0,0.0,0.0,0.0,0.0,0.0,0.0
xn--ccbank-h8abb.com,Phishing,mock_Mock_Data_01_08_2025.xlsx,20.0,0.05,0.05,3.0,0.15,0.0,0.0,0.0,0.0,20.0,0.0,0.0,0.0,0.3333333333333333,0.0,0.0,0.0,1.0,3.0,3.4086949695628412,0.0,0.0,0.0,0.0,0.0,0.0,0.0,0.0,0.0,0.0,0.0,0.0,0.0
xn--ccbank-vvabb.com,Phishing,mock_Mock_Data_01_08_2025.xlsx,20.0,0.0,0.05,3.0,0.15,0.0,0.0,0.0,0.0,20.0,0.0,0.0,0.0,0.3333333333333333,0.0,0.0,0.0,1.0,3.0,3.3086949695628416,0.0,0.0,0.0,0.0,0.0,0.0,0.0,0.0,0.0,0.0,0.0,0.0,0.0
loginindusinds.com,Phishing,mock_Mock_Data_01_08_2025.xlsx,18.0,0.0,0.05555555555555555,0.0,0.0,0.0,0.0,0.0,0.0,18.0,0.0,0.0,0.0,0.6666666666666666,0.0,0.0,0.0,1.0,3.0,3.30827083453526,1.0,0.0,0.0,0.0,0.0,0.0,0.0,0.0,0.0,0.0,0.0,0.0,0.0
indusindslogin.com,Phishing,mock_Mock_Data_01_08_2025.xlsx,18.0,0.0,0.05555555555555555,0.0,0.0,0.0,0.0,0.0,0.0,18.0,0.0,0.0,0.0,0.6666666666666666,0.0,0.0,0.0,1.0,3.0,3.30827083453526,1.0,0.0,0.0,0.0,0.0,0.0,0.0,0.0,0.0,0.0,0.0,0.0,0.0
icicidirect.finux.com,Phishing,mock_Mock_Data_01_08_2025.xlsx,21.0,0.0,0.09523809523809523,0.0,0.0,0.0,0.0,1.0,2.0,9.0,1.0,0.0,0.5555555555555556,0.6666666666666666,0.0,0.0,0.0,1.0,3.0,3.3632869239960543,0.0,0.0,0.0,0.0,0.0,0.0,0.0,0.0,0.0,0.0,0.0,0.0,0.0
spocto360-icici.smartcollect.digital,Phishing,mock_Mock_Data_01_08_2025.xlsx,36.0,0.08333333333333333,0.05555555555555555,1.0,0.027777777777777776,0.0,0.0,1.0,2.0,20.0,1.0,0.0,0.25,0.6,0.0,0.0,0.0,0.0,7.0,3.8718956694089623,0.0,0.0,0.0,0.0,0.0,0.0,0.0,0.0,0.0,0.0,0.0,0.0,0.0
icici.carriers.in,Phishing,mock_Mock_Data_01_08_2025.xlsx,17.0,0.0,0.11764705882352941,0.0,0.0,0.0,0.0,1.0,2.0,11.0,1.0,0.0,0.45454545454545453,0.6,0.0,0.0,0.0,0.0,2.0,2.7274972248524723,0.0,0.0,0.0,0.0,0.0,0.0,0.0,0.0,0.0,0.0,0.0,0.0,0.0
icici.billpro.online,Phishing,mock_Mock_Data_01_08_2025.xlsx,20.0,0.0,0.1,0.0,0.0,0.0,0.0,1.0,2.0,14.0,1.0,1.0,0.35714285714285715,0.3333333333333333,0.0,0.0,0.0,0.0,6.0,3.1037016960573487,0.0,0.0,0.0,0.0,0.0,0.0,0.0,0.0,0.0,0.0,0.0,0.0,0.0
icicirewardspro.in.ultimacare.in,Phishing,mock_Mock_Data_01_08_2025.xlsx,32.0,0.0,0.09375,0.0,0.0,0.0,0.0,2.0,2.0,13.0,1.0,0.0,0.38461538461538464,99.0,0.0,0.0,0.0,0.0,2.0,3.694548827786958,0.0,0.0,0.0,0.0,0.0,0.0,0.0,0.0,0.0,0.0,0.0,0.0,0.0
icici.toll.cust.it,Phishing,mock_Mock_Data_01_08_2025.xlsx,18.0,0.0,0.16666666666666666,0.0,0.0,0.0,0.0,2.0,2.0,7.0,1.0,0.0,0.7142857142857143,0.5,0.0,0.0,0.0,0.0,2.0,2.8218881955261788,0.0,0.0,0.0,0.0,0.0,0.0,0.0,0.0,0.0,0.0,0.0,0.0,0.0
kyc-icicimpocket3385-f6f3ab.online,Phishing,mock_Mock_Data_01_08_2025.xlsx,34.0,0.17647058823529413,0.029411764705882353,2.0,0.058823529411764705,0.0,0.0,0.0,1.0,34.0,0.0,1.0,0.14705882352941177,0.3333333333333333,0.0,0.0,0.0,0.0,6.0,4.124083797069061,0.0,0.0,0.0,0.0,0.0,0.0,0.0,0.0,0.0,0.0,0.0,0.0,0.0
apps.iciciprupms.com,Phishing,mock_Mock_Data_01_08_2025.xlsx,20.0,0.0,0.1,0.0,0.0,0.0,0.0,1.0,1.0,15.0,0.0,0.0,0.3333333333333333,0.6666666666666666,0.0,0.0,0.0,1.0,3.0,3.1464393446710153,0.0,0.0,0.0,0.0,0.0,0.0,0.0,0.0,0.0,0.0,0.0,0.0,0.0
apicici.com,Phishing,mock_Mock_Data_01_08_2025.xlsx,11.0,0.0,0.09090909090909091,0.0,0.0,0.0,0.0,0.0,1.0,11.0,0.0,0.0,0.45454545454545453,0.4,0.0,0.0,0.0,1.0,3.0,2.59490661824394,0.0,0.0,0.0,0.0,0.0,0.0,0.0,0.0,0.0,0.0,0.0,0.0,0.0
icicibank.reliablegroupindia.com,Phishing,mock_Mock_Data_01_08_2025.xlsx,32.0,0.0,0.0625,0.0,0.0,0.0,0.0,1.0,2.0,22.0,1.0,0.0,0.22727272727272727,0.6666666666666666,0.0,0.0,0.0,1.0,3.0,3.7806390622295662,0.0,0.0,0.0,0.0,0.0,0.0,0.0,0.0,0.0,0.0,0.0,0.0,0.0
icicibank.inifinity.com,Phishing,mock_Mock_Data_01_08_2025.xlsx,23.0,0.0,0.08695652173913043,0.0,0.0,0.0,0.0,1.0,2.0,13.0,1.0,0.0,0.38461538461538464,0.6666666666666666,0.0,0.0,0.0,1.0,3.0,3.168724588286137,0.0,0.0,0.0,0.0,0.0,0.0,0.0,0.0,0.0,0.0,0.0,0.0,0.0
iciciservices.fasteasy.in,Phishing,mock_Mock_Data_01_08_2025.xlsx,25.0,0.0,0.08,0.0,0.0,0.0,0.0,1.0,2.0,11.0,1.0,0.0,0.45454545454545453,99.0,0.0,0.0,0.0,0.0,2.0,3.319079570624175,0.0,0.0,0.0,0.0,0.0,0.0,0.0,0.0,0.0,0.0,0.0,0.0,0.0
icici.wrms.com,Phishing,mock_Mock_Data_01_08_2025.xlsx,14.0,0.0,0.14285714285714285,0.0,0.0,0.0,0.0,1.0,2.0,8.0,1.0,0.0,0.625,0.6,0.0,0.0,0.0,1.0,3.0,2.8423709931771084,0.0,0.0,0.0,0.0,0.0,0.0,0.0,0.0,0.0,0.0,0.0,0.0,0.0
icici.fastage.com,Phishing,mock_Mock_Data_01_08_2025.xlsx,17.0,0.0,0.11764705882352941,0.0,0.0,0.0,0.0,1.0,2.0,11.0,1.0,0.0,0.45454545454545453,0.6,0.0,0.0,0.0,1.0,3.0,3.2927701939369904,0.0,0.0,0.0,0.0,0.0,0.0,0.0,0.0,0.0,0.0,0.0,0.0,0.0
managecredit.in,Phishing,mock_Mock_Data_01_08_2025.xlsx,15.0,0.0,0.06666666666666667,0.0,0.0,0.0,0.0,0.0,0.0,15.0,0.0,0.0,0.0,99.0,0.0,0.0,0.0,0.0,2.0,3.3735572622751855,0.0,0.0,0.0,0.0,0.0,0.0,0.0,0.0,0.0,0.0,0.0,0.0,0.0
icicibank.comvanguard.com,Phishing,mock_Mock_Data_01_08_2025.xlsx,25.0,0.0,0.08,0.0,0.0,0.0,0.0,1.0,2.0,15.0,1.0,0.0,0.3333333333333333,0.6666666666666666,0.0,0.0,0.0,1.0,3.0,3.6234651896016468,0.0,0.0,0.0,0.0,0.0,0.0,0.0,0.0,0.0,0.0,0.0,0.0,0.0
icici-preprod-analytics.thewitslab.com,Phishing,mock_Mock_Data_01_08_2025.xlsx,38.0,0.0,0.05263157894736842,2.0,0.05263157894736842,0.0,0.0,1.0,2.0,14.0,1.0,0.0,0.35714285714285715,0.6,0.0,0.0,0.0,1.0,3.0,4.0605744745287495,0.0,0.0,0.0,0.0,0.0,0.0,0.0,0.0,0.0,0.0,0.0,0.0,0.0
sklep-detal.elgon.pl,Phishing,mock_Mock_Data_01_08_2025.xlsx,20.0,0.0,0.1,1.0,0.05,0.0,0.0,1.0,0.0,8.0,0.0,0.0,0.0,99.0,0.0,0.0,0.0,0.0,2.0,3.4841837197791885,0.0,0.0,0.0,0.0,0.0,0.0,0.0,0.0,0.0,0.0,0.0,0.0,0.0
icicin.online,Phishing,mock_Mock_Data_01_08_2025.xlsx,13.0,0.0,0.07692307692307693,0.0,0.0,0.0,0.0,0.0,1.0,13.0,0.0,1.0,0.38461538461538464,0.2,0.0,0.0,0.0,0.0,6.0,2.5654483718208256,0.0,0.0,0.0,0.0,0.0,0.0,0.0,0.0,0.0,0.0,0.0,0.0,0.0
icicin.info,Phishing,mock_Mock_Data_01_08_2025.xlsx,11.0,0.0,0.09090909090909091,0.0,0.0,0.0,0.0,0.0,1.0,11.0,0.0,1.0,0.45454545454545453,0.2,0.0,0.0,0.0,0.0,4.0,2.3685225277282065,0.0,0.0,0.0,0.0,0.0,0.0,0.0,0.0,0.0,0.0,0.0,0.0,0.0
iciclo.com.br,Phishing,mock_Mock_Data_01_08_2025.xlsx,13.0,0.0,0.15384615384615385,0.0,0.0,0.0,0.0,1.0,0.0,6.0,0.0,0.0,0.0,0.4,0.0,0.0,0.0,0.0,2.0,2.8731406795131336,0.0,0.0,0.0,0.0,0.0,0.0,0.0,0.0,0.0,0.0,0.0,0.0,0.0
pop.icicbank.com,Phishing,mock_Mock_Data_01_08_2025.xlsx,16.0,0.0,0.125,0.0,0.0,0.0,0.0,1.0,0.0,12.0,0.0,0.0,0.0,0.1111111111111111,0.0,0.0,0.0,1.0,3.0,3.202819531114783,0.0,0.0,0.0,0.0,0.0,0.0,0.0,0.0,0.0,0.0,0.0,0.0,0.0
ilmds.icicilombard.com.us.cas.ms,Phishing,mock_Mock_Data_01_08_2025.xlsx,32.0,0.0,0.15625,0.0,0.0,0.0,0.0,4.0,2.0,6.0,1.0,0.0,0.8333333333333334,0.6666666666666666,0.0,0.0,0.0,0.0,2.0,3.3871987351738495,0.0,0.0,0.0,0.0,0.0,0.0,0.0,0.0,0.0,0.0,0.0,0.0,0.0
ilmds.icicilombard.com.mcas.ms,Phishing,mock_Mock_Data_01_08_2025.xlsx,30.0,0.0,0.13333333333333333,0.0,0.0,0.0,0.0,3.0,2.0,7.0,1.0,0.0,0.7142857142857143,0.6666666666666666,0.0,0.0,0.0,0.0,2.0,3.294739663055176,0.0,0.0,0.0,0.0,0.0,0.0,0.0,0.0,0.0,0.0,0.0,0.0,0.0
mailout.ext.icicbank.com,Phishing,mock_Mock_Data_01_08_2025.xlsx,24.0,0.0,0.125,0.0,0.0,0.0,0.0,2.0,0.0,12.0,0.0,0.0,0.0,0.1111111111111111,0.0,0.0,0.0,1.0,3.0,3.6572682296173893,0.0,0.0,0.0,0.0,0.0,0.0,0.0,0.0,0.0,0.0,0.0,0.0,0.0
posta.ext.icicbank.com,Phishing,mock_Mock_Data_01_08_2025.xlsx,22.0,0.0,0.13636363636363635,0.0,0.0,0.0,0.0,2.0,0.0,12.0,0.0,0.0,0.0,0.1111111111111111,0.0,0.0,0.0,1.0,3.0,3.663532754804254,0.0,0.0,0.0,0.0,0.0,0.0,0.0,0.0,0.0,0.0,0.0,0.0,0.0
icici.hmi-tech.in,Phishing,mock_Mock_Data_01_08_2025.xlsx,17.0,0.0,0.11764705882352941,1.0,0.058823529411764705,0.0,0.0,1.0,2.0,11.0,1.0,0.0,0.45454545454545453,0.6,0.0,0.0,0.0,0.0,2.0,2.889549430862088,0.0,0.0,0.0,0.0,0.0,0.0,0.0,0.0,0.0,0.0,0.0,0.0,0.0
gpvpn.icicicbank.com,Phishing,mock_Mock_Data_01_08_2025.xlsx,20.0,0.0,0.1,0.0,0.0,0.0,0.0,1.0,1.0,14.0,0.0,0.0,0.35714285714285715,0.1111111111111111,0.0,0.0,0.0,1.0,3.0,3.384183719779189,0.0,0.0,0.0,0.0,0.0,0.0,0.0,0.0,0.0,0.0,0.0,0.0,0.0
ww25.eazypayicicibank.com,Phishing,mock_Mock_Data_01_08_2025.xlsx,25.0,0.08,0.08,0.0,0.0,0.0,0.0,1.0,1.0,20.0,0.0,0.0,0.25,0.6666666666666666,0.0,0.0,0.0,1.0,3.0,3.8332696895151073,0.0,0.0,0.0,0.0,0.0,0.0,0.0,0.0,0.0,0.0,0.0,0.0,0.0
icici.pertsol.com,Phishing,mock_Mock_Data_01_08_2025.xlsx,17.0,0.0,0.11764705882352941,0.0,0.0,0.0,0.0,1.0,2.0,11.0,1.0,0.0,0.45454545454545453,0.6,0.0,0.0,0.0,1.0,3.0,3.2927701939369904,0.0,0.0,0.0,0.0,0.0,0.0,0.0,0.0,0.0,0.0,0.0,0.0,0.0
icici.nexusi.in,Phishing,mock_Mock_Data_01_08_2025.xlsx,15.0,0.0,0.13333333333333333,0.0,0.0,0.0,0.0,1.0,2.0,9.0,1.0,0.0,0.5555555555555556,0.6,0.0,0.0,0.0,0.0,2.0,2.732914563979398,0.0,0.0,0.0,0.0,0.0,0.0,0.0,0.0,0.0,0.0,0.0,0.0,0.0
icicibank.rf.gd,Phishing,mock_Mock_Data_01_08_2025.xlsx,15.0,0.0,0.13333333333333333,0.0,0.0,0.0,0.0,1.0,2.0,5.0,1.0,0.0,1.0,99.0,0.0,0.0,0.0,0.0,2.0,3.3232314287976203,0.0,0.0,0.0,0.0,0.0,0.0,0.0,0.0,0.0,0.0,0.0,0.0,0.0
bicicimimarlik.com,Phishing,mock_Mock_Data_01_08_2025.xlsx,18.0,0.0,0.05555555555555555,0.0,0.0,0.0,0.0,0.0,1.0,18.0,0.0,0.0,0.2777777777777778,0.6666666666666666,0.0,0.0,0.0,1.0,3.0,2.9966241415109933,0.0,0.0,0.0,0.0,0.0,0.0,0.0,0.0,0.0,0.0,0.0,0.0,0.0
biciciyapi.com,Phishing,mock_Mock_Data_01_08_2025.xlsx,14.0,0.0,0.07142857142857142,0.0,0.0,0.0,0.0,0.0,1.0,14.0,0.0,0.0,0.35714285714285715,0.6666666666666666,0.0,0.0,0.0,1.0,3.0,2.8962915290459286,0.0,0.0,0.0,0.0,0.0,0.0,0.0,0.0,0.0,0.0,0.0,0.0,0.0
icicibanklimitedindia.com,Phishing,mock_Mock_Data_01_08_2025.xlsx,25.0,0.0,0.04,0.0,0.0,0.0,0.0,0.0,1.0,25.0,0.0,0.0,0.2,0.6666666666666666,0.0,0.0,0.0,1.0,3.0,3.347601311512056,0.0,0.0,0.0,0.0,0.0,0.0,0.0,0.0,0.0,0.0,0.0,0.0,0.0
iccebank.com,Phishing,mock_Mock_Data_01_08_2025.xlsx,12.0,0.0,0.08333333333333333,0.0,0.0,0.0,0.0,0.0,0.0,12.0,0.0,0.0,0.0,0.2222222222222222,0.0,0.0,0.0,1.0,3.0,3.188721875540867,0.0,0.0,0.0,0.0,0.0,0.0,0.0,0.0,0.0,0.0,0.0,0.0,0.0
icicicustomercare.in,Phishing,mock_Mock_Data_01_08_2025.xlsx,20.0,0.0,0.05,0.0,0.0,0.0,0.0,0.0,1.0,20.0,0.0,0.0,0.25,99.0,0.0,0.0,0.0,0.0,2.0,3.321928094887362,0.0,0.0,0.0,0.0,0.0,0.0,0.0,0.0,0.0,0.0,0.0,0.0,0.0
gpvpn.icicibannk.com,Phishing,mock_Mock_Data_01_08_2025.xlsx,20.0,0.0,0.1,0.0,0.0,0.0,0.0,1.0,1.0,14.0,0.0,0.0,0.35714285714285715,0.1111111111111111,0.0,0.0,0.0,1.0,3.0,3.4086949695628417,0.0,0.0,0.0,0.0,0.0,0.0,0.0,0.0,0.0,0.0,0.0,0.0,0.0
www.icicibank-personalloan-bangalore.digiloan.in,Phishing,mock_Mock_Data_01_08_2025.xlsx,48.0,0.0,0.0625,2.0,0.041666666666666664,0.0,0.0,2.0,2.0,11.0,1.0,0.0,0.45454545454545453,1.0,0.0,0.0,0.0,0.0,2.0,3.8341479170272446,0.0,0.0,0.0,0.0,0.0,0.0,0.0,0.0,0.0,0.0,0.0,0.0,0.0
acqweb.iciciank.com,Phishing,mock_Mock_Data_01_08_2025.xlsx,19.0,0.0,0.10526315789473684,0.0,0.0,0.0,0.0,1.0,1.0,12.0,0.0,0.0,0.4166666666666667,0.1111111111111111,0.0,0.0,0.0,1.0,3.0,3.3660913291191914,0.0,0.0,0.0,0.0,0.0,0.0,0.0,0.0,0.0,0.0,0.0,0.0,0.0
ww25.icici.myclassboard.co,Phishing,mock_Mock_Data_01_08_2025.xlsx,26.0,0.07692307692307693,0.11538461538461539,0.0,0.0,0.0,0.0,2.0,2.0,15.0,1.0,0.0,0.3333333333333333,0.6,0.0,0.0,0.0,0.0,2.0,3.719294525666979,0.0,0.0,0.0,0.0,0.0,0.0,0.0,0.0,0.0,0.0,0.0,0.0,0.0
icici.flg.in,Phishing,mock_Mock_Data_01_08_2025.xlsx,12.0,0.0,0.16666666666666666,0.0,0.0,0.0,0.0,1.0,2.0,6.0,1.0,0.0,0.8333333333333334,0.6,0.0,0.0,0.0,0.0,2.0,2.5849625007211556,0.0,0.0,0.0,0.0,0.0,0.0,0.0,0.0,0.0,0.0,0.0,0.0,0.0
tw.icicbank.com,Phishing,mock_Mock_Data_01_08_2025.xlsx,15.0,0.0,0.13333333333333333,0.0,0.0,0.0,0.0,1.0,0.0,12.0,0.0,0.0,0.0,0.1111111111111111,0.0,0.0,0.0,1.0,3.0,3.32323142879762,0.0,0.0,0.0,0.0,0.0,0.0,0.0,0.0,0.0,0.0,0.0,0.0,0.0
alumni.icicbank.com,Phishing,mock_Mock_Data_01_08_2025.xlsx,19.0,0.0,0.10526315789473684,0.0,0.0,0.0,0.0,1.0,0.0,12.0,0.0,0.0,0.0,0.1111111111111111,0.0,0.0,0.0,1.0,3.0,3.3263604079526936,0.0,0.0,0.0,0.0,0.0,0.0,0.0,0.0,0.0,0.0,0.0,0.0,0.0
icici.five.in,Phishing,mock_Mock_Data_01_08_2025.xlsx,13.0,0.0,0.15384615384615385,0.0,0.0,0.0,0.0,1.0,2.0,7.0,1.0,0.0,0.7142857142857143,0.6,0.0,0.0,0.0,0.0,2.0,2.4996981431844145,0.0,0.0,0.0,0.0,0.0,0.0,0.0,0.0,0.0,0.0,0.0,0.0,0.0
mail.comune.icici-bank.com,Phishing,mock_Mock_Data_01_08_2025.xlsx,26.0,0.0,0.11538461538461539,1.0,0.038461538461538464,0.0,0.0,2.0,1.0,14.0,0.0,0.0,0.35714285714285715,0.25,0.0,0.0,0.0,1.0,3.0,3.4885252948977477,0.0,0.0,0.0,0.0,0.0,0.0,0.0,0.0,0.0,0.0,0.0,0.0,0.0
ww35.icicibannk.com,Phishing,mock_Mock_Data_01_08_2025.xlsx,19.0,0.10526315789473684,0.10526315789473684,0.0,0.0,0.0,0.0,1.0,1.0,14.0,0.0,0.0,0.35714285714285715,0.1111111111111111,0.0,0.0,0.0,1.0,3.0,3.43162356584743,0.0,0.0,0.0,0.0,0.0,0.0,0.0,0.0,0.0,0.0,0.0,0.0,0.0
com.ext.icicbank.com,Phishing,mock_Mock_Data_01_08_2025.xlsx,20.0,0.0,0.15,0.0,0.0,0.0,0.0,2.0,0.0,12.0,0.0,0.0,0.0,0.1111111111111111,0.0,0.0,0.0,1.0,3.0,3.3841837197791884,0.0,0.0,0.0,0.0,0.0,0.0,0.0,0.0,0.0,0.0,0.0,0.0,0.0
icicibank.co.in.familytiessc.com,Phishing,mock_Mock_Data_01_08_2025.xlsx,32.0,0.0,0.125,0.0,0.0,0.0,0.0,3.0,2.0,16.0,1.0,0.0,0.3125,0.6666666666666666,0.0,0.0,0.0,1.0,3.0,3.5900182662886326,0.0,0.0,0.0,0.0,0.0,0.0,0.0,0.0,0.0,0.0,0.0,0.0,0.0
icicibankaccounts.com,Phishing,mock_Mock_Data_01_08_2025.xlsx,21.0,0.0,0.047619047619047616,0.0,0.0,0.0,0.0,0.0,1.0,21.0,0.0,0.0,0.23809523809523808,0.6666666666666666,0.0,0.0,0.0,1.0,3.0,3.3273399000835084,0.0,0.0,0.0,1.0,0.0,0.0,0.0,0.0,0.0,0.0,0.0,0.0,0.0
bk.icicibanklogin.com,Phishing,mock_Mock_Data_01_08_2025.xlsx,21.0,0.0,0.09523809523809523,0.0,0.0,0.0,0.0,1.0,1.0,18.0,0.0,0.0,0.2777777777777778,0.6666666666666666,0.0,0.0,0.0,1.0,3.0,3.308751351247166,1.0,0.0,0.0,0.0,0.0,0.0,0.0,0.0,0.0,0.0,0.0,0.0,0.0
bnk-en.icicibanklogin.com,Phishing,mock_Mock_Data_01_08_2025.xlsx,25.0,0.0,0.08,1.0,0.04,0.0,0.0,1.0,1.0,18.0,0.0,0.0,0.2777777777777778,0.6666666666666666,0.0,0.0,0.0,1.0,3.0,3.4936606896881854,1.0,0.0,0.0,0.0,0.0,0.0,0.0,0.0,0.0,0.0,0.0,0.0,0.0
dgw.icicibanklogin.com,Phishing,mock_Mock_Data_01_08_2025.xlsx,22.0,0.0,0.09090909090909091,0.0,0.0,0.0,0.0,1.0,1.0,18.0,0.0,0.0,0.2777777777777778,0.6666666666666666,0.0,0.0,0.0,1.0,3.0,3.5160276412662297,1.0,0.0,0.0,0.0,0.0,0.0,0.0,0.0,0.0,0.0,0.0,0.0,0.0
ww17.w.icicibanklogin.com,Phishing,mock_Mock_Data_01_08_2025.xlsx,25.0,0.08,0.12,0.0,0.0,0.0,0.0,2.0,1.0,18.0,0.0,0.0,0.2777777777777778,0.6666666666666666,0.0,0.0,0.0,1.0,3.0,3.5932696895151075,1.0,0.0,0.0,0.0,0.0,0.0,0.0,0.0,0.0,0.0,0.0,0.0,0.0
ww25.autodiscover.icicibank.co,Phishing,mock_Mock_Data_01_08_2025.xlsx,30.0,0.06666666666666667,0.1,0.0,0.0,0.0,0.0,2.0,1.0,12.0,0.0,0.0,0.4166666666666667,99.0,0.0,0.0,0.0,0.0,2.0,3.9232314287976204,0.0,0.0,0.0,0.0,0.0,0.0,0.0,0.0,0.0,0.0,0.0,0.0,0.0
www.icicibankpersonalloanbangalore.digitloan.in,Phishing,mock_Mock_Data_01_08_2025.xlsx,47.0,0.0,0.06382978723404255,0.0,0.0,0.0,0.0,2.0,2.0,12.0,1.0,0.0,0.4166666666666667,1.0,0.0,0.0,0.0,0.0,2.0,3.80907608535194,0.0,0.0,0.0,0.0,0.0,0.0,0.0,0.0,0.0,0.0,0.0,0.0,0.0
iccank.net,Phishing,mock_Mock_Data_01_08_2025.xlsx,10.0,0.0,0.1,0.0,0.0,0.0,0.0,0.0,0.0,10.0,0.0,0.0,0.0,0.3333333333333333,0.0,0.0,0.0,1.0,3.0,2.9219280948873623,0.0,0.0,0.0,0.0,0.0,0.0,0.0,0.0,0.0,0.0,0.0,0.0,0.0
icici.dev.sharajman.com,Phishing,mock_Mock_Data_01_08_2025.xlsx,23.0,0.0,0.13043478260869565,0.0,0.0,0.0,0.0,2.0,2.0,13.0,1.0,0.0,0.38461538461538464,0.6,0.0,0.0,0.0,1.0,3.0,3.609668477419888,0.0,0.0,0.0,0.0,0.0,0.0,0.0,0.0,0.0,0.0,0.0,0.0,0.0
icicicic.cn,Phishing,mock_Mock_Data_01_08_2025.xlsx,11.0,0.0,0.09090909090909091,0.0,0.0,0.0,0.0,0.0,1.0,11.0,0.0,1.0,0.45454545454545453,0.6,0.0,0.0,0.0,0.0,2.0,1.6767370300521325,0.0,0.0,0.0,0.0,0.0,0.0,0.0,0.0,0.0,0.0,0.0,0.0,0.0
icici.kudosfinance.in,Phishing,mock_Mock_Data_01_08_2025.xlsx,21.0,0.0,0.09523809523809523,0.0,0.0,0.0,0.0,1.0,2.0,15.0,1.0,0.0,0.3333333333333333,0.6,0.0,0.0,0.0,0.0,2.0,3.2913928761709617,0.0,0.0,0.0,0.0,0.0,0.0,0.0,0.0,0.0,0.0,0.0,0.0,0.0
icici.cdotbihar.org,Phishing,mock_Mock_Data_01_08_2025.xlsx,19.0,0.0,0.10526315789473684,0.0,0.0,0.0,0.0,1.0,2.0,13.0,1.0,0.0,0.38461538461538464,0.6,0.0,0.0,0.0,1.0,3.0,3.2608281712244547,0.0,0.0,0.0,0.0,0.0,0.0,0.0,0.0,0.0,0.0,0.0,0.0,0.0
icicibank.nu,Phishing,mock_Mock_Data_01_08_2025.xlsx,12.0,0.0,0.08333333333333333,0.0,0.0,0.0,0.0,0.0,1.0,12.0,0.0,0.0,0.4166666666666667,99.0,0.0,0.0,0.0,0.0,2.0,2.8553885422075336,0.0,0.0,0.0,0.0,0.0,0.0,0.0,0.0,0.0,0.0,0.0,0.0,0.0
cici.city,Phishing,mock_Mock_Data_01_08_2025.xlsx,9.0,0.0,0.1111111111111111,0.0,0.0,0.0,0.0,0.0,0.0,9.0,0.0,0.0,0.0,0.2,0.0,0.0,0.0,0.0,4.0,2.113283334294875,0.0,0.0,0.0,0.0,0.0,0.0,0.0,0.0,0.0,0.0,0.0,0.0,0.0
cicici.net,Phishing,mock_Mock_Data_01_08_2025.xlsx,10.0,0.0,0.1,0.0,0.0,0.0,0.0,0.0,1.0,10.0,0.0,0.0,0.5,0.2,0.0,0.0,0.0,1.0,3.0,2.3709505944546687,0.0,0.0,0.0,0.0,0.0,0.0,0.0,0.0,0.0,0.0,0.0,0.0,0.0
icicibankltd.ph,Phishing,mock_Mock_Data_01_08_2025.xlsx,15.0,0.0,0.06666666666666667,0.0,0.0,0.0,0.0,0.0,1.0,15.0,0.0,0.0,0.3333333333333333,0.3333333333333333,0.0,0.0,0.0,0.0,2.0,3.456564762130953,0.0,0.0,0.0,0.0,0.0,0.0,0.0,0.0,0.0,0.0,0.0,0.0,0.0
demo.icicihfc.gravithy.com,Phishing,mock_Mock_Data_01_08_2025.xlsx,26.0,0.0,0.11538461538461539,0.0,0.0,0.0,0.0,2.0,2.0,12.0,1.0,0.0,0.4166666666666667,0.6,0.0,0.0,0.0,1.0,3.0,3.671405583442497,0.0,0.0,0.0,0.0,0.0,0.0,0.0,0.0,0.0,0.0,0.0,0.0,0.0
foreveryoung.vip,Phishing,mock_Mock_Data_01_08_2025.xlsx,16.0,0.0,0.0625,0.0,0.0,0.0,0.0,0.0,0.0,16.0,0.0,0.0,0.0,0.6666666666666666,0.0,0.0,0.0,0.0,3.0,3.5,0.0,0.0,0.0,0.0,0.0,0.0,0.0,0.0,0.0,0.0,0.0,0.0,0.0
advantage.finance,Phishing,mock_Mock_Data_01_08_2025.xlsx,17.0,0.0,0.058823529411764705,0.0,0.0,0.0,0.0,0.0,0.0,17.0,0.0,0.0,0.0,99.0,0.0,0.0,0.0,0.0,7.0,3.2195282822995477,0.0,0.0,0.0,0.0,0.0,0.0,0.0,0.0,0.0,0.0,0.0,0.0,0.0
icicibank-data.pilotlogistics.com,Phishing,mock_Mock_Data_01_08_2025.xlsx,33.0,0.0,0.06060606060606061,1.0,0.030303030303030304,0.0,0.0,1.0,2.0,18.0,1.0,0.0,0.2777777777777778,0.6666666666666666,0.0,0.0,0.0,1.0,3.0,3.7178960129700496,0.0,0.0,0.0,0.0,0.0,0.0,0.0,0.0,0.0,0.0,0.0,0.0,0.0
nlnlkicicibank-staging.kaluga24.tv,Phishing,mock_Mock_Data_01_08_2025.xlsx,34.0,0.058823529411764705,0.058823529411764705,1.0,0.029411764705882353,0.0,0.0,1.0,2.0,11.0,1.0,0.0,0.45454545454545453,99.0,0.0,0.0,0.0,0.0,2.0,3.7855610028241515,0.0,0.0,0.0,0.0,0.0,0.0,0.0,0.0,0.0,0.0,0.0,0.0,0.0
icicci.com,Phishing,mock_Mock_Data_01_08_2025.xlsx,10.0,0.0,0.1,0.0,0.0,0.0,0.0,0.0,0.0,10.0,0.0,0.0,0.0,0.2,0.0,0.0,0.0,1.0,3.0,2.0464393446710156,0.0,0.0,0.0,0.0,0.0,0.0,0.0,0.0,0.0,0.0,0.0,0.0,0.0
iciclient.com,Phishing,mock_Mock_Data_01_08_2025.xlsx,13.0,0.0,0.07692307692307693,0.0,0.0,0.0,0.0,0.0,0.0,13.0,0.0,0.0,0.0,0.6666666666666666,0.0,0.0,0.0,1.0,3.0,2.9689185639620974,0.0,0.0,0.0,0.0,0.0,0.0,0.0,0.0,0.0,0.0,0.0,0.0,0.0
icicibnk.ae,Phishing,mock_Mock_Data_01_08_2025.xlsx,11.0,0.0,0.09090909090909091,0.0,0.0,0.0,0.0,0.0,1.0,11.0,0.0,0.0,0.45454545454545453,0.1111111111111111,0.0,0.0,0.0,0.0,2.0,2.8453509366224368,0.0,0.0,0.0,0.0,0.0,0.0,0.0,0.0,0.0,0.0,0.0,0.0,0.0
icic.r.top,Phishing,mock_Mock_Data_01_08_2025.xlsx,10.0,0.0,0.2,0.0,0.0,0.0,0.0,1.0,0.0,5.0,0.0,1.0,0.0,0.2,0.0,0.0,0.0,0.0,3.0,2.721928094887362,0.0,0.0,0.0,0.0,0.0,0.0,0.0,0.0,0.0,0.0,0.0,0.0,0.0
icici-lombard.fm,Phishing,mock_Mock_Data_01_08_2025.xlsx,16.0,0.0,0.0625,1.0,0.0625,0.0,0.0,0.0,1.0,16.0,0.0,0.0,0.3125,0.6,0.0,0.0,0.0,0.0,2.0,3.452819531114783,0.0,0.0,0.0,0.0,0.0,0.0,0.0,0.0,0.0,0.0,0.0,0.0,0.0
icici-lombard.la,Phishing,mock_Mock_Data_01_08_2025.xlsx,16.0,0.0,0.0625,1.0,0.0625,0.0,0.0,0.0,1.0,16.0,0.0,0.0,0.3125,0.6,0.0,0.0,0.0,0.0,2.0,3.327819531114783,0.0,0.0,0.0,0.0,0.0,0.0,0.0,0.0,0.0,0.0,0.0,0.0,0.0
icicudirect.co,Phishing,mock_Mock_Data_01_08_2025.xlsx,14.0,0.0,0.07142857142857142,0.0,0.0,0.0,0.0,0.0,0.0,14.0,0.0,0.0,0.0,99.0,0.0,0.0,0.0,0.0,2.0,2.8962915290459286,0.0,0.0,0.0,0.0,0.0,0.0,0.0,0.0,0.0,0.0,0.0,0.0,0.0
icicidirect.me,Phishing,mock_Mock_Data_01_08_2025.xlsx,14.0,0.0,0.07142857142857142,0.0,0.0,0.0,0.0,0.0,1.0,14.0,0.0,0.0,0.35714285714285715,99.0,0.0,0.0,0.0,0.0,2.0,2.7534343861887853,0.0,0.0,0.0,0.0,0.0,0.0,0.0,0.0,0.0,0.0,0.0,0.0,0.0
icividirect.com,Phishing,mock_Mock_Data_01_08_2025.xlsx,15.0,0.0,0.06666666666666667,0.0,0.0,0.0,0.0,0.0,0.0,15.0,0.0,0.0,0.0,0.6666666666666666,0.0,0.0,0.0,1.0,3.0,3.0565647621309537,0.0,0.0,0.0,0.0,0.0,0.0,0.0,0.0,0.0,0.0,0.0,0.0,0.0
icicldirect.co,Phishing,mock_Mock_Data_01_08_2025.xlsx,14.0,0.0,0.07142857142857142,0.0,0.0,0.0,0.0,0.0,0.0,14.0,0.0,0.0,0.0,99.0,0.0,0.0,0.0,0.0,2.0,2.8962915290459286,0.0,0.0,0.0,0.0,0.0,0.0,0.0,0.0,0.0,0.0,0.0,0.0,0.0
iclcidirect.co,Phishing,mock_Mock_Data_01_08_2025.xlsx,14.0,0.0,0.07142857142857142,0.0,0.0,0.0,0.0,0.0,0.0,14.0,0.0,0.0,0.0,99.0,0.0,0.0,0.0,0.0,2.0,2.8962915290459286,0.0,0.0,0.0,0.0,0.0,0.0,0.0,0.0,0.0,0.0,0.0,0.0,0.0
ivicidirect.com,Phishing,mock_Mock_Data_01_08_2025.xlsx,15.0,0.0,0.06666666666666667,0.0,0.0,0.0,0.0,0.0,0.0,15.0,0.0,0.0,0.0,0.6666666666666666,0.0,0.0,0.0,1.0,3.0,3.0565647621309537,0.0,0.0,0.0,0.0,0.0,0.0,0.0,0.0,0.0,0.0,0.0,0.0,0.0
icicidireft.co,Phishing,mock_Mock_Data_01_08_2025.xlsx,14.0,0.0,0.07142857142857142,0.0,0.0,0.0,0.0,0.0,1.0,14.0,0.0,0.0,0.35714285714285715,99.0,0.0,0.0,0.0,0.0,2.0,2.8962915290459286,0.0,0.0,0.0,0.0,0.0,0.0,0.0,0.0,0.0,0.0,0.0,0.0,0.0
dsaicicibank.com,Phishing,mock_Mock_Data_01_08_2025.xlsx,16.0,0.0,0.0625,0.0,0.0,0.0,0.0,0.0,1.0,16.0,0.0,0.0,0.3125,0.3333333333333333,0.0,0.0,0.0,1.0,3.0,3.2806390622295662,0.0,0.0,0.0,0.0,0.0,0.0,0.0,0.0,0.0,0.0,0.0,0.0,0.0
foreveryoung.recipes,Phishing,mock_Mock_Data_01_08_2025.xlsx,20.0,0.0,0.05,0.0,0.0,0.0,0.0,0.0,0.0,20.0,0.0,0.0,0.0,99.0,0.0,0.0,0.0,0.0,7.0,3.5841837197791886,0.0,0.0,0.0,0.0,0.0,0.0,0.0,0.0,0.0,0.0,0.0,0.0,0.0
qkns-icici-prod1-centralindia-01.regional.azure-api.net,Phishing,mock_Mock_Data_01_08_2025.xlsx,55.0,0.05454545454545454,0.05454545454545454,5.0,0.09090909090909091,0.0,0.0,2.0,2.0,13.0,1.0,0.0,0.38461538461538464,0.6,0.0,0.0,0.0,1.0,3.0,4.10881097021483,0.0,0.0,0.0,0.0,0.0,0.0,0.0,0.0,0.0,0.0,0.0,0.0,0.0
qkns-icici-prod1.configuration.azure-api.net,Phishing,mock_Mock_Data_01_08_2025.xlsx,44.0,0.022727272727272728,0.06818181818181818,3.0,0.06818181818181818,0.0,0.0,2.0,2.0,13.0,1.0,0.0,0.38461538461538464,0.6,0.0,0.0,0.0,1.0,3.0,4.0949066182439395,0.0,0.0,0.0,0.0,0.0,0.0,0.0,0.0,0.0,0.0,0.0,0.0,0.0
icicilombardgeneral.com,Phishing,mock_Mock_Data_01_08_2025.xlsx,23.0,0.0,0.043478260869565216,0.0,0.0,0.0,0.0,0.0,1.0,23.0,0.0,0.0,0.21739130434782608,0.6666666666666666,0.0,0.0,0.0,1.0,3.0,3.588354347173234,0.0,0.0,0.0,0.0,0.0,0.0,0.0,0.0,0.0,0.0,0.0,0.0,0.0
qkns-icici-prod1.management.azure-api.net,Phishing,mock_Mock_Data_01_08_2025.xlsx,41.0,0.024390243902439025,0.07317073170731707,3.0,0.07317073170731707,0.0,0.0,2.0,2.0,13.0,1.0,0.0,0.38461538461538464,0.6,0.0,0.0,0.0,1.0,3.0,4.101216028902793,0.0,0.0,0.0,0.0,0.0,0.0,0.0,0.0,0.0,0.0,0.0,0.0,0.0
qkns-icici-prod1.portal.azure-api.net,Phishing,mock_Mock_Data_01_08_2025.xlsx,37.0,0.02702702702702703,0.08108108108108109,3.0,0.08108108108108109,0.0,0.0,2.0,2.0,13.0,1.0,0.0,0.38461538461538464,0.5,0.0,0.0,0.0,1.0,3.0,4.080414513985239,0.0,0.0,0.0,0.0,0.0,0.0,0.0,0.0,0.0,0.0,0.0,0.0,0.0
qkns-icici-prod1.scm.azure-api.net,Phishing,mock_Mock_Data_01_08_2025.xlsx,34.0,0.029411764705882353,0.08823529411764706,3.0,0.08823529411764706,0.0,0.0,2.0,2.0,13.0,1.0,0.0,0.38461538461538464,0.6,0.0,0.0,0.0,1.0,3.0,4.0796786498829745,0.0,0.0,0.0,0.0,0.0,0.0,0.0,0.0,0.0,0.0,0.0,0.0,0.0
qkns-icici-prod1.unique.azure-api.net,Phishing,mock_Mock_Data_01_08_2025.xlsx,37.0,0.02702702702702703,0.08108108108108109,3.0,0.08108108108108109,0.0,0.0,2.0,2.0,13.0,1.0,0.0,0.38461538461538464,0.6,0.0,0.0,0.0,1.0,3.0,3.982856663324784,0.0,0.0,0.0,0.0,0.0,0.0,0.0,0.0,0.0,0.0,0.0,0.0,0.0
qkns-icici-prod1.unique.developer.azure-api.net,Phishing,mock_Mock_Data_01_08_2025.xlsx,47.0,0.02127659574468085,0.0851063829787234,3.0,0.06382978723404255,0.0,0.0,3.0,2.0,13.0,1.0,0.0,0.38461538461538464,0.6,0.0,0.0,0.0,1.0,3.0,4.088762192324848,0.0,0.0,0.0,0.0,0.0,0.0,0.0,0.0,0.0,0.0,0.0,0.0,0.0
eiciciportal.loginsupport.in,Phishing,mock_Mock_Data_01_08_2025.xlsx,28.0,0.0,0.07142857142857142,0.0,0.0,0.0,0.0,1.0,2.0,15.0,1.0,0.0,0.3333333333333333,99.0,0.0,0.0,0.0,0.0,2.0,3.624518654958899,1.0,0.0,0.0,0.0,0.0,0.0,1.0,0.0,0.0,0.0,0.0,0.0,0.0
universal-api-dot-icicibank-c4m.appspot.com,Phishing,mock_Mock_Data_01_08_2025.xlsx,43.0,0.023255813953488372,0.046511627906976744,4.0,0.09302325581395349,0.0,0.0,1.0,2.0,11.0,1.0,0.0,0.45454545454545453,0.6666666666666666,0.0,0.0,0.0,1.0,3.0,4.068950150595115,0.0,0.0,0.0,0.0,0.0,0.0,0.0,0.0,0.0,0.0,0.0,0.0,0.0
icicibankconnect.co,Phishing,mock_Mock_Data_01_08_2025.xlsx,19.0,0.0,0.05263157894736842,0.0,0.0,0.0,0.0,0.0,1.0,19.0,0.0,0.0,0.2631578947368421,99.0,0.0,0.0,0.0,0.0,2.0,3.031116172456019,0.0,0.0,0.0,0.0,0.0,0.0,0.0,0.0,0.0,0.0,0.0,0.0,0.0
icicilombardoverseastravelinsurance.ooo,Phishing,mock_Mock_Data_01_08_2025.xlsx,39.0,0.0,0.02564102564102564,0.0,0.0,0.0,0.0,0.0,1.0,39.0,0.0,0.0,0.1282051282051282,0.6666666666666666,0.0,0.0,0.0,0.0,3.0,3.769519770688819,0.0,0.0,0.0,0.0,0.0,0.0,0.0,0.0,0.0,0.0,0.0,0.0,0.0
icicilombard24x7.ooo,Phishing,mock_Mock_Data_01_08_2025.xlsx,20.0,0.15,0.05,0.0,0.0,0.0,0.0,0.0,1.0,20.0,0.0,0.0,0.25,0.6666666666666666,0.0,0.0,0.0,0.0,3.0,3.5841837197791886,0.0,0.0,0.0,0.0,0.0,0.0,0.0,0.0,0.0,0.0,0.0,0.0,0.0
icicibankonnect.in,Phishing,mock_Mock_Data_01_08_2025.xlsx,18.0,0.0,0.05555555555555555,0.0,0.0,0.0,0.0,0.0,1.0,18.0,0.0,0.0,0.2777777777777778,99.0,0.0,0.0,0.0,0.0,2.0,3.016875695766564,0.0,0.0,0.0,0.0,0.0,0.0,0.0,0.0,0.0,0.0,0.0,0.0,0.0
icici.cc,Phishing,mock_Mock_Data_01_08_2025.xlsx,8.0,0.0,0.125,0.0,0.0,0.0,0.0,0.0,1.0,8.0,0.0,0.0,0.625,0.6,0.0,0.0,0.0,0.0,2.0,1.4056390622295665,0.0,0.0,0.0,0.0,0.0,0.0,0.0,0.0,0.0,0.0,0.0,0.0,0.0
icici.manjusree.com,Phishing,mock_Mock_Data_01_08_2025.xlsx,19.0,0.0,0.10526315789473684,0.0,0.0,0.0,0.0,1.0,2.0,13.0,1.0,0.0,0.38461538461538464,0.6,0.0,0.0,0.0,1.0,3.0,3.4316235658474303,0.0,0.0,0.0,0.0,0.0,0.0,0.0,0.0,0.0,0.0,0.0,0.0,0.0
icicibanksales.com,Phishing,mock_Mock_Data_01_08_2025.xlsx,18.0,0.0,0.05555555555555555,0.0,0.0,0.0,0.0,0.0,1.0,18.0,0.0,0.0,0.2777777777777778,0.6666666666666666,0.0,0.0,0.0,1.0,3.0,3.419381945646371,0.0,0.0,0.0,0.0,0.0,0.0,0.0,0.0,0.0,0.0,0.0,0.0,0.0
icicihfc.foxboxrewards.com,Phishing,mock_Mock_Data_01_08_2025.xlsx,26.0,0.0,0.07692307692307693,0.0,0.0,0.0,0.0,1.0,2.0,17.0,1.0,0.0,0.29411764705882354,0.6,0.0,0.0,0.0,1.0,3.0,3.719294525666979,0.0,0.0,0.0,0.0,0.0,0.0,0.0,0.0,0.0,0.0,0.0,0.0,0.0
icicibanknet.com,Phishing,mock_Mock_Data_01_08_2025.xlsx,16.0,0.0,0.0625,0.0,0.0,0.0,0.0,0.0,1.0,16.0,0.0,0.0,0.3125,0.3333333333333333,0.0,0.0,0.0,1.0,3.0,3.2806390622295662,0.0,0.0,0.0,0.0,0.0,0.0,0.0,0.0,0.0,0.0,0.0,0.0,0.0
icicibankpaytm.com,Phishing,mock_Mock_Data_01_08_2025.xlsx,18.0,0.0,0.05555555555555555,0.0,0.0,0.0,0.0,0.0,1.0,18.0,0.0,0.0,0.2777777777777778,0.6666666666666666,0.0,0.0,0.0,1.0,3.0,3.419381945646371,0.0,0.0,0.0,0.0,0.0,0.0,0.0,0.0,0.0,0.0,0.0,0.0,0.0
icicibank.bo,Phishing,mock_Mock_Data_01_08_2025.xlsx,12.0,0.0,0.08333333333333333,0.0,0.0,0.0,0.0,0.0,1.0,12.0,0.0,0.0,0.4166666666666667,99.0,0.0,0.0,0.0,0.0,2.0,2.8553885422075336,0.0,0.0,0.0,0.0,0.0,0.0,0.0,0.0,0.0,0.0,0.0,0.0,0.0
hussam22icici.website,Phishing,mock_Mock_Data_01_08_2025.xlsx,21.0,0.09523809523809523,0.047619047619047616,0.0,0.0,0.0,0.0,0.0,1.0,21.0,0.0,0.0,0.23809523809523808,99.0,0.0,0.0,0.0,0.0,7.0,3.4992275417233563,0.0,0.0,0.0,0.0,0.0,0.0,0.0,0.0,0.0,0.0,0.0,0.0,0.0
icicicorporatebanking.co.in,Phishing,mock_Mock_Data_01_08_2025.xlsx,27.0,0.0,0.07407407407407407,0.0,0.0,0.0,0.0,1.0,2.0,5.0,1.0,0.0,1.0,99.0,0.0,0.0,0.0,0.0,2.0,3.4541684103574046,0.0,0.0,0.0,0.0,0.0,0.0,0.0,1.0,0.0,0.0,0.0,0.0,0.0
encryption-icicibank.snnhbdwfk.ru,Phishing,mock_Mock_Data_01_08_2025.xlsx,33.0,0.0,0.06060606060606061,1.0,0.030303030303030304,0.0,0.0,1.0,2.0,12.0,1.0,0.0,0.4166666666666667,99.0,0.0,0.0,0.0,0.0,2.0,4.063650847340264,0.0,0.0,0.0,0.0,0.0,0.0,0.0,0.0,0.0,0.0,0.0,0.0,0.0
icicimaster.kittybloger.strutlearning.com,Phishing,mock_Mock_Data_01_08_2025.xlsx,41.0,0.0,0.07317073170731707,0.0,0.0,0.0,0.0,2.0,2.0,17.0,1.0,0.0,0.29411764705882354,0.6666666666666666,0.0,0.0,0.0,1.0,3.0,3.906724115462864,0.0,0.0,0.0,0.0,0.0,0.0,0.0,0.0,0.0,0.0,0.0,0.0,0.0
icicibank.cardservice.in,Phishing,mock_Mock_Data_01_08_2025.xlsx,24.0,0.0,0.08333333333333333,0.0,0.0,0.0,0.0,1.0,2.0,14.0,1.0,0.0,0.35714285714285715,99.0,0.0,0.0,0.0,0.0,2.0,3.351227480952956,0.0,0.0,0.0,0.0,0.0,0.0,0.0,0.0,0.0,0.0,0.0,0.0,0.0
cicibnk.online,Phishing,mock_Mock_Data_01_08_2025.xlsx,14.0,0.0,0.07142857142857142,0.0,0.0,0.0,0.0,0.0,0.0,14.0,0.0,1.0,0.0,0.2222222222222222,0.0,0.0,0.0,0.0,6.0,2.9852281360342525,0.0,0.0,0.0,0.0,0.0,0.0,0.0,0.0,0.0,0.0,0.0,0.0,0.0
icicilombardtravel.com,Phishing,mock_Mock_Data_01_08_2025.xlsx,22.0,0.0,0.045454545454545456,0.0,0.0,0.0,0.0,0.0,1.0,22.0,0.0,0.0,0.22727272727272727,0.6666666666666666,0.0,0.0,0.0,1.0,3.0,3.572623663895164,0.0,0.0,0.0,0.0,0.0,0.0,0.0,0.0,0.0,0.0,0.0,0.0,0.0
icici.git.gitlab.git.git.winetrove.co.uk,Phishing,mock_Mock_Data_01_08_2025.xlsx,40.0,0.0,0.175,0.0,0.0,0.0,0.0,6.0,2.0,5.0,1.0,0.0,1.0,0.6,0.0,0.0,0.0,0.0,2.0,3.5215277841122736,0.0,0.0,0.0,0.0,0.0,0.0,0.0,0.0,0.0,0.0,0.0,0.0,0.0
icici.platinum.cc,Phishing,mock_Mock_Data_01_08_2025.xlsx,17.0,0.0,0.11764705882352941,0.0,0.0,0.0,0.0,1.0,2.0,11.0,1.0,0.0,0.45454545454545453,0.6,0.0,0.0,0.0,0.0,2.0,3.028639311838575,0.0,0.0,0.0,0.0,0.0,0.0,0.0,0.0,0.0,0.0,0.0,0.0,0.0
icici.indiafilings.com,Phishing,mock_Mock_Data_01_08_2025.xlsx,22.0,0.0,0.09090909090909091,0.0,0.0,0.0,0.0,1.0,2.0,16.0,1.0,0.0,0.3125,0.6,0.0,0.0,0.0,1.0,3.0,3.16823289333881,0.0,0.0,0.0,0.0,0.0,0.0,0.0,0.0,0.0,0.0,0.0,0.0,0.0
accounts.icici.eximfiles.io,Phishing,mock_Mock_Data_01_08_2025.xlsx,27.0,0.0,0.1111111111111111,0.0,0.0,0.0,0.0,2.0,2.0,12.0,1.0,0.0,0.4166666666666667,0.6,0.0,0.0,0.0,0.0,2.0,3.48582592784901,0.0,0.0,0.0,1.0,0.0,0.0,0.0,0.0,0.0,0.0,0.0,0.0,0.0
icici.bankifsccode.finance,Phishing,mock_Mock_Data_01_08_2025.xlsx,26.0,0.0,0.07692307692307693,0.0,0.0,0.0,0.0,1.0,2.0,20.0,1.0,0.0,0.25,0.6,0.0,0.0,0.0,0.0,7.0,3.316817854639665,0.0,0.0,0.0,0.0,0.0,0.0,0.0,0.0,0.0,0.0,0.0,0.0,0.0
assets.icicibank.com.mcas.ms,Phishing,mock_Mock_Data_01_08_2025.xlsx,28.0,0.0,0.14285714285714285,0.0,0.0,0.0,0.0,3.0,2.0,7.0,1.0,0.0,0.7142857142857143,0.6666666666666666,0.0,0.0,0.0,0.0,2.0,3.311844101310203,0.0,0.0,0.0,0.0,0.0,0.0,0.0,0.0,0.0,0.0,0.0,0.0,0.0
assets.icicibank.com.admin-mcas.ms,Phishing,mock_Mock_Data_01_08_2025.xlsx,34.0,0.0,0.11764705882352941,1.0,0.029411764705882353,0.0,0.0,3.0,2.0,13.0,1.0,0.0,0.38461538461538464,0.6666666666666666,0.0,0.0,0.0,0.0,2.0,3.510708709649257,0.0,0.0,0.0,0.0,0.0,0.0,0.0,0.0,0.0,0.0,0.0,0.0,0.0
icici-icici-stagingproxy.cloud.sitefinity.com,Phishing,mock_Mock_Data_01_08_2025.xlsx,45.0,0.0,0.06666666666666667,2.0,0.044444444444444446,0.0,0.0,2.0,2.0,14.0,1.0,0.0,0.35714285714285715,0.6,0.0,0.0,0.0,1.0,3.0,3.8697704638920984,0.0,0.0,0.0,0.0,0.0,0.0,0.0,0.0,0.0,0.0,0.0,0.0,0.0
iciciservices.dspfastrecharge.com,Phishing,mock_Mock_Data_01_08_2025.xlsx,33.0,0.0,0.06060606060606061,0.0,0.0,0.0,0.0,1.0,2.0,19.0,1.0,0.0,0.2631578947368421,0.6666666666666666,0.0,0.0,0.0,1.0,3.0,3.7000144837038995,0.0,0.0,0.0,0.0,0.0,0.0,0.0,0.0,0.0,0.0,0.0,0.0,0.0
bk.ciibank.de,Phishing,mock_Mock_Data_01_08_2025.xlsx,13.0,0.0,0.15384615384615385,0.0,0.0,0.0,0.0,1.0,0.0,10.0,0.0,0.0,0.0,0.2222222222222222,0.0,0.0,0.0,0.0,2.0,3.085055102756477,0.0,0.0,0.0,0.0,0.0,0.0,0.0,0.0,0.0,0.0,0.0,0.0,0.0
icici.luxindustries.com,Phishing,mock_Mock_Data_01_08_2025.xlsx,23.0,0.0,0.08695652173913043,0.0,0.0,0.0,0.0,1.0,2.0,17.0,1.0,0.0,0.29411764705882354,0.6,0.0,0.0,0.0,1.0,3.0,3.551191174465697,0.0,0.0,0.0,0.0,0.0,0.0,0.0,0.0,0.0,0.0,0.0,0.0,0.0
icici.fanz.in,Phishing,mock_Mock_Data_01_08_2025.xlsx,13.0,0.0,0.15384615384615385,0.0,0.0,0.0,0.0,1.0,2.0,7.0,1.0,0.0,0.7142857142857143,0.6,0.0,0.0,0.0,0.0,2.0,2.623516641218015,0.0,0.0,0.0,0.0,0.0,0.0,0.0,0.0,0.0,0.0,0.0,0.0,0.0
icicibank-staging.kinokong.cc,Phishing,mock_Mock_Data_01_08_2025.xlsx,29.0,0.0,0.06896551724137931,1.0,0.034482758620689655,0.0,0.0,1.0,2.0,11.0,1.0,0.0,0.45454545454545453,99.0,0.0,0.0,0.0,0.0,2.0,3.3711045993081323,0.0,0.0,0.0,0.0,0.0,0.0,0.0,0.0,0.0,0.0,0.0,0.0,0.0
howtoredeemicicicreditcardrewardpointsonline.ml,Phishing,mock_Mock_Data_01_08_2025.xlsx,47.0,0.0,0.02127659574468085,0.0,0.0,0.0,0.0,0.0,1.0,47.0,0.0,1.0,0.10638297872340426,99.0,0.0,0.0,0.0,0.0,2.0,3.764398096626198,0.0,0.0,0.0,0.0,0.0,0.0,0.0,0.0,0.0,0.0,0.0,0.0,0.0
eest.in,Phishing,mock_Mock_Data_01_08_2025.xlsx,7.0,0.0,0.14285714285714285,0.0,0.0,0.0,0.0,0.0,0.0,7.0,0.0,0.0,0.0,99.0,0.0,0.0,0.0,0.0,2.0,2.521640636343318,0.0,0.0,0.0,0.0,0.0,0.0,0.0,0.0,0.0,0.0,0.0,0.0,0.0
www.surcation.com,Phishing,mock_Mock_Data_01_08_2025.xlsx,17.0,0.0,0.11764705882352941,0.0,0.0,0.0,0.0,1.0,0.0,13.0,0.0,0.0,0.0,0.6666666666666666,0.0,0.0,0.0,1.0,3.0,3.4548223999466066,0.0,0.0,0.0,0.0,0.0,0.0,0.0,0.0,0.0,0.0,0.0,0.0,0.0
icicit.cn,Phishing,mock_Mock_Data_01_08_2025.xlsx,9.0,0.0,0.1111111111111111,0.0,0.0,0.0,0.0,0.0,1.0,9.0,0.0,1.0,0.5555555555555556,0.2,0.0,0.0,0.0,0.0,2.0,2.113283334294875,0.0,0.0,0.0,0.0,0.0,0.0,0.0,0.0,0.0,0.0,0.0,0.0,0.0
oticicith.ml,Phishing,mock_Mock_Data_01_08_2025.xlsx,12.0,0.0,0.08333333333333333,0.0,0.0,0.0,0.0,0.0,1.0,12.0,0.0,1.0,0.4166666666666667,99.0,0.0,0.0,0.0,0.0,2.0,2.8553885422075336,0.0,0.0,0.0,0.0,0.0,0.0,0.0,0.0,0.0,0.0,0.0,0.0,0.0
iscconline.com,Phishing,mock_Mock_Data_01_08_2025.xlsx,14.0,0.0,0.07142857142857142,0.0,0.0,0.0,0.0,0.0,0.0,14.0,0.0,0.0,0.0,0.6666666666666666,0.0,0.0,0.0,1.0,3.0,3.039148671903071,0.0,0.0,0.0,0.0,0.0,0.0,0.0,0.0,0.0,0.0,0.0,0.0,0.0
mobileicicibank.com,Phishing,mock_Mock_Data_01_08_2025.xlsx,19.0,0.0,0.05263157894736842,0.0,0.0,0.0,0.0,0.0,1.0,19.0,0.0,0.0,0.2631578947368421,0.6666666666666666,0.0,0.0,0.0,1.0,3.0,3.2608281712244547,0.0,0.0,0.0,0.0,0.0,0.0,0.0,0.0,0.0,0.0,0.0,0.0,0.0
comicicidirect.com,Phishing,mock_Mock_Data_01_08_2025.xlsx,18.0,0.0,0.05555555555555555,0.0,0.0,0.0,0.0,0.0,1.0,18.0,0.0,0.0,0.2777777777777778,0.6666666666666666,0.0,0.0,0.0,1.0,3.0,2.8582783084180448,0.0,0.0,0.0,0.0,0.0,0.0,0.0,0.0,0.0,0.0,0.0,0.0,0.0
iciciauction.com,Phishing,mock_Mock_Data_01_08_2025.xlsx,16.0,0.0,0.0625,0.0,0.0,0.0,0.0,0.0,1.0,16.0,0.0,0.0,0.3125,0.6666666666666666,0.0,0.0,0.0,1.0,3.0,2.875,0.0,0.0,0.0,0.0,0.0,0.0,0.0,0.0,0.0,0.0,0.0,0.0,0.0
icicit.net,Phishing,mock_Mock_Data_01_08_2025.xlsx,10.0,0.0,0.1,0.0,0.0,0.0,0.0,0.0,1.0,10.0,0.0,0.0,0.5,0.2,0.0,0.0,0.0,1.0,3.0,2.4464393446710155,0.0,0.0,0.0,0.0,0.0,0.0,0.0,0.0,0.0,0.0,0.0,0.0,0.0
icicivehichleinsurance.com,Phishing,mock_Mock_Data_01_08_2025.xlsx,26.0,0.0,0.038461538461538464,0.0,0.0,0.0,0.0,0.0,1.0,26.0,0.0,0.0,0.19230769230769232,0.6666666666666666,0.0,0.0,0.0,1.0,3.0,3.470664008485819,0.0,0.0,0.0,0.0,0.0,0.0,0.0,0.0,0.0,0.0,0.0,0.0,0.0
icicibankhyd.com,Phishing,mock_Mock_Data_01_08_2025.xlsx,16.0,0.0,0.0625,0.0,0.0,0.0,0.0,0.0,1.0,16.0,0.0,0.0,0.3125,0.3333333333333333,0.0,0.0,0.0,1.0,3.0,3.4056390622295662,0.0,0.0,0.0,0.0,0.0,0.0,0.0,0.0,0.0,0.0,0.0,0.0,0.0
icibank.org,Phishing,mock_Mock_Data_01_08_2025.xlsx,11.0,0.0,0.09090909090909091,0.0,0.0,0.0,0.0,0.0,0.0,11.0,0.0,0.0,0.0,0.2222222222222222,0.0,0.0,0.0,1.0,3.0,3.277613436819116,0.0,0.0,0.0,0.0,0.0,0.0,0.0,0.0,0.0,0.0,0.0,0.0,0.0
2icicibank.com,Phishing,mock_Mock_Data_01_08_2025.xlsx,14.0,0.07142857142857142,0.07142857142857142,0.0,0.0,0.0,0.0,0.0,1.0,14.0,0.0,0.0,0.35714285714285715,0.1111111111111111,0.0,0.0,0.0,1.0,3.0,3.128085278891395,0.0,0.0,0.0,0.0,0.0,0.0,0.0,0.0,0.0,0.0,0.0,0.0,0.0
clicici.net,Phishing,mock_Mock_Data_01_08_2025.xlsx,11.0,0.0,0.09090909090909091,0.0,0.0,0.0,0.0,0.0,1.0,11.0,0.0,0.0,0.45454545454545453,0.4,0.0,0.0,0.0,1.0,3.0,2.5949066182439395,0.0,0.0,0.0,0.0,0.0,0.0,0.0,0.0,0.0,0.0,0.0,0.0,0.0
icicibank-vip.top,Phishing,mock_Mock_Data_01_08_2025.xlsx,17.0,0.0,0.058823529411764705,1.0,0.058823529411764705,0.0,0.0,0.0,1.0,17.0,0.0,1.0,0.29411764705882354,0.6666666666666666,0.0,0.0,0.0,0.0,3.0,3.3815804883091634,0.0,0.0,0.0,0.0,0.0,0.0,0.0,0.0,0.0,0.0,0.0,0.0,0.0
icici.cn,Phishing,mock_Mock_Data_01_08_2025.xlsx,8.0,0.0,0.125,0.0,0.0,0.0,0.0,0.0,1.0,8.0,0.0,1.0,0.625,0.6,0.0,0.0,0.0,0.0,2.0,1.811278124459133,0.0,0.0,0.0,0.0,0.0,0.0,0.0,0.0,0.0,0.0,0.0,0.0,0.0
icicigroup.com.cn,Phishing,mock_Mock_Data_01_08_2025.xlsx,17.0,0.0,0.11764705882352941,0.0,0.0,0.0,0.0,1.0,2.0,6.0,1.0,1.0,0.8333333333333334,0.6666666666666666,0.0,0.0,0.0,0.0,2.0,3.1018812234760182,0.0,0.0,0.0,0.0,0.0,0.0,0.0,0.0,0.0,0.0,0.0,0.0,0.0
icicigroup.cn,Phishing,mock_Mock_Data_01_08_2025.xlsx,13.0,0.0,0.07692307692307693,0.0,0.0,0.0,0.0,0.0,1.0,13.0,0.0,1.0,0.38461538461538464,99.0,0.0,0.0,0.0,0.0,2.0,2.9689185639620974,0.0,0.0,0.0,0.0,0.0,0.0,0.0,0.0,0.0,0.0,0.0,0.0,0.0
aicici.org,Phishing,mock_Mock_Data_01_08_2025.xlsx,10.0,0.0,0.1,0.0,0.0,0.0,0.0,0.0,1.0,10.0,0.0,0.0,0.5,0.2,0.0,0.0,0.0,1.0,3.0,2.6464393446710153,0.0,0.0,0.0,0.0,0.0,0.0,0.0,0.0,0.0,0.0,0.0,0.0,0.0
icicilombardmails.com,Phishing,mock_Mock_Data_01_08_2025.xlsx,21.0,0.0,0.047619047619047616,0.0,0.0,0.0,0.0,0.0,1.0,21.0,0.0,0.0,0.23809523809523808,0.6666666666666666,0.0,0.0,0.0,1.0,3.0,3.2728043273346206,0.0,0.0,0.0,0.0,0.0,0.0,0.0,0.0,0.0,0.0,0.0,0.0,0.0
icici3a.xyz,Phishing,mock_Mock_Data_01_08_2025.xlsx,11.0,0.09090909090909091,0.09090909090909091,0.0,0.0,0.0,0.0,0.0,1.0,11.0,0.0,1.0,0.45454545454545453,0.3333333333333333,0.0,0.0,0.0,0.0,3.0,2.8453509366224368,0.0,0.0,0.0,0.0,0.0,0.0,0.0,0.0,0.0,0.0,0.0,0.0,0.0
icicismartcard.com,Phishing,mock_Mock_Data_01_08_2025.xlsx,18.0,0.0,0.05555555555555555,0.0,0.0,0.0,0.0,0.0,1.0,18.0,0.0,0.0,0.2777777777777778,0.6666666666666666,0.0,0.0,0.0,1.0,3.0,3.127986806877675,0.0,0.0,0.0,0.0,0.0,0.0,0.0,0.0,0.0,0.0,0.0,0.0,0.0
icicibankstatements.in,Phishing,mock_Mock_Data_01_08_2025.xlsx,22.0,0.0,0.045454545454545456,0.0,0.0,0.0,0.0,0.0,1.0,22.0,0.0,0.0,0.22727272727272727,99.0,0.0,0.0,0.0,0.0,2.0,3.299896391167891,0.0,0.0,0.0,0.0,0.0,0.0,0.0,0.0,0.0,0.0,0.0,0.0,0.0
icicibank.infonity.com,Phishing,mock_Mock_Data_01_08_2025.xlsx,22.0,0.0,0.09090909090909091,0.0,0.0,0.0,0.0,1.0,2.0,12.0,1.0,0.0,0.4166666666666667,0.6666666666666666,0.0,0.0,0.0,1.0,3.0,3.317640005966217,0.0,0.0,0.0,0.0,0.0,0.0,0.0,0.0,0.0,0.0,0.0,0.0,0.0
iciciba.comk.com,Phishing,mock_Mock_Data_01_08_2025.xlsx,16.0,0.0,0.125,0.0,0.0,0.0,0.0,1.0,2.0,8.0,1.0,0.0,0.625,0.2222222222222222,0.0,0.0,0.0,1.0,3.0,2.827819531114783,0.0,0.0,0.0,0.0,0.0,0.0,0.0,0.0,0.0,0.0,0.0,0.0,0.0
icici.evolvewebinfo.in,Phishing,mock_Mock_Data_01_08_2025.xlsx,22.0,0.0,0.09090909090909091,0.0,0.0,0.0,0.0,1.0,2.0,16.0,1.0,0.0,0.3125,0.6,0.0,0.0,0.0,0.0,2.0,3.2610439833372844,0.0,0.0,0.0,0.0,0.0,0.0,0.0,0.0,0.0,0.0,0.0,0.0,0.0
icicibank.razorpa.com,Phishing,mock_Mock_Data_01_08_2025.xlsx,21.0,0.0,0.09523809523809523,0.0,0.0,0.0,0.0,1.0,2.0,11.0,1.0,0.0,0.45454545454545453,0.6666666666666666,0.0,0.0,0.0,1.0,3.0,3.4273334938982645,0.0,0.0,0.0,0.0,0.0,0.0,0.0,0.0,0.0,0.0,0.0,0.0,0.0
icici.squareoffbots.com,Phishing,mock_Mock_Data_01_08_2025.xlsx,23.0,0.0,0.08695652173913043,0.0,0.0,0.0,0.0,1.0,2.0,17.0,1.0,0.0,0.29411764705882354,0.6,0.0,0.0,0.0,1.0,3.0,3.642489673166126,0.0,0.0,0.0,0.0,0.0,0.0,0.0,0.0,0.0,0.0,0.0,0.0,0.0
icici.masterpay.pro,Phishing,mock_Mock_Data_01_08_2025.xlsx,19.0,0.0,0.10526315789473684,0.0,0.0,0.0,0.0,1.0,2.0,13.0,1.0,0.0,0.38461538461538464,0.6,0.0,0.0,0.0,0.0,3.0,3.471354487013929,0.0,0.0,0.0,0.0,0.0,0.0,0.0,0.0,0.0,0.0,0.0,0.0,0.0
icici.gatisofttech.com,Phishing,mock_Mock_Data_01_08_2025.xlsx,22.0,0.0,0.09090909090909091,0.0,0.0,0.0,0.0,1.0,2.0,16.0,1.0,0.0,0.3125,0.6,0.0,0.0,0.0,1.0,3.0,3.334209459448048,0.0,0.0,0.0,0.0,0.0,0.0,0.0,0.0,0.0,0.0,0.0,0.0,0.0
icicibank.dev.test4wd.com,Phishing,mock_Mock_Data_01_08_2025.xlsx,25.0,0.04,0.12,0.0,0.0,0.0,0.0,2.0,2.0,11.0,1.0,0.0,0.45454545454545453,0.6666666666666666,0.0,0.0,0.0,1.0,3.0,3.8332696895151073,0.0,0.0,0.0,0.0,0.0,0.0,0.0,0.0,0.0,0.0,0.0,0.0,0.0
icici.infomedha.in,Phishing,mock_Mock_Data_01_08_2025.xlsx,18.0,0.0,0.1111111111111111,0.0,0.0,0.0,0.0,1.0,2.0,12.0,1.0,0.0,0.4166666666666667,0.6,0.0,0.0,0.0,0.0,2.0,3.1916116417513782,0.0,0.0,0.0,0.0,0.0,0.0,0.0,0.0,0.0,0.0,0.0,0.0,0.0
icicibank.infomedha.in,Phishing,mock_Mock_Data_01_08_2025.xlsx,22.0,0.0,0.09090909090909091,0.0,0.0,0.0,0.0,1.0,2.0,12.0,1.0,0.0,0.4166666666666667,99.0,0.0,0.0,0.0,0.0,2.0,3.4428621651554656,0.0,0.0,0.0,0.0,0.0,0.0,0.0,0.0,0.0,0.0,0.0,0.0,0.0
icici.ariticapp.com,Phishing,mock_Mock_Data_01_08_2025.xlsx,19.0,0.0,0.10526315789473684,0.0,0.0,0.0,0.0,1.0,2.0,13.0,1.0,0.0,0.38461538461538464,0.6,0.0,0.0,0.0,1.0,3.0,2.9000516989995426,0.0,0.0,0.0,0.0,0.0,0.0,0.0,0.0,0.0,0.0,0.0,0.0,0.0
icici.nom.za,Phishing,mock_Mock_Data_01_08_2025.xlsx,12.0,0.0,0.16666666666666666,0.0,0.0,0.0,0.0,1.0,2.0,6.0,1.0,0.0,0.8333333333333334,0.6,0.0,0.0,0.0,0.0,2.0,2.8553885422075336,0.0,0.0,0.0,0.0,0.0,0.0,0.0,0.0,0.0,0.0,0.0,0.0,0.0
iciciadcampagin.dhanyogis.com,Phishing,mock_Mock_Data_01_08_2025.xlsx,29.0,0.0,0.06896551724137931,0.0,0.0,0.0,0.0,1.0,2.0,13.0,1.0,0.0,0.38461538461538464,0.6666666666666666,0.0,0.0,0.0,1.0,3.0,3.4921313235952685,0.0,0.0,0.0,0.0,0.0,0.0,0.0,0.0,0.0,0.0,0.0,0.0,0.0
visiticici.com,Phishing,mock_Mock_Data_01_08_2025.xlsx,14.0,0.0,0.07142857142857142,0.0,0.0,0.0,0.0,0.0,1.0,14.0,0.0,0.0,0.35714285714285715,0.6666666666666666,0.0,0.0,0.0,1.0,3.0,2.6384600665861564,0.0,0.0,0.0,0.0,0.0,0.0,0.0,0.0,0.0,0.0,0.0,0.0,0.0
nearshopicici.nearshopping.org,Phishing,mock_Mock_Data_01_08_2025.xlsx,30.0,0.0,0.06666666666666667,0.0,0.0,0.0,0.0,1.0,2.0,16.0,1.0,0.0,0.3125,0.75,0.0,0.0,0.0,1.0,3.0,3.5395722619867223,0.0,0.0,0.0,0.0,0.0,0.0,0.0,0.0,0.0,0.0,0.0,0.0,0.0
customercareicicibank.in,Phishing,mock_Mock_Data_01_08_2025.xlsx,24.0,0.0,0.041666666666666664,0.0,0.0,0.0,0.0,0.0,1.0,24.0,0.0,0.0,0.20833333333333334,99.0,0.0,0.0,0.0,0.0,2.0,3.5849625007211565,0.0,0.0,0.0,0.0,0.0,0.0,0.0,0.0,0.0,0.0,0.0,0.0,0.0
icicilombard.tw,Phishing,mock_Mock_Data_01_08_2025.xlsx,15.0,0.0,0.06666666666666667,0.0,0.0,0.0,0.0,0.0,1.0,15.0,0.0,0.0,0.3333333333333333,99.0,0.0,0.0,0.0,0.0,2.0,3.456564762130953,0.0,0.0,0.0,0.0,0.0,0.0,0.0,0.0,0.0,0.0,0.0,0.0,0.0
cic-bank.com,Phishing,mock_Mock_Data_01_08_2025.xlsx,12.0,0.0,0.08333333333333333,1.0,0.08333333333333333,0.0,0.0,0.0,0.0,12.0,0.0,0.0,0.0,0.3333333333333333,0.0,0.0,0.0,1.0,3.0,3.188721875540867,0.0,0.0,0.0,0.0,0.0,0.0,0.0,0.0,0.0,0.0,0.0,0.0,0.0
mail-icicibank.co.in,Phishing,mock_Mock_Data_01_08_2025.xlsx,20.0,0.0,0.1,1.0,0.05,0.0,0.0,1.0,2.0,5.0,1.0,0.0,1.0,0.25,0.0,0.0,0.0,0.0,2.0,3.203701696057348,0.0,0.0,0.0,0.0,0.0,0.0,0.0,0.0,0.0,0.0,0.0,0.0,0.0
cicicim.com,Phishing,mock_Mock_Data_01_08_2025.xlsx,11.0,0.0,0.09090909090909091,0.0,0.0,0.0,0.0,0.0,1.0,11.0,0.0,0.0,0.45454545454545453,0.4,0.0,0.0,0.0,1.0,3.0,2.1180782093497093,0.0,0.0,0.0,0.0,0.0,0.0,0.0,0.0,0.0,0.0,0.0,0.0,0.0
iciciloan.ubona.com,Phishing,mock_Mock_Data_01_08_2025.xlsx,19.0,0.0,0.10526315789473684,0.0,0.0,0.0,0.0,1.0,2.0,9.0,1.0,0.0,0.5555555555555556,0.3333333333333333,0.0,0.0,0.0,1.0,3.0,3.181366328891459,0.0,0.0,0.0,0.0,0.0,0.0,0.0,0.0,0.0,0.0,0.0,0.0,0.0
www.icicibank-staging.la2-univer.ru,Phishing,mock_Mock_Data_01_08_2025.xlsx,35.0,0.02857142857142857,0.08571428571428572,2.0,0.05714285714285714,0.0,0.0,2.0,2.0,13.0,1.0,0.0,0.38461538461538464,0.75,0.0,0.0,0.0,0.0,2.0,3.968449003142375,0.0,0.0,0.0,0.0,0.0,0.0,0.0,0.0,0.0,0.0,0.0,0.0,0.0
icicibank.mytruebank.com,Phishing,mock_Mock_Data_01_08_2025.xlsx,24.0,0.0,0.08333333333333333,0.0,0.0,0.0,0.0,1.0,2.0,14.0,1.0,0.0,0.35714285714285715,0.6666666666666666,0.0,0.0,0.0,1.0,3.0,3.6887218755408675,0.0,0.0,0.0,0.0,0.0,0.0,0.0,0.0,0.0,0.0,0.0,0.0,0.0
icicibankhome.in,Phishing,mock_Mock_Data_01_08_2025.xlsx,16.0,0.0,0.0625,0.0,0.0,0.0,0.0,0.0,1.0,16.0,0.0,0.0,0.3125,99.0,0.0,0.0,0.0,0.0,2.0,3.25,0.0,0.0,0.0,0.0,0.0,0.0,0.0,0.0,0.0,0.0,0.0,0.0,0.0
icicibankindia.co.in,Phishing,mock_Mock_Data_01_08_2025.xlsx,20.0,0.0,0.1,0.0,0.0,0.0,0.0,1.0,2.0,5.0,1.0,0.0,1.0,99.0,0.0,0.0,0.0,0.0,2.0,2.8709505944546687,0.0,0.0,0.0,0.0,0.0,0.0,0.0,0.0,0.0,0.0,0.0,0.0,0.0
icici.pro,Phishing,mock_Mock_Data_01_08_2025.xlsx,9.0,0.0,0.1111111111111111,0.0,0.0,0.0,0.0,0.0,1.0,9.0,0.0,0.0,0.5555555555555556,0.6,0.0,0.0,0.0,0.0,3.0,2.4193819456463714,0.0,0.0,0.0,0.0,0.0,0.0,0.0,0.0,0.0,0.0,0.0,0.0,0.0
campaign-icicibanksmartech-54938-583899-16329857-raghavendra.dm,Phishing,mock_Mock_Data_01_08_2025.xlsx,63.0,0.30158730158730157,0.015873015873015872,5.0,0.07936507936507936,0.0,0.0,0.0,1.0,63.0,0.0,0.0,0.07936507936507936,99.0,0.0,0.0,0.0,0.0,2.0,4.468778932394242,0.0,0.0,0.0,0.0,0.0,0.0,0.0,0.0,0.0,0.0,0.0,0.0,0.0
icicibankfinance.co.in,Phishing,mock_Mock_Data_01_08_2025.xlsx,22.0,0.0,0.09090909090909091,0.0,0.0,0.0,0.0,1.0,2.0,5.0,1.0,0.0,1.0,99.0,0.0,0.0,0.0,0.0,2.0,3.022629778890169,0.0,0.0,0.0,0.0,0.0,0.0,0.0,0.0,0.0,0.0,0.0,0.0,0.0
icicibank.solutions,Phishing,mock_Mock_Data_01_08_2025.xlsx,19.0,0.0,0.05263157894736842,0.0,0.0,0.0,0.0,0.0,1.0,19.0,0.0,0.0,0.2631578947368421,99.0,0.0,0.0,0.0,0.0,9.0,3.40582225028569,0.0,0.0,0.0,0.0,0.0,0.0,0.0,0.0,0.0,0.0,0.0,0.0,0.0
vultrtechnologies.com,Phishing,mock_Mock_Data_01_08_2025.xlsx,21.0,0.0,0.047619047619047616,0.0,0.0,0.0,0.0,0.0,0.0,21.0,0.0,0.0,0.0,0.6666666666666666,0.0,0.0,0.0,1.0,3.0,3.7849418274376427,0.0,0.0,0.0,0.0,0.0,0.0,0.0,0.0,0.0,0.0,0.0,0.0,0.0
cappicicipi.my.id,Phishing,mock_Mock_Data_01_08_2025.xlsx,17.0,0.0,0.11764705882352941,0.0,0.0,0.0,0.0,1.0,2.0,5.0,1.0,0.0,1.0,99.0,0.0,0.0,0.0,0.0,2.0,2.727497224852472,0.0,0.0,0.0,0.0,0.0,0.0,0.0,0.0,0.0,0.0,0.0,0.0,0.0
gohighlevel.blog,Phishing,mock_Mock_Data_01_08_2025.xlsx,16.0,0.0,0.0625,0.0,0.0,0.0,0.0,0.0,0.0,16.0,0.0,0.0,0.0,0.6666666666666666,0.0,0.0,0.0,0.0,4.0,3.0306390622295662,0.0,0.0,0.0,0.0,0.0,0.0,0.0,0.0,0.0,0.0,0.0,0.0,0.0
staging.cicd.iciciprulife.co,Phishing,mock_Mock_Data_01_08_2025.xlsx,28.0,0.0,0.10714285714285714,0.0,0.0,0.0,0.0,2.0,1.0,15.0,0.0,0.0,0.3333333333333333,0.4,0.0,0.0,0.0,0.0,2.0,3.597558387024489,0.0,0.0,0.0,0.0,0.0,0.0,0.0,0.0,0.0,0.0,0.0,0.0,0.0
m.api.icicicdirect.com,Phishing,mock_Mock_Data_01_08_2025.xlsx,22.0,0.0,0.13636363636363635,0.0,0.0,0.0,0.0,2.0,1.0,16.0,0.0,0.0,0.3125,0.6666666666666666,0.0,0.0,0.0,1.0,3.0,3.0969694163174286,0.0,0.0,0.0,0.0,0.0,0.0,0.0,0.0,0.0,0.0,0.0,0.0,0.0
ilmuse.icicilombard.co,Phishing,mock_Mock_Data_01_08_2025.xlsx,22.0,0.0,0.09090909090909091,0.0,0.0,0.0,0.0,1.0,1.0,15.0,0.0,0.0,0.3333333333333333,99.0,0.0,0.0,0.0,0.0,2.0,3.51602764126623,0.0,0.0,0.0,0.0,0.0,0.0,0.0,0.0,0.0,0.0,0.0,0.0,0.0
test.ams.iciciprulife.co,Phishing,mock_Mock_Data_01_08_2025.xlsx,24.0,0.0,0.125,0.0,0.0,0.0,0.0,2.0,1.0,15.0,0.0,0.0,0.3333333333333333,0.75,0.0,0.0,0.0,0.0,2.0,3.6053885422075336,0.0,0.0,0.0,0.0,0.0,0.0,0.0,0.0,0.0,0.0,0.0,0.0,0.0
diciciy.com,Phishing,mock_Mock_Data_01_08_2025.xlsx,11.0,0.0,0.09090909090909091,0.0,0.0,0.0,0.0,0.0,1.0,11.0,0.0,0.0,0.45454545454545453,0.4,0.0,0.0,0.0,1.0,3.0,2.5949066182439395,0.0,0.0,0.0,0.0,0.0,0.0,0.0,0.0,0.0,0.0,0.0,0.0,0.0
icici.banklocationmaps.fr,Phishing,mock_Mock_Data_01_08_2025.xlsx,25.0,0.0,0.08,0.0,0.0,0.0,0.0,1.0,2.0,19.0,1.0,0.0,0.2631578947368421,0.6,0.0,0.0,0.0,0.0,2.0,3.7034651896016464,0.0,0.0,0.0,0.0,0.0,0.0,0.0,0.0,0.0,0.0,0.0,0.0,0.0
ccbank.xyz,Phishing,mock_Mock_Data_01_08_2025.xlsx,10.0,0.0,0.1,0.0,0.0,0.0,0.0,0.0,0.0,10.0,0.0,1.0,0.0,0.3333333333333333,0.0,0.0,0.0,0.0,3.0,3.121928094887362,0.0,0.0,0.0,0.0,0.0,0.0,0.0,0.0,0.0,0.0,0.0,0.0,0.0
icici20241104.nbupaymentsvendorcerts.com,Phishing,mock_Mock_Data_01_08_2025.xlsx,40.0,0.2,0.05,0.0,0.0,0.0,0.0,1.0,2.0,26.0,1.0,0.0,0.19230769230769232,0.6666666666666666,0.0,0.0,0.0,1.0,3.0,4.265311532225102,0.0,0.0,0.0,0.0,0.0,0.0,0.0,0.0,0.0,0.0,0.0,0.0,0.0
myicicilombard.zapto.xyz,Phishing,mock_Mock_Data_01_08_2025.xlsx,24.0,0.0,0.08333333333333333,0.0,0.0,0.0,0.0,1.0,2.0,9.0,1.0,1.0,0.5555555555555556,1.0,0.0,0.0,0.0,0.0,3.0,3.8035088547976783,0.0,0.0,0.0,0.0,0.0,0.0,0.0,0.0,0.0,0.0,0.0,0.0,0.0
obuk-api-iciciuk.macroiglobal.co.uk,Phishing,mock_Mock_Data_01_08_2025.xlsx,35.0,0.0,0.08571428571428572,2.0,0.05714285714285714,0.0,0.0,2.0,2.0,5.0,1.0,0.0,1.0,0.3333333333333333,0.0,0.0,0.0,0.0,2.0,3.6255918602852324,0.0,0.0,0.0,0.0,0.0,0.0,0.0,0.0,0.0,0.0,0.0,0.0,0.0
icicibank.com.co,Phishing,mock_Mock_Data_01_08_2025.xlsx,16.0,0.0,0.125,0.0,0.0,0.0,0.0,1.0,2.0,6.0,1.0,0.0,0.8333333333333334,0.6666666666666666,0.0,0.0,0.0,0.0,2.0,2.952819531114783,0.0,0.0,0.0,0.0,0.0,0.0,0.0,0.0,0.0,0.0,0.0,0.0,0.0
icibank.in,Phishing,mock_Mock_Data_01_08_2025.xlsx,10.0,0.0,0.1,0.0,0.0,0.0,0.0,0.0,0.0,10.0,0.0,0.0,0.0,0.2222222222222222,0.0,0.0,0.0,0.0,2.0,2.6464393446710157,0.0,0.0,0.0,0.0,0.0,0.0,0.0,0.0,0.0,0.0,0.0,0.0,0.0
icicilombard-smr.in.anandvanresidency.com,Phishing,mock_Mock_Data_01_08_2025.xlsx,41.0,0.0,0.07317073170731707,1.0,0.024390243902439025,0.0,0.0,2.0,2.0,21.0,1.0,0.0,0.23809523809523808,0.6666666666666666,0.0,0.0,0.0,1.0,3.0,3.7907512495564375,0.0,0.0,0.0,0.0,0.0,0.0,0.0,0.0,0.0,0.0,0.0,0.0,0.0
findresultsonline.com,Phishing,mock_Mock_Data_01_08_2025.xlsx,21.0,0.0,0.047619047619047616,0.0,0.0,0.0,0.0,0.0,0.0,21.0,0.0,0.0,0.0,0.6666666666666666,0.0,0.0,0.0,1.0,3.0,3.6897037321995474,0.0,0.0,0.0,0.0,0.0,0.0,0.0,0.0,0.0,0.0,0.0,0.0,0.0
icici.ttus.co.in,Phishing,mock_Mock_Data_01_08_2025.xlsx,16.0,0.0,0.1875,0.0,0.0,0.0,0.0,2.0,2.0,5.0,1.0,0.0,1.0,0.6,0.0,0.0,0.0,0.0,2.0,2.7806390622295662,0.0,0.0,0.0,0.0,0.0,0.0,0.0,0.0,0.0,0.0,0.0,0.0,0.0
iyfbodn.com,Phishing,mock_Mock_Data_01_08_2025.xlsx,11.0,0.0,0.09090909090909091,0.0,0.0,0.0,0.0,0.0,0.0,11.0,0.0,0.0,0.0,0.6666666666666666,0.0,0.0,0.0,1.0,3.0,3.277613436819116,0.0,0.0,0.0,0.0,0.0,0.0,0.0,0.0,0.0,0.0,0.0,0.0,0.0
icicipg.ms,Phishing,mock_Mock_Data_01_08_2025.xlsx,10.0,0.0,0.1,0.0,0.0,0.0,0.0,0.0,1.0,10.0,0.0,0.0,0.5,0.4,0.0,0.0,0.0,0.0,2.0,2.6464393446710153,0.0,0.0,0.0,0.0,0.0,0.0,0.0,0.0,0.0,0.0,0.0,0.0,0.0
payicici.royalstarglobaltrust.com,Phishing,mock_Mock_Data_01_08_2025.xlsx,33.0,0.0,0.06060606060606061,0.0,0.0,0.0,0.0,1.0,2.0,24.0,1.0,0.0,0.20833333333333334,0.6,0.0,0.0,0.0,1.0,3.0,3.7556266947226717,0.0,0.0,0.0,0.0,0.0,0.0,0.0,0.0,0.0,0.0,0.0,0.0,0.0
cicicici.direct.quickconnect.cn,Phishing,mock_Mock_Data_01_08_2025.xlsx,31.0,0.0,0.0967741935483871,0.0,0.0,0.0,0.0,2.0,2.0,15.0,1.0,1.0,0.3333333333333333,0.6,0.0,0.0,0.0,0.0,2.0,3.0977809871083366,0.0,0.0,0.0,0.0,0.0,0.0,0.0,0.0,0.0,0.0,0.0,0.0,0.0
ww25.careericici.com,Phishing,mock_Mock_Data_01_08_2025.xlsx,20.0,0.1,0.1,0.0,0.0,0.0,0.0,1.0,1.0,15.0,0.0,0.0,0.3333333333333333,0.6666666666666666,0.0,0.0,0.0,1.0,3.0,3.2841837197791888,0.0,0.0,0.0,0.0,0.0,0.0,0.0,0.0,0.0,0.0,0.0,0.0,0.0
www.myrewardscredit.in,Phishing,mock_Mock_Data_01_08_2025.xlsx,22.0,0.0,0.09090909090909091,0.0,0.0,0.0,0.0,1.0,0.0,18.0,0.0,0.0,0.0,1.0,0.0,0.0,0.0,0.0,2.0,3.51602764126623,0.0,0.0,0.0,0.0,0.0,0.0,0.0,0.0,0.0,0.0,0.0,0.0,0.0
icici.next.co.in,Phishing,mock_Mock_Data_01_08_2025.xlsx,16.0,0.0,0.1875,0.0,0.0,0.0,0.0,2.0,2.0,5.0,1.0,0.0,1.0,0.6,0.0,0.0,0.0,0.0,2.0,2.7806390622295662,0.0,0.0,0.0,0.0,0.0,0.0,0.0,0.0,0.0,0.0,0.0,0.0,0.0
cicici.us.kg,Phishing,mock_Mock_Data_01_08_2025.xlsx,12.0,0.0,0.16666666666666666,0.0,0.0,0.0,0.0,1.0,2.0,5.0,1.0,0.0,1.0,0.2,0.0,0.0,0.0,0.0,2.0,2.625814583693911,0.0,0.0,0.0,0.0,0.0,0.0,0.0,0.0,0.0,0.0,0.0,0.0,0.0
icici-retail.hod.life,Phishing,mock_Mock_Data_01_08_2025.xlsx,21.0,0.0,0.09523809523809523,1.0,0.047619047619047616,0.0,0.0,1.0,2.0,8.0,1.0,0.0,0.625,0.5,0.0,0.0,0.0,0.0,4.0,3.4585250192341497,0.0,0.0,0.0,0.0,0.0,0.0,0.0,0.0,0.0,0.0,0.0,0.0,0.0
test.app.icicibamk.com,Phishing,mock_Mock_Data_01_08_2025.xlsx,22.0,0.0,0.13636363636363635,0.0,0.0,0.0,0.0,2.0,1.0,13.0,0.0,0.0,0.38461538461538464,0.1111111111111111,0.0,0.0,0.0,1.0,3.0,3.4474015047059154,0.0,0.0,0.0,0.0,0.0,0.0,0.0,0.0,0.0,0.0,0.0,0.0,0.0
ww17.api.icicibamk.com,Phishing,mock_Mock_Data_01_08_2025.xlsx,22.0,0.09090909090909091,0.13636363636363635,0.0,0.0,0.0,0.0,2.0,1.0,13.0,0.0,0.0,0.38461538461538464,0.1111111111111111,0.0,0.0,0.0,1.0,3.0,3.3908054820769817,0.0,0.0,0.0,0.0,0.0,0.0,0.0,0.0,0.0,0.0,0.0,0.0,0.0
dev.admin.iciciproperties.com,Phishing,mock_Mock_Data_01_08_2025.xlsx,29.0,0.0,0.10344827586206896,0.0,0.0,0.0,0.0,2.0,1.0,19.0,0.0,0.0,0.2631578947368421,0.6666666666666666,0.0,0.0,0.0,1.0,3.0,3.6209360647507713,0.0,0.0,0.0,0.0,0.0,0.0,0.0,0.0,0.0,0.0,0.0,0.0,0.0
gisinfotech.net,Phishing,mock_Mock_Data_01_08_2025.xlsx,15.0,0.0,0.06666666666666667,0.0,0.0,0.0,0.0,0.0,0.0,15.0,0.0,0.0,0.0,0.6666666666666666,0.0,0.0,0.0,1.0,3.0,3.3735572622751846,0.0,0.0,0.0,0.0,0.0,0.0,0.0,0.0,0.0,0.0,0.0,0.0,0.0
cicici.autocode.gg,Phishing,mock_Mock_Data_01_08_2025.xlsx,18.0,0.0,0.1111111111111111,0.0,0.0,0.0,0.0,1.0,2.0,11.0,1.0,0.0,0.45454545454545453,0.2,0.0,0.0,0.0,0.0,2.0,3.127986806877675,0.0,0.0,0.0,0.0,0.0,0.0,0.0,0.0,0.0,0.0,0.0,0.0,0.0
cicicicicici.direct.quickconnect.to,Phishing,mock_Mock_Data_01_08_2025.xlsx,35.0,0.0,0.08571428571428572,0.0,0.0,0.0,0.0,2.0,2.0,15.0,1.0,0.0,0.3333333333333333,0.6,0.0,0.0,0.0,0.0,2.0,3.051309989710664,0.0,0.0,0.0,0.0,0.0,0.0,0.0,0.0,0.0,0.0,0.0,0.0,0.0
icici.dsi.dev,Phishing,mock_Mock_Data_01_08_2025.xlsx,13.0,0.0,0.15384615384615385,0.0,0.0,0.0,0.0,1.0,2.0,7.0,1.0,0.0,0.7142857142857143,0.6,0.0,0.0,0.0,0.0,3.0,2.623516641218015,0.0,0.0,0.0,0.0,0.0,0.0,0.0,0.0,0.0,0.0,0.0,0.0,0.0
fficici.payuat.com,Phishing,mock_Mock_Data_01_08_2025.xlsx,18.0,0.0,0.1111111111111111,0.0,0.0,0.0,0.0,1.0,2.0,10.0,1.0,0.0,0.5,0.4,0.0,0.0,0.0,1.0,3.0,3.30827083453526,0.0,0.0,0.0,0.0,0.0,0.0,0.0,0.0,0.0,0.0,0.0,0.0,0.0
returnicici.qtechsoftware.com,Phishing,mock_Mock_Data_01_08_2025.xlsx,29.0,0.0,0.06896551724137931,0.0,0.0,0.0,0.0,1.0,2.0,17.0,1.0,0.0,0.17647058823529413,0.6666666666666666,0.0,0.0,0.0,1.0,3.0,3.7883413396567494,0.0,0.0,0.0,0.0,0.0,0.0,0.0,0.0,0.0,0.0,0.0,0.0,0.0
tmcicici.com,Phishing,mock_Mock_Data_01_08_2025.xlsx,12.0,0.0,0.08333333333333333,0.0,0.0,0.0,0.0,0.0,1.0,12.0,0.0,0.0,0.4166666666666667,0.6,0.0,0.0,0.0,1.0,3.0,2.355388542207534,0.0,0.0,0.0,0.0,0.0,0.0,0.0,0.0,0.0,0.0,0.0,0.0,0.0
beicicimagto.ml,Phishing,mock_Mock_Data_01_08_2025.xlsx,15.0,0.0,0.06666666666666667,0.0,0.0,0.0,0.0,0.0,1.0,15.0,0.0,1.0,0.3333333333333333,99.0,0.0,0.0,0.0,0.0,2.0,3.3232314287976203,0.0,0.0,0.0,0.0,0.0,0.0,0.0,0.0,0.0,0.0,0.0,0.0,0.0
rewardsclaim.in,Phishing,mock_Mock_Data_01_08_2025.xlsx,15.0,0.0,0.06666666666666667,0.0,0.0,0.0,0.0,0.0,0.0,15.0,0.0,0.0,0.0,99.0,0.0,0.0,0.0,0.0,2.0,3.5068905956085183,0.0,0.0,0.0,0.0,0.0,0.0,0.0,0.0,0.0,0.0,0.0,0.0,0.0
icicidirect.blogspot.tw,Phishing,mock_Mock_Data_01_08_2025.xlsx,23.0,0.0,0.08695652173913043,0.0,0.0,0.0,0.0,1.0,2.0,11.0,1.0,0.0,0.45454545454545453,99.0,0.0,0.0,0.0,0.0,2.0,3.5883543471732335,0.0,0.0,0.0,0.0,0.0,0.0,0.0,0.0,0.0,0.0,0.0,0.0,0.0
icici-upi.1automations.com,Phishing,mock_Mock_Data_01_08_2025.xlsx,26.0,0.038461538461538464,0.07692307692307693,1.0,0.038461538461538464,0.0,0.0,1.0,2.0,16.0,1.0,0.0,0.3125,0.6,0.0,0.0,0.0,1.0,3.0,3.5035391228040247,0.0,0.0,0.0,0.0,0.0,0.0,0.0,0.0,0.0,0.0,0.0,0.0,0.0
icicibank.career.ca,Phishing,mock_Mock_Data_01_08_2025.xlsx,19.0,0.0,0.10526315789473684,0.0,0.0,0.0,0.0,1.0,2.0,9.0,1.0,0.0,0.5555555555555556,99.0,0.0,0.0,0.0,0.0,2.0,3.0105709342684834,0.0,0.0,0.0,0.0,0.0,0.0,0.0,0.0,0.0,0.0,0.0,0.0,0.0
icici.billingbooster.com,Phishing,mock_Mock_Data_01_08_2025.xlsx,24.0,0.0,0.08333333333333333,0.0,0.0,0.0,0.0,1.0,2.0,18.0,1.0,0.0,0.2777777777777778,0.6,0.0,0.0,0.0,1.0,3.0,3.454986855772667,0.0,0.0,0.0,0.0,0.0,0.0,0.0,0.0,0.0,0.0,0.0,0.0,0.0
icici.storyloyalty.com,Phishing,mock_Mock_Data_01_08_2025.xlsx,22.0,0.0,0.09090909090909091,0.0,0.0,0.0,0.0,1.0,2.0,16.0,1.0,0.0,0.3125,0.6,0.0,0.0,0.0,1.0,3.0,3.3221793455166666,0.0,0.0,0.0,0.0,0.0,0.0,0.0,0.0,0.0,0.0,0.0,0.0,0.0
icicihealth.com,Phishing,mock_Mock_Data_01_08_2025.xlsx,15.0,0.0,0.06666666666666667,0.0,0.0,0.0,0.0,0.0,1.0,15.0,0.0,0.0,0.3333333333333333,0.6666666666666666,0.0,0.0,0.0,1.0,3.0,3.139572261986723,0.0,0.0,0.0,0.0,0.0,0.0,0.0,0.0,0.0,0.0,0.0,0.0,0.0
hostmaster.icicicareer.com,Phishing,mock_Mock_Data_01_08_2025.xlsx,26.0,0.0,0.07692307692307693,0.0,0.0,0.0,0.0,1.0,1.0,15.0,0.0,0.0,0.3333333333333333,0.6666666666666666,0.0,0.0,0.0,1.0,3.0,3.3825680832760767,0.0,0.0,0.0,0.0,0.0,0.0,0.0,0.0,0.0,0.0,0.0,0.0,0.0
icici.digitify.app,Phishing,mock_Mock_Data_01_08_2025.xlsx,18.0,0.0,0.1111111111111111,0.0,0.0,0.0,0.0,1.0,2.0,12.0,1.0,0.0,0.4166666666666667,0.6,0.0,0.0,0.0,0.0,3.0,2.974937501201927,0.0,0.0,0.0,0.0,0.0,0.0,0.0,0.0,0.0,0.0,0.0,0.0,0.0
ucjdficicibank3820.molly.gpinfo.eu,Phishing,mock_Mock_Data_01_08_2025.xlsx,34.0,0.11764705882352941,0.08823529411764706,0.0,0.0,0.0,0.0,2.0,2.0,9.0,1.0,0.0,0.5555555555555556,0.75,0.0,0.0,0.0,0.0,2.0,4.278351811711311,0.0,0.0,0.0,0.0,0.0,0.0,0.0,0.0,0.0,0.0,0.0,0.0,0.0
icicibankltd.masterjp-thebest.shop,Phishing,mock_Mock_Data_01_08_2025.xlsx,34.0,0.0,0.058823529411764705,1.0,0.029411764705882353,0.0,0.0,1.0,2.0,21.0,1.0,1.0,0.23809523809523808,0.3333333333333333,0.0,0.0,0.0,0.0,4.0,4.0796786498829745,0.0,0.0,0.0,0.0,0.0,0.0,0.0,0.0,0.0,0.0,0.0,0.0,0.0
icici.banklocationmaps.in,Phishing,mock_Mock_Data_01_08_2025.xlsx,25.0,0.0,0.08,0.0,0.0,0.0,0.0,1.0,2.0,19.0,1.0,0.0,0.2631578947368421,0.6,0.0,0.0,0.0,0.0,2.0,3.4488840705376353,0.0,0.0,0.0,0.0,0.0,0.0,0.0,0.0,0.0,0.0,0.0,0.0,0.0
icici.bank.cariar.com,Phishing,mock_Mock_Data_01_08_2025.xlsx,21.0,0.0,0.14285714285714285,0.0,0.0,0.0,0.0,2.0,2.0,10.0,1.0,0.0,0.5,0.6,0.0,0.0,0.0,1.0,3.0,3.0823281368584294,0.0,0.0,0.0,0.0,0.0,0.0,0.0,0.0,0.0,0.0,0.0,0.0,0.0
icici-share-login.loginiiportal.com,Phishing,mock_Mock_Data_01_08_2025.xlsx,35.0,0.0,0.05714285714285714,2.0,0.05714285714285714,0.0,0.0,1.0,2.0,17.0,1.0,0.0,0.29411764705882354,0.5,0.0,0.0,0.0,1.0,3.0,3.7246756038383895,1.0,0.0,0.0,0.0,0.0,0.0,0.0,0.0,0.0,0.0,0.0,0.0,0.0
ww11.icicibankbizcircle.taolu.lol,Phishing,mock_Mock_Data_01_08_2025.xlsx,33.0,0.06060606060606061,0.09090909090909091,0.0,0.0,0.0,0.0,2.0,2.0,9.0,1.0,0.0,0.5555555555555556,0.5,0.0,0.0,0.0,0.0,3.0,3.7606205443099605,0.0,0.0,0.0,0.0,0.0,0.0,0.0,0.0,0.0,0.0,0.0,0.0,0.0
icici.foudation.org,Phishing,mock_Mock_Data_01_08_2025.xlsx,19.0,0.0,0.10526315789473684,0.0,0.0,0.0,0.0,1.0,2.0,13.0,1.0,0.0,0.38461538461538464,0.6,0.0,0.0,0.0,1.0,3.0,3.3660913291191914,0.0,0.0,0.0,0.0,0.0,0.0,0.0,0.0,0.0,0.0,0.0,0.0,0.0
icici.com.es,Phishing,mock_Mock_Data_01_08_2025.xlsx,12.0,0.0,0.16666666666666666,0.0,0.0,0.0,0.0,1.0,2.0,6.0,1.0,0.0,0.8333333333333334,0.6,0.0,0.0,0.0,0.0,2.0,2.625814583693911,0.0,0.0,0.0,0.0,0.0,0.0,0.0,0.0,0.0,0.0,0.0,0.0,0.0
icici-uat.goldbee.in,Phishing,mock_Mock_Data_01_08_2025.xlsx,20.0,0.0,0.1,1.0,0.05,0.0,0.0,1.0,2.0,10.0,1.0,0.0,0.5,0.6,0.0,0.0,0.0,0.0,2.0,3.621928094887362,0.0,0.0,0.0,0.0,0.0,0.0,0.0,0.0,0.0,0.0,0.0,0.0,0.0
icici.carer.com,Phishing,mock_Mock_Data_01_08_2025.xlsx,15.0,0.0,0.13333333333333333,0.0,0.0,0.0,0.0,1.0,2.0,9.0,1.0,0.0,0.5555555555555556,0.6,0.0,0.0,0.0,1.0,3.0,2.7898980954642867,0.0,0.0,0.0,0.0,0.0,0.0,0.0,0.0,0.0,0.0,0.0,0.0,0.0
icici.exam.org,Phishing,mock_Mock_Data_01_08_2025.xlsx,14.0,0.0,0.14285714285714285,0.0,0.0,0.0,0.0,1.0,2.0,8.0,1.0,0.0,0.625,0.6,0.0,0.0,0.0,1.0,3.0,3.182005814760214,0.0,0.0,0.0,0.0,0.0,0.0,0.0,0.0,0.0,0.0,0.0,0.0,0.0
icicibankk.cc,Phishing,mock_Mock_Data_01_08_2025.xlsx,13.0,0.0,0.07692307692307693,0.0,0.0,0.0,0.0,0.0,1.0,13.0,0.0,0.0,0.38461538461538464,0.1111111111111111,0.0,0.0,0.0,0.0,2.0,2.5654483718208256,0.0,0.0,0.0,0.0,0.0,0.0,0.0,0.0,0.0,0.0,0.0,0.0,0.0
icicibankclaimreward-icicibank.eservicemoi-govkw.com,Phishing,mock_Mock_Data_01_08_2025.xlsx,52.0,0.0,0.038461538461538464,2.0,0.038461538461538464,0.0,0.0,1.0,2.0,21.0,1.0,0.0,0.23809523809523808,0.5,0.0,0.0,0.0,1.0,3.0,3.8696635743711316,0.0,0.0,0.0,0.0,0.0,0.0,0.0,0.0,0.0,0.0,0.0,0.0,0.0
icicisecurities.in-com.org,Phishing,mock_Mock_Data_01_08_2025.xlsx,26.0,0.0,0.07692307692307693,1.0,0.038461538461538464,0.0,0.0,1.0,2.0,10.0,1.0,0.0,0.5,0.6666666666666666,0.0,0.0,0.0,1.0,3.0,3.4116022179746714,0.0,0.0,0.0,0.0,0.0,0.0,0.0,0.0,0.0,0.0,0.0,0.0,0.0
icicibankltd-my.sharepoint.com,Phishing,mock_Mock_Data_01_08_2025.xlsx,30.0,0.0,0.06666666666666667,1.0,0.03333333333333333,0.0,0.0,1.0,2.0,14.0,1.0,0.0,0.35714285714285715,0.3333333333333333,0.0,0.0,0.0,1.0,3.0,4.081727678869736,0.0,0.0,0.0,0.0,0.0,0.0,0.0,0.0,0.0,0.0,0.0,0.0,0.0
icicibankltd.sharepoint.com,Phishing,mock_Mock_Data_01_08_2025.xlsx,27.0,0.0,0.07407407407407407,0.0,0.0,0.0,0.0,1.0,2.0,14.0,1.0,0.0,0.35714285714285715,0.3333333333333333,0.0,0.0,0.0,1.0,3.0,3.9121138909722304,0.0,0.0,0.0,0.0,0.0,0.0,0.0,0.0,0.0,0.0,0.0,0.0,0.0
campaign-icicibanksmartech-54938-581889-53729628-dayanand.th,Phishing,mock_Mock_Data_01_08_2025.xlsx,60.0,0.31666666666666665,0.016666666666666666,5.0,0.08333333333333333,0.0,0.0,0.0,1.0,60.0,0.0,0.0,0.08333333333333333,99.0,0.0,0.0,0.0,0.0,2.0,4.4338815888151215,0.0,0.0,0.0,0.0,0.0,0.0,0.0,0.0,0.0,0.0,0.0,0.0,0.0
campaign-icicibanksmartech-54938-581889-16329857-raghavendra.dm,Phishing,mock_Mock_Data_01_08_2025.xlsx,63.0,0.30158730158730157,0.015873015873015872,5.0,0.07936507936507936,0.0,0.0,0.0,1.0,63.0,0.0,0.0,0.07936507936507936,99.0,0.0,0.0,0.0,0.0,2.0,4.4749751153396895,0.0,0.0,0.0,0.0,0.0,0.0,0.0,0.0,0.0,0.0,0.0,0.0,0.0
icicibank.om,Phishing,mock_Mock_Data_01_08_2025.xlsx,12.0,0.0,0.08333333333333333,0.0,0.0,0.0,0.0,0.0,1.0,12.0,0.0,0.0,0.4166666666666667,99.0,0.0,0.0,0.0,0.0,2.0,3.0220552088742,0.0,0.0,0.0,0.0,0.0,0.0,0.0,0.0,0.0,0.0,0.0,0.0,0.0
api.abha.iciciprulife.co,Phishing,mock_Mock_Data_01_08_2025.xlsx,24.0,0.0,0.125,0.0,0.0,0.0,0.0,2.0,1.0,15.0,0.0,0.0,0.3333333333333333,0.6666666666666666,0.0,0.0,0.0,0.0,2.0,3.423533209849189,0.0,0.0,0.0,0.0,0.0,0.0,0.0,0.0,0.0,0.0,0.0,0.0,0.0
icicibank-staging.govjobfinder.com,Phishing,mock_Mock_Data_01_08_2025.xlsx,34.0,0.0,0.058823529411764705,1.0,0.029411764705882353,0.0,0.0,1.0,2.0,16.0,1.0,0.0,0.3125,0.6666666666666666,0.0,0.0,0.0,1.0,3.0,4.01013370939473,0.0,0.0,0.0,0.0,0.0,0.0,0.0,0.0,0.0,0.0,0.0,0.0,0.0
icicibank.c1neon.com,Phishing,mock_Mock_Data_01_08_2025.xlsx,20.0,0.05,0.1,0.0,0.0,0.0,0.0,1.0,2.0,10.0,1.0,0.0,0.5,0.6666666666666666,0.0,0.0,0.0,1.0,3.0,3.2464393446710154,0.0,0.0,0.0,0.0,0.0,0.0,0.0,0.0,0.0,0.0,0.0,0.0,0.0
icicilifeinsurance.com,Phishing,mock_Mock_Data_01_08_2025.xlsx,22.0,0.0,0.045454545454545456,0.0,0.0,0.0,0.0,0.0,1.0,22.0,0.0,0.0,0.22727272727272727,0.6666666666666666,0.0,0.0,0.0,1.0,3.0,3.3862661425265324,0.0,0.0,0.0,0.0,0.0,0.0,0.0,0.0,0.0,0.0,0.0,0.0,0.0
icici-api.complyment.com,Phishing,mock_Mock_Data_01_08_2025.xlsx,24.0,0.0,0.08333333333333333,1.0,0.041666666666666664,0.0,0.0,1.0,2.0,14.0,1.0,0.0,0.35714285714285715,0.6,0.0,0.0,0.0,1.0,3.0,3.470175521464345,0.0,0.0,0.0,0.0,0.0,0.0,0.0,0.0,0.0,0.0,0.0,0.0,0.0
iciciapi.omnistrate.com,Phishing,mock_Mock_Data_01_08_2025.xlsx,23.0,0.0,0.08695652173913043,0.0,0.0,0.0,0.0,1.0,2.0,14.0,1.0,0.0,0.35714285714285715,0.3333333333333333,0.0,0.0,0.0,1.0,3.0,3.377278130987436,0.0,0.0,0.0,0.0,0.0,0.0,0.0,0.0,0.0,0.0,0.0,0.0,0.0
iciciservices.shristype.com,Phishing,mock_Mock_Data_01_08_2025.xlsx,27.0,0.0,0.07407407407407407,0.0,0.0,0.0,0.0,1.0,2.0,13.0,1.0,0.0,0.38461538461538464,0.6666666666666666,0.0,0.0,0.0,1.0,3.0,3.408053132659755,0.0,0.0,0.0,0.0,0.0,0.0,0.0,0.0,0.0,0.0,0.0,0.0,0.0
iciciservices.takeitec.in,Phishing,mock_Mock_Data_01_08_2025.xlsx,25.0,0.0,0.08,0.0,0.0,0.0,0.0,1.0,2.0,11.0,1.0,0.0,0.45454545454545453,99.0,0.0,0.0,0.0,0.0,2.0,3.143465189601647,0.0,0.0,0.0,0.0,0.0,0.0,0.0,0.0,0.0,0.0,0.0,0.0,0.0
iciciservices.extraincome.org.in,Phishing,mock_Mock_Data_01_08_2025.xlsx,32.0,0.0,0.09375,0.0,0.0,0.0,0.0,2.0,2.0,6.0,1.0,0.0,0.8333333333333334,0.75,0.0,0.0,0.0,0.0,2.0,3.5306390622295662,0.0,0.0,0.0,0.0,0.0,0.0,0.0,0.0,0.0,0.0,0.0,0.0,0.0
iciciservices.trusteasy.in,Phishing,mock_Mock_Data_01_08_2025.xlsx,26.0,0.0,0.07692307692307693,0.0,0.0,0.0,0.0,1.0,2.0,12.0,1.0,0.0,0.4166666666666667,99.0,0.0,0.0,0.0,0.0,2.0,3.3496929689578705,0.0,0.0,0.0,0.0,0.0,0.0,0.0,0.0,0.0,0.0,0.0,0.0,0.0
icicidirects.co,Phishing,mock_Mock_Data_01_08_2025.xlsx,15.0,0.0,0.06666666666666667,0.0,0.0,0.0,0.0,0.0,1.0,15.0,0.0,0.0,0.3333333333333333,99.0,0.0,0.0,0.0,0.0,2.0,2.840223928941852,0.0,0.0,0.0,0.0,0.0,0.0,0.0,0.0,0.0,0.0,0.0,0.0,0.0
icicitrading.co,Phishing,mock_Mock_Data_01_08_2025.xlsx,15.0,0.0,0.06666666666666667,0.0,0.0,0.0,0.0,0.0,1.0,15.0,0.0,0.0,0.3333333333333333,99.0,0.0,0.0,0.0,0.0,2.0,3.0565647621309537,0.0,0.0,0.0,0.0,0.0,0.0,0.0,0.0,0.0,0.0,0.0,0.0,0.0
icici.qdegrees.com,Phishing,mock_Mock_Data_01_08_2025.xlsx,18.0,0.0,0.1111111111111111,0.0,0.0,0.0,0.0,1.0,2.0,12.0,1.0,0.0,0.4166666666666667,0.6,0.0,0.0,0.0,1.0,3.0,3.266332639970623,0.0,0.0,0.0,0.0,0.0,0.0,0.0,0.0,0.0,0.0,0.0,0.0,0.0
iciciservices.otavamnr.co,Phishing,mock_Mock_Data_01_08_2025.xlsx,25.0,0.0,0.08,0.0,0.0,0.0,0.0,1.0,2.0,11.0,1.0,0.0,0.45454545454545453,99.0,0.0,0.0,0.0,0.0,2.0,3.4438561897747246,0.0,0.0,0.0,0.0,0.0,0.0,0.0,0.0,0.0,0.0,0.0,0.0,0.0
icicinri.com,Phishing,mock_Mock_Data_01_08_2025.xlsx,12.0,0.0,0.08333333333333333,0.0,0.0,0.0,0.0,0.0,1.0,12.0,0.0,0.0,0.4166666666666667,0.6,0.0,0.0,0.0,1.0,3.0,2.5220552088742005,0.0,0.0,0.0,0.0,0.0,0.0,0.0,0.0,0.0,0.0,0.0,0.0,0.0
icicitoken.ledgers.cloud,Phishing,mock_Mock_Data_01_08_2025.xlsx,24.0,0.0,0.08333333333333333,0.0,0.0,0.0,0.0,1.0,2.0,13.0,1.0,0.0,0.38461538461538464,99.0,0.0,0.0,0.0,0.0,5.0,3.6572682296173893,0.0,0.0,0.0,0.0,0.0,0.0,0.0,0.0,0.0,0.0,0.0,0.0,0.0
icici.carrer.in,Phishing,mock_Mock_Data_01_08_2025.xlsx,15.0,0.0,0.13333333333333333,0.0,0.0,0.0,0.0,1.0,2.0,9.0,1.0,0.0,0.5555555555555556,0.6,0.0,0.0,0.0,0.0,2.0,2.606238928653389,0.0,0.0,0.0,0.0,0.0,0.0,0.0,0.0,0.0,0.0,0.0,0.0,0.0
icicibank.fbmlive.com,Phishing,mock_Mock_Data_01_08_2025.xlsx,21.0,0.0,0.09523809523809523,0.0,0.0,0.0,0.0,1.0,2.0,11.0,1.0,0.0,0.45454545454545453,0.6666666666666666,0.0,0.0,0.0,1.0,3.0,3.4992275417233567,0.0,0.0,0.0,0.0,0.0,0.0,0.0,0.0,0.0,0.0,0.0,0.0,0.0
icici.woho.in,Phishing,mock_Mock_Data_01_08_2025.xlsx,13.0,0.0,0.15384615384615385,0.0,0.0,0.0,0.0,1.0,2.0,7.0,1.0,0.0,0.7142857142857143,0.6,0.0,0.0,0.0,0.0,2.0,2.6235166412180155,0.0,0.0,0.0,0.0,0.0,0.0,0.0,0.0,0.0,0.0,0.0,0.0,0.0
icicibank.carreer.com,Phishing,mock_Mock_Data_01_08_2025.xlsx,21.0,0.0,0.09523809523809523,0.0,0.0,0.0,0.0,1.0,2.0,11.0,1.0,0.0,0.45454545454545453,0.6666666666666666,0.0,0.0,0.0,1.0,3.0,3.27280432733462,0.0,0.0,0.0,0.0,0.0,0.0,0.0,0.0,0.0,0.0,0.0,0.0,0.0
icicifake.000webhostapp.com,Phishing,mock_Mock_Data_01_08_2025.xlsx,27.0,0.1111111111111111,0.07407407407407407,0.0,0.0,0.0,0.0,1.0,2.0,17.0,1.0,0.0,0.29411764705882354,0.3333333333333333,0.0,0.0,1.0,1.0,3.0,3.8561962982193805,0.0,0.0,0.0,0.0,0.0,0.0,0.0,0.0,0.0,0.0,0.0,0.0,0.0
icicipru.amc.in,Phishing,mock_Mock_Data_01_08_2025.xlsx,15.0,0.0,0.13333333333333333,0.0,0.0,0.0,0.0,1.0,2.0,6.0,1.0,0.0,0.8333333333333334,0.6,0.0,0.0,0.0,0.0,2.0,2.9232314287976204,0.0,0.0,0.0,0.0,0.0,0.0,0.0,0.0,0.0,0.0,0.0,0.0,0.0
iciciint.cubehighways.com,Phishing,mock_Mock_Data_01_08_2025.xlsx,25.0,0.0,0.08,0.0,0.0,0.0,0.0,1.0,2.0,16.0,1.0,0.0,0.3125,0.3333333333333333,0.0,0.0,0.0,1.0,3.0,3.699470570797251,0.0,0.0,0.0,0.0,0.0,0.0,0.0,0.0,0.0,0.0,0.0,0.0,0.0
icicicj.shop,Phishing,mock_Mock_Data_01_08_2025.xlsx,12.0,0.0,0.08333333333333333,0.0,0.0,0.0,0.0,0.0,1.0,12.0,0.0,1.0,0.4166666666666667,0.4,0.0,0.0,0.0,0.0,4.0,2.792481250360578,0.0,0.0,0.0,0.0,0.0,0.0,0.0,0.0,0.0,0.0,0.0,0.0,0.0
api-admin-icici-bap-preprod.bharatvyapaar.com,Phishing,mock_Mock_Data_01_08_2025.xlsx,45.0,0.0,0.044444444444444446,4.0,0.08888888888888889,0.0,0.0,1.0,2.0,17.0,1.0,0.0,0.29411764705882354,0.6,0.0,0.0,0.0,1.0,3.0,3.75909379741774,0.0,0.0,0.0,0.0,0.0,0.0,0.0,0.0,0.0,0.0,0.0,0.0,0.0
iciciprulife-evl.onignio.com,Phishing,mock_Mock_Data_01_08_2025.xlsx,28.0,0.0,0.07142857142857142,1.0,0.03571428571428571,0.0,0.0,1.0,2.0,11.0,1.0,0.0,0.45454545454545453,0.6666666666666666,0.0,0.0,0.0,1.0,3.0,3.628085278891394,0.0,0.0,0.0,0.0,0.0,0.0,0.0,0.0,0.0,0.0,0.0,0.0,0.0
it.icici.asset.com,Phishing,mock_Mock_Data_01_08_2025.xlsx,18.0,0.0,0.16666666666666666,0.0,0.0,0.0,0.0,2.0,2.0,9.0,1.0,0.0,0.5555555555555556,0.6,0.0,0.0,0.0,1.0,3.0,2.974937501201927,0.0,0.0,0.0,0.0,0.0,0.0,0.0,0.0,0.0,0.0,0.0,0.0,0.0
icicipru.co,Phishing,mock_Mock_Data_01_08_2025.xlsx,11.0,0.0,0.09090909090909091,0.0,0.0,0.0,0.0,0.0,1.0,11.0,0.0,0.0,0.45454545454545453,0.6,0.0,0.0,0.0,0.0,2.0,2.5949066182439395,0.0,0.0,0.0,0.0,0.0,0.0,0.0,0.0,0.0,0.0,0.0,0.0,0.0
icici.birect.com,Phishing,mock_Mock_Data_01_08_2025.xlsx,16.0,0.0,0.125,0.0,0.0,0.0,0.0,1.0,2.0,10.0,1.0,0.0,0.5,0.6,0.0,0.0,0.0,1.0,3.0,2.875,0.0,0.0,0.0,0.0,0.0,0.0,0.0,0.0,0.0,0.0,0.0,0.0,0.0
icicibank.giftz.ai,Phishing,mock_Mock_Data_01_08_2025.xlsx,18.0,0.0,0.1111111111111111,0.0,0.0,0.0,0.0,1.0,2.0,8.0,1.0,0.0,0.625,99.0,0.0,0.0,0.0,0.0,2.0,3.1916116417513782,0.0,0.0,0.0,0.0,0.0,0.0,0.0,0.0,0.0,0.0,0.0,0.0,0.0
icicihdfc.com,Phishing,mock_Mock_Data_01_08_2025.xlsx,13.0,0.0,0.07692307692307693,0.0,0.0,0.0,0.0,0.0,1.0,13.0,0.0,0.0,0.38461538461538464,0.6666666666666666,0.0,0.0,0.0,1.0,3.0,2.7192945256669794,0.0,0.0,0.0,0.0,0.0,0.0,0.0,0.0,0.0,0.0,0.0,0.0,0.0
foreveryoung.enterprises,Phishing,mock_Mock_Data_01_08_2025.xlsx,24.0,0.0,0.041666666666666664,0.0,0.0,0.0,0.0,0.0,0.0,24.0,0.0,0.0,0.0,99.0,0.0,0.0,0.0,0.0,11.0,3.517894147619623,0.0,0.0,0.0,0.0,0.0,0.0,0.0,0.0,0.0,0.0,0.0,0.0,0.0
foreveryoung.luxury,Phishing,mock_Mock_Data_01_08_2025.xlsx,19.0,0.0,0.05263157894736842,0.0,0.0,0.0,0.0,0.0,0.0,19.0,0.0,0.0,0.0,99.0,0.0,0.0,0.0,0.0,6.0,3.431623565847431,0.0,0.0,0.0,0.0,0.0,0.0,0.0,0.0,0.0,0.0,0.0,0.0,0.0
foreveryoungrp.com,Phishing,mock_Mock_Data_01_08_2025.xlsx,18.0,0.0,0.05555555555555555,0.0,0.0,0.0,0.0,0.0,0.0,18.0,0.0,0.0,0.0,0.6666666666666666,0.0,0.0,0.0,1.0,3.0,3.530493056757482,0.0,0.0,0.0,0.0,0.0,0.0,0.0,0.0,0.0,0.0,0.0,0.0,0.0
cs-iciciprulife.com,Phishing,mock_Mock_Data_01_08_2025.xlsx,19.0,0.0,0.05263157894736842,1.0,0.05263157894736842,0.0,0.0,0.0,1.0,19.0,0.0,0.0,0.2631578947368421,0.6666666666666666,0.0,0.0,0.0,1.0,3.0,3.405822250285689,0.0,0.0,0.0,0.0,0.0,0.0,0.0,0.0,0.0,0.0,0.0,0.0,0.0
www.my.bicici.com,Phishing,mock_Mock_Data_01_08_2025.xlsx,17.0,0.0,0.17647058823529413,0.0,0.0,0.0,0.0,2.0,1.0,10.0,0.0,0.0,0.5,0.2,0.0,0.0,0.0,1.0,3.0,2.851018723094229,0.0,0.0,0.0,0.0,0.0,0.0,0.0,0.0,0.0,0.0,0.0,0.0,0.0
ww51.icicicibank.com,Phishing,mock_Mock_Data_01_08_2025.xlsx,20.0,0.1,0.1,0.0,0.0,0.0,0.0,1.0,1.0,15.0,0.0,0.0,0.3333333333333333,0.2222222222222222,0.0,0.0,0.0,1.0,3.0,3.321928094887362,0.0,0.0,0.0,0.0,0.0,0.0,0.0,0.0,0.0,0.0,0.0,0.0,0.0
add.icicici.com,Phishing,mock_Mock_Data_01_08_2025.xlsx,15.0,0.0,0.13333333333333333,0.0,0.0,0.0,0.0,1.0,1.0,11.0,0.0,0.0,0.45454545454545453,0.4,0.0,0.0,0.0,1.0,3.0,2.5735572622751848,0.0,0.0,0.0,0.0,0.0,0.0,0.0,0.0,0.0,0.0,0.0,0.0,0.0
www.ww.icicidirct.com,Phishing,mock_Mock_Data_01_08_2025.xlsx,21.0,0.0,0.14285714285714285,0.0,0.0,0.0,0.0,2.0,1.0,14.0,0.0,0.0,0.35714285714285715,0.6666666666666666,0.0,0.0,0.0,1.0,3.0,2.8511494238930326,0.0,0.0,0.0,0.0,0.0,0.0,0.0,0.0,0.0,0.0,0.0,0.0,0.0
content.icicidirect.co,Phishing,mock_Mock_Data_01_08_2025.xlsx,22.0,0.0,0.09090909090909091,0.0,0.0,0.0,0.0,1.0,1.0,14.0,0.0,0.0,0.35714285714285715,99.0,0.0,0.0,0.0,0.0,2.0,2.988316710610012,0.0,0.0,0.0,0.0,0.0,0.0,0.0,0.0,0.0,0.0,0.0,0.0,0.0
kaanficici.com,Phishing,mock_Mock_Data_01_08_2025.xlsx,14.0,0.0,0.07142857142857142,0.0,0.0,0.0,0.0,0.0,1.0,14.0,0.0,0.0,0.35714285714285715,0.6666666666666666,0.0,0.0,0.0,1.0,3.0,2.9852281360342516,0.0,0.0,0.0,0.0,0.0,0.0,0.0,0.0,0.0,0.0,0.0,0.0,0.0
ww38.icicibankcareer.xyz,Phishing,mock_Mock_Data_01_08_2025.xlsx,24.0,0.08333333333333333,0.08333333333333333,0.0,0.0,0.0,0.0,1.0,1.0,19.0,0.0,1.0,0.2631578947368421,1.0,0.0,0.0,0.0,0.0,3.0,3.772055208874201,0.0,0.0,0.0,0.0,0.0,0.0,0.0,0.0,0.0,0.0,0.0,0.0,0.0
ww38.icicibankpersonalloan.xyz,Phishing,mock_Mock_Data_01_08_2025.xlsx,30.0,0.06666666666666667,0.06666666666666667,0.0,0.0,0.0,0.0,1.0,1.0,25.0,0.0,1.0,0.2,1.0,0.0,0.0,0.0,0.0,3.0,4.0980685120588385,0.0,0.0,0.0,0.0,0.0,0.0,0.0,0.0,0.0,0.0,0.0,0.0,0.0
www.app.icicibankcreditcard.com,Phishing,mock_Mock_Data_01_08_2025.xlsx,31.0,0.0,0.0967741935483871,0.0,0.0,0.0,0.0,2.0,1.0,23.0,0.0,0.0,0.21739130434782608,0.6666666666666666,0.0,0.0,0.0,1.0,3.0,3.667928472292448,0.0,0.0,0.0,0.0,0.0,0.0,0.0,0.0,0.0,0.0,0.0,0.0,0.0
hostmaster.www.icicibankcreditcard.com,Phishing,mock_Mock_Data_01_08_2025.xlsx,38.0,0.0,0.07894736842105263,0.0,0.0,0.0,0.0,2.0,1.0,23.0,0.0,0.0,0.21739130434782608,0.6666666666666666,0.0,0.0,0.0,1.0,3.0,3.843083355936897,0.0,0.0,0.0,0.0,0.0,0.0,0.0,0.0,0.0,0.0,0.0,0.0,0.0
www.in.icicibankcreditcard.com,Phishing,mock_Mock_Data_01_08_2025.xlsx,30.0,0.0,0.1,0.0,0.0,0.0,0.0,2.0,1.0,23.0,0.0,0.0,0.21739130434782608,0.6666666666666666,0.0,0.0,0.0,1.0,3.0,3.5492553971684995,0.0,0.0,0.0,0.0,0.0,0.0,0.0,0.0,0.0,0.0,0.0,0.0,0.0
www.old.icicibankcreditcard.com,Phishing,mock_Mock_Data_01_08_2025.xlsx,31.0,0.0,0.0967741935483871,0.0,0.0,0.0,0.0,2.0,1.0,23.0,0.0,0.0,0.21739130434782608,0.6666666666666666,0.0,0.0,0.0,1.0,3.0,3.667928472292448,0.0,0.0,0.0,0.0,0.0,0.0,0.0,0.0,0.0,0.0,0.0,0.0,0.0
www.www.metric.icicibankcreditcard.com,Phishing,mock_Mock_Data_01_08_2025.xlsx,38.0,0.0,0.10526315789473684,0.0,0.0,0.0,0.0,3.0,1.0,23.0,0.0,0.0,0.21739130434782608,0.6666666666666666,0.0,0.0,0.0,1.0,3.0,3.527293882252686,0.0,0.0,0.0,0.0,0.0,0.0,0.0,0.0,0.0,0.0,0.0,0.0,0.0
www.icicibank.icicilombart.com,Phishing,mock_Mock_Data_01_08_2025.xlsx,30.0,0.0,0.1,0.0,0.0,0.0,0.0,2.0,1.0,16.0,1.0,0.0,0.3125,0.6666666666666666,0.0,0.0,0.0,1.0,3.0,3.4192509128388284,0.0,0.0,0.0,0.0,0.0,0.0,0.0,0.0,0.0,0.0,0.0,0.0,0.0
forums.icicibankcreditcard.com,Phishing,mock_Mock_Data_01_08_2025.xlsx,30.0,0.0,0.06666666666666667,0.0,0.0,0.0,0.0,1.0,1.0,23.0,0.0,0.0,0.21739130434782608,0.6666666666666666,0.0,0.0,0.0,1.0,3.0,3.7614063297218423,0.0,0.0,0.0,0.0,0.0,0.0,0.0,0.0,0.0,0.0,0.0,0.0,0.0
reports.icicibankcreditcard.com,Phishing,mock_Mock_Data_01_08_2025.xlsx,31.0,0.0,0.06451612903225806,0.0,0.0,0.0,0.0,1.0,1.0,23.0,0.0,0.0,0.21739130434782608,0.6666666666666666,0.0,0.0,0.0,1.0,3.0,3.6764659725018163,0.0,0.0,0.0,0.0,0.0,0.0,0.0,0.0,0.0,0.0,0.0,0.0,0.0
mail.icicibankco.com,Phishing,mock_Mock_Data_01_08_2025.xlsx,20.0,0.0,0.1,0.0,0.0,0.0,0.0,1.0,1.0,15.0,0.0,0.0,0.3333333333333333,0.2222222222222222,0.0,0.0,0.0,1.0,3.0,3.121928094887362,0.0,0.0,0.0,0.0,0.0,0.0,0.0,0.0,0.0,0.0,0.0,0.0,0.0
catalog.eazypayicicibank.com,Phishing,mock_Mock_Data_01_08_2025.xlsx,28.0,0.0,0.07142857142857142,0.0,0.0,0.0,0.0,1.0,1.0,20.0,0.0,0.0,0.25,0.6666666666666666,0.0,0.0,0.0,1.0,3.0,3.7229074943218796,0.0,0.0,0.0,0.0,0.0,0.0,0.0,0.0,0.0,0.0,0.0,0.0,0.0
checkmypersonalloanstatusicicibank.com.cialisonla.com,Phishing,mock_Mock_Data_01_08_2025.xlsx,53.0,0.0,0.05660377358490566,0.0,0.0,0.0,0.0,2.0,2.0,14.0,1.0,0.0,0.35714285714285715,0.6666666666666666,0.0,0.0,0.0,1.0,3.0,3.8809333713192227,0.0,0.0,0.0,0.0,0.0,0.0,0.0,0.0,0.0,0.0,0.0,0.0,0.0
ebrubicici.com,Phishing,mock_Mock_Data_01_08_2025.xlsx,14.0,0.0,0.07142857142857142,0.0,0.0,0.0,0.0,0.0,1.0,14.0,0.0,0.0,0.35714285714285715,0.6666666666666666,0.0,0.0,0.0,1.0,3.0,2.9852281360342516,0.0,0.0,0.0,0.0,0.0,0.0,0.0,0.0,0.0,0.0,0.0,0.0,0.0
admin.wwwicicibank.com,Phishing,mock_Mock_Data_01_08_2025.xlsx,22.0,0.0,0.09090909090909091,0.0,0.0,0.0,0.0,1.0,1.0,16.0,0.0,0.0,0.3125,0.3333333333333333,0.0,0.0,0.0,1.0,3.0,3.299896391167891,0.0,0.0,0.0,0.0,0.0,0.0,0.0,0.0,0.0,0.0,0.0,0.0,0.0
icicibank.comndeed.com,Phishing,mock_Mock_Data_01_08_2025.xlsx,22.0,0.0,0.09090909090909091,0.0,0.0,0.0,0.0,1.0,2.0,12.0,1.0,0.0,0.4166666666666667,0.6666666666666666,0.0,0.0,0.0,1.0,3.0,3.334209459448049,0.0,0.0,0.0,0.0,0.0,0.0,0.0,0.0,0.0,0.0,0.0,0.0,0.0
acqweb.icicicibank.com,Phishing,mock_Mock_Data_01_08_2025.xlsx,22.0,0.0,0.09090909090909091,0.0,0.0,0.0,0.0,1.0,1.0,15.0,0.0,0.0,0.3333333333333333,0.2222222222222222,0.0,0.0,0.0,1.0,3.0,3.295357051617441,0.0,0.0,0.0,0.0,0.0,0.0,0.0,0.0,0.0,0.0,0.0,0.0,0.0
eazypayapp.icicibnk.com,Phishing,mock_Mock_Data_01_08_2025.xlsx,23.0,0.0,0.08695652173913043,0.0,0.0,0.0,0.0,1.0,1.0,12.0,0.0,0.0,0.4166666666666667,0.1111111111111111,0.0,0.0,0.0,1.0,3.0,3.522711955680758,0.0,0.0,0.0,0.0,0.0,0.0,0.0,0.0,0.0,0.0,0.0,0.0,0.0
icicidirectn.co,Phishing,mock_Mock_Data_01_08_2025.xlsx,15.0,0.0,0.06666666666666667,0.0,0.0,0.0,0.0,0.0,1.0,15.0,0.0,0.0,0.3333333333333333,99.0,0.0,0.0,0.0,0.0,2.0,2.840223928941852,0.0,0.0,0.0,0.0,0.0,0.0,0.0,0.0,0.0,0.0,0.0,0.0,0.0
icicibankonnect.co,Phishing,mock_Mock_Data_01_08_2025.xlsx,18.0,0.0,0.05555555555555555,0.0,0.0,0.0,0.0,0.0,1.0,18.0,0.0,0.0,0.2777777777777778,99.0,0.0,0.0,0.0,0.0,2.0,3.086048612313038,0.0,0.0,0.0,0.0,0.0,0.0,0.0,0.0,0.0,0.0,0.0,0.0,0.0
icicibank.newsfeedsmartapps.com,Phishing,mock_Mock_Data_01_08_2025.xlsx,31.0,0.0,0.06451612903225806,0.0,0.0,0.0,0.0,1.0,2.0,21.0,1.0,0.0,0.23809523809523808,0.6666666666666666,0.0,0.0,0.0,1.0,3.0,3.9292144551992183,0.0,0.0,0.0,0.0,0.0,0.0,0.0,0.0,0.0,0.0,0.0,0.0,0.0
icicibankkonnect.co,Phishing,mock_Mock_Data_01_08_2025.xlsx,19.0,0.0,0.05263157894736842,0.0,0.0,0.0,0.0,0.0,1.0,19.0,0.0,0.0,0.2631578947368421,99.0,0.0,0.0,0.0,0.0,2.0,3.11583409216322,0.0,0.0,0.0,0.0,0.0,0.0,0.0,0.0,0.0,0.0,0.0,0.0,0.0
icicibankbizcircle.rawranked.com,Phishing,mock_Mock_Data_01_08_2025.xlsx,32.0,0.0,0.0625,0.0,0.0,0.0,0.0,1.0,2.0,13.0,1.0,0.0,0.38461538461538464,0.6666666666666666,0.0,0.0,0.0,1.0,3.0,3.6647170014624826,0.0,0.0,0.0,0.0,0.0,0.0,0.0,0.0,0.0,0.0,0.0,0.0,0.0
ns.icicidirectlogin.com,Phishing,mock_Mock_Data_01_08_2025.xlsx,23.0,0.0,0.08695652173913043,0.0,0.0,0.0,0.0,1.0,1.0,20.0,0.0,0.0,0.25,0.6666666666666666,0.0,0.0,0.0,1.0,3.0,3.4100993267336737,1.0,0.0,0.0,0.0,0.0,0.0,0.0,0.0,0.0,0.0,0.0,0.0,0.0
eazypay.icicibak.com,Phishing,mock_Mock_Data_01_08_2025.xlsx,20.0,0.0,0.1,0.0,0.0,0.0,0.0,1.0,1.0,12.0,0.0,0.0,0.4166666666666667,0.1111111111111111,0.0,0.0,0.0,1.0,3.0,3.408694969562842,0.0,0.0,0.0,0.0,0.0,0.0,0.0,0.0,0.0,0.0,0.0,0.0,0.0
yoginicici.com,Phishing,mock_Mock_Data_01_08_2025.xlsx,14.0,0.0,0.07142857142857142,0.0,0.0,0.0,0.0,0.0,1.0,14.0,0.0,0.0,0.21428571428571427,0.6666666666666666,0.0,0.0,0.0,1.0,3.0,2.7534343861887853,0.0,0.0,0.0,0.0,0.0,0.0,0.0,0.0,0.0,0.0,0.0,0.0,0.0
ww16.dns1.icicibank.sbs,Phishing,mock_Mock_Data_01_08_2025.xlsx,23.0,0.13043478260869565,0.13043478260869565,0.0,0.0,0.0,0.0,2.0,1.0,13.0,0.0,1.0,0.38461538461538464,0.3333333333333333,0.0,0.0,0.0,0.0,3.0,3.4685766296878655,0.0,0.0,0.0,0.0,0.0,0.0,0.0,0.0,0.0,0.0,0.0,0.0,0.0
icicibank.flatworldrewards.com,Phishing,mock_Mock_Data_01_08_2025.xlsx,30.0,0.0,0.06666666666666667,0.0,0.0,0.0,0.0,1.0,2.0,20.0,1.0,0.0,0.25,0.6666666666666666,0.0,0.0,0.0,1.0,3.0,3.939572261986722,0.0,0.0,0.0,0.0,0.0,0.0,0.0,0.0,0.0,0.0,0.0,0.0,0.0
www.icicibank.comflowise.symptomsoflowoxygen.site,Phishing,mock_Mock_Data_01_08_2025.xlsx,49.0,0.0,0.08163265306122448,0.0,0.0,0.0,0.0,3.0,2.0,24.0,1.0,1.0,0.20833333333333334,0.5,0.0,0.0,0.0,0.0,4.0,4.002593140856209,0.0,0.0,0.0,0.0,0.0,0.0,0.0,0.0,0.0,0.0,0.0,0.0,0.0
aiadvantage.info,Phishing,mock_Mock_Data_01_08_2025.xlsx,16.0,0.0,0.0625,0.0,0.0,0.0,0.0,0.0,0.0,16.0,0.0,1.0,0.0,0.75,0.0,0.0,0.0,0.0,4.0,3.25,0.0,0.0,0.0,0.0,0.0,0.0,0.0,0.0,0.0,0.0,0.0,0.0,0.0
moneyworld.top,Phishing,mock_Mock_Data_01_08_2025.xlsx,14.0,0.0,0.07142857142857142,0.0,0.0,0.0,0.0,0.0,0.0,14.0,0.0,1.0,0.0,0.6666666666666666,0.0,0.0,0.0,0.0,3.0,3.4677201004744997,0.0,0.0,0.0,0.0,0.0,0.0,0.0,0.0,0.0,0.0,0.0,0.0,0.0
icicenter.org,Phishing,mock_Mock_Data_01_08_2025.xlsx,13.0,0.0,0.07692307692307693,0.0,0.0,0.0,0.0,0.0,0.0,13.0,0.0,0.0,0.0,0.75,0.0,0.0,0.0,1.0,3.0,3.085055102756477,0.0,0.0,0.0,0.0,0.0,0.0,0.0,0.0,0.0,0.0,0.0,0.0,0.0
cclcinvestments.com,Phishing,mock_Mock_Data_01_08_2025.xlsx,19.0,0.0,0.05263157894736842,0.0,0.0,0.0,0.0,0.0,0.0,19.0,0.0,0.0,0.0,0.6666666666666666,0.0,0.0,0.0,1.0,3.0,3.300559092390954,0.0,0.0,0.0,0.0,0.0,0.0,0.0,0.0,0.0,0.0,0.0,0.0,0.0
rewardsicici.com,Phishing,mock_Mock_Data_01_08_2025.xlsx,16.0,0.0,0.0625,0.0,0.0,0.0,0.0,0.0,1.0,16.0,0.0,0.0,0.3125,0.6666666666666666,0.0,0.0,0.0,1.0,3.0,3.2806390622295662,0.0,0.0,0.0,0.0,0.0,0.0,0.0,0.0,0.0,0.0,0.0,0.0,0.0
icicibank.io,Phishing,mock_Mock_Data_01_08_2025.xlsx,12.0,0.0,0.08333333333333333,0.0,0.0,0.0,0.0,0.0,1.0,12.0,0.0,0.0,0.4166666666666667,99.0,0.0,0.0,0.0,0.0,2.0,2.751629167387823,0.0,0.0,0.0,0.0,0.0,0.0,0.0,0.0,0.0,0.0,0.0,0.0,0.0
clclcl.cloud,Phishing,mock_Mock_Data_01_08_2025.xlsx,12.0,0.0,0.08333333333333333,0.0,0.0,0.0,0.0,0.0,0.0,12.0,0.0,0.0,0.0,99.0,0.0,0.0,0.0,0.0,5.0,2.251629167387823,0.0,0.0,0.0,0.0,0.0,0.0,0.0,0.0,0.0,0.0,0.0,0.0,0.0
lclcldd.org,Phishing,mock_Mock_Data_01_08_2025.xlsx,11.0,0.0,0.09090909090909091,0.0,0.0,0.0,0.0,0.0,0.0,11.0,0.0,0.0,0.0,0.75,0.0,0.0,0.0,1.0,3.0,2.6635327548042547,0.0,0.0,0.0,0.0,0.0,0.0,0.0,0.0,0.0,0.0,0.0,0.0,0.0
icicl.icu,Phishing,mock_Mock_Data_01_08_2025.xlsx,9.0,0.0,0.1111111111111111,0.0,0.0,0.0,0.0,0.0,0.0,9.0,0.0,1.0,0.0,0.2,0.0,0.0,0.0,0.0,3.0,2.113283334294875,0.0,0.0,0.0,0.0,0.0,0.0,0.0,0.0,0.0,0.0,0.0,0.0,0.0
moneymeals.app,Phishing,mock_Mock_Data_01_08_2025.xlsx,14.0,0.0,0.07142857142857142,0.0,0.0,0.0,0.0,0.0,0.0,14.0,0.0,0.0,0.0,0.75,0.0,0.0,0.0,0.0,3.0,3.2359263506290334,0.0,0.0,0.0,0.0,0.0,0.0,0.0,0.0,0.0,0.0,0.0,0.0,0.0
icicnsg.com,Phishing,mock_Mock_Data_01_08_2025.xlsx,11.0,0.0,0.09090909090909091,0.0,0.0,0.0,0.0,0.0,0.0,11.0,0.0,0.0,0.0,0.6,0.0,0.0,0.0,1.0,3.0,2.8453509366224368,0.0,0.0,0.0,0.0,0.0,0.0,0.0,0.0,0.0,0.0,0.0,0.0,0.0
cicifinance.com,Phishing,mock_Mock_Data_01_08_2025.xlsx,15.0,0.0,0.06666666666666667,0.0,0.0,0.0,0.0,0.0,0.0,15.0,0.0,0.0,0.0,0.6666666666666666,0.0,0.0,0.0,1.0,3.0,2.9232314287976204,0.0,0.0,0.0,0.0,0.0,0.0,0.0,0.0,0.0,0.0,0.0,0.0,0.0
seconline.com,Phishing,mock_Mock_Data_01_08_2025.xlsx,13.0,0.0,0.07692307692307693,0.0,0.0,0.0,0.0,0.0,0.0,13.0,0.0,0.0,0.0,0.6666666666666666,0.0,0.0,0.0,1.0,3.0,3.085055102756477,0.0,0.0,0.0,0.0,0.0,0.0,0.0,0.0,0.0,0.0,0.0,0.0,0.0
ecicsinsurance.com,Phishing,mock_Mock_Data_01_08_2025.xlsx,18.0,0.0,0.05555555555555555,0.0,0.0,0.0,0.0,0.0,0.0,18.0,0.0,0.0,0.0,0.6666666666666666,0.0,0.0,0.0,1.0,3.0,3.2810361125534233,0.0,0.0,0.0,0.0,0.0,0.0,0.0,0.0,0.0,0.0,0.0,0.0,0.0
iciciservices.online,Phishing,mock_Mock_Data_01_08_2025.xlsx,20.0,0.0,0.05,0.0,0.0,0.0,0.0,0.0,1.0,20.0,0.0,1.0,0.25,0.3333333333333333,0.0,0.0,0.0,0.0,6.0,3.065957320949175,0.0,0.0,0.0,0.0,0.0,0.0,0.0,0.0,0.0,0.0,0.0,0.0,0.0
icicicareers.cloud,Phishing,mock_Mock_Data_01_08_2025.xlsx,18.0,0.0,0.05555555555555555,0.0,0.0,0.0,0.0,0.0,1.0,18.0,0.0,0.0,0.2777777777777778,99.0,0.0,0.0,0.0,0.0,5.0,3.239097917988786,0.0,0.0,0.0,0.0,0.0,0.0,0.0,0.0,0.0,0.0,0.0,0.0,0.0
foreveryong.lat,Phishing,mock_Mock_Data_01_08_2025.xlsx,15.0,0.0,0.06666666666666667,0.0,0.0,0.0,0.0,0.0,0.0,15.0,0.0,0.0,0.0,0.75,0.0,0.0,0.0,0.0,3.0,3.5068905956085192,0.0,0.0,0.0,0.0,0.0,0.0,0.0,0.0,0.0,0.0,0.0,0.0,0.0
lclclcklc.xyz,Phishing,mock_Mock_Data_01_08_2025.xlsx,13.0,0.0,0.07692307692307693,0.0,0.0,0.0,0.0,0.0,0.0,13.0,0.0,1.0,0.0,1.0,0.0,0.0,0.0,0.0,3.0,2.469670487371862,0.0,0.0,0.0,0.0,0.0,0.0,0.0,0.0,0.0,0.0,0.0,0.0,0.0
beattheheat.asia,Phishing,mock_Mock_Data_01_08_2025.xlsx,16.0,0.0,0.0625,0.0,0.0,0.0,0.0,0.0,0.0,16.0,0.0,0.0,0.0,0.75,0.0,0.0,0.0,0.0,4.0,2.7806390622295662,0.0,0.0,0.0,0.0,0.0,0.0,0.0,0.0,0.0,0.0,0.0,0.0,0.0
mekicici.fun,Phishing,mock_Mock_Data_01_08_2025.xlsx,12.0,0.0,0.08333333333333333,0.0,0.0,0.0,0.0,0.0,1.0,12.0,0.0,1.0,0.4166666666666667,0.6,0.0,0.0,0.0,0.0,3.0,3.0220552088742,0.0,0.0,0.0,0.0,0.0,0.0,0.0,0.0,0.0,0.0,0.0,0.0,0.0
sotericicients.shop,Phishing,mock_Mock_Data_01_08_2025.xlsx,19.0,0.0,0.05263157894736842,0.0,0.0,0.0,0.0,0.0,1.0,19.0,0.0,1.0,0.2631578947368421,1.0,0.0,0.0,0.0,0.0,4.0,3.326360407952694,0.0,0.0,0.0,0.0,0.0,0.0,0.0,0.0,0.0,0.0,0.0,0.0,0.0
moneyworld.money,Phishing,mock_Mock_Data_01_08_2025.xlsx,16.0,0.0,0.0625,0.0,0.0,0.0,0.0,0.0,0.0,16.0,0.0,0.0,0.0,99.0,0.0,0.0,0.0,0.0,5.0,3.202819531114783,0.0,0.0,0.0,0.0,0.0,0.0,0.0,0.0,0.0,0.0,0.0,0.0,0.0
ww17.dashboards.icicicdirect.com,Phishing,mock_Mock_Data_01_08_2025.xlsx,32.0,0.0625,0.09375,0.0,0.0,0.0,0.0,2.0,1.0,16.0,0.0,0.0,0.3125,0.6666666666666666,0.0,0.0,0.0,1.0,3.0,3.7775182662886326,0.0,0.0,0.0,0.0,0.0,0.0,0.0,0.0,0.0,0.0,0.0,0.0,0.0
icici.icicilombart.com,Phishing,mock_Mock_Data_01_08_2025.xlsx,22.0,0.0,0.09090909090909091,0.0,0.0,0.0,0.0,1.0,1.0,16.0,1.0,0.0,0.3125,0.6,0.0,0.0,0.0,1.0,3.0,2.954003642329854,0.0,0.0,0.0,0.0,0.0,0.0,0.0,0.0,0.0,0.0,0.0,0.0,0.0
icicibankgames.byethost.com,Phishing,mock_Mock_Data_01_08_2025.xlsx,27.0,0.0,0.07407407407407407,0.0,0.0,0.0,0.0,1.0,2.0,12.0,1.0,0.0,0.4166666666666667,0.6666666666666666,0.0,0.0,0.0,1.0,3.0,3.810081020521731,0.0,0.0,0.0,0.0,0.0,0.0,0.0,0.0,0.0,0.0,0.0,0.0,0.0
icicibanklearn.byethost.com,Phishing,mock_Mock_Data_01_08_2025.xlsx,27.0,0.0,0.07407407407407407,0.0,0.0,0.0,0.0,1.0,2.0,12.0,1.0,0.0,0.4166666666666667,0.6666666666666666,0.0,0.0,0.0,1.0,3.0,3.884155094595805,0.0,0.0,0.0,0.0,0.0,0.0,0.0,0.0,0.0,0.0,0.0,0.0,0.0
banklearn.blogspot.com,Phishing,mock_Mock_Data_01_08_2025.xlsx,22.0,0.0,0.09090909090909091,0.0,0.0,0.0,0.0,1.0,0.0,12.0,0.0,0.0,0.0,0.6666666666666666,0.0,0.0,0.0,1.0,3.0,3.788754913993503,0.0,0.0,0.0,0.0,0.0,0.0,0.0,0.0,0.0,0.0,0.0,0.0,0.0
banklearn.byethost.com,Phishing,mock_Mock_Data_01_08_2025.xlsx,22.0,0.0,0.09090909090909091,0.0,0.0,0.0,0.0,1.0,0.0,12.0,0.0,0.0,0.0,0.6666666666666666,0.0,0.0,0.0,1.0,3.0,3.8230679822736606,0.0,0.0,0.0,0.0,0.0,0.0,0.0,0.0,0.0,0.0,0.0,0.0,0.0
57e0d8d2686c.dms.iciciprulife.co,Phishing,mock_Mock_Data_01_08_2025.xlsx,32.0,0.25,0.09375,0.0,0.0,0.0,0.0,2.0,1.0,15.0,0.0,0.0,0.3333333333333333,0.75,0.0,0.0,0.0,0.0,2.0,4.015319531114783,0.0,0.0,0.0,0.0,0.0,0.0,0.0,0.0,0.0,0.0,0.0,0.0,0.0
57e0d8d2686c.healthclaims.iciciprulife.co,Phishing,mock_Mock_Data_01_08_2025.xlsx,41.0,0.1951219512195122,0.07317073170731707,0.0,0.0,0.0,0.0,2.0,1.0,15.0,0.0,0.0,0.3333333333333333,99.0,0.0,0.0,0.0,0.0,2.0,4.1994070422921315,0.0,0.0,0.0,0.0,0.0,0.0,0.0,0.0,0.0,0.0,0.0,0.0,0.0
57e0d8d2686c.shikhileexed.iciciprulife.co,Phishing,mock_Mock_Data_01_08_2025.xlsx,41.0,0.1951219512195122,0.07317073170731707,0.0,0.0,0.0,0.0,2.0,1.0,15.0,0.0,0.0,0.3333333333333333,99.0,0.0,0.0,0.0,0.0,2.0,4.07391321234758,0.0,0.0,0.0,0.0,0.0,0.0,0.0,0.0,0.0,0.0,0.0,0.0,0.0
icicinribanking.byethost.com,Phishing,mock_Mock_Data_01_08_2025.xlsx,28.0,0.0,0.07142857142857142,0.0,0.0,0.0,0.0,1.0,2.0,12.0,1.0,0.0,0.4166666666666667,0.6666666666666666,0.0,0.0,0.0,1.0,3.0,3.7673757978160416,0.0,0.0,0.0,0.0,0.0,0.0,0.0,1.0,0.0,0.0,0.0,0.0,0.0
icicibankfinancial.byethost.com,Phishing,mock_Mock_Data_01_08_2025.xlsx,31.0,0.0,0.06451612903225806,0.0,0.0,0.0,0.0,1.0,2.0,12.0,1.0,0.0,0.4166666666666667,0.6666666666666666,0.0,0.0,0.0,1.0,3.0,3.756795811071915,0.0,0.0,0.0,0.0,0.0,0.0,0.0,0.0,0.0,0.0,0.0,0.0,0.0
icicifinancial.byethost.com,Phishing,mock_Mock_Data_01_08_2025.xlsx,27.0,0.0,0.07407407407407407,0.0,0.0,0.0,0.0,1.0,2.0,12.0,1.0,0.0,0.4166666666666667,0.6666666666666666,0.0,0.0,0.0,1.0,3.0,3.6582341512584025,0.0,0.0,0.0,0.0,0.0,0.0,0.0,0.0,0.0,0.0,0.0,0.0,0.0
iciciinsure.byethost.com,Phishing,mock_Mock_Data_01_08_2025.xlsx,24.0,0.0,0.08333333333333333,0.0,0.0,0.0,0.0,1.0,2.0,12.0,1.0,0.0,0.4166666666666667,0.6666666666666666,0.0,0.0,0.0,1.0,3.0,3.6368421881310113,0.0,0.0,0.0,0.0,0.0,0.0,0.0,0.0,0.0,0.0,0.0,0.0,0.0
icicibankinsure.byethost.com,Phishing,mock_Mock_Data_01_08_2025.xlsx,28.0,0.0,0.07142857142857142,0.0,0.0,0.0,0.0,1.0,2.0,12.0,1.0,0.0,0.4166666666666667,0.6666666666666666,0.0,0.0,0.0,1.0,3.0,3.8518232255517666,0.0,0.0,0.0,0.0,0.0,0.0,0.0,0.0,0.0,0.0,0.0,0.0,0.0
lclc1bank.byethost.com,Phishing,mock_Mock_Data_01_08_2025.xlsx,22.0,0.045454545454545456,0.09090909090909091,0.0,0.0,0.0,0.0,1.0,0.0,12.0,0.0,0.0,0.0,0.3333333333333333,0.0,0.0,0.0,1.0,3.0,3.788754913993502,0.0,0.0,0.0,0.0,0.0,0.0,0.0,0.0,0.0,0.0,0.0,0.0,0.0
lclcibank.byethost.com,Phishing,mock_Mock_Data_01_08_2025.xlsx,22.0,0.0,0.09090909090909091,0.0,0.0,0.0,0.0,1.0,0.0,12.0,0.0,0.0,0.0,0.2222222222222222,0.0,0.0,0.0,1.0,3.0,3.7887549139935026,0.0,0.0,0.0,0.0,0.0,0.0,0.0,0.0,0.0,0.0,0.0,0.0,0.0
icicitwowheelerloans.byethost.com,Phishing,mock_Mock_Data_01_08_2025.xlsx,33.0,0.0,0.06060606060606061,0.0,0.0,0.0,0.0,1.0,2.0,12.0,1.0,0.0,0.4166666666666667,0.6666666666666666,0.0,0.0,0.0,1.0,3.0,3.8242528312829873,0.0,0.0,0.0,0.0,0.0,0.0,0.0,0.0,0.0,0.0,0.0,0.0,0.0
icicifunding.byethost.com,Phishing,mock_Mock_Data_01_08_2025.xlsx,25.0,0.0,0.08,0.0,0.0,0.0,0.0,1.0,2.0,12.0,1.0,0.0,0.4166666666666667,0.6666666666666666,0.0,0.0,0.0,1.0,3.0,3.813660689688185,0.0,0.0,0.0,0.0,0.0,0.0,0.0,0.0,0.0,0.0,0.0,0.0,0.0
iciciassets.byethost.com,Phishing,mock_Mock_Data_01_08_2025.xlsx,24.0,0.0,0.08333333333333333,0.0,0.0,0.0,0.0,1.0,2.0,12.0,1.0,0.0,0.4166666666666667,0.6666666666666666,0.0,0.0,0.0,1.0,3.0,3.4072682296173893,0.0,0.0,0.0,0.0,0.0,0.0,0.0,0.0,0.0,0.0,0.0,0.0,0.0
icicifund.byethost.com,Phishing,mock_Mock_Data_01_08_2025.xlsx,22.0,0.0,0.09090909090909091,0.0,0.0,0.0,0.0,1.0,2.0,12.0,1.0,0.0,0.4166666666666667,0.3333333333333333,0.0,0.0,0.0,1.0,3.0,3.7544418457133446,0.0,0.0,0.0,0.0,0.0,0.0,0.0,0.0,0.0,0.0,0.0,0.0,0.0
icicistocks.byethost.com,Phishing,mock_Mock_Data_01_08_2025.xlsx,24.0,0.0,0.08333333333333333,0.0,0.0,0.0,0.0,1.0,2.0,12.0,1.0,0.0,0.4166666666666667,0.6666666666666666,0.0,0.0,0.0,1.0,3.0,3.3758145836939115,0.0,0.0,0.0,0.0,0.0,0.0,0.0,0.0,0.0,0.0,0.0,0.0,0.0
icicibankstocks.byethost.com,Phishing,mock_Mock_Data_01_08_2025.xlsx,28.0,0.0,0.07142857142857142,0.0,0.0,0.0,0.0,1.0,2.0,12.0,1.0,0.0,0.4166666666666667,0.6666666666666666,0.0,0.0,0.0,1.0,3.0,3.628085278891394,0.0,0.0,0.0,0.0,0.0,0.0,0.0,0.0,0.0,0.0,0.0,0.0,0.0
icicibankcarinsurance.byethost.com,Phishing,mock_Mock_Data_01_08_2025.xlsx,34.0,0.0,0.058823529411764705,0.0,0.0,0.0,0.0,1.0,2.0,12.0,1.0,0.0,0.4166666666666667,0.6666666666666666,0.0,0.0,0.0,1.0,3.0,3.819244738933759,0.0,0.0,0.0,0.0,0.0,0.0,0.0,0.0,0.0,0.0,0.0,0.0,0.0
icicibankconsumerfinance.byethost.com,Phishing,mock_Mock_Data_01_08_2025.xlsx,37.0,0.0,0.05405405405405406,0.0,0.0,0.0,0.0,1.0,2.0,12.0,1.0,0.0,0.4166666666666667,0.6666666666666666,0.0,0.0,0.0,1.0,3.0,3.881901595932633,0.0,0.0,0.0,0.0,0.0,0.0,0.0,0.0,0.0,0.0,0.0,0.0,0.0
icicismartloans.byethost.com,Phishing,mock_Mock_Data_01_08_2025.xlsx,28.0,0.0,0.07142857142857142,0.0,0.0,0.0,0.0,1.0,2.0,12.0,1.0,0.0,0.4166666666666667,0.6666666666666666,0.0,0.0,0.0,1.0,3.0,3.743982153814127,0.0,0.0,0.0,0.0,0.0,0.0,0.0,0.0,0.0,0.0,0.0,0.0,0.0
icicibankcapitalmarkets.byethost.com,Phishing,mock_Mock_Data_01_08_2025.xlsx,36.0,0.0,0.05555555555555555,0.0,0.0,0.0,0.0,1.0,2.0,12.0,1.0,0.0,0.4166666666666667,0.6666666666666666,0.0,0.0,0.0,1.0,3.0,3.8921472236645336,0.0,0.0,0.0,0.0,0.0,0.0,0.0,0.0,0.0,0.0,0.0,0.0,0.0
icicibankiplay.byethost.com,Phishing,mock_Mock_Data_01_08_2025.xlsx,27.0,0.0,0.07407407407407407,0.0,0.0,0.0,0.0,1.0,2.0,12.0,1.0,0.0,0.4166666666666667,0.6666666666666666,0.0,0.0,0.0,1.0,3.0,3.8380398168981564,0.0,0.0,0.0,0.0,0.0,0.0,0.0,0.0,0.0,0.0,0.0,0.0,0.0
icicibankinstantgoldloan.byethost.com,Phishing,mock_Mock_Data_01_08_2025.xlsx,37.0,0.0,0.05405405405405406,0.0,0.0,0.0,0.0,1.0,2.0,12.0,1.0,0.0,0.4166666666666667,0.6666666666666666,0.0,0.0,0.0,1.0,3.0,3.8713513384849785,0.0,0.0,0.0,0.0,0.0,0.0,0.0,0.0,0.0,0.0,0.0,0.0,0.0
icicibankflexicash.byethost.com,Phishing,mock_Mock_Data_01_08_2025.xlsx,31.0,0.0,0.06451612903225806,0.0,0.0,0.0,0.0,1.0,2.0,12.0,1.0,0.0,0.4166666666666667,0.6666666666666666,0.0,0.0,0.0,1.0,3.0,3.921938245870746,0.0,0.0,0.0,0.0,0.0,0.0,0.0,0.0,0.0,0.0,0.0,0.0,0.0
icicibankfdi.byethost.com,Phishing,mock_Mock_Data_01_08_2025.xlsx,25.0,0.0,0.08,0.0,0.0,0.0,0.0,1.0,2.0,12.0,1.0,0.0,0.4166666666666667,0.3333333333333333,0.0,0.0,0.0,1.0,3.0,3.813660689688185,0.0,0.0,0.0,0.0,0.0,0.0,0.0,0.0,0.0,0.0,0.0,0.0,0.0
iciciholdinglimited.byethost.com,Phishing,mock_Mock_Data_01_08_2025.xlsx,32.0,0.0,0.0625,0.0,0.0,0.0,0.0,1.0,2.0,12.0,1.0,0.0,0.4166666666666667,0.6666666666666666,0.0,0.0,0.0,1.0,3.0,3.694548827786958,0.0,0.0,0.0,0.0,0.0,0.0,0.0,0.0,0.0,0.0,0.0,0.0,0.0
iciciholdingslimited.byethost.com,Phishing,mock_Mock_Data_01_08_2025.xlsx,33.0,0.0,0.06060606060606061,0.0,0.0,0.0,0.0,1.0,2.0,12.0,1.0,0.0,0.4166666666666667,0.6666666666666666,0.0,0.0,0.0,1.0,3.0,3.7178960129700496,0.0,0.0,0.0,0.0,0.0,0.0,0.0,0.0,0.0,0.0,0.0,0.0,0.0
iciciholdingsltd.byethost.com,Phishing,mock_Mock_Data_01_08_2025.xlsx,29.0,0.0,0.06896551724137931,0.0,0.0,0.0,0.0,1.0,2.0,12.0,1.0,0.0,0.4166666666666667,0.6666666666666666,0.0,0.0,0.0,1.0,3.0,3.7454064259382474,0.0,0.0,0.0,0.0,0.0,0.0,0.0,0.0,0.0,0.0,0.0,0.0,0.0
icicibankholding.byethost.com,Phishing,mock_Mock_Data_01_08_2025.xlsx,29.0,0.0,0.06896551724137931,0.0,0.0,0.0,0.0,1.0,2.0,12.0,1.0,0.0,0.4166666666666667,0.6666666666666666,0.0,0.0,0.0,1.0,3.0,3.909368063943885,0.0,0.0,0.0,0.0,0.0,0.0,0.0,0.0,0.0,0.0,0.0,0.0,0.0
icicibankholdings.byethost.com,Phishing,mock_Mock_Data_01_08_2025.xlsx,30.0,0.0,0.06666666666666667,0.0,0.0,0.0,0.0,1.0,2.0,12.0,1.0,0.0,0.4166666666666667,0.6666666666666666,0.0,0.0,0.0,1.0,3.0,3.923231428797621,0.0,0.0,0.0,0.0,0.0,0.0,0.0,0.0,0.0,0.0,0.0,0.0,0.0
iciciholdings.byethost.com,Phishing,mock_Mock_Data_01_08_2025.xlsx,26.0,0.0,0.07692307692307693,0.0,0.0,0.0,0.0,1.0,2.0,12.0,1.0,0.0,0.4166666666666667,0.6666666666666666,0.0,0.0,0.0,1.0,3.0,3.719294525666979,0.0,0.0,0.0,0.0,0.0,0.0,0.0,0.0,0.0,0.0,0.0,0.0,0.0
icicitrust.byethost.com,Phishing,mock_Mock_Data_01_08_2025.xlsx,23.0,0.0,0.08695652173913043,0.0,0.0,0.0,0.0,1.0,2.0,12.0,1.0,0.0,0.4166666666666667,0.6666666666666666,0.0,0.0,0.0,1.0,3.0,3.501397825434103,0.0,0.0,0.0,0.0,0.0,0.0,0.0,0.0,0.0,0.0,0.0,0.0,0.0
icicbnk.byethost.com,Phishing,mock_Mock_Data_01_08_2025.xlsx,20.0,0.0,0.1,0.0,0.0,0.0,0.0,1.0,0.0,12.0,0.0,0.0,0.0,0.2222222222222222,0.0,0.0,0.0,1.0,3.0,3.584183719779189,0.0,0.0,0.0,0.0,0.0,0.0,0.0,0.0,0.0,0.0,0.0,0.0,0.0
icicibnk.byethost.com,Phishing,mock_Mock_Data_01_08_2025.xlsx,21.0,0.0,0.09523809523809523,0.0,0.0,0.0,0.0,1.0,2.0,12.0,1.0,0.0,0.4166666666666667,0.1111111111111111,0.0,0.0,0.0,1.0,3.0,3.5585186130489057,0.0,0.0,0.0,0.0,0.0,0.0,0.0,0.0,0.0,0.0,0.0,0.0,0.0
icicifundings.byethost.com,Phishing,mock_Mock_Data_01_08_2025.xlsx,26.0,0.0,0.07692307692307693,0.0,0.0,0.0,0.0,1.0,2.0,12.0,1.0,0.0,0.4166666666666667,0.6666666666666666,0.0,0.0,0.0,1.0,3.0,3.8252517372886508,0.0,0.0,0.0,0.0,0.0,0.0,0.0,0.0,0.0,0.0,0.0,0.0,0.0
icicigroupcompanies.byethost.com,Phishing,mock_Mock_Data_01_08_2025.xlsx,32.0,0.0,0.0625,0.0,0.0,0.0,0.0,1.0,2.0,12.0,1.0,0.0,0.4166666666666667,0.6666666666666666,0.0,0.0,0.0,1.0,3.0,3.875,0.0,0.0,0.0,0.0,0.0,0.0,0.0,0.0,0.0,0.0,0.0,0.0,0.0
pruicicilife.byethost.com,Phishing,mock_Mock_Data_01_08_2025.xlsx,25.0,0.0,0.08,0.0,0.0,0.0,0.0,1.0,2.0,12.0,1.0,0.0,0.4166666666666667,0.6666666666666666,0.0,0.0,0.0,1.0,3.0,3.813660689688185,0.0,0.0,0.0,0.0,0.0,0.0,0.0,0.0,0.0,0.0,0.0,0.0,0.0
icicibank.byethost.com,Phishing,mock_Mock_Data_01_08_2025.xlsx,22.0,0.0,0.09090909090909091,0.0,0.0,0.0,0.0,1.0,2.0,12.0,1.0,0.0,0.4166666666666667,0.6666666666666666,0.0,0.0,0.0,1.0,3.0,3.6635327548042538,0.0,0.0,0.0,0.0,0.0,0.0,0.0,0.0,0.0,0.0,0.0,0.0,0.0
icicilbank.cc,Phishing,mock_Mock_Data_01_08_2025.xlsx,13.0,0.0,0.07692307692307693,0.0,0.0,0.0,0.0,0.0,1.0,13.0,0.0,0.0,0.38461538461538464,0.1111111111111111,0.0,0.0,0.0,0.0,2.0,2.7192945256669794,0.0,0.0,0.0,0.0,0.0,0.0,0.0,0.0,0.0,0.0,0.0,0.0,0.0
icicisky.com,Phishing,mock_Mock_Data_01_08_2025.xlsx,12.0,0.0,0.08333333333333333,0.0,0.0,0.0,0.0,0.0,1.0,12.0,0.0,0.0,0.4166666666666667,0.6,0.0,0.0,0.0,1.0,3.0,2.792481250360578,0.0,0.0,0.0,0.0,0.0,0.0,0.0,0.0,0.0,0.0,0.0,0.0,0.0
simplexins.com,Phishing,mock_Mock_Data_01_08_2025.xlsx,14.0,0.0,0.07142857142857142,0.0,0.0,0.0,0.0,0.0,0.0,14.0,0.0,0.0,0.0,0.6666666666666666,0.0,0.0,0.0,1.0,3.0,3.3787834934861767,0.0,0.0,0.0,0.0,0.0,0.0,0.0,0.0,0.0,0.0,0.0,0.0,0.0
icicibcsk.blog,Phishing,mock_Mock_Data_01_08_2025.xlsx,14.0,0.0,0.07142857142857142,0.0,0.0,0.0,0.0,0.0,1.0,14.0,0.0,0.0,0.35714285714285715,0.2222222222222222,0.0,0.0,0.0,0.0,4.0,2.9852281360342516,0.0,0.0,0.0,0.0,0.0,0.0,0.0,0.0,0.0,0.0,0.0,0.0,0.0
electrica-bicicileta-br11.sbs,Phishing,mock_Mock_Data_01_08_2025.xlsx,29.0,0.06896551724137931,0.034482758620689655,2.0,0.06896551724137931,0.0,0.0,0.0,1.0,29.0,0.0,1.0,0.1724137931034483,0.3333333333333333,0.0,0.0,0.0,0.0,3.0,3.4955749604956083,0.0,0.0,0.0,0.0,0.0,0.0,0.0,0.0,0.0,0.0,0.0,0.0,0.0
isliciciea.shop,Phishing,mock_Mock_Data_01_08_2025.xlsx,15.0,0.0,0.06666666666666667,0.0,0.0,0.0,0.0,0.0,1.0,15.0,0.0,1.0,0.3333333333333333,1.0,0.0,0.0,0.0,0.0,4.0,3.106890595608518,0.0,0.0,0.0,0.0,0.0,0.0,0.0,0.0,0.0,0.0,0.0,0.0,0.0
icicibonka.sbs,Phishing,mock_Mock_Data_01_08_2025.xlsx,14.0,0.0,0.07142857142857142,0.0,0.0,0.0,0.0,0.0,1.0,14.0,0.0,1.0,0.35714285714285715,0.2222222222222222,0.0,0.0,0.0,0.0,3.0,3.039148671903071,0.0,0.0,0.0,0.0,0.0,0.0,0.0,0.0,0.0,0.0,0.0,0.0,0.0
radicicircolari.org,Phishing,mock_Mock_Data_01_08_2025.xlsx,19.0,0.0,0.05263157894736842,0.0,0.0,0.0,0.0,0.0,1.0,19.0,0.0,0.0,0.2631578947368421,0.75,0.0,0.0,0.0,1.0,3.0,2.945038697540245,0.0,0.0,0.0,0.0,0.0,0.0,0.0,0.0,0.0,0.0,0.0,0.0,0.0
radicicircolari.bio,Phishing,mock_Mock_Data_01_08_2025.xlsx,19.0,0.0,0.05263157894736842,0.0,0.0,0.0,0.0,0.0,1.0,19.0,0.0,0.0,0.2631578947368421,0.6666666666666666,0.0,0.0,0.0,0.0,3.0,2.925853014561283,0.0,0.0,0.0,0.0,0.0,0.0,0.0,0.0,0.0,0.0,0.0,0.0,0.0
iciciibank.cc,Phishing,mock_Mock_Data_01_08_2025.xlsx,13.0,0.0,0.07692307692307693,0.0,0.0,0.0,0.0,0.0,1.0,13.0,0.0,0.0,0.38461538461538464,0.1111111111111111,0.0,0.0,0.0,0.0,2.0,2.469670487371862,0.0,0.0,0.0,0.0,0.0,0.0,0.0,0.0,0.0,0.0,0.0,0.0,0.0
ffsandusr0vcarduaticicibank.ngo.za,Phishing,mock_Mock_Data_01_08_2025.xlsx,34.0,0.029411764705882353,0.058823529411764705,0.0,0.0,0.0,0.0,1.0,2.0,6.0,1.0,0.0,0.8333333333333334,0.6666666666666666,0.0,0.0,0.0,0.0,2.0,3.973512753576009,0.0,0.0,0.0,0.0,0.0,0.0,0.0,0.0,0.0,0.0,0.0,0.0,0.0
icicilbank.bond,Phishing,mock_Mock_Data_01_08_2025.xlsx,15.0,0.0,0.06666666666666667,0.0,0.0,0.0,0.0,0.0,1.0,15.0,0.0,0.0,0.3333333333333333,0.1111111111111111,0.0,0.0,0.0,0.0,4.0,3.1898980954642866,0.0,0.0,0.0,0.0,0.0,0.0,0.0,0.0,0.0,0.0,0.0,0.0,0.0
icicibankltd.karimnagarlive.in,Phishing,mock_Mock_Data_01_08_2025.xlsx,30.0,0.0,0.06666666666666667,0.0,0.0,0.0,0.0,1.0,2.0,17.0,1.0,0.0,0.29411764705882354,0.3333333333333333,0.0,0.0,0.0,0.0,2.0,3.6314018453921717,0.0,0.0,0.0,0.0,0.0,0.0,0.0,0.0,0.0,0.0,0.0,0.0,0.0
icicibankbg.help.org,Phishing,mock_Mock_Data_01_08_2025.xlsx,20.0,0.0,0.1,0.0,0.0,0.0,0.0,1.0,2.0,8.0,1.0,0.0,0.625,0.2222222222222222,0.0,0.0,0.0,1.0,3.0,3.6841837197791887,0.0,0.0,0.0,0.0,0.0,0.0,0.0,0.0,0.0,0.0,0.0,0.0,0.0
icicilibank.cc,Phishing,mock_Mock_Data_01_08_2025.xlsx,14.0,0.0,0.07142857142857142,0.0,0.0,0.0,0.0,0.0,1.0,14.0,0.0,0.0,0.35714285714285715,0.2222222222222222,0.0,0.0,0.0,0.0,2.0,2.6644977792004614,0.0,0.0,0.0,0.0,0.0,0.0,0.0,0.0,0.0,0.0,0.0,0.0,0.0
icbc-support.com,Phishing,mock_Mock_Data_01_08_2025.xlsx,16.0,0.0,0.0625,1.0,0.0625,0.0,0.0,0.0,0.0,16.0,0.0,0.0,0.0,0.4,0.0,0.0,0.0,1.0,3.0,3.452819531114783,0.0,0.0,0.0,0.0,0.0,0.0,1.0,0.0,0.0,0.0,0.0,0.0,0.0
ext.icicibnk.com,Phishing,mock_Mock_Data_01_08_2025.xlsx,16.0,0.0,0.125,0.0,0.0,0.0,0.0,1.0,1.0,12.0,0.0,0.0,0.4166666666666667,0.1111111111111111,0.0,0.0,0.0,1.0,3.0,3.2806390622295662,0.0,0.0,0.0,0.0,0.0,0.0,0.0,0.0,0.0,0.0,0.0,0.0,0.0
buy.icicibamk.com,Phishing,mock_Mock_Data_01_08_2025.xlsx,17.0,0.0,0.11764705882352941,0.0,0.0,0.0,0.0,1.0,1.0,13.0,0.0,0.0,0.38461538461538464,0.1111111111111111,0.0,0.0,0.0,1.0,3.0,3.175123135113461,0.0,0.0,0.0,0.0,0.0,0.0,0.0,0.0,0.0,0.0,0.0,0.0,0.0
crm.icicibamk.com,Phishing,mock_Mock_Data_01_08_2025.xlsx,17.0,0.0,0.11764705882352941,0.0,0.0,0.0,0.0,1.0,1.0,13.0,0.0,0.0,0.38461538461538464,0.1111111111111111,0.0,0.0,0.0,1.0,3.0,2.939829017466402,0.0,0.0,0.0,0.0,0.0,0.0,0.0,0.0,0.0,0.0,0.0,0.0,0.0
edbabhappy.icicibank.live,Phishing,mock_Mock_Data_01_08_2025.xlsx,25.0,0.0,0.08,0.0,0.0,0.0,0.0,1.0,1.0,14.0,0.0,1.0,0.35714285714285715,1.0,0.0,0.0,0.0,0.0,4.0,3.6234651896016468,0.0,0.0,0.0,0.0,0.0,0.0,0.0,0.0,0.0,0.0,0.0,0.0,0.0
user.icici.de,Phishing,mock_Mock_Data_01_08_2025.xlsx,13.0,0.0,0.15384615384615385,0.0,0.0,0.0,0.0,1.0,1.0,8.0,0.0,0.0,0.625,0.6,0.0,0.0,0.0,0.0,2.0,2.8731406795131336,0.0,0.0,0.0,0.0,0.0,0.0,0.0,0.0,0.0,0.0,0.0,0.0,0.0
icici-account.top,Phishing,mock_Mock_Data_01_08_2025.xlsx,17.0,0.0,0.058823529411764705,1.0,0.058823529411764705,0.0,0.0,0.0,1.0,17.0,0.0,1.0,0.29411764705882354,0.6,0.0,0.0,0.0,0.0,3.0,3.1018812234760182,0.0,0.0,0.0,1.0,0.0,0.0,0.0,0.0,0.0,0.0,0.0,0.0,0.0
iccisupport.com,Phishing,mock_Mock_Data_01_08_2025.xlsx,15.0,0.0,0.06666666666666667,0.0,0.0,0.0,0.0,0.0,0.0,15.0,0.0,0.0,0.0,0.6666666666666666,0.0,0.0,0.0,1.0,3.0,3.1898980954642875,0.0,0.0,0.0,0.0,0.0,0.0,1.0,0.0,0.0,0.0,0.0,0.0,0.0
icicibankbg.help,Phishing,mock_Mock_Data_01_08_2025.xlsx,16.0,0.0,0.0625,0.0,0.0,0.0,0.0,0.0,1.0,16.0,0.0,0.0,0.3125,0.2222222222222222,0.0,0.0,0.0,0.0,4.0,3.452819531114783,0.0,0.0,0.0,0.0,0.0,0.0,0.0,0.0,0.0,0.0,0.0,0.0,0.0
icicibankbg.top,Phishing,mock_Mock_Data_01_08_2025.xlsx,15.0,0.0,0.06666666666666667,0.0,0.0,0.0,0.0,0.0,1.0,15.0,0.0,1.0,0.3333333333333333,0.2222222222222222,0.0,0.0,0.0,0.0,3.0,3.3232314287976203,0.0,0.0,0.0,0.0,0.0,0.0,0.0,0.0,0.0,0.0,0.0,0.0,0.0
ww38.icici.blog,Phishing,mock_Mock_Data_01_08_2025.xlsx,15.0,0.13333333333333333,0.13333333333333333,0.0,0.0,0.0,0.0,1.0,1.0,10.0,0.0,0.0,0.5,0.6,0.0,0.0,0.0,0.0,4.0,3.1898980954642875,0.0,0.0,0.0,0.0,0.0,0.0,0.0,0.0,0.0,0.0,0.0,0.0,0.0
iciciiibank.cc,Phishing,mock_Mock_Data_01_08_2025.xlsx,14.0,0.0,0.07142857142857142,0.0,0.0,0.0,0.0,0.0,1.0,14.0,0.0,0.0,0.35714285714285715,0.2222222222222222,0.0,0.0,0.0,0.0,2.0,2.406666316740689,0.0,0.0,0.0,0.0,0.0,0.0,0.0,0.0,0.0,0.0,0.0,0.0,0.0
rd.icicibannk.com,Phishing,mock_Mock_Data_01_08_2025.xlsx,17.0,0.0,0.11764705882352941,0.0,0.0,0.0,0.0,1.0,1.0,14.0,0.0,0.0,0.35714285714285715,0.1111111111111111,0.0,0.0,0.0,1.0,3.0,3.2927701939369904,0.0,0.0,0.0,0.0,0.0,0.0,0.0,0.0,0.0,0.0,0.0,0.0,0.0
iccgroup.partners,Phishing,mock_Mock_Data_01_08_2025.xlsx,17.0,0.0,0.058823529411764705,0.0,0.0,0.0,0.0,0.0,0.0,17.0,0.0,0.0,0.0,99.0,0.0,0.0,0.0,0.0,8.0,3.572469458770136,0.0,0.0,0.0,0.0,0.0,0.0,0.0,0.0,0.0,0.0,0.0,0.0,0.0
iciciinbank.sbs,Phishing,mock_Mock_Data_01_08_2025.xlsx,15.0,0.0,0.06666666666666667,0.0,0.0,0.0,0.0,0.0,1.0,15.0,0.0,1.0,0.3333333333333333,0.2222222222222222,0.0,0.0,0.0,0.0,3.0,2.840223928941852,0.0,0.0,0.0,0.0,0.0,0.0,0.0,0.0,0.0,0.0,0.0,0.0,0.0
icicu.icu,Phishing,mock_Mock_Data_01_08_2025.xlsx,9.0,0.0,0.1111111111111111,0.0,0.0,0.0,0.0,0.0,0.0,9.0,0.0,1.0,0.0,0.2,0.0,0.0,0.0,0.0,3.0,1.8910611120726526,0.0,0.0,0.0,0.0,0.0,0.0,0.0,0.0,0.0,0.0,0.0,0.0,0.0
icic-gift.sbs,Phishing,mock_Mock_Data_01_08_2025.xlsx,13.0,0.0,0.07692307692307693,1.0,0.07692307692307693,0.0,0.0,0.0,0.0,13.0,0.0,1.0,0.0,0.2,0.0,0.0,0.0,0.0,3.0,3.0269868333592873,0.0,0.0,0.0,0.0,0.0,0.0,0.0,0.0,0.0,0.0,0.0,0.0,0.0
clclcls.site,Phishing,mock_Mock_Data_01_08_2025.xlsx,12.0,0.0,0.08333333333333333,0.0,0.0,0.0,0.0,0.0,0.0,12.0,0.0,1.0,0.0,0.5,0.0,0.0,0.0,0.0,4.0,2.625814583693911,0.0,0.0,0.0,0.0,0.0,0.0,0.0,0.0,0.0,0.0,0.0,0.0,0.0
ww38.random.iciciamc.com,Phishing,mock_Mock_Data_01_08_2025.xlsx,24.0,0.08333333333333333,0.125,0.0,0.0,0.0,0.0,2.0,1.0,12.0,0.0,0.0,0.4166666666666667,0.3333333333333333,0.0,0.0,0.0,1.0,3.0,3.4072682296173893,0.0,0.0,0.0,0.0,0.0,0.0,0.0,0.0,0.0,0.0,0.0,0.0,0.0
licici.com,Phishing,mock_Mock_Data_01_08_2025.xlsx,10.0,0.0,0.1,0.0,0.0,0.0,0.0,0.0,1.0,10.0,0.0,0.0,0.5,0.2,0.0,0.0,0.0,1.0,3.0,2.3709505944546687,0.0,0.0,0.0,0.0,0.0,0.0,0.0,0.0,0.0,0.0,0.0,0.0,0.0
icic-gift.cfd,Phishing,mock_Mock_Data_01_08_2025.xlsx,13.0,0.0,0.07692307692307693,1.0,0.07692307692307693,0.0,0.0,0.0,0.0,13.0,0.0,0.0,0.0,0.2,0.0,0.0,0.0,0.0,3.0,2.8150724101159437,0.0,0.0,0.0,0.0,0.0,0.0,0.0,0.0,0.0,0.0,0.0,0.0,0.0
icicisupport.services,Phishing,mock_Mock_Data_01_08_2025.xlsx,21.0,0.0,0.047619047619047616,0.0,0.0,0.0,0.0,0.0,1.0,21.0,0.0,0.0,0.23809523809523808,99.0,0.0,0.0,0.0,0.0,8.0,3.27280432733462,0.0,0.0,0.0,0.0,0.0,0.0,1.0,0.0,0.0,0.0,0.0,0.0,0.0
mx7.iciciprulife.co,Phishing,mock_Mock_Data_01_08_2025.xlsx,19.0,0.05263157894736842,0.10526315789473684,0.0,0.0,0.0,0.0,1.0,1.0,15.0,0.0,0.0,0.3333333333333333,1.0,0.0,0.0,0.0,0.0,2.0,3.471354487013928,0.0,0.0,0.0,0.0,0.0,0.0,0.0,0.0,0.0,0.0,0.0,0.0,0.0
icicibankiv.sbs,Phishing,mock_Mock_Data_01_08_2025.xlsx,15.0,0.0,0.06666666666666667,0.0,0.0,0.0,0.0,0.0,1.0,15.0,0.0,1.0,0.3333333333333333,0.2222222222222222,0.0,0.0,0.0,0.0,3.0,2.973557262275185,0.0,0.0,0.0,0.0,0.0,0.0,0.0,0.0,0.0,0.0,0.0,0.0,0.0
icicibankue.sbs,Phishing,mock_Mock_Data_01_08_2025.xlsx,15.0,0.0,0.06666666666666667,0.0,0.0,0.0,0.0,0.0,1.0,15.0,0.0,1.0,0.3333333333333333,0.2222222222222222,0.0,0.0,0.0,0.0,3.0,3.189898095464287,0.0,0.0,0.0,0.0,0.0,0.0,0.0,0.0,0.0,0.0,0.0,0.0,0.0
ww25.inzqdoapnext.icicibamk.com,Phishing,mock_Mock_Data_01_08_2025.xlsx,31.0,0.06451612903225806,0.0967741935483871,0.0,0.0,0.0,0.0,2.0,1.0,13.0,0.0,0.0,0.38461538461538464,0.1111111111111111,0.0,0.0,0.0,1.0,3.0,4.0667842134731025,0.0,0.0,0.0,0.0,0.0,0.0,0.0,0.0,0.0,0.0,0.0,0.0,0.0
money-world.online,Phishing,mock_Mock_Data_01_08_2025.xlsx,18.0,0.0,0.05555555555555555,1.0,0.05555555555555555,0.0,0.0,0.0,0.0,18.0,0.0,1.0,0.0,0.3333333333333333,0.0,0.0,0.0,0.0,6.0,3.419381945646371,0.0,0.0,0.0,0.0,0.0,0.0,0.0,0.0,0.0,0.0,0.0,0.0,0.0
ww38.inprepaid.icicilogin.com,Phishing,mock_Mock_Data_01_08_2025.xlsx,29.0,0.06896551724137931,0.10344827586206896,0.0,0.0,0.0,0.0,2.0,1.0,14.0,0.0,0.0,0.35714285714285715,0.6666666666666666,0.0,0.0,0.0,1.0,3.0,3.7193758224153695,1.0,0.0,0.0,0.0,0.0,0.0,0.0,0.0,0.0,0.0,0.0,0.0,0.0
57e0d8d2686c.correo.iciciprulife.co,Phishing,mock_Mock_Data_01_08_2025.xlsx,35.0,0.22857142857142856,0.08571428571428572,0.0,0.0,0.0,0.0,2.0,1.0,15.0,0.0,0.0,0.3333333333333333,99.0,0.0,0.0,0.0,0.0,2.0,3.8541632888566606,0.0,0.0,0.0,0.0,0.0,0.0,0.0,0.0,0.0,0.0,0.0,0.0,0.0
icici.carrers.com,Phishing,mock_Mock_Data_01_08_2025.xlsx,17.0,0.0,0.11764705882352941,0.0,0.0,0.0,0.0,1.0,2.0,11.0,1.0,0.0,0.45454545454545453,0.6,0.0,0.0,0.0,1.0,3.0,2.939829017466402,0.0,0.0,0.0,0.0,0.0,0.0,0.0,0.0,0.0,0.0,0.0,0.0,0.0
57e0d8d2686c.remote.iciciprulife.co,Phishing,mock_Mock_Data_01_08_2025.xlsx,35.0,0.22857142857142856,0.08571428571428572,0.0,0.0,0.0,0.0,2.0,1.0,15.0,0.0,0.0,0.3333333333333333,99.0,0.0,0.0,0.0,0.0,2.0,4.0220005168831525,0.0,0.0,0.0,0.0,0.0,0.0,0.0,0.0,0.0,0.0,0.0,0.0,0.0
oficicinati.it.com,Phishing,mock_Mock_Data_01_08_2025.xlsx,18.0,0.0,0.1111111111111111,0.0,0.0,0.0,0.0,1.0,2.0,6.0,1.0,0.0,0.8333333333333334,0.6666666666666666,0.0,0.0,0.0,1.0,3.0,2.927451224964519,0.0,0.0,0.0,0.0,0.0,0.0,0.0,0.0,0.0,0.0,0.0,0.0,0.0
icicestvrai.fr,Phishing,mock_Mock_Data_01_08_2025.xlsx,14.0,0.0,0.07142857142857142,0.0,0.0,0.0,0.0,0.0,0.0,14.0,0.0,0.0,0.0,99.0,0.0,0.0,0.0,0.0,2.0,3.182005814760214,0.0,0.0,0.0,0.0,0.0,0.0,0.0,0.0,0.0,0.0,0.0,0.0,0.0
icicarecrute.fr,Phishing,mock_Mock_Data_01_08_2025.xlsx,15.0,0.0,0.06666666666666667,0.0,0.0,0.0,0.0,0.0,0.0,15.0,0.0,0.0,0.0,99.0,0.0,0.0,0.0,0.0,2.0,3.0062389286533895,0.0,0.0,0.0,0.0,0.0,0.0,0.0,0.0,0.0,0.0,0.0,0.0,0.0
icicaplante.fr,Phishing,mock_Mock_Data_01_08_2025.xlsx,14.0,0.0,0.07142857142857142,0.0,0.0,0.0,0.0,0.0,0.0,14.0,0.0,0.0,0.0,99.0,0.0,0.0,0.0,0.0,2.0,3.378783493486176,0.0,0.0,0.0,0.0,0.0,0.0,0.0,0.0,0.0,0.0,0.0,0.0,0.0
icicciaio.it,Phishing,mock_Mock_Data_01_08_2025.xlsx,12.0,0.0,0.08333333333333333,0.0,0.0,0.0,0.0,0.0,0.0,12.0,0.0,0.0,0.0,99.0,0.0,0.0,0.0,0.0,2.0,2.221251836004466,0.0,0.0,0.0,0.0,0.0,0.0,0.0,0.0,0.0,0.0,0.0,0.0,0.0
eticicibebe.xxx,Phishing,mock_Mock_Data_01_08_2025.xlsx,15.0,0.0,0.06666666666666667,0.0,0.0,0.0,0.0,0.0,1.0,15.0,0.0,0.0,0.3333333333333333,1.0,0.0,0.0,0.0,0.0,3.0,2.689246428509158,0.0,0.0,0.0,0.0,0.0,0.0,0.0,0.0,0.0,0.0,0.0,0.0,0.0
foreveryoung.cc,Phishing,mock_Mock_Data_01_08_2025.xlsx,15.0,0.0,0.06666666666666667,0.0,0.0,0.0,0.0,0.0,0.0,15.0,0.0,0.0,0.0,99.0,0.0,0.0,0.0,0.0,2.0,3.373557262275186,0.0,0.0,0.0,0.0,0.0,0.0,0.0,0.0,0.0,0.0,0.0,0.0,0.0
foreveryoung.bio,Phishing,mock_Mock_Data_01_08_2025.xlsx,16.0,0.0,0.0625,0.0,0.0,0.0,0.0,0.0,0.0,16.0,0.0,0.0,0.0,0.6666666666666666,0.0,0.0,0.0,0.0,3.0,3.452819531114783,0.0,0.0,0.0,0.0,0.0,0.0,0.0,0.0,0.0,0.0,0.0,0.0,0.0
icicibsnk.buzz,Phishing,mock_Mock_Data_01_08_2025.xlsx,14.0,0.0,0.07142857142857142,0.0,0.0,0.0,0.0,0.0,1.0,14.0,0.0,1.0,0.35714285714285715,0.1111111111111111,0.0,0.0,0.0,0.0,4.0,3.039148671903071,0.0,0.0,0.0,0.0,0.0,0.0,0.0,0.0,0.0,0.0,0.0,0.0,0.0
iciciaccount.top,Phishing,mock_Mock_Data_01_08_2025.xlsx,16.0,0.0,0.0625,0.0,0.0,0.0,0.0,0.0,1.0,16.0,0.0,1.0,0.3125,0.6666666666666666,0.0,0.0,0.0,0.0,3.0,2.952819531114783,0.0,0.0,0.0,1.0,0.0,0.0,0.0,0.0,0.0,0.0,0.0,0.0,0.0
icicibsnk.cfd,Phishing,mock_Mock_Data_01_08_2025.xlsx,13.0,0.0,0.07692307692307693,0.0,0.0,0.0,0.0,0.0,1.0,13.0,0.0,0.0,0.38461538461538464,0.1111111111111111,0.0,0.0,0.0,0.0,3.0,2.9689185639620974,0.0,0.0,0.0,0.0,0.0,0.0,0.0,0.0,0.0,0.0,0.0,0.0,0.0
iciciaccount.cfd,Phishing,mock_Mock_Data_01_08_2025.xlsx,16.0,0.0,0.0625,0.0,0.0,0.0,0.0,0.0,1.0,16.0,0.0,0.0,0.3125,0.75,0.0,0.0,0.0,0.0,3.0,2.977217001462482,0.0,0.0,0.0,1.0,0.0,0.0,0.0,0.0,0.0,0.0,0.0,0.0,0.0
icicibsnk.sbs,Phishing,mock_Mock_Data_01_08_2025.xlsx,13.0,0.0,0.07692307692307693,0.0,0.0,0.0,0.0,0.0,1.0,13.0,0.0,1.0,0.38461538461538464,0.1111111111111111,0.0,0.0,0.0,0.0,3.0,2.6612262562697895,0.0,0.0,0.0,0.0,0.0,0.0,0.0,0.0,0.0,0.0,0.0,0.0,0.0
vpicicibank.com,Phishing,mock_Mock_Data_01_08_2025.xlsx,15.0,0.0,0.06666666666666667,0.0,0.0,0.0,0.0,0.0,1.0,15.0,0.0,0.0,0.3333333333333333,0.2222222222222222,0.0,0.0,0.0,1.0,3.0,3.2729055953200556,0.0,0.0,0.0,0.0,0.0,0.0,0.0,0.0,0.0,0.0,0.0,0.0,0.0
team-icicibank.com,Phishing,mock_Mock_Data_01_08_2025.xlsx,18.0,0.0,0.05555555555555555,1.0,0.05555555555555555,0.0,0.0,0.0,1.0,18.0,0.0,0.0,0.2777777777777778,0.6666666666666666,0.0,0.0,0.0,1.0,3.0,3.419381945646371,0.0,0.0,0.0,0.0,0.0,0.0,0.0,0.0,0.0,0.0,0.0,0.0,0.0
icicibankservices.com,Phishing,mock_Mock_Data_01_08_2025.xlsx,21.0,0.0,0.047619047619047616,0.0,0.0,0.0,0.0,0.0,1.0,21.0,0.0,0.0,0.23809523809523808,0.6666666666666666,0.0,0.0,0.0,1.0,3.0,3.4399364703978073,0.0,0.0,0.0,0.0,0.0,0.0,0.0,0.0,0.0,0.0,0.0,0.0,0.0
m.icici-bank.com,Phishing,mock_Mock_Data_01_08_2025.xlsx,16.0,0.0,0.125,1.0,0.0625,0.0,0.0,1.0,1.0,14.0,0.0,0.0,0.35714285714285715,0.6,0.0,0.0,0.0,1.0,3.0,3.1556390622295662,0.0,0.0,0.0,0.0,0.0,0.0,0.0,0.0,0.0,0.0,0.0,0.0,0.0
lclclc.lc,Phishing,mock_Mock_Data_01_08_2025.xlsx,9.0,0.0,0.1111111111111111,0.0,0.0,0.0,0.0,0.0,0.0,9.0,0.0,0.0,0.0,99.0,0.0,0.0,0.0,0.0,2.0,1.3921472236645345,0.0,0.0,0.0,0.0,0.0,0.0,0.0,0.0,0.0,0.0,0.0,0.0,0.0
icici.autopay.co,Phishing,mock_Mock_Data_01_08_2025.xlsx,16.0,0.0,0.125,0.0,0.0,0.0,0.0,1.0,2.0,10.0,1.0,0.0,0.5,0.6,0.0,0.0,0.0,0.0,2.0,3.0306390622295662,0.0,0.0,0.0,0.0,0.0,0.0,0.0,0.0,0.0,0.0,0.0,0.0,0.0
icicbe.com,Phishing,mock_Mock_Data_01_08_2025.xlsx,10.0,0.0,0.1,0.0,0.0,0.0,0.0,0.0,0.0,10.0,0.0,0.0,0.0,0.4,0.0,0.0,0.0,1.0,3.0,2.6464393446710157,0.0,0.0,0.0,0.0,0.0,0.0,0.0,0.0,0.0,0.0,0.0,0.0,0.0
iciholdings.com,Phishing,mock_Mock_Data_01_08_2025.xlsx,15.0,0.0,0.06666666666666667,0.0,0.0,0.0,0.0,0.0,0.0,15.0,0.0,0.0,0.0,0.6666666666666666,0.0,0.0,0.0,1.0,3.0,3.3232314287976203,0.0,0.0,0.0,0.0,0.0,0.0,0.0,0.0,0.0,0.0,0.0,0.0,0.0
moneyworld.it.com,Phishing,mock_Mock_Data_01_08_2025.xlsx,17.0,0.0,0.11764705882352941,0.0,0.0,0.0,0.0,1.0,0.0,6.0,0.0,0.0,0.0,0.6666666666666666,0.0,0.0,0.0,1.0,3.0,3.572469458770136,0.0,0.0,0.0,0.0,0.0,0.0,0.0,0.0,0.0,0.0,0.0,0.0,0.0
icbank-points.cfd,Phishing,mock_Mock_Data_01_08_2025.xlsx,17.0,0.0,0.058823529411764705,1.0,0.058823529411764705,0.0,0.0,0.0,0.0,17.0,0.0,0.0,0.0,0.3333333333333333,0.0,0.0,0.0,0.0,3.0,3.734521664779752,0.0,0.0,0.0,0.0,0.0,0.0,0.0,0.0,0.0,0.0,0.0,0.0,0.0
iciholdings.online,Phishing,mock_Mock_Data_01_08_2025.xlsx,18.0,0.0,0.05555555555555555,0.0,0.0,0.0,0.0,0.0,0.0,18.0,0.0,1.0,0.0,0.3333333333333333,0.0,0.0,0.0,0.0,6.0,3.239097917988786,0.0,0.0,0.0,0.0,0.0,0.0,0.0,0.0,0.0,0.0,0.0,0.0,0.0
icici-prudential-mutualfund-dev.conspire.app,Phishing,mock_Mock_Data_01_08_2025.xlsx,44.0,0.0,0.045454545454545456,3.0,0.06818181818181818,0.0,0.0,1.0,2.0,12.0,1.0,0.0,0.4166666666666667,0.6,0.0,0.0,0.0,0.0,3.0,4.001727857559625,0.0,0.0,0.0,0.0,0.0,0.0,0.0,0.0,0.0,0.0,0.0,0.0,0.0
scsignatureliving.com,Phishing,mock_Mock_Data_01_08_2025.xlsx,21.0,0.0,0.047619047619047616,0.0,0.0,0.0,0.0,0.0,0.0,21.0,0.0,0.0,0.0,0.6666666666666666,0.0,0.0,0.0,1.0,3.0,3.784941827437642,0.0,0.0,0.0,0.0,0.0,0.0,0.0,0.0,0.0,0.0,0.0,0.0,0.0
8394bcb5-9c53-4215-b9c3-2c70b159ccfa.icici.de,Phishing,mock_Mock_Data_01_08_2025.xlsx,45.0,0.4444444444444444,0.044444444444444446,4.0,0.08888888888888889,0.0,0.0,1.0,1.0,8.0,0.0,0.0,0.625,0.6,0.0,0.0,0.0,0.0,2.0,3.8583025406779656,0.0,0.0,0.0,0.0,0.0,0.0,0.0,0.0,0.0,0.0,0.0,0.0,0.0
iciciqiv.pages.dev,Phishing,mock_Mock_Data_01_08_2025.xlsx,18.0,0.0,0.1111111111111111,0.0,0.0,0.0,0.0,1.0,2.0,9.0,1.0,0.0,0.5555555555555556,0.6,0.0,0.0,0.0,0.0,3.0,3.2810361125534233,0.0,0.0,0.0,0.0,0.0,0.0,0.0,0.0,0.0,0.0,0.0,0.0,0.0
ww1.icicidierct.com,Phishing,mock_Mock_Data_01_08_2025.xlsx,19.0,0.05263157894736842,0.10526315789473684,0.0,0.0,0.0,0.0,1.0,1.0,15.0,0.0,0.0,0.3333333333333333,0.6666666666666666,0.0,0.0,0.0,1.0,3.0,3.195295934496216,0.0,0.0,0.0,0.0,0.0,0.0,0.0,0.0,0.0,0.0,0.0,0.0,0.0
2084b156-25b2-4493-8565-c3a93c6a21ab.icicibank.live,Phishing,mock_Mock_Data_01_08_2025.xlsx,51.0,0.47058823529411764,0.0392156862745098,4.0,0.0784313725490196,0.0,0.0,1.0,1.0,14.0,0.0,1.0,0.35714285714285715,1.0,0.0,0.0,0.0,0.0,4.0,4.137824116354037,0.0,0.0,0.0,0.0,0.0,0.0,0.0,0.0,0.0,0.0,0.0,0.0,0.0
cardsprotection.in,Phishing,mock_Mock_Data_01_08_2025.xlsx,18.0,0.0,0.05555555555555555,0.0,0.0,0.0,0.0,0.0,0.0,18.0,0.0,0.0,0.0,99.0,0.0,0.0,0.0,0.0,2.0,3.503258334775645,0.0,0.0,0.0,0.0,0.0,0.0,0.0,0.0,0.0,0.0,0.0,0.0,0.0
points-icici.sbs,Phishing,mock_Mock_Data_01_08_2025.xlsx,16.0,0.0,0.0625,1.0,0.0625,0.0,0.0,0.0,1.0,16.0,0.0,1.0,0.3125,0.3333333333333333,0.0,0.0,0.0,0.0,3.0,3.077819531114783,0.0,0.0,0.0,0.0,0.0,0.0,0.0,0.0,0.0,0.0,0.0,0.0,0.0
icici-linkpoint.sbs,Phishing,mock_Mock_Data_01_08_2025.xlsx,19.0,0.0,0.05263157894736842,1.0,0.05263157894736842,0.0,0.0,0.0,1.0,19.0,0.0,1.0,0.2631578947368421,0.3333333333333333,0.0,0.0,0.0,0.0,3.0,3.321104330578489,0.0,0.0,0.0,0.0,0.0,0.0,0.0,0.0,0.0,0.0,0.0,0.0,0.0
ww17.int.icicibamk.com,Phishing,mock_Mock_Data_01_08_2025.xlsx,22.0,0.09090909090909091,0.13636363636363635,0.0,0.0,0.0,0.0,2.0,1.0,13.0,0.0,0.0,0.38461538461538464,0.1111111111111111,0.0,0.0,0.0,1.0,3.0,3.4817145729860726,0.0,0.0,0.0,0.0,0.0,0.0,0.0,0.0,0.0,0.0,0.0,0.0,0.0
int.icicibamk.com,Phishing,mock_Mock_Data_01_08_2025.xlsx,17.0,0.0,0.11764705882352941,0.0,0.0,0.0,0.0,1.0,1.0,13.0,0.0,0.0,0.38461538461538464,0.1111111111111111,0.0,0.0,0.0,1.0,3.0,3.1018812234760182,0.0,0.0,0.0,0.0,0.0,0.0,0.0,0.0,0.0,0.0,0.0,0.0,0.0
foreveryoung.click,Phishing,mock_Mock_Data_01_08_2025.xlsx,18.0,0.0,0.05555555555555555,0.0,0.0,0.0,0.0,0.0,0.0,18.0,0.0,1.0,0.0,0.6,0.0,0.0,0.0,0.0,5.0,3.7254805569978675,0.0,0.0,0.0,0.0,0.0,0.0,0.0,0.0,0.0,0.0,0.0,0.0,0.0
ww17.inrprepaid.icicibamk.com,Phishing,mock_Mock_Data_01_08_2025.xlsx,29.0,0.06896551724137931,0.10344827586206896,0.0,0.0,0.0,0.0,2.0,1.0,13.0,0.0,0.0,0.38461538461538464,0.1111111111111111,0.0,0.0,0.0,1.0,3.0,3.7848977027564086,0.0,0.0,0.0,0.0,0.0,0.0,0.0,0.0,0.0,0.0,0.0,0.0,0.0
ww25.bigdata.icicibamk.com,Phishing,mock_Mock_Data_01_08_2025.xlsx,26.0,0.07692307692307693,0.11538461538461539,0.0,0.0,0.0,0.0,2.0,1.0,13.0,0.0,0.0,0.38461538461538464,0.1111111111111111,0.0,0.0,0.0,1.0,3.0,3.613337314045307,0.0,0.0,0.0,0.0,0.0,0.0,0.0,0.0,0.0,0.0,0.0,0.0,0.0
sitemap.secureicicidirect.com,Phishing,mock_Mock_Data_01_08_2025.xlsx,29.0,0.0,0.06896551724137931,0.0,0.0,0.0,0.0,1.0,1.0,21.0,0.0,0.0,0.23809523809523808,0.6666666666666666,0.0,0.0,0.0,1.0,3.0,3.436626479649172,0.0,0.0,1.0,0.0,0.0,0.0,0.0,0.0,0.0,0.0,0.0,0.0,0.0
ww25.service.icicibamk.com,Phishing,mock_Mock_Data_01_08_2025.xlsx,26.0,0.07692307692307693,0.11538461538461539,0.0,0.0,0.0,0.0,2.0,1.0,13.0,0.0,0.0,0.38461538461538464,0.1111111111111111,0.0,0.0,0.0,1.0,3.0,3.671405583442497,0.0,0.0,0.0,0.0,0.0,0.0,0.0,0.0,0.0,0.0,0.0,0.0,0.0
ww25.fastagalogin.icicibamk.com,Phishing,mock_Mock_Data_01_08_2025.xlsx,31.0,0.06451612903225806,0.0967741935483871,0.0,0.0,0.0,0.0,2.0,1.0,13.0,0.0,0.0,0.38461538461538464,0.1111111111111111,0.0,0.0,0.0,1.0,3.0,3.8732358263763285,1.0,0.0,0.0,0.0,0.0,0.0,0.0,0.0,0.0,0.0,0.0,0.0,0.0
ww38.iihc.icicilomboard.com,Phishing,mock_Mock_Data_01_08_2025.xlsx,27.0,0.07407407407407407,0.1111111111111111,0.0,0.0,0.0,0.0,2.0,1.0,17.0,0.0,0.0,0.29411764705882354,0.6,0.0,0.0,0.0,1.0,3.0,3.5282424844314786,0.0,0.0,0.0,0.0,0.0,0.0,0.0,0.0,0.0,0.0,0.0,0.0,0.0
account.icicisecurity.com,Phishing,mock_Mock_Data_01_08_2025.xlsx,25.0,0.0,0.08,0.0,0.0,0.0,0.0,1.0,1.0,17.0,0.0,0.0,0.29411764705882354,0.6666666666666666,0.0,0.0,0.0,1.0,3.0,3.383465189601647,0.0,0.0,0.0,1.0,0.0,0.0,0.0,0.0,0.0,0.0,1.0,0.0,0.0
california.icicicdirect.com,Phishing,mock_Mock_Data_01_08_2025.xlsx,27.0,0.0,0.07407407407407407,0.0,0.0,0.0,0.0,1.0,1.0,16.0,0.0,0.0,0.3125,0.6666666666666666,0.0,0.0,0.0,1.0,3.0,3.309718983324437,0.0,0.0,0.0,0.0,0.0,0.0,0.0,0.0,0.0,0.0,0.0,0.0,0.0
ww38.i.icicilomboard.com,Phishing,mock_Mock_Data_01_08_2025.xlsx,24.0,0.08333333333333333,0.125,0.0,0.0,0.0,0.0,2.0,1.0,17.0,0.0,0.0,0.29411764705882354,0.6666666666666666,0.0,0.0,0.0,1.0,3.0,3.4906015629507228,0.0,0.0,0.0,0.0,0.0,0.0,0.0,0.0,0.0,0.0,0.0,0.0,0.0
ww38.crm.icicilomboard.com,Phishing,mock_Mock_Data_01_08_2025.xlsx,26.0,0.07692307692307693,0.11538461538461539,0.0,0.0,0.0,0.0,2.0,1.0,17.0,0.0,0.0,0.29411764705882354,0.6666666666666666,0.0,0.0,0.0,1.0,3.0,3.5073801024236353,0.0,0.0,0.0,0.0,0.0,0.0,0.0,0.0,0.0,0.0,0.0,0.0,0.0
ww16.help.icicibamk.com,Phishing,mock_Mock_Data_01_08_2025.xlsx,23.0,0.08695652173913043,0.13043478260869565,0.0,0.0,0.0,0.0,2.0,1.0,13.0,0.0,0.0,0.38461538461538464,0.1111111111111111,0.0,0.0,0.0,1.0,3.0,3.729446194905257,0.0,0.0,0.0,0.0,0.0,0.0,0.0,0.0,0.0,0.0,0.0,0.0,0.0
ww38.support.icicilomboard.com,Phishing,mock_Mock_Data_01_08_2025.xlsx,30.0,0.06666666666666667,0.1,0.0,0.0,0.0,0.0,2.0,1.0,17.0,0.0,0.0,0.29411764705882354,0.6666666666666666,0.0,0.0,0.0,1.0,3.0,3.8980685120588383,0.0,0.0,0.0,0.0,0.0,0.0,1.0,0.0,0.0,0.0,0.0,0.0,0.0
ww38.demo.icicilomboard.com,Phishing,mock_Mock_Data_01_08_2025.xlsx,27.0,0.07407407407407407,0.1111111111111111,0.0,0.0,0.0,0.0,2.0,1.0,17.0,0.0,0.0,0.29411764705882354,0.6666666666666666,0.0,0.0,0.0,1.0,3.0,3.6060152796207325,0.0,0.0,0.0,0.0,0.0,0.0,0.0,0.0,0.0,0.0,0.0,0.0,0.0
ww38.dev.icicilomboard.com,Phishing,mock_Mock_Data_01_08_2025.xlsx,26.0,0.07692307692307693,0.11538461538461539,0.0,0.0,0.0,0.0,2.0,1.0,17.0,0.0,0.0,0.29411764705882354,0.6666666666666666,0.0,0.0,0.0,1.0,3.0,3.7381493331928657,0.0,0.0,0.0,0.0,0.0,0.0,0.0,0.0,0.0,0.0,0.0,0.0,0.0
ww25.staging.icicicdirect.com,Phishing,mock_Mock_Data_01_08_2025.xlsx,29.0,0.06896551724137931,0.10344827586206896,0.0,0.0,0.0,0.0,2.0,1.0,16.0,0.0,0.0,0.3125,0.6666666666666666,0.0,0.0,0.0,1.0,3.0,3.6864579450918105,0.0,0.0,0.0,0.0,0.0,0.0,0.0,0.0,0.0,0.0,0.0,0.0,0.0
ww38.sitemap.icicilomboard.com,Phishing,mock_Mock_Data_01_08_2025.xlsx,30.0,0.06666666666666667,0.1,0.0,0.0,0.0,0.0,2.0,1.0,17.0,0.0,0.0,0.29411764705882354,0.6666666666666666,0.0,0.0,0.0,1.0,3.0,3.8729055953200557,0.0,0.0,0.0,0.0,0.0,0.0,0.0,0.0,0.0,0.0,0.0,0.0,0.0
ww38.administration.icicilomboard.com,Phishing,mock_Mock_Data_01_08_2025.xlsx,37.0,0.05405405405405406,0.08108108108108109,0.0,0.0,0.0,0.0,2.0,1.0,17.0,0.0,0.0,0.29411764705882354,0.6666666666666666,0.0,0.0,0.0,1.0,3.0,3.789741878791631,0.0,0.0,0.0,0.0,0.0,0.0,0.0,0.0,0.0,0.0,0.0,0.0,0.0
ww38.user.icicilomboard.com,Phishing,mock_Mock_Data_01_08_2025.xlsx,27.0,0.07407407407407407,0.1111111111111111,0.0,0.0,0.0,0.0,2.0,1.0,17.0,0.0,0.0,0.29411764705882354,0.6666666666666666,0.0,0.0,0.0,1.0,3.0,3.8282375018429553,0.0,0.0,0.0,0.0,0.0,0.0,0.0,0.0,0.0,0.0,0.0,0.0,0.0
inrprepaid.icicibsnk.com,Phishing,mock_Mock_Data_01_08_2025.xlsx,24.0,0.0,0.08333333333333333,0.0,0.0,0.0,0.0,1.0,1.0,13.0,0.0,0.0,0.38461538461538464,0.1111111111111111,0.0,0.0,0.0,1.0,3.0,3.5697738350294785,0.0,0.0,0.0,0.0,0.0,0.0,0.0,0.0,0.0,0.0,0.0,0.0,0.0
ww25.mobile.icicibamk.com,Phishing,mock_Mock_Data_01_08_2025.xlsx,25.0,0.08,0.12,0.0,0.0,0.0,0.0,2.0,1.0,13.0,0.0,0.0,0.38461538461538464,0.1111111111111111,0.0,0.0,0.0,1.0,3.0,3.513269689515108,0.0,0.0,0.0,0.0,0.0,0.0,0.0,0.0,0.0,0.0,0.0,0.0,0.0
www.forum.icicicdirect.com,Phishing,mock_Mock_Data_01_08_2025.xlsx,26.0,0.0,0.11538461538461539,0.0,0.0,0.0,0.0,2.0,1.0,16.0,0.0,0.0,0.3125,0.6666666666666666,0.0,0.0,0.0,1.0,3.0,3.349692968957871,0.0,0.0,0.0,0.0,0.0,0.0,0.0,0.0,0.0,0.0,0.0,0.0,0.0
ww38.api.icicilomboard.com,Phishing,mock_Mock_Data_01_08_2025.xlsx,26.0,0.07692307692307693,0.11538461538461539,0.0,0.0,0.0,0.0,2.0,1.0,17.0,0.0,0.0,0.29411764705882354,0.6666666666666666,0.0,0.0,0.0,1.0,3.0,3.613337314045307,0.0,0.0,0.0,0.0,0.0,0.0,0.0,0.0,0.0,0.0,0.0,0.0,0.0
ww38.icicilomboard.com,Phishing,mock_Mock_Data_01_08_2025.xlsx,22.0,0.09090909090909091,0.09090909090909091,0.0,0.0,0.0,0.0,1.0,1.0,17.0,0.0,0.0,0.29411764705882354,0.6666666666666666,0.0,0.0,0.0,1.0,3.0,3.538310595615006,0.0,0.0,0.0,0.0,0.0,0.0,0.0,0.0,0.0,0.0,0.0,0.0,0.0
ww38.securesmtp.icicilomboard.com,Phishing,mock_Mock_Data_01_08_2025.xlsx,33.0,0.06060606060606061,0.09090909090909091,0.0,0.0,0.0,0.0,2.0,1.0,17.0,0.0,0.0,0.29411764705882354,0.6666666666666666,0.0,0.0,0.0,1.0,3.0,3.98319563424773,0.0,0.0,1.0,0.0,0.0,0.0,0.0,0.0,0.0,0.0,0.0,0.0,0.0
ww38.smtp.icicilomboard.com,Phishing,mock_Mock_Data_01_08_2025.xlsx,27.0,0.07407407407407407,0.1111111111111111,0.0,0.0,0.0,0.0,2.0,1.0,17.0,0.0,0.0,0.29411764705882354,0.6666666666666666,0.0,0.0,0.0,1.0,3.0,3.8002787054665306,0.0,0.0,0.0,0.0,0.0,0.0,0.0,0.0,0.0,0.0,0.0,0.0,0.0
ww38.partner.icicilomboard.com,Phishing,mock_Mock_Data_01_08_2025.xlsx,30.0,0.06666666666666667,0.1,0.0,0.0,0.0,0.0,2.0,1.0,17.0,0.0,0.0,0.29411764705882354,0.6666666666666666,0.0,0.0,0.0,1.0,3.0,3.91440934524794,0.0,0.0,0.0,0.0,0.0,0.0,0.0,0.0,0.0,0.0,0.0,0.0,0.0
ww38.fastrack.icicilomboard.com,Phishing,mock_Mock_Data_01_08_2025.xlsx,31.0,0.06451612903225806,0.0967741935483871,0.0,0.0,0.0,0.0,2.0,1.0,17.0,0.0,0.0,0.29411764705882354,0.6666666666666666,0.0,0.0,0.0,1.0,3.0,3.889049535914169,0.0,0.0,0.0,0.0,0.0,0.0,0.0,0.0,0.0,0.0,0.0,0.0,0.0
ww38.tickets.icicilomboard.com,Phishing,mock_Mock_Data_01_08_2025.xlsx,30.0,0.06666666666666667,0.1,0.0,0.0,0.0,0.0,2.0,1.0,17.0,0.0,0.0,0.29411764705882354,0.6666666666666666,0.0,0.0,0.0,1.0,3.0,3.856564762130954,0.0,0.0,0.0,0.0,0.0,0.0,0.0,0.0,0.0,0.0,0.0,0.0,0.0
ww25.collectionsapp.icicibamk.com,Phishing,mock_Mock_Data_01_08_2025.xlsx,33.0,0.06060606060606061,0.09090909090909091,0.0,0.0,0.0,0.0,2.0,1.0,13.0,0.0,0.0,0.38461538461538464,0.1111111111111111,0.0,0.0,0.0,1.0,3.0,3.8589572866686432,0.0,0.0,0.0,0.0,0.0,0.0,0.0,0.0,0.0,0.0,0.0,0.0,0.0
ww38.edison.icicilomboard.com,Phishing,mock_Mock_Data_01_08_2025.xlsx,29.0,0.06896551724137931,0.10344827586206896,0.0,0.0,0.0,0.0,2.0,1.0,17.0,0.0,0.0,0.29411764705882354,0.6666666666666666,0.0,0.0,0.0,1.0,3.0,3.7714370294611266,0.0,0.0,0.0,0.0,0.0,0.0,0.0,0.0,0.0,0.0,0.0,0.0,0.0
ww38.bi.icicilomboard.com,Phishing,mock_Mock_Data_01_08_2025.xlsx,25.0,0.08,0.12,0.0,0.0,0.0,0.0,2.0,1.0,17.0,0.0,0.0,0.29411764705882354,0.6666666666666666,0.0,0.0,0.0,1.0,3.0,3.513269689515108,0.0,0.0,0.0,0.0,0.0,0.0,0.0,0.0,0.0,0.0,0.0,0.0,0.0
ww25.forum.icicicdirect.com,Phishing,mock_Mock_Data_01_08_2025.xlsx,27.0,0.07407407407407407,0.1111111111111111,0.0,0.0,0.0,0.0,2.0,1.0,16.0,0.0,0.0,0.3125,0.6666666666666666,0.0,0.0,0.0,1.0,3.0,3.5562012808079033,0.0,0.0,0.0,0.0,0.0,0.0,0.0,0.0,0.0,0.0,0.0,0.0,0.0
ww38.staging.icicilomboard.com,Phishing,mock_Mock_Data_01_08_2025.xlsx,30.0,0.06666666666666667,0.1,0.0,0.0,0.0,0.0,2.0,1.0,17.0,0.0,0.0,0.29411764705882354,0.6666666666666666,0.0,0.0,0.0,1.0,3.0,3.898068512058838,0.0,0.0,0.0,0.0,0.0,0.0,0.0,0.0,0.0,0.0,0.0,0.0,0.0
arcosdr.iciciprulife.co,Phishing,mock_Mock_Data_01_08_2025.xlsx,23.0,0.0,0.08695652173913043,0.0,0.0,0.0,0.0,1.0,1.0,15.0,0.0,0.0,0.3333333333333333,99.0,0.0,0.0,0.0,0.0,2.0,3.4472624994412104,0.0,0.0,0.0,0.0,0.0,0.0,0.0,0.0,0.0,0.0,0.0,0.0,0.0
ww25.autodiscover.icicilombard.co,Phishing,mock_Mock_Data_01_08_2025.xlsx,33.0,0.06060606060606061,0.09090909090909091,0.0,0.0,0.0,0.0,2.0,1.0,15.0,0.0,0.0,0.3333333333333333,99.0,0.0,0.0,0.0,0.0,2.0,3.930609649595924,0.0,0.0,0.0,0.0,0.0,0.0,0.0,0.0,0.0,0.0,0.0,0.0,0.0
ww17.fastaglogin.icicibamk.com,Phishing,mock_Mock_Data_01_08_2025.xlsx,30.0,0.06666666666666667,0.1,0.0,0.0,0.0,0.0,2.0,1.0,13.0,0.0,0.0,0.38461538461538464,0.1111111111111111,0.0,0.0,0.0,1.0,3.0,3.898068512058838,1.0,0.0,0.0,0.0,0.0,0.0,0.0,0.0,0.0,0.0,0.0,0.0,0.0
ww25.ww5.icicibamk.com,Phishing,mock_Mock_Data_01_08_2025.xlsx,22.0,0.13636363636363635,0.13636363636363635,0.0,0.0,0.0,0.0,2.0,1.0,13.0,0.0,0.0,0.38461538461538464,0.1111111111111111,0.0,0.0,0.0,1.0,3.0,3.2655833228877333,0.0,0.0,0.0,0.0,0.0,0.0,0.0,0.0,0.0,0.0,0.0,0.0,0.0
www.ilens.icicibamk.com,Phishing,mock_Mock_Data_01_08_2025.xlsx,23.0,0.0,0.13043478260869565,0.0,0.0,0.0,0.0,2.0,1.0,13.0,0.0,0.0,0.38461538461538464,0.1111111111111111,0.0,0.0,0.0,1.0,3.0,3.4685766296878655,0.0,0.0,0.0,0.0,0.0,0.0,0.0,0.0,0.0,0.0,0.0,0.0,0.0
ww38.workflow.icicilomboard.com,Phishing,mock_Mock_Data_01_08_2025.xlsx,31.0,0.06451612903225806,0.0967741935483871,0.0,0.0,0.0,0.0,2.0,1.0,17.0,0.0,0.0,0.29411764705882354,0.6666666666666666,0.0,0.0,0.0,1.0,3.0,3.6679284722924486,0.0,0.0,0.0,0.0,0.0,0.0,0.0,0.0,0.0,0.0,0.0,0.0,0.0
ww25.notexistscollectionsapp.icicibamk.com,Phishing,mock_Mock_Data_01_08_2025.xlsx,42.0,0.047619047619047616,0.07142857142857142,0.0,0.0,0.0,0.0,2.0,1.0,13.0,0.0,0.0,0.38461538461538464,0.1111111111111111,0.0,0.0,0.0,1.0,3.0,3.976033054793902,0.0,0.0,0.0,0.0,0.0,0.0,0.0,0.0,0.0,0.0,0.0,0.0,0.0
ww16.directlink.icicicdirect.com,Phishing,mock_Mock_Data_01_08_2025.xlsx,32.0,0.0625,0.09375,0.0,0.0,0.0,0.0,2.0,1.0,16.0,0.0,0.0,0.3125,0.6666666666666666,0.0,0.0,0.0,1.0,3.0,3.569548827786958,0.0,0.0,0.0,0.0,0.0,0.0,0.0,0.0,0.0,0.0,0.0,0.0,0.0
ww17.help.icicibamk.com,Phishing,mock_Mock_Data_01_08_2025.xlsx,23.0,0.08695652173913043,0.13043478260869565,0.0,0.0,0.0,0.0,2.0,1.0,13.0,0.0,0.0,0.38461538461538464,0.1111111111111111,0.0,0.0,0.0,1.0,3.0,3.729446194905257,0.0,0.0,0.0,0.0,0.0,0.0,0.0,0.0,0.0,0.0,0.0,0.0,0.0
ww25.backup.icicicdirect.com,Phishing,mock_Mock_Data_01_08_2025.xlsx,28.0,0.07142857142857142,0.10714285714285714,0.0,0.0,0.0,0.0,2.0,1.0,16.0,0.0,0.0,0.3125,0.6666666666666666,0.0,0.0,0.0,1.0,3.0,3.7264741182543757,0.0,0.0,0.0,0.0,0.0,0.0,0.0,0.0,0.0,0.0,0.0,0.0,0.0
ww25.log.icicibamk.com,Phishing,mock_Mock_Data_01_08_2025.xlsx,22.0,0.09090909090909091,0.13636363636363635,0.0,0.0,0.0,0.0,2.0,1.0,13.0,0.0,0.0,0.38461538461538464,0.1111111111111111,0.0,0.0,0.0,1.0,3.0,3.538310595615006,0.0,0.0,0.0,0.0,0.0,0.0,0.0,0.0,0.0,0.0,0.0,0.0,0.0
ww38.nysa.iciciclombard.com,Phishing,mock_Mock_Data_01_08_2025.xlsx,27.0,0.07407407407407407,0.1111111111111111,0.0,0.0,0.0,0.0,2.0,1.0,17.0,0.0,0.0,0.29411764705882354,0.6666666666666666,0.0,0.0,0.0,1.0,3.0,3.8100810205217304,0.0,0.0,0.0,0.0,0.0,0.0,0.0,0.0,0.0,0.0,0.0,0.0,0.0
ww25.itasktrailportal.icicprulife.com,Phishing,mock_Mock_Data_01_08_2025.xlsx,37.0,0.05405405405405406,0.08108108108108109,0.0,0.0,0.0,0.0,2.0,2.0,15.0,1.0,0.0,0.26666666666666666,0.6666666666666666,0.0,0.0,0.0,1.0,3.0,3.9624542984014473,0.0,0.0,0.0,0.0,0.0,0.0,0.0,0.0,0.0,0.0,0.0,0.0,0.0
ww25.cmart.icicibamk.com,Phishing,mock_Mock_Data_01_08_2025.xlsx,24.0,0.08333333333333333,0.125,0.0,0.0,0.0,0.0,2.0,1.0,13.0,0.0,0.0,0.38461538461538464,0.1111111111111111,0.0,0.0,0.0,1.0,3.0,3.4906015629507228,0.0,0.0,0.0,0.0,0.0,0.0,0.0,0.0,0.0,0.0,0.0,0.0,0.0
ww25.notexistsautodiscover.icicibamk.com,Phishing,mock_Mock_Data_01_08_2025.xlsx,40.0,0.05,0.075,0.0,0.0,0.0,0.0,2.0,1.0,13.0,0.0,0.0,0.38461538461538464,0.1111111111111111,0.0,0.0,0.0,1.0,3.0,4.075070520364181,0.0,0.0,0.0,0.0,0.0,0.0,0.0,0.0,0.0,0.0,0.0,0.0,0.0
ww17.site1.icicibamk.com,Phishing,mock_Mock_Data_01_08_2025.xlsx,24.0,0.125,0.125,0.0,0.0,0.0,0.0,2.0,1.0,13.0,0.0,0.0,0.38461538461538464,0.1111111111111111,0.0,0.0,0.0,1.0,3.0,3.6053885422075336,0.0,0.0,0.0,0.0,0.0,0.0,0.0,0.0,0.0,0.0,0.0,0.0,0.0
ww16.shop.icicicdirect.com,Phishing,mock_Mock_Data_01_08_2025.xlsx,26.0,0.07692307692307693,0.11538461538461539,0.0,0.0,0.0,0.0,2.0,1.0,16.0,0.0,0.0,0.3125,0.6666666666666666,0.0,0.0,0.0,1.0,3.0,3.609496334425696,0.0,0.0,0.0,0.0,0.0,0.0,0.0,0.0,0.0,0.0,0.0,0.0,0.0
ww38.uat.iciciclombard.com,Phishing,mock_Mock_Data_01_08_2025.xlsx,26.0,0.07692307692307693,0.11538461538461539,0.0,0.0,0.0,0.0,2.0,1.0,17.0,0.0,0.0,0.29411764705882354,0.6,0.0,0.0,0.0,1.0,3.0,3.719294525666979,0.0,0.0,0.0,0.0,0.0,0.0,0.0,0.0,0.0,0.0,0.0,0.0,0.0
vmsweb.icicibsnk.com,Phishing,mock_Mock_Data_01_08_2025.xlsx,20.0,0.0,0.1,0.0,0.0,0.0,0.0,1.0,1.0,13.0,0.0,0.0,0.38461538461538464,0.1111111111111111,0.0,0.0,0.0,1.0,3.0,3.4464393446710155,0.0,0.0,0.0,0.0,0.0,0.0,0.0,0.0,0.0,0.0,0.0,0.0,0.0
ww25.105e7afe-d35c-4f34-9773-887704acf9d1.icicibamk.com,Phishing,mock_Mock_Data_01_08_2025.xlsx,55.0,0.41818181818181815,0.05454545454545454,4.0,0.07272727272727272,0.0,0.0,2.0,1.0,13.0,0.0,0.0,0.38461538461538464,0.1111111111111111,0.0,0.0,0.0,1.0,3.0,4.317659832360697,0.0,0.0,0.0,0.0,0.0,0.0,0.0,0.0,0.0,0.0,0.0,0.0,0.0
vkyc.icicibannk.com,Phishing,mock_Mock_Data_01_08_2025.xlsx,19.0,0.0,0.10526315789473684,0.0,0.0,0.0,0.0,1.0,1.0,14.0,0.0,0.0,0.35714285714285715,0.1111111111111111,0.0,0.0,0.0,1.0,3.0,3.260828171224455,0.0,0.0,0.0,0.0,0.0,0.0,0.0,0.0,0.0,0.0,0.0,0.0,0.0
ww25.vpn.icicibamk.com,Phishing,mock_Mock_Data_01_08_2025.xlsx,22.0,0.09090909090909091,0.13636363636363635,0.0,0.0,0.0,0.0,2.0,1.0,13.0,0.0,0.0,0.38461538461538464,0.1111111111111111,0.0,0.0,0.0,1.0,3.0,3.6292196865240967,0.0,0.0,0.0,0.0,0.0,0.0,0.0,0.0,0.0,0.0,0.0,0.0,0.0
acqweb.icicibamk.com,Phishing,mock_Mock_Data_01_08_2025.xlsx,20.0,0.0,0.1,0.0,0.0,0.0,0.0,1.0,1.0,13.0,0.0,0.0,0.38461538461538464,0.1111111111111111,0.0,0.0,0.0,1.0,3.0,3.2841837197791888,0.0,0.0,0.0,0.0,0.0,0.0,0.0,0.0,0.0,0.0,0.0,0.0,0.0
ww16.help.icicicdirect.com,Phishing,mock_Mock_Data_01_08_2025.xlsx,26.0,0.07692307692307693,0.11538461538461539,0.0,0.0,0.0,0.0,2.0,1.0,16.0,0.0,0.0,0.3125,0.6666666666666666,0.0,0.0,0.0,1.0,3.0,3.609496334425696,0.0,0.0,0.0,0.0,0.0,0.0,0.0,0.0,0.0,0.0,0.0,0.0,0.0
ww25.in.icicicdirect.com,Phishing,mock_Mock_Data_01_08_2025.xlsx,24.0,0.08333333333333333,0.125,0.0,0.0,0.0,0.0,2.0,1.0,16.0,0.0,0.0,0.3125,0.6666666666666666,0.0,0.0,0.0,1.0,3.0,3.3360388152612774,0.0,0.0,0.0,0.0,0.0,0.0,0.0,0.0,0.0,0.0,0.0,0.0,0.0
ww25.forums.icicicdirect.com,Phishing,mock_Mock_Data_01_08_2025.xlsx,28.0,0.07142857142857142,0.10714285714285714,0.0,0.0,0.0,0.0,2.0,1.0,16.0,0.0,0.0,0.3125,0.6666666666666666,0.0,0.0,0.0,1.0,3.0,3.651478922893308,0.0,0.0,0.0,0.0,0.0,0.0,0.0,0.0,0.0,0.0,0.0,0.0,0.0
ww17.demo.icicicdirect.com,Phishing,mock_Mock_Data_01_08_2025.xlsx,26.0,0.07692307692307693,0.11538461538461539,0.0,0.0,0.0,0.0,2.0,1.0,16.0,0.0,0.0,0.3125,0.6666666666666666,0.0,0.0,0.0,1.0,3.0,3.378727103656466,0.0,0.0,0.0,0.0,0.0,0.0,0.0,0.0,0.0,0.0,0.0,0.0,0.0
ww25.temp.icicibamk.com,Phishing,mock_Mock_Data_01_08_2025.xlsx,23.0,0.08695652173913043,0.13043478260869565,0.0,0.0,0.0,0.0,2.0,1.0,13.0,0.0,0.0,0.38461538461538464,0.1111111111111111,0.0,0.0,0.0,1.0,3.0,3.6096684774198886,0.0,0.0,0.0,0.0,0.0,0.0,0.0,0.0,0.0,0.0,0.0,0.0,0.0
ww25.help.icicicdirect.com,Phishing,mock_Mock_Data_01_08_2025.xlsx,26.0,0.07692307692307693,0.11538461538461539,0.0,0.0,0.0,0.0,2.0,1.0,16.0,0.0,0.0,0.3125,0.6666666666666666,0.0,0.0,0.0,1.0,3.0,3.609496334425696,0.0,0.0,0.0,0.0,0.0,0.0,0.0,0.0,0.0,0.0,0.0,0.0,0.0
ww17.wiki.icicibamk.com,Phishing,mock_Mock_Data_01_08_2025.xlsx,23.0,0.08695652173913043,0.13043478260869565,0.0,0.0,0.0,0.0,2.0,1.0,13.0,0.0,0.0,0.38461538461538464,0.1111111111111111,0.0,0.0,0.0,1.0,3.0,3.2246792177558303,0.0,0.0,0.0,0.0,0.0,0.0,0.0,0.0,0.0,0.0,0.0,0.0,0.0
ww17.icici.icicibamk.com,Phishing,mock_Mock_Data_01_08_2025.xlsx,24.0,0.08333333333333333,0.125,0.0,0.0,0.0,0.0,2.0,1.0,13.0,1.0,0.0,0.38461538461538464,0.1111111111111111,0.0,0.0,0.0,1.0,3.0,3.0901998765158556,0.0,0.0,0.0,0.0,0.0,0.0,0.0,0.0,0.0,0.0,0.0,0.0,0.0
infinity.icicibbank.com,Phishing,mock_Mock_Data_01_08_2025.xlsx,23.0,0.0,0.08695652173913043,0.0,0.0,0.0,0.0,1.0,1.0,14.0,0.0,0.0,0.35714285714285715,0.1111111111111111,0.0,0.0,0.0,1.0,3.0,3.2618423904633667,0.0,0.0,0.0,0.0,0.0,0.0,0.0,0.0,0.0,0.0,0.0,0.0,0.0
icicixltops.com,Phishing,mock_Mock_Data_01_08_2025.xlsx,15.0,0.0,0.06666666666666667,0.0,0.0,0.0,0.0,0.0,1.0,15.0,0.0,0.0,0.3333333333333333,0.6666666666666666,0.0,0.0,0.0,1.0,3.0,3.139572261986723,0.0,0.0,0.0,0.0,0.0,0.0,0.0,0.0,0.0,0.0,0.0,0.0,0.0
www.safeicici.com.elite-investcapital.com,Phishing,mock_Mock_Data_01_08_2025.xlsx,41.0,0.0,0.0975609756097561,1.0,0.024390243902439025,0.0,0.0,3.0,2.0,23.0,1.0,0.0,0.21739130434782608,0.6666666666666666,0.0,0.0,0.0,1.0,3.0,3.762818395221641,0.0,0.0,0.0,0.0,0.0,0.0,0.0,0.0,0.0,0.0,0.0,0.0,0.0
homeclub.shop,Phishing,mock_Mock_Data_01_08_2025.xlsx,13.0,0.0,0.07692307692307693,0.0,0.0,0.0,0.0,0.0,0.0,13.0,0.0,1.0,0.0,1.0,0.0,0.0,0.0,0.0,4.0,3.3927474104487847,0.0,0.0,0.0,0.0,0.0,0.0,0.0,0.0,0.0,0.0,0.0,0.0,0.0
simplizi.fr,Phishing,mock_Mock_Data_01_08_2025.xlsx,11.0,0.0,0.09090909090909091,0.0,0.0,0.0,0.0,0.0,0.0,11.0,0.0,0.0,0.0,99.0,0.0,0.0,0.0,0.0,2.0,3.027169118440619,0.0,0.0,0.0,0.0,0.0,0.0,0.0,0.0,0.0,0.0,0.0,0.0,0.0
icc-online.com,Phishing,mock_Mock_Data_01_08_2025.xlsx,14.0,0.0,0.07142857142857142,1.0,0.07142857142857142,0.0,0.0,0.0,0.0,14.0,0.0,0.0,0.0,0.3333333333333333,0.0,0.0,0.0,1.0,3.0,3.039148671903071,0.0,0.0,0.0,0.0,0.0,0.0,0.0,0.0,0.0,0.0,0.0,0.0,0.0
foreveryoung.online,Phishing,mock_Mock_Data_01_08_2025.xlsx,19.0,0.0,0.05263157894736842,0.0,0.0,0.0,0.0,0.0,0.0,19.0,0.0,1.0,0.0,0.3333333333333333,0.0,0.0,0.0,0.0,6.0,3.391892644680932,0.0,0.0,0.0,0.0,0.0,0.0,0.0,0.0,0.0,0.0,0.0,0.0,0.0
icici-paylink.click,Phishing,mock_Mock_Data_01_08_2025.xlsx,19.0,0.0,0.05263157894736842,1.0,0.05263157894736842,0.0,0.0,0.0,1.0,19.0,0.0,1.0,0.2631578947368421,0.6,0.0,0.0,0.0,0.0,5.0,3.0053148568942794,0.0,0.0,0.0,0.0,0.0,0.0,0.0,0.0,0.0,0.0,0.0,0.0,0.0
icici-paylink.asia,Phishing,mock_Mock_Data_01_08_2025.xlsx,18.0,0.0,0.05555555555555555,1.0,0.05555555555555555,0.0,0.0,0.0,1.0,18.0,0.0,0.0,0.2777777777777778,0.6,0.0,0.0,0.0,0.0,4.0,3.1496734471867414,0.0,0.0,0.0,0.0,0.0,0.0,0.0,0.0,0.0,0.0,0.0,0.0,0.0
bkicici.com,Phishing,mock_Mock_Data_01_08_2025.xlsx,11.0,0.0,0.09090909090909091,0.0,0.0,0.0,0.0,0.0,1.0,11.0,0.0,0.0,0.45454545454545453,0.4,0.0,0.0,0.0,1.0,3.0,2.5949066182439395,0.0,0.0,0.0,0.0,0.0,0.0,0.0,0.0,0.0,0.0,0.0,0.0,0.0
nclcinvestments.xyz,Phishing,mock_Mock_Data_01_08_2025.xlsx,19.0,0.0,0.05263157894736842,0.0,0.0,0.0,0.0,0.0,0.0,19.0,0.0,1.0,0.0,1.0,0.0,0.0,0.0,0.0,3.0,3.5766176449086653,0.0,0.0,0.0,0.0,0.0,0.0,0.0,0.0,0.0,0.0,0.0,0.0,0.0
icicibcxk.sbs,Phishing,mock_Mock_Data_01_08_2025.xlsx,13.0,0.0,0.07692307692307693,0.0,0.0,0.0,0.0,0.0,1.0,13.0,0.0,1.0,0.38461538461538464,0.2222222222222222,0.0,0.0,0.0,0.0,3.0,2.6612262562697895,0.0,0.0,0.0,0.0,0.0,0.0,0.0,0.0,0.0,0.0,0.0,0.0,0.0
icic-oc.org,Phishing,mock_Mock_Data_01_08_2025.xlsx,11.0,0.0,0.09090909090909091,1.0,0.09090909090909091,0.0,0.0,0.0,0.0,11.0,0.0,0.0,0.0,0.2,0.0,0.0,0.0,1.0,3.0,2.6635327548042547,0.0,0.0,0.0,0.0,0.0,0.0,0.0,0.0,0.0,0.0,0.0,0.0,0.0
iciiinsurance.com,Phishing,mock_Mock_Data_01_08_2025.xlsx,17.0,0.0,0.058823529411764705,0.0,0.0,0.0,0.0,0.0,0.0,17.0,0.0,0.0,0.0,0.6666666666666666,0.0,0.0,0.0,1.0,3.0,3.2195282822995477,0.0,0.0,0.0,0.0,0.0,0.0,0.0,0.0,0.0,0.0,0.0,0.0,0.0
icici.lat,Phishing,mock_Mock_Data_01_08_2025.xlsx,9.0,0.0,0.1111111111111111,0.0,0.0,0.0,0.0,0.0,1.0,9.0,0.0,0.0,0.5555555555555556,0.6,0.0,0.0,0.0,0.0,3.0,2.4193819456463714,0.0,0.0,0.0,0.0,0.0,0.0,0.0,0.0,0.0,0.0,0.0,0.0,0.0
rnydaappdynamics.iciciprulife.co,Phishing,mock_Mock_Data_01_08_2025.xlsx,32.0,0.0,0.0625,0.0,0.0,0.0,0.0,1.0,1.0,15.0,0.0,0.0,0.3333333333333333,99.0,0.0,0.0,0.0,0.0,2.0,3.7775182662886326,0.0,0.0,0.0,0.0,0.0,0.0,0.0,0.0,0.0,0.0,0.0,0.0,0.0
imap2.iciciprulife.co,Phishing,mock_Mock_Data_01_08_2025.xlsx,21.0,0.047619047619047616,0.09523809523809523,0.0,0.0,0.0,0.0,1.0,1.0,15.0,0.0,0.0,0.3333333333333333,99.0,0.0,0.0,0.0,0.0,2.0,3.4225779953216033,0.0,0.0,0.0,0.0,0.0,0.0,0.0,0.0,0.0,0.0,0.0,0.0,0.0
grsqlwebdisk.iciciprulife.co,Phishing,mock_Mock_Data_01_08_2025.xlsx,28.0,0.0,0.07142857142857142,0.0,0.0,0.0,0.0,1.0,1.0,15.0,0.0,0.0,0.3333333333333333,99.0,0.0,0.0,0.0,0.0,2.0,3.865764637179023,0.0,0.0,0.0,0.0,0.0,0.0,0.0,0.0,0.0,0.0,0.0,0.0,0.0
57e0d8d2686c.mail10.iciciprulife.co,Phishing,mock_Mock_Data_01_08_2025.xlsx,35.0,0.2857142857142857,0.08571428571428572,0.0,0.0,0.0,0.0,2.0,1.0,15.0,0.0,0.0,0.3333333333333333,0.75,0.0,0.0,0.0,0.0,2.0,4.0902965033278145,0.0,0.0,0.0,0.0,0.0,0.0,0.0,0.0,0.0,0.0,0.0,0.0,0.0
2df626a5-1a89-4150-92dd-eeaf90838345.random.iciciprulife.co,Phishing,mock_Mock_Data_01_08_2025.xlsx,59.0,0.3728813559322034,0.05084745762711865,4.0,0.06779661016949153,0.0,0.0,2.0,1.0,15.0,0.0,0.0,0.3333333333333333,0.75,0.0,0.0,0.0,0.0,2.0,4.458251523644761,0.0,0.0,0.0,0.0,0.0,0.0,0.0,0.0,0.0,0.0,0.0,0.0,0.0
57e0d8d2686c.smx2.iciciprulife.co,Phishing,mock_Mock_Data_01_08_2025.xlsx,33.0,0.2727272727272727,0.09090909090909091,0.0,0.0,0.0,0.0,2.0,1.0,15.0,0.0,0.0,0.3333333333333333,1.0,0.0,0.0,0.0,0.0,2.0,4.112427831414107,0.0,0.0,0.0,0.0,0.0,0.0,0.0,0.0,0.0,0.0,0.0,0.0,0.0
57e0d8d2686c.notexistsrds1.iciciprulife.co,Phishing,mock_Mock_Data_01_08_2025.xlsx,42.0,0.21428571428571427,0.07142857142857142,0.0,0.0,0.0,0.0,2.0,1.0,15.0,0.0,0.0,0.3333333333333333,99.0,0.0,0.0,0.0,0.0,2.0,4.234479554133744,0.0,0.0,0.0,0.0,0.0,0.0,0.0,0.0,0.0,0.0,0.0,0.0,0.0
57e0d8d2686c.whatsapp.iciciprulife.co,Phishing,mock_Mock_Data_01_08_2025.xlsx,37.0,0.21621621621621623,0.08108108108108109,0.0,0.0,0.0,0.0,2.0,1.0,15.0,0.0,0.0,0.3333333333333333,99.0,0.0,0.0,0.0,0.0,2.0,4.249729716863358,0.0,0.0,0.0,0.0,0.0,0.0,0.0,0.0,0.0,0.0,0.0,0.0,0.0
4a17ec06-0f3f-4f59-b221-aa4f44d14059.random.iciciprulife.co,Phishing,mock_Mock_Data_01_08_2025.xlsx,59.0,0.3559322033898305,0.05084745762711865,4.0,0.06779661016949153,0.0,0.0,2.0,1.0,15.0,0.0,0.0,0.3333333333333333,1.0,0.0,0.0,0.0,0.0,2.0,4.401556981815159,0.0,0.0,0.0,0.0,0.0,0.0,0.0,0.0,0.0,0.0,0.0,0.0,0.0
shop.icicibannk.com,Phishing,mock_Mock_Data_01_08_2025.xlsx,19.0,0.0,0.10526315789473684,0.0,0.0,0.0,0.0,1.0,1.0,14.0,0.0,0.0,0.35714285714285715,0.1111111111111111,0.0,0.0,0.0,1.0,3.0,3.43162356584743,0.0,0.0,0.0,0.0,0.0,0.0,0.0,0.0,0.0,0.0,0.0,0.0,0.0
ww25.3.icicibamk.com,Phishing,mock_Mock_Data_01_08_2025.xlsx,20.0,0.15,0.15,0.0,0.0,0.0,0.0,2.0,1.0,13.0,0.0,0.0,0.38461538461538464,0.1111111111111111,0.0,0.0,0.0,1.0,3.0,3.4086949695628412,0.0,0.0,0.0,0.0,0.0,0.0,0.0,0.0,0.0,0.0,0.0,0.0,0.0
ww25.dash.icicibamk.com,Phishing,mock_Mock_Data_01_08_2025.xlsx,23.0,0.08695652173913043,0.13043478260869565,0.0,0.0,0.0,0.0,2.0,1.0,13.0,0.0,0.0,0.38461538461538464,0.1111111111111111,0.0,0.0,0.0,1.0,3.0,3.6424896731661267,0.0,0.0,0.0,0.0,0.0,0.0,0.0,0.0,0.0,0.0,0.0,0.0,0.0
1c1c1c1c.xyz,Phishing,mock_Mock_Data_01_08_2025.xlsx,12.0,0.3333333333333333,0.08333333333333333,0.0,0.0,0.0,0.0,0.0,0.0,12.0,0.0,1.0,0.0,1.0,0.0,0.0,0.0,0.0,3.0,2.251629167387823,0.0,0.0,0.0,0.0,0.0,0.0,0.0,0.0,0.0,0.0,0.0,0.0,0.0
fasttaglogin.icicibannk.com,Phishing,mock_Mock_Data_01_08_2025.xlsx,27.0,0.0,0.07407407407407407,0.0,0.0,0.0,0.0,1.0,1.0,14.0,0.0,0.0,0.35714285714285715,0.1111111111111111,0.0,0.0,0.0,1.0,3.0,3.6339740759971577,1.0,0.0,0.0,0.0,0.0,0.0,0.0,0.0,0.0,0.0,0.0,0.0,0.0
ww17.buy.icicibamk.com,Phishing,mock_Mock_Data_01_08_2025.xlsx,22.0,0.09090909090909091,0.13636363636363635,0.0,0.0,0.0,0.0,2.0,1.0,13.0,0.0,0.0,0.38461538461538464,0.1111111111111111,0.0,0.0,0.0,1.0,3.0,3.538310595615006,0.0,0.0,0.0,0.0,0.0,0.0,0.0,0.0,0.0,0.0,0.0,0.0,0.0
www.icicigroup.shaerepoint.com,Phishing,mock_Mock_Data_01_08_2025.xlsx,30.0,0.0,0.1,0.0,0.0,0.0,0.0,2.0,2.0,15.0,1.0,0.0,0.3333333333333333,0.6666666666666666,0.0,0.0,0.0,1.0,3.0,3.8062389286533893,0.0,0.0,0.0,0.0,0.0,0.0,0.0,0.0,0.0,0.0,0.0,0.0,0.0
cemalcici.com,Phishing,mock_Mock_Data_01_08_2025.xlsx,13.0,0.0,0.07692307692307693,0.0,0.0,0.0,0.0,0.0,0.0,13.0,0.0,0.0,0.0,0.6666666666666666,0.0,0.0,0.0,1.0,3.0,2.7773627950641693,0.0,0.0,0.0,0.0,0.0,0.0,0.0,0.0,0.0,0.0,0.0,0.0,0.0
janficici.com,Phishing,mock_Mock_Data_01_08_2025.xlsx,13.0,0.0,0.07692307692307693,0.0,0.0,0.0,0.0,0.0,1.0,13.0,0.0,0.0,0.38461538461538464,0.6666666666666666,0.0,0.0,0.0,1.0,3.0,2.9689185639620974,0.0,0.0,0.0,0.0,0.0,0.0,0.0,0.0,0.0,0.0,0.0,0.0,0.0
cicbankfinance.com,Phishing,mock_Mock_Data_01_08_2025.xlsx,18.0,0.0,0.05555555555555555,0.0,0.0,0.0,0.0,0.0,0.0,18.0,0.0,0.0,0.0,0.6666666666666666,0.0,0.0,0.0,1.0,3.0,3.239097917988786,0.0,0.0,0.0,0.0,0.0,0.0,0.0,0.0,0.0,0.0,0.0,0.0,0.0
ww17.iviewnlbs.icicibamk.com,Phishing,mock_Mock_Data_01_08_2025.xlsx,28.0,0.07142857142857142,0.10714285714285714,0.0,0.0,0.0,0.0,2.0,1.0,13.0,0.0,0.0,0.38461538461538464,0.1111111111111111,0.0,0.0,0.0,1.0,3.0,3.7404155298816324,0.0,0.0,0.0,0.0,0.0,0.0,0.0,0.0,0.0,0.0,0.0,0.0,0.0
ww25.indtantforex.icicibamk.com,Phishing,mock_Mock_Data_01_08_2025.xlsx,31.0,0.06451612903225806,0.0967741935483871,0.0,0.0,0.0,0.0,2.0,1.0,13.0,0.0,0.0,0.38461538461538464,0.1111111111111111,0.0,0.0,0.0,1.0,3.0,4.0022680844408445,0.0,0.0,0.0,0.0,0.0,0.0,0.0,0.0,0.0,0.0,0.0,0.0,0.0
bentkkgntzww25.lead.icicibamk.com,Phishing,mock_Mock_Data_01_08_2025.xlsx,33.0,0.06060606060606061,0.09090909090909091,0.0,0.0,0.0,0.0,2.0,1.0,13.0,0.0,0.0,0.38461538461538464,0.1111111111111111,0.0,0.0,0.0,1.0,3.0,4.043801694853792,0.0,0.0,0.0,0.0,0.0,0.0,0.0,0.0,0.0,0.0,0.0,0.0,0.0
ww25.easypaycollect.icicibamk.com,Phishing,mock_Mock_Data_01_08_2025.xlsx,33.0,0.06060606060606061,0.09090909090909091,0.0,0.0,0.0,0.0,2.0,1.0,13.0,0.0,0.0,0.38461538461538464,0.1111111111111111,0.0,0.0,0.0,1.0,3.0,3.8966879684212654,0.0,0.0,0.0,0.0,0.0,0.0,0.0,0.0,0.0,0.0,0.0,0.0,0.0
ww38.ext.icicibnk.com,Phishing,mock_Mock_Data_01_08_2025.xlsx,21.0,0.09523809523809523,0.14285714285714285,0.0,0.0,0.0,0.0,2.0,1.0,12.0,0.0,0.0,0.4166666666666667,0.1111111111111111,0.0,0.0,0.0,1.0,3.0,3.617809684374455,0.0,0.0,0.0,0.0,0.0,0.0,0.0,0.0,0.0,0.0,0.0,0.0,0.0
icic-in.sbs,Phishing,mock_Mock_Data_01_08_2025.xlsx,11.0,0.0,0.09090909090909091,1.0,0.09090909090909091,0.0,0.0,0.0,0.0,11.0,0.0,1.0,0.0,0.2,0.0,0.0,0.0,0.0,3.0,2.663532754804255,0.0,0.0,0.0,0.0,0.0,0.0,0.0,0.0,0.0,0.0,0.0,0.0,0.0
www.bk-inc-1.xyz,Phishing,mock_Mock_Data_01_08_2025.xlsx,16.0,0.0625,0.125,2.0,0.125,0.0,0.0,1.0,0.0,12.0,0.0,1.0,0.0,0.5,0.0,0.0,0.0,0.0,3.0,3.452819531114783,0.0,0.0,0.0,0.0,0.0,0.0,0.0,0.0,0.0,0.0,0.0,0.0,0.0
bkinc1i.xyz,Phishing,mock_Mock_Data_01_08_2025.xlsx,11.0,0.09090909090909091,0.09090909090909091,0.0,0.0,0.0,0.0,0.0,0.0,11.0,0.0,1.0,0.0,1.0,0.0,0.0,0.0,0.0,3.0,3.277613436819116,0.0,0.0,0.0,0.0,0.0,0.0,0.0,0.0,0.0,0.0,0.0,0.0,0.0
brkinc1s.xyz,Phishing,mock_Mock_Data_01_08_2025.xlsx,12.0,0.08333333333333333,0.08333333333333333,0.0,0.0,0.0,0.0,0.0,0.0,12.0,0.0,1.0,0.0,1.0,0.0,0.0,0.0,0.0,3.0,3.584962500721156,0.0,0.0,0.0,0.0,0.0,0.0,0.0,0.0,0.0,0.0,0.0,0.0,0.0
icici-lms.gvmtechnologies.net,Phishing,mock_Mock_Data_01_08_2025.xlsx,29.0,0.0,0.06896551724137931,1.0,0.034482758620689655,0.0,0.0,1.0,2.0,19.0,1.0,0.0,0.2631578947368421,0.6,0.0,0.0,0.0,1.0,3.0,3.7024715122197462,0.0,0.0,0.0,0.0,0.0,0.0,0.0,0.0,0.0,0.0,0.0,0.0,0.0
icici-securitiesgo.vip,Phishing,mock_Mock_Data_01_08_2025.xlsx,22.0,0.0,0.045454545454545456,1.0,0.045454545454545456,0.0,0.0,0.0,1.0,22.0,0.0,0.0,0.22727272727272727,0.6,0.0,0.0,0.0,0.0,3.0,3.3564924137968233,0.0,0.0,0.0,0.0,0.0,0.0,0.0,0.0,0.0,0.0,0.0,0.0,0.0
13.232.20.241,Phishing,mock_Mock_Data_01_08_2025.xlsx,13.0,0.7692307692307693,0.23076923076923078,0.0,0.0,0.0,0.0,2.0,0.0,6.0,0.0,0.0,0.0,1.0,0.0,1.0,0.0,0.0,3.0,2.4116022179746714,0.0,0.0,0.0,0.0,0.0,0.0,0.0,0.0,0.0,0.0,0.0,0.0,0.0
indiapoinr.top,Phishing,mock_Mock_Data_01_08_2025.xlsx,14.0,0.0,0.07142857142857142,0.0,0.0,0.0,0.0,0.0,0.0,14.0,0.0,1.0,0.0,0.6666666666666666,0.0,0.0,0.0,0.0,3.0,3.039148671903071,0.0,0.0,0.0,0.0,0.0,0.0,0.0,0.0,0.0,0.0,0.0,0.0,0.0
icpoinr.top,Phishing,mock_Mock_Data_01_08_2025.xlsx,11.0,0.0,0.09090909090909091,0.0,0.0,0.0,0.0,0.0,0.0,11.0,0.0,1.0,0.0,0.6666666666666666,0.0,0.0,0.0,0.0,3.0,2.913977073182752,0.0,0.0,0.0,0.0,0.0,0.0,0.0,0.0,0.0,0.0,0.0,0.0,0.0
icic-in.icu,Phishing,mock_Mock_Data_01_08_2025.xlsx,11.0,0.0,0.09090909090909091,1.0,0.09090909090909091,0.0,0.0,0.0,0.0,11.0,0.0,1.0,0.0,0.2,0.0,0.0,0.0,0.0,3.0,2.2998963911678914,0.0,0.0,0.0,0.0,0.0,0.0,0.0,0.0,0.0,0.0,0.0,0.0,0.0
getyourgift.cfd,Phishing,mock_Mock_Data_01_08_2025.xlsx,15.0,0.0,0.06666666666666667,0.0,0.0,0.0,0.0,0.0,0.0,15.0,0.0,0.0,0.0,0.75,0.0,0.0,0.0,0.0,3.0,3.5068905956085183,0.0,0.0,0.0,0.0,0.0,0.0,0.0,0.0,0.0,0.0,0.0,0.0,0.0
iciciinsede.com,Phishing,mock_Mock_Data_01_08_2025.xlsx,15.0,0.0,0.06666666666666667,0.0,0.0,0.0,0.0,0.0,1.0,15.0,0.0,0.0,0.3333333333333333,0.6666666666666666,0.0,0.0,0.0,1.0,3.0,2.9232314287976204,0.0,0.0,0.0,0.0,0.0,0.0,0.0,0.0,0.0,0.0,0.0,0.0,0.0
visagemstonecreditcards.attoinfotech.com,Phishing,mock_Mock_Data_01_08_2025.xlsx,40.0,0.0,0.05,0.0,0.0,0.0,0.0,1.0,0.0,16.0,0.0,0.0,0.0,0.6666666666666666,0.0,0.0,0.0,1.0,3.0,3.8250705203641813,0.0,0.0,0.0,0.0,0.0,0.0,0.0,0.0,0.0,0.0,0.0,0.0,0.0
bkinc1y.xyz,Phishing,mock_Mock_Data_01_08_2025.xlsx,11.0,0.09090909090909091,0.09090909090909091,0.0,0.0,0.0,0.0,0.0,0.0,11.0,0.0,1.0,0.0,1.0,0.0,0.0,0.0,0.0,3.0,3.277613436819116,0.0,0.0,0.0,0.0,0.0,0.0,0.0,0.0,0.0,0.0,0.0,0.0,0.0
bkinc1conline.xyz,Phishing,mock_Mock_Data_01_08_2025.xlsx,17.0,0.058823529411764705,0.058823529411764705,0.0,0.0,0.0,0.0,0.0,0.0,17.0,0.0,1.0,0.0,1.0,0.0,0.0,0.0,0.0,3.0,3.572469458770136,0.0,0.0,0.0,0.0,0.0,0.0,0.0,0.0,0.0,0.0,0.0,0.0,0.0
inseebk1.xyz,Phishing,mock_Mock_Data_01_08_2025.xlsx,12.0,0.08333333333333333,0.08333333333333333,0.0,0.0,0.0,0.0,0.0,0.0,12.0,0.0,1.0,0.0,1.0,0.0,0.0,0.0,0.0,3.0,3.4182958340544896,0.0,0.0,0.0,0.0,0.0,0.0,0.0,0.0,0.0,0.0,0.0,0.0,0.0
inseebk.xyz,Phishing,mock_Mock_Data_01_08_2025.xlsx,11.0,0.0,0.09090909090909091,0.0,0.0,0.0,0.0,0.0,0.0,11.0,0.0,1.0,0.0,1.0,0.0,0.0,0.0,0.0,3.0,3.277613436819116,0.0,0.0,0.0,0.0,0.0,0.0,0.0,0.0,0.0,0.0,0.0,0.0,0.0
bkinseed1.xyz,Phishing,mock_Mock_Data_01_08_2025.xlsx,13.0,0.07692307692307693,0.07692307692307693,0.0,0.0,0.0,0.0,0.0,0.0,13.0,0.0,1.0,0.0,1.0,0.0,0.0,0.0,0.0,3.0,3.546593564294939,0.0,0.0,0.0,0.0,0.0,0.0,0.0,0.0,0.0,0.0,0.0,0.0,0.0
bkinseed.xyz,Phishing,mock_Mock_Data_01_08_2025.xlsx,12.0,0.0,0.08333333333333333,0.0,0.0,0.0,0.0,0.0,0.0,12.0,0.0,1.0,0.0,1.0,0.0,0.0,0.0,0.0,3.0,3.4182958340544896,0.0,0.0,0.0,0.0,0.0,0.0,0.0,0.0,0.0,0.0,0.0,0.0,0.0
iciciinseded.com,Phishing,mock_Mock_Data_01_08_2025.xlsx,16.0,0.0,0.0625,0.0,0.0,0.0,0.0,0.0,1.0,16.0,0.0,0.0,0.3125,0.6666666666666666,0.0,0.0,0.0,1.0,3.0,2.952819531114783,0.0,0.0,0.0,0.0,0.0,0.0,0.0,0.0,0.0,0.0,0.0,0.0,0.0
iciciinsedef.com,Phishing,mock_Mock_Data_01_08_2025.xlsx,16.0,0.0,0.0625,0.0,0.0,0.0,0.0,0.0,1.0,16.0,0.0,0.0,0.3125,0.6666666666666666,0.0,0.0,0.0,1.0,3.0,3.077819531114783,0.0,0.0,0.0,0.0,0.0,0.0,0.0,0.0,0.0,0.0,0.0,0.0,0.0
iciciinsedeb.com,Phishing,mock_Mock_Data_01_08_2025.xlsx,16.0,0.0,0.0625,0.0,0.0,0.0,0.0,0.0,1.0,16.0,0.0,0.0,0.3125,0.6666666666666666,0.0,0.0,0.0,1.0,3.0,3.077819531114783,0.0,0.0,0.0,0.0,0.0,0.0,0.0,0.0,0.0,0.0,0.0,0.0,0.0
iciciinsedes.com,Phishing,mock_Mock_Data_01_08_2025.xlsx,16.0,0.0,0.0625,0.0,0.0,0.0,0.0,0.0,1.0,16.0,0.0,0.0,0.3125,0.6666666666666666,0.0,0.0,0.0,1.0,3.0,2.952819531114783,0.0,0.0,0.0,0.0,0.0,0.0,0.0,0.0,0.0,0.0,0.0,0.0,0.0
iciciinsedee.com,Phishing,mock_Mock_Data_01_08_2025.xlsx,16.0,0.0,0.0625,0.0,0.0,0.0,0.0,0.0,1.0,16.0,0.0,0.0,0.3125,0.6666666666666666,0.0,0.0,0.0,1.0,3.0,2.9056390622295662,0.0,0.0,0.0,0.0,0.0,0.0,0.0,0.0,0.0,0.0,0.0,0.0,0.0
icici-securitiesit.vip,Phishing,mock_Mock_Data_01_08_2025.xlsx,22.0,0.0,0.045454545454545456,1.0,0.045454545454545456,0.0,0.0,0.0,1.0,22.0,0.0,0.0,0.22727272727272727,0.6,0.0,0.0,0.0,0.0,3.0,3.07732380242972,0.0,0.0,0.0,0.0,0.0,0.0,0.0,0.0,0.0,0.0,0.0,0.0,0.0
icici-securitiesup.vip,Phishing,mock_Mock_Data_01_08_2025.xlsx,22.0,0.0,0.045454545454545456,1.0,0.045454545454545456,0.0,0.0,0.0,1.0,22.0,0.0,0.0,0.22727272727272727,0.6,0.0,0.0,0.0,0.0,3.0,3.1746742319786425,0.0,0.0,0.0,0.0,0.0,0.0,0.0,0.0,0.0,0.0,0.0,0.0,0.0
icicistore.co.in,Phishing,mock_Mock_Data_01_08_2025.xlsx,16.0,0.0,0.125,0.0,0.0,0.0,0.0,1.0,2.0,5.0,1.0,0.0,1.0,99.0,0.0,0.0,0.0,0.0,2.0,2.952819531114783,0.0,0.0,0.0,0.0,0.0,0.0,0.0,0.0,0.0,0.0,0.0,0.0,0.0
icici-securitiesin.com,Phishing,mock_Mock_Data_01_08_2025.xlsx,22.0,0.0,0.045454545454545456,1.0,0.045454545454545456,0.0,0.0,0.0,1.0,22.0,0.0,0.0,0.22727272727272727,0.6,0.0,0.0,0.0,1.0,3.0,3.2089873002587996,0.0,0.0,0.0,0.0,0.0,0.0,0.0,0.0,0.0,0.0,0.0,0.0,0.0
icici-securitiesit.com,Phishing,mock_Mock_Data_01_08_2025.xlsx,22.0,0.0,0.045454545454545456,1.0,0.045454545454545456,0.0,0.0,0.0,1.0,22.0,0.0,0.0,0.22727272727272727,0.6,0.0,0.0,0.0,1.0,3.0,3.1180782093497084,0.0,0.0,0.0,0.0,0.0,0.0,0.0,0.0,0.0,0.0,0.0,0.0,0.0
icici-securitiesin.vip,Phishing,mock_Mock_Data_01_08_2025.xlsx,22.0,0.0,0.045454545454545456,1.0,0.045454545454545456,0.0,0.0,0.0,1.0,22.0,0.0,0.0,0.22727272727272727,0.6,0.0,0.0,0.0,0.0,3.0,3.1682328933388106,0.0,0.0,0.0,0.0,0.0,0.0,0.0,0.0,0.0,0.0,0.0,0.0,0.0
icicibanksite.web.app,Phishing,mock_Mock_Data_01_08_2025.xlsx,21.0,0.0,0.09523809523809523,0.0,0.0,0.0,0.0,1.0,2.0,7.0,1.0,0.0,0.7142857142857143,0.6666666666666666,0.0,0.0,0.0,0.0,3.0,3.4399364703978077,0.0,0.0,0.0,0.0,0.0,0.0,0.0,0.0,0.0,0.0,0.0,0.0,0.0
icicisecuritiesex.com,Phishing,mock_Mock_Data_01_08_2025.xlsx,21.0,0.0,0.047619047619047616,0.0,0.0,0.0,0.0,0.0,1.0,21.0,0.0,0.0,0.23809523809523808,0.6666666666666666,0.0,0.0,0.0,1.0,3.0,3.136863709607318,0.0,0.0,0.0,0.0,0.0,0.0,0.0,0.0,0.0,0.0,0.0,0.0,0.0
cardnetwork.in,Phishing,mock_Mock_Data_01_08_2025.xlsx,14.0,0.0,0.07142857142857142,0.0,0.0,0.0,0.0,0.0,0.0,14.0,0.0,0.0,0.0,99.0,0.0,0.0,0.0,0.0,2.0,3.521640636343319,0.0,0.0,0.0,0.0,0.0,0.0,0.0,0.0,0.0,0.0,0.0,0.0,0.0
icicisecuritiesin.com,Phishing,mock_Mock_Data_01_08_2025.xlsx,21.0,0.0,0.047619047619047616,0.0,0.0,0.0,0.0,0.0,1.0,21.0,0.0,0.0,0.23809523809523808,0.6666666666666666,0.0,0.0,0.0,1.0,3.0,3.0823281368584294,0.0,0.0,0.0,0.0,0.0,0.0,0.0,0.0,0.0,0.0,0.0,0.0,0.0
icicisecuritiesindia.com,Phishing,mock_Mock_Data_01_08_2025.xlsx,24.0,0.0,0.041666666666666664,0.0,0.0,0.0,0.0,0.0,1.0,24.0,0.0,0.0,0.20833333333333334,0.6666666666666666,0.0,0.0,0.0,1.0,3.0,3.266150648454355,0.0,0.0,0.0,0.0,0.0,0.0,0.0,0.0,0.0,0.0,0.0,0.0,0.0
managemycardicici.in,Phishing,mock_Mock_Data_01_08_2025.xlsx,20.0,0.0,0.05,0.0,0.0,0.0,0.0,0.0,1.0,20.0,0.0,0.0,0.25,99.0,0.0,0.0,0.0,0.0,2.0,3.2464393446710154,0.0,0.0,0.0,0.0,0.0,0.0,0.0,0.0,0.0,0.0,0.0,0.0,0.0
icicistorepoint.in,Phishing,mock_Mock_Data_01_08_2025.xlsx,18.0,0.0,0.05555555555555555,0.0,0.0,0.0,0.0,0.0,1.0,18.0,0.0,0.0,0.2777777777777778,99.0,0.0,0.0,0.0,0.0,2.0,3.080500530640267,0.0,0.0,0.0,0.0,0.0,0.0,0.0,0.0,0.0,0.0,0.0,0.0,0.0
icici-securities.vip,Phishing,mock_Mock_Data_01_08_2025.xlsx,20.0,0.0,0.05,1.0,0.05,0.0,0.0,0.0,1.0,20.0,0.0,0.0,0.25,0.6,0.0,0.0,0.0,0.0,3.0,3.108694969562842,0.0,0.0,0.0,0.0,0.0,0.0,0.0,0.0,0.0,0.0,0.0,0.0,0.0
icicservice.site,Phishing,mock_Mock_Data_01_08_2025.xlsx,16.0,0.0,0.0625,0.0,0.0,0.0,0.0,0.0,0.0,16.0,0.0,1.0,0.0,0.5,0.0,0.0,0.0,0.0,4.0,2.7806390622295662,0.0,0.0,0.0,0.0,0.0,0.0,0.0,0.0,0.0,0.0,0.0,0.0,0.0
rewardspointicicibank.com,Phishing,mock_Mock_Data_01_08_2025.xlsx,25.0,0.0,0.04,0.0,0.0,0.0,0.0,0.0,1.0,25.0,0.0,0.0,0.2,0.6666666666666666,0.0,0.0,0.0,1.0,3.0,3.8136606896881853,0.0,0.0,0.0,0.0,0.0,0.0,0.0,0.0,0.0,0.0,0.0,0.0,0.0
icicilombard2024.samaaro.com,Phishing,mock_Mock_Data_01_08_2025.xlsx,28.0,0.14285714285714285,0.07142857142857142,0.0,0.0,0.0,0.0,1.0,2.0,11.0,1.0,0.0,0.45454545454545453,0.6666666666666666,0.0,0.0,0.0,1.0,3.0,3.6280852788913944,0.0,0.0,0.0,0.0,0.0,0.0,0.0,0.0,0.0,0.0,0.0,0.0,0.0
shopscnw77.github.io,Phishing,mock_Mock_Data_01_08_2025.xlsx,20.0,0.1,0.1,0.0,0.0,0.0,0.0,1.0,0.0,9.0,0.0,0.0,0.0,99.0,0.0,0.0,0.0,0.0,2.0,3.721928094887362,0.0,0.0,0.0,0.0,0.0,0.0,0.0,0.0,0.0,0.0,0.0,0.0,0.0
icicilombard.nworx.app,Phishing,mock_Mock_Data_01_08_2025.xlsx,22.0,0.0,0.09090909090909091,0.0,0.0,0.0,0.0,1.0,2.0,9.0,1.0,0.0,0.5555555555555556,0.75,0.0,0.0,0.0,0.0,3.0,3.6978458230844122,0.0,0.0,0.0,0.0,0.0,0.0,0.0,0.0,0.0,0.0,0.0,0.0,0.0
icicloanservice.com,Phishing,mock_Mock_Data_01_08_2025.xlsx,19.0,0.0,0.05263157894736842,0.0,0.0,0.0,0.0,0.0,0.0,19.0,0.0,0.0,0.0,0.6666666666666666,0.0,0.0,0.0,1.0,3.0,3.366091329119192,0.0,0.0,0.0,0.0,0.0,0.0,0.0,0.0,0.0,0.0,0.0,0.0,0.0
redeemmyclaim.in,Phishing,mock_Mock_Data_01_08_2025.xlsx,16.0,0.0,0.0625,0.0,0.0,0.0,0.0,0.0,0.0,16.0,0.0,0.0,0.0,99.0,0.0,0.0,0.0,0.0,2.0,3.2806390622295662,0.0,0.0,0.0,0.0,0.0,0.0,0.0,0.0,0.0,0.0,0.0,0.0,0.0
icicibank-9020.zendesk.com,Phishing,mock_Mock_Data_01_08_2025.xlsx,26.0,0.15384615384615385,0.07692307692307693,1.0,0.038461538461538464,0.0,0.0,1.0,2.0,11.0,1.0,0.0,0.45454545454545453,0.6666666666666666,0.0,0.0,0.0,1.0,3.0,3.9500637564362093,0.0,0.0,0.0,0.0,0.0,0.0,0.0,0.0,0.0,0.0,0.0,0.0,0.0
rewardsmyclaim.in,Phishing,mock_Mock_Data_01_08_2025.xlsx,17.0,0.0,0.058823529411764705,0.0,0.0,0.0,0.0,0.0,0.0,17.0,0.0,0.0,0.0,99.0,0.0,0.0,0.0,0.0,2.0,3.6168746059562227,0.0,0.0,0.0,0.0,0.0,0.0,0.0,0.0,0.0,0.0,0.0,0.0,0.0
icicidirect.willjini.com,Phishing,mock_Mock_Data_01_08_2025.xlsx,24.0,0.0,0.08333333333333333,0.0,0.0,0.0,0.0,1.0,2.0,12.0,1.0,0.0,0.4166666666666667,0.6666666666666666,0.0,0.0,0.0,1.0,3.0,3.266150648454355,0.0,0.0,0.0,0.0,0.0,0.0,0.0,0.0,0.0,0.0,0.0,0.0,0.0
servicescard.online,Phishing,mock_Mock_Data_01_08_2025.xlsx,19.0,0.0,0.05263157894736842,0.0,0.0,0.0,0.0,0.0,0.0,19.0,0.0,1.0,0.0,0.3333333333333333,0.0,0.0,0.0,0.0,6.0,3.4713544870139286,0.0,0.0,0.0,0.0,0.0,0.0,0.0,0.0,0.0,0.0,0.0,0.0,0.0
cardprotections.info,Phishing,mock_Mock_Data_01_08_2025.xlsx,20.0,0.0,0.05,0.0,0.0,0.0,0.0,0.0,0.0,20.0,0.0,1.0,0.0,0.75,0.0,0.0,0.0,0.0,4.0,3.5841837197791886,0.0,0.0,0.0,0.0,0.0,0.0,0.0,0.0,0.0,0.0,0.0,0.0,0.0
redeemspoints.in,Phishing,mock_Mock_Data_01_08_2025.xlsx,16.0,0.0,0.0625,0.0,0.0,0.0,0.0,0.0,0.0,16.0,0.0,0.0,0.0,99.0,0.0,0.0,0.0,0.0,2.0,3.327819531114783,0.0,0.0,0.0,0.0,0.0,0.0,0.0,0.0,0.0,0.0,0.0,0.0,0.0
icici.mycardcare.in,Phishing,mock_Mock_Data_01_08_2025.xlsx,19.0,0.0,0.10526315789473684,0.0,0.0,0.0,0.0,1.0,2.0,13.0,1.0,0.0,0.38461538461538464,0.6,0.0,0.0,0.0,0.0,2.0,3.0900327766014795,0.0,0.0,0.0,0.0,0.0,0.0,0.0,0.0,0.0,0.0,0.0,0.0,0.0
cpservice.online,Phishing,mock_Mock_Data_01_08_2025.xlsx,16.0,0.0,0.0625,0.0,0.0,0.0,0.0,0.0,0.0,16.0,0.0,1.0,0.0,0.3333333333333333,0.0,0.0,0.0,0.0,6.0,3.327819531114783,0.0,0.0,0.0,0.0,0.0,0.0,0.0,0.0,0.0,0.0,0.0,0.0,0.0
icireward.com,Phishing,mock_Mock_Data_01_08_2025.xlsx,13.0,0.0,0.07692307692307693,0.0,0.0,0.0,0.0,0.0,0.0,13.0,0.0,0.0,0.0,0.6666666666666666,0.0,0.0,0.0,1.0,3.0,3.238901256602631,0.0,0.0,0.0,0.0,0.0,0.0,0.0,0.0,0.0,0.0,0.0,0.0,0.0
redeemsclaims.in,Phishing,mock_Mock_Data_01_08_2025.xlsx,16.0,0.0,0.0625,0.0,0.0,0.0,0.0,0.0,0.0,16.0,0.0,0.0,0.0,99.0,0.0,0.0,0.0,0.0,2.0,3.327819531114783,0.0,0.0,0.0,0.0,0.0,0.0,0.0,0.0,0.0,0.0,0.0,0.0,0.0
redeemclaims.in,Phishing,mock_Mock_Data_01_08_2025.xlsx,15.0,0.0,0.06666666666666667,0.0,0.0,0.0,0.0,0.0,0.0,15.0,0.0,0.0,0.0,99.0,0.0,0.0,0.0,0.0,2.0,3.323231428797621,0.0,0.0,0.0,0.0,0.0,0.0,0.0,0.0,0.0,0.0,0.0,0.0,0.0
rewardclaimapp.com,Phishing,mock_Mock_Data_01_08_2025.xlsx,18.0,0.0,0.05555555555555555,0.0,0.0,0.0,0.0,0.0,0.0,18.0,0.0,0.0,0.0,0.6666666666666666,0.0,0.0,0.0,1.0,3.0,3.4613201402110083,0.0,0.0,0.0,0.0,0.0,0.0,0.0,0.0,0.0,0.0,0.0,0.0,0.0
www.pysdru.com,Phishing,mock_Mock_Data_01_08_2025.xlsx,14.0,0.0,0.14285714285714285,0.0,0.0,0.0,0.0,1.0,0.0,10.0,0.0,0.0,0.0,0.6666666666666666,0.0,0.0,0.0,1.0,3.0,3.3248629576173565,0.0,0.0,0.0,0.0,0.0,0.0,0.0,0.0,0.0,0.0,0.0,0.0,0.0
mycardbenifit.in,Phishing,mock_Mock_Data_01_08_2025.xlsx,16.0,0.0,0.0625,0.0,0.0,0.0,0.0,0.0,0.0,16.0,0.0,0.0,0.0,99.0,0.0,0.0,0.0,0.0,2.0,3.577819531114783,0.0,0.0,0.0,0.0,0.0,0.0,0.0,0.0,0.0,0.0,0.0,0.0,0.0
cppcard.online,Phishing,mock_Mock_Data_01_08_2025.xlsx,14.0,0.0,0.07142857142857142,0.0,0.0,0.0,0.0,0.0,0.0,14.0,0.0,1.0,0.0,0.3333333333333333,0.0,0.0,0.0,0.0,6.0,3.378783493486176,0.0,0.0,0.0,0.0,0.0,0.0,0.0,0.0,0.0,0.0,0.0,0.0,0.0
icicirewardstore.com,Phishing,mock_Mock_Data_01_08_2025.xlsx,20.0,0.0,0.05,0.0,0.0,0.0,0.0,0.0,1.0,20.0,0.0,0.0,0.25,0.6666666666666666,0.0,0.0,0.0,1.0,3.0,3.4086949695628417,0.0,0.0,0.0,0.0,0.0,0.0,0.0,0.0,0.0,0.0,0.0,0.0,0.0
3e92692b-1692-43e1-a5a6-35313752fa49-00-wrefxn3i7fuk.pike.replit.dev,Phishing,mock_Mock_Data_01_08_2025.xlsx,68.0,0.4264705882352941,0.04411764705882353,6.0,0.08823529411764706,0.0,0.0,2.0,0.0,10.0,0.0,0.0,0.0,0.75,0.0,0.0,0.0,0.0,3.0,4.501969642307324,0.0,0.0,0.0,0.0,0.0,0.0,0.0,0.0,0.0,0.0,0.0,0.0,0.0
7ddccc4d-f6cb-4b23-ba8f-804627443bbf-00-3jlytvolrbk4u.pike.replit.dev,Phishing,mock_Mock_Data_01_08_2025.xlsx,69.0,0.2898550724637681,0.043478260869565216,6.0,0.08695652173913043,0.0,0.0,2.0,0.0,10.0,0.0,0.0,0.0,0.75,0.0,0.0,0.0,0.0,3.0,4.498978804228001,0.0,0.0,0.0,0.0,0.0,0.0,0.0,0.0,0.0,0.0,0.0,0.0,0.0
mycardsapp.in,Phishing,mock_Mock_Data_01_08_2025.xlsx,13.0,0.0,0.07692307692307693,0.0,0.0,0.0,0.0,0.0,0.0,13.0,0.0,0.0,0.0,99.0,0.0,0.0,0.0,0.0,2.0,3.392747410448785,0.0,0.0,0.0,0.0,0.0,0.0,0.0,0.0,0.0,0.0,0.0,0.0,0.0
icicirewardonline.com,Phishing,mock_Mock_Data_01_08_2025.xlsx,21.0,0.0,0.047619047619047616,0.0,0.0,0.0,0.0,0.0,1.0,21.0,0.0,0.0,0.23809523809523808,0.6666666666666666,0.0,0.0,0.0,1.0,3.0,3.403989446485261,0.0,0.0,0.0,0.0,0.0,0.0,0.0,0.0,0.0,0.0,0.0,0.0,0.0
www.krtdsr.com,Phishing,mock_Mock_Data_01_08_2025.xlsx,14.0,0.0,0.14285714285714285,0.0,0.0,0.0,0.0,1.0,0.0,10.0,0.0,0.0,0.0,0.6666666666666666,0.0,0.0,0.0,1.0,3.0,3.182005814760214,0.0,0.0,0.0,0.0,0.0,0.0,0.0,0.0,0.0,0.0,0.0,0.0,0.0
81a8e64d-58d2-4d79-aff3-19ac624b530b-00-1nhchjvgh7knk.sisko.replit.dev,Phishing,mock_Mock_Data_01_08_2025.xlsx,70.0,0.34285714285714286,0.04285714285714286,6.0,0.08571428571428572,0.0,0.0,2.0,0.0,10.0,0.0,0.0,0.0,0.75,0.0,0.0,0.0,0.0,3.0,4.8106578380335625,0.0,0.0,0.0,0.0,0.0,0.0,0.0,0.0,0.0,0.0,0.0,0.0,0.0
rewardicici.com,Phishing,mock_Mock_Data_01_08_2025.xlsx,15.0,0.0,0.06666666666666667,0.0,0.0,0.0,0.0,0.0,1.0,15.0,0.0,0.0,0.3333333333333333,0.6666666666666666,0.0,0.0,0.0,1.0,3.0,3.1395722619867223,0.0,0.0,0.0,0.0,0.0,0.0,0.0,0.0,0.0,0.0,0.0,0.0,0.0
applyonline-sarvise.online,Phishing,mock_Mock_Data_01_08_2025.xlsx,26.0,0.0,0.038461538461538464,1.0,0.038461538461538464,0.0,0.0,0.0,0.0,26.0,0.0,1.0,0.0,0.3333333333333333,0.0,0.0,0.0,0.0,6.0,3.5364142371222305,0.0,0.0,0.0,0.0,0.0,0.0,0.0,0.0,0.0,0.0,0.0,0.0,0.0
icicireward.com,Phishing,mock_Mock_Data_01_08_2025.xlsx,15.0,0.0,0.06666666666666667,0.0,0.0,0.0,0.0,0.0,1.0,15.0,0.0,0.0,0.3333333333333333,0.6666666666666666,0.0,0.0,0.0,1.0,3.0,3.1395722619867223,0.0,0.0,0.0,0.0,0.0,0.0,0.0,0.0,0.0,0.0,0.0,0.0,0.0
iciccbevk.shop,Phishing,mock_Mock_Data_01_08_2025.xlsx,14.0,0.0,0.07142857142857142,0.0,0.0,0.0,0.0,0.0,0.0,14.0,0.0,1.0,0.0,0.3333333333333333,0.0,0.0,0.0,0.0,4.0,3.3248629576173574,0.0,0.0,0.0,0.0,0.0,0.0,0.0,0.0,0.0,0.0,0.0,0.0,0.0
airtel8k.xyz,Suspected,mock_Mock_Data_01_08_2025.xlsx,12.0,0.08333333333333333,0.08333333333333333,0.0,0.0,0.0,0.0,0.0,1.0,12.0,0.0,1.0,0.5,0.3333333333333333,0.0,0.0,0.0,0.0,3.0,3.584962500721156,0.0,0.0,0.0,0.0,0.0,0.0,0.0,0.0,0.0,0.0,0.0,0.0,0.0
airtelconnect.in,Suspected,mock_Mock_Data_01_08_2025.xlsx,16.0,0.0,0.0625,0.0,0.0,0.0,0.0,0.0,1.0,16.0,0.0,0.0,0.375,99.0,0.0,0.0,0.0,0.0,2.0,3.202819531114783,0.0,0.0,0.0,0.0,0.0,0.0,0.0,0.0,0.0,0.0,0.0,0.0,0.0
hrteam@airtelcareer.in,Phishing,mock_Mock_Data_03_09_2025.xlsx,22.0,0.0,0.045454545454545456,0.0,0.0,1.0,0.045454545454545456,0.0,1.0,22.0,0.0,0.0,0.2727272727272727,99.0,0.0,0.0,0.0,0.0,2.0,3.3342094594480485,0.0,0.0,0.0,0.0,0.0,0.0,0.0,0.0,0.0,0.0,0.0,0.0,0.0
no-reply@ezweb.ne.jp,Phishing,mock_Mock_Data_03_09_2025.xlsx,20.0,0.0,0.1,1.0,0.05,1.0,0.05,1.0,0.0,5.0,0.0,0.0,0.0,99.0,0.0,0.0,0.0,0.0,2.0,3.621928094887362,0.0,0.0,0.0,0.0,0.0,0.0,0.0,0.0,0.0,0.0,0.0,0.0,0.0
jaimemartin@eprosima.com,Phishing,mock_Mock_Data_03_09_2025.xlsx,24.0,0.0,0.041666666666666664,0.0,0.0,1.0,0.041666666666666664,0.0,0.0,24.0,0.0,0.0,0.0,0.6666666666666666,0.0,0.0,0.0,1.0,3.0,3.605388542207534,0.0,0.0,0.0,0.0,0.0,0.0,0.0,0.0,0.0,0.0,0.0,0.0,0.0
hr_general_announcement_kftb4tsvoqznmgs=mgomez@intelnt.com,Phishing,mock_Mock_Data_03_09_2025.xlsx,58.0,0.017241379310344827,0.017241379310344827,0.0,0.0,5.0,0.08620689655172414,0.0,0.0,58.0,0.0,0.0,0.0,0.6666666666666666,0.0,0.0,0.0,1.0,3.0,4.267656323446065,0.0,0.0,0.0,0.0,0.0,0.0,0.0,0.0,0.0,0.0,0.0,0.0,0.0
noreply@elatihsupport.hrdcorp.gov.my,Phishing,mock_Mock_Data_03_09_2025.xlsx,36.0,0.0,0.08333333333333333,0.0,0.0,1.0,0.027777777777777776,2.0,0.0,6.0,0.0,0.0,0.0,0.5,0.0,0.0,0.0,0.0,2.0,4.093400348604438,0.0,0.0,0.0,0.0,0.0,0.0,1.0,0.0,0.0,0.0,0.0,0.0,0.0
mateo.alandia@presidencia.gob.bo,Phishing,mock_Mock_Data_03_09_2025.xlsx,32.0,0.0,0.09375,0.0,0.0,1.0,0.03125,2.0,0.0,6.0,0.0,0.0,0.0,0.3333333333333333,0.0,0.0,0.0,0.0,2.0,3.8553377974034158,0.0,0.0,0.0,0.0,0.0,0.0,0.0,0.0,0.0,0.0,0.0,0.0,0.0
joliver@ofgpr.com,Phishing,mock_Mock_Data_03_09_2025.xlsx,17.0,0.0,0.058823529411764705,0.0,0.0,1.0,0.058823529411764705,0.0,0.0,17.0,0.0,0.0,0.0,0.6666666666666666,0.0,0.0,0.0,1.0,3.0,3.6901165175936654,0.0,0.0,0.0,0.0,0.0,0.0,0.0,0.0,0.0,0.0,0.0,0.0,0.0
ghendry1@wbhsi.net,Phishing,mock_Mock_Data_03_09_2025.xlsx,18.0,0.05555555555555555,0.05555555555555555,0.0,0.0,1.0,0.05555555555555555,0.0,0.0,18.0,0.0,0.0,0.0,0.6666666666666666,0.0,0.0,0.0,1.0,3.0,3.8365916681089787,0.0,0.0,0.0,0.0,0.0,0.0,0.0,0.0,0.0,0.0,0.0,0.0,0.0
billing@kh1-solutions.net,Phishing,mock_Mock_Data_03_09_2025.xlsx,25.0,0.04,0.04,1.0,0.04,1.0,0.04,0.0,0.0,25.0,0.0,0.0,0.0,0.6666666666666666,0.0,0.0,0.0,1.0,3.0,3.8332696895151073,0.0,0.0,0.0,0.0,0.0,0.0,0.0,0.0,0.0,0.0,0.0,0.0,0.0
ricardo@timcoconstructioninc.com,Phishing,mock_Mock_Data_03_09_2025.xlsx,32.0,0.0,0.03125,0.0,0.0,1.0,0.03125,0.0,0.0,32.0,0.0,0.0,0.0,0.6666666666666666,0.0,0.0,0.0,1.0,3.0,3.3942475629608078,0.0,0.0,0.0,0.0,0.0,0.0,0.0,0.0,0.0,0.0,0.0,0.0,0.0
copterdrummer@virginmedia.com,Phishing,mock_Mock_Data_03_09_2025.xlsx,29.0,0.0,0.034482758620689655,0.0,0.0,1.0,0.034482758620689655,0.0,0.0,29.0,0.0,0.0,0.0,0.6666666666666666,0.0,0.0,0.0,1.0,3.0,3.771437029461126,0.0,0.0,0.0,0.0,0.0,0.0,0.0,0.0,0.0,0.0,0.0,0.0,0.0
police.com.in.gov33@officereportcrime.org,Phishing,mock_Mock_Data_03_09_2025.xlsx,41.0,0.04878048780487805,0.0975609756097561,0.0,0.0,1.0,0.024390243902439025,3.0,0.0,27.0,0.0,0.0,0.0,0.6666666666666666,0.0,0.0,0.0,1.0,3.0,3.759752614268647,0.0,0.0,0.0,0.0,0.0,0.0,0.0,0.0,0.0,0.0,0.0,0.0,0.0
jade-kuester81@carpetcleaningbirmingham.biz,Phishing,mock_Mock_Data_03_09_2025.xlsx,43.0,0.046511627906976744,0.023255813953488372,1.0,0.023255813953488372,1.0,0.023255813953488372,0.0,0.0,43.0,0.0,0.0,0.0,0.6666666666666666,0.0,0.0,0.0,0.0,3.0,4.330464394730848,0.0,0.0,0.0,0.0,0.0,0.0,0.0,0.0,0.0,0.0,0.0,0.0,0.0
mrityunjoy.sarkar@peregrine-security.com,Phishing,mock_Mock_Data_03_09_2025.xlsx,40.0,0.0,0.05,1.0,0.025,1.0,0.025,1.0,0.0,29.0,0.0,0.0,0.0,0.6666666666666666,0.0,0.0,0.0,1.0,3.0,4.046439344671015,0.0,0.0,0.0,0.0,0.0,0.0,0.0,0.0,0.0,0.0,1.0,0.0,0.0
j27558472@gmail.com,Phishing,mock_Mock_Data_03_09_2025.xlsx,19.0,0.42105263157894735,0.05263157894736842,0.0,0.0,1.0,0.05263157894736842,0.0,0.0,19.0,0.0,0.0,0.0,0.6666666666666666,0.0,0.0,0.0,1.0,3.0,3.826874881864637,0.0,0.0,0.0,0.0,0.0,0.0,0.0,0.0,0.0,0.0,0.0,0.0,0.0
sandrakate10033@gmail.com,Phishing,mock_Mock_Data_03_09_2025.xlsx,25.0,0.2,0.04,0.0,0.0,1.0,0.04,0.0,0.0,25.0,0.0,0.0,0.0,0.6666666666666666,0.0,0.0,0.0,1.0,3.0,4.083856189774723,0.0,0.0,0.0,0.0,0.0,0.0,0.0,0.0,0.0,0.0,0.0,0.0,0.0
www.facebook.com,Phishing,mock_Mock_Data_03_09_2025.xlsx,16.0,0.0,0.125,0.0,0.0,0.0,0.0,1.0,0.0,12.0,0.0,0.0,0.0,0.6666666666666666,0.0,0.0,0.0,1.0,3.0,3.1556390622295662,0.0,0.0,0.0,0.0,0.0,0.0,0.0,0.0,0.0,0.0,0.0,0.0,0.0
x.com,Phishing,mock_Mock_Data_03_09_2025.xlsx,5.0,0.0,0.2,0.0,0.0,0.0,0.0,0.0,0.0,5.0,0.0,0.0,0.0,0.6666666666666666,0.0,0.0,0.0,1.0,3.0,2.321928094887362,0.0,0.0,0.0,0.0,0.0,0.0,0.0,0.0,0.0,0.0,0.0,0.0,0.0
t.me,Phishing,mock_Mock_Data_03_09_2025.xlsx,4.0,0.0,0.25,0.0,0.0,0.0,0.0,0.0,0.0,4.0,0.0,0.0,0.0,99.0,0.0,0.0,0.0,0.0,2.0,2.0,0.0,0.0,0.0,0.0,0.0,0.0,0.0,0.0,0.0,0.0,0.0,0.0,0.0
www.instagram.com,Phishing,mock_Mock_Data_03_09_2025.xlsx,17.0,0.0,0.11764705882352941,0.0,0.0,0.0,0.0,1.0,0.0,13.0,0.0,0.0,0.0,0.6666666666666666,0.0,0.0,0.0,1.0,3.0,3.4548223999466066,0.0,0.0,0.0,0.0,0.0,0.0,0.0,0.0,0.0,0.0,0.0,0.0,0.0
apkrabi.com,Phishing,mock_Mock_Data_03_09_2025.xlsx,11.0,0.0,0.09090909090909091,0.0,0.0,0.0,0.0,0.0,0.0,11.0,0.0,0.0,0.0,0.6666666666666666,0.0,0.0,0.0,1.0,3.0,3.277613436819116,0.0,0.0,0.0,0.0,0.0,0.0,0.0,0.0,0.0,0.0,0.0,0.0,0.0
d6fe0c069739d00222f181d0889b613a.serveo.net,Suspected,mock_Mock_Data_03_09_2025.xlsx,43.0,0.5348837209302325,0.046511627906976744,0.0,0.0,0.0,0.0,1.0,0.0,10.0,0.0,0.0,0.0,0.6666666666666666,0.0,0.0,1.0,1.0,3.0,4.167219045692385,0.0,0.0,0.0,0.0,0.0,0.0,0.0,0.0,0.0,0.0,0.0,0.0,0.0
b8f277738070d157a98d353037639c04.serveo.net,Suspected,mock_Mock_Data_03_09_2025.xlsx,43.0,0.6046511627906976,0.046511627906976744,0.0,0.0,0.0,0.0,1.0,0.0,10.0,0.0,0.0,0.0,0.6666666666666666,0.0,0.0,1.0,1.0,3.0,4.20233009230464,0.0,0.0,0.0,0.0,0.0,0.0,0.0,0.0,0.0,0.0,0.0,0.0,0.0
6c420d4c1db95737fab2efc94a340afd.serveo.net,Suspected,mock_Mock_Data_03_09_2025.xlsx,43.0,0.3953488372093023,0.046511627906976744,0.0,0.0,0.0,0.0,1.0,0.0,10.0,0.0,0.0,0.0,0.6666666666666666,0.0,0.0,0.0,1.0,3.0,4.286275219617124,0.0,0.0,0.0,0.0,0.0,0.0,0.0,0.0,0.0,0.0,0.0,0.0,0.0
dc.crsorgi.gov.in.crs.vlewcert.info,Suspected,mock_Mock_Data_03_09_2025.xlsx,35.0,0.0,0.17142857142857143,0.0,0.0,0.0,0.0,5.0,2.0,13.0,1.0,1.0,0.5384615384615384,0.5,0.0,0.0,0.0,0.0,4.0,3.6715815881262834,0.0,0.0,0.0,0.0,0.0,0.0,0.0,0.0,0.0,0.0,0.0,0.0,0.0
dc.crsorgi.gov.in.web.verfy.in,Suspected,mock_Mock_Data_03_09_2025.xlsx,30.0,0.0,0.2,0.0,0.0,0.0,0.0,5.0,2.0,8.0,1.0,0.0,0.875,0.5,0.0,0.0,0.0,0.0,2.0,3.6729055953200556,0.0,0.0,0.0,0.0,0.0,0.0,0.0,0.0,0.0,0.0,0.0,0.0,0.0
bestportal.solutions,Phishing,mock_Mock_Data_03_09_2025.xlsx,20.0,0.0,0.05,0.0,0.0,0.0,0.0,0.0,0.0,20.0,0.0,0.0,0.0,99.0,0.0,0.0,0.0,0.0,9.0,3.508694969562842,0.0,0.0,0.0,0.0,0.0,0.0,0.0,0.0,0.0,0.0,0.0,0.0,0.0
www.dc.crsorgi.web.index.govien.shop,Suspected,mock_Mock_Data_03_09_2025.xlsx,36.0,0.0,0.16666666666666666,0.0,0.0,0.0,0.0,5.0,2.0,11.0,1.0,1.0,0.6363636363636364,0.3333333333333333,0.0,0.0,0.0,0.0,4.0,3.7873017372529407,0.0,0.0,0.0,0.0,0.0,0.0,0.0,0.0,0.0,0.0,0.0,0.0,0.0
www.d.ve-vr.xyz,Suspected,mock_Mock_Data_03_09_2025.xlsx,15.0,0.0,0.2,1.0,0.06666666666666667,0.0,0.0,2.0,0.0,9.0,0.0,1.0,0.0,1.0,0.0,0.0,0.0,0.0,3.0,3.1395722619867223,0.0,0.0,0.0,0.0,0.0,0.0,0.0,0.0,0.0,0.0,0.0,0.0,0.0
www.dc.crsorgi.gov.in.verfi.co.in,Suspected,mock_Mock_Data_03_09_2025.xlsx,33.0,0.0,0.21212121212121213,0.0,0.0,0.0,0.0,6.0,2.0,5.0,1.0,0.0,1.4,0.5,0.0,0.0,0.0,0.0,2.0,3.448302165932481,0.0,0.0,0.0,0.0,0.0,0.0,0.0,0.0,0.0,0.0,0.0,0.0,0.0
cashkhelo.xyz,Phishing,mock_Mock_Data_03_09_2025.xlsx,13.0,0.0,0.07692307692307693,0.0,0.0,0.0,0.0,0.0,0.0,13.0,0.0,1.0,0.0,1.0,0.0,0.0,0.0,0.0,3.0,3.546593564294939,0.0,0.0,0.0,0.0,0.0,0.0,0.0,0.0,0.0,0.0,0.0,0.0,0.0
sbi-front.vercel.app,Suspected,mock_Mock_Data_04_08_2025.xlsx,20.0,0.0,0.1,1.0,0.05,0.0,0.0,1.0,2.0,10.0,1.0,0.0,0.3,0.5,0.0,0.0,0.0,0.0,3.0,3.9219280948873623,0.0,0.0,0.0,0.0,0.0,0.0,0.0,0.0,0.0,0.0,0.0,0.0,0.0
sbi-site.vercel.app,Suspected,mock_Mock_Data_04_08_2025.xlsx,19.0,0.0,0.10526315789473684,1.0,0.05263157894736842,0.0,0.0,1.0,2.0,10.0,1.0,0.0,0.3,0.5,0.0,0.0,0.0,0.0,3.0,3.5766176449086653,0.0,0.0,0.0,0.0,0.0,0.0,0.0,0.0,0.0,0.0,0.0,0.0,0.0
hdfc-beige.vercel.app,Suspected,mock_Mock_Data_04_08_2025.xlsx,21.0,0.0,0.09523809523809523,1.0,0.047619047619047616,0.0,0.0,1.0,2.0,10.0,1.0,0.0,0.4,0.5,0.0,0.0,0.0,0.0,3.0,3.725650756112093,0.0,0.0,0.0,0.0,0.0,0.0,0.0,0.0,0.0,0.0,0.0,0.0,0.0
sbi-yono.pages.dev,Suspected,mock_Mock_Data_04_08_2025.xlsx,18.0,0.0,0.1111111111111111,1.0,0.05555555555555555,0.0,0.0,1.0,2.0,9.0,1.0,0.0,0.3333333333333333,0.75,0.0,0.0,0.0,0.0,3.0,3.7254805569978675,0.0,0.0,0.0,0.0,0.0,0.0,0.0,0.0,0.0,0.0,0.0,0.0,0.0
sbicreditcard4.pages.dev,Suspected,mock_Mock_Data_04_08_2025.xlsx,24.0,0.041666666666666664,0.08333333333333333,0.0,0.0,0.0,0.0,1.0,2.0,9.0,1.0,0.0,0.3333333333333333,0.75,0.0,0.0,0.0,0.0,3.0,3.688721875540867,0.0,0.0,0.0,0.0,0.0,0.0,0.0,0.0,0.0,0.0,0.0,0.0,0.0
sbicreditcard6.pages.dev,Suspected,mock_Mock_Data_04_08_2025.xlsx,24.0,0.041666666666666664,0.08333333333333333,0.0,0.0,0.0,0.0,1.0,2.0,9.0,1.0,0.0,0.3333333333333333,0.75,0.0,0.0,0.0,0.0,3.0,3.6887218755408675,0.0,0.0,0.0,0.0,0.0,0.0,0.0,0.0,0.0,0.0,0.0,0.0,0.0
hdfc.pages.dev,Suspected,mock_Mock_Data_04_08_2025.xlsx,14.0,0.0,0.14285714285714285,0.0,0.0,0.0,0.0,1.0,2.0,9.0,1.0,0.0,0.4444444444444444,0.75,0.0,0.0,0.0,0.0,3.0,3.378783493486176,0.0,0.0,0.0,0.0,0.0,0.0,0.0,0.0,0.0,0.0,0.0,0.0,0.0
hdfcbank.pages.dev,Suspected,mock_Mock_Data_04_08_2025.xlsx,18.0,0.0,0.1111111111111111,0.0,0.0,0.0,0.0,1.0,2.0,9.0,1.0,0.0,0.4444444444444444,0.75,0.0,0.0,0.0,0.0,3.0,3.7254805569978675,0.0,0.0,0.0,0.0,0.0,0.0,0.0,0.0,0.0,0.0,0.0,0.0,0.0
hdfcbankregalia.pages.dev,Suspected,mock_Mock_Data_04_08_2025.xlsx,25.0,0.0,0.08,0.0,0.0,0.0,0.0,1.0,2.0,9.0,1.0,0.0,0.4444444444444444,0.75,0.0,0.0,0.0,0.0,3.0,3.893660689688185,0.0,0.0,0.0,0.0,0.0,0.0,0.0,0.0,0.0,0.0,0.0,0.0,0.0
hdfrewards.pages.dev,Suspected,mock_Mock_Data_04_08_2025.xlsx,20.0,0.0,0.1,0.0,0.0,0.0,0.0,1.0,0.0,9.0,0.0,0.0,0.0,0.75,0.0,0.0,0.0,0.0,3.0,3.4464393446710155,0.0,0.0,0.0,0.0,0.0,0.0,0.0,0.0,0.0,0.0,0.0,0.0,0.0
rewardshdfc.pages.dev,Suspected,mock_Mock_Data_04_08_2025.xlsx,21.0,0.0,0.09523809523809523,0.0,0.0,0.0,0.0,1.0,2.0,9.0,1.0,0.0,0.4444444444444444,0.75,0.0,0.0,0.0,0.0,3.0,3.558518613048906,0.0,0.0,0.0,0.0,0.0,0.0,0.0,0.0,0.0,0.0,0.0,0.0,0.0
online-hdfc-card.pages.dev,Suspected,mock_Mock_Data_04_08_2025.xlsx,26.0,0.0,0.07692307692307693,2.0,0.07692307692307693,0.0,0.0,1.0,2.0,9.0,1.0,0.0,0.4444444444444444,0.3333333333333333,0.0,0.0,0.0,0.0,3.0,3.9500637564362093,0.0,0.0,0.0,0.0,0.0,0.0,0.0,0.0,0.0,0.0,0.0,0.0,0.0
online-hdfckyc.pages.dev,Suspected,mock_Mock_Data_04_08_2025.xlsx,24.0,0.0,0.08333333333333333,1.0,0.041666666666666664,0.0,0.0,1.0,2.0,9.0,1.0,0.0,0.4444444444444444,0.3333333333333333,0.0,0.0,0.0,0.0,3.0,4.053508854797679,0.0,0.0,0.0,0.0,0.0,0.0,0.0,0.0,0.0,0.0,0.0,0.0,0.0
rewardshdfcapk.pages.dev,Suspected,mock_Mock_Data_04_08_2025.xlsx,24.0,0.0,0.08333333333333333,0.0,0.0,0.0,0.0,1.0,2.0,9.0,1.0,0.0,0.4444444444444444,0.75,0.0,0.0,0.0,0.0,3.0,3.6572682296173897,0.0,0.0,0.0,0.0,0.0,0.0,0.0,0.0,0.0,0.0,0.0,0.0,0.0
cicici.pages.dev,Suspected,mock_Mock_Data_04_08_2025.xlsx,16.0,0.0,0.125,0.0,0.0,0.0,0.0,1.0,2.0,9.0,1.0,0.0,0.5555555555555556,0.2,0.0,0.0,0.0,0.0,3.0,3.1556390622295662,0.0,0.0,0.0,0.0,0.0,0.0,0.0,0.0,0.0,0.0,0.0,0.0,0.0
icicibank-netbanking.pages.dev,Suspected,mock_Mock_Data_04_08_2025.xlsx,30.0,0.0,0.06666666666666667,1.0,0.03333333333333333,0.0,0.0,1.0,2.0,9.0,1.0,0.0,0.5555555555555556,0.75,0.0,0.0,0.0,0.0,3.0,3.7232314287976203,0.0,0.0,0.0,0.0,0.0,0.0,0.0,1.0,0.0,0.0,0.0,0.0,0.0
icicilombard.pages.dev,Suspected,mock_Mock_Data_04_08_2025.xlsx,22.0,0.0,0.09090909090909091,0.0,0.0,0.0,0.0,1.0,2.0,9.0,1.0,0.0,0.5555555555555556,0.75,0.0,0.0,0.0,0.0,3.0,3.7887549139935026,0.0,0.0,0.0,0.0,0.0,0.0,0.0,0.0,0.0,0.0,0.0,0.0,0.0
online-icici-net.pages.dev,Suspected,mock_Mock_Data_04_08_2025.xlsx,26.0,0.0,0.07692307692307693,2.0,0.07692307692307693,0.0,0.0,1.0,2.0,9.0,1.0,0.0,0.5555555555555556,0.3333333333333333,0.0,0.0,0.0,0.0,3.0,3.6714055834424966,0.0,0.0,0.0,0.0,0.0,0.0,0.0,0.0,0.0,0.0,0.0,0.0,0.0
online-icicikyc.pages.dev,Suspected,mock_Mock_Data_04_08_2025.xlsx,25.0,0.0,0.08,1.0,0.04,0.0,0.0,1.0,2.0,9.0,1.0,0.0,0.5555555555555556,0.3333333333333333,0.0,0.0,0.0,0.0,3.0,3.783465189601646,0.0,0.0,0.0,0.0,0.0,0.0,0.0,0.0,0.0,0.0,0.0,0.0,0.0
onlinicicikyc.pages.dev,Suspected,mock_Mock_Data_04_08_2025.xlsx,23.0,0.0,0.08695652173913043,0.0,0.0,0.0,0.0,1.0,2.0,9.0,1.0,0.0,0.3333333333333333,0.75,0.0,0.0,0.0,0.0,3.0,3.708132064658602,0.0,0.0,0.0,0.0,0.0,0.0,0.0,0.0,0.0,0.0,0.0,0.0,0.0
bobfinancials.in,Phishing,mock_Mock_Data_04_08_2025.xlsx,16.0,0.0,0.0625,0.0,0.0,0.0,0.0,0.0,1.0,16.0,0.0,0.0,0.1875,99.0,0.0,0.0,0.0,0.0,2.0,3.1556390622295662,0.0,0.0,0.0,0.0,0.0,0.0,0.0,0.0,0.0,0.0,0.0,0.0,0.0
ww16.bankofbarodashare.life,Phishing,mock_Mock_Data_04_08_2025.xlsx,27.0,0.07407407407407407,0.07407407407407407,0.0,0.0,0.0,0.0,1.0,1.0,22.0,0.0,0.0,0.5454545454545454,0.75,0.0,0.0,0.0,0.0,4.0,3.940072687348655,0.0,0.0,0.0,0.0,0.0,0.0,0.0,0.0,0.0,0.0,0.0,0.0,0.0
bobcrd.online,Phishing,mock_Mock_Data_04_08_2025.xlsx,13.0,0.0,0.07692307692307693,0.0,0.0,0.0,0.0,0.0,1.0,13.0,0.0,1.0,0.23076923076923078,0.3333333333333333,0.0,0.0,0.0,0.0,6.0,3.238901256602631,0.0,0.0,0.0,0.0,0.0,0.0,0.0,0.0,0.0,0.0,0.0,0.0,0.0
bankofbaroda.prod.paymentstogo.net,Phishing,mock_Mock_Data_04_08_2025.xlsx,34.0,0.0,0.08823529411764706,0.0,0.0,0.0,0.0,2.0,2.0,16.0,1.0,0.0,0.75,0.6666666666666666,0.0,0.0,0.0,1.0,3.0,3.7970421653407156,0.0,0.0,0.0,0.0,0.0,0.0,0.0,0.0,0.0,0.0,0.0,0.0,0.0
bankofbaroda.shop,Phishing,mock_Mock_Data_04_08_2025.xlsx,17.0,0.0,0.058823529411764705,0.0,0.0,0.0,0.0,0.0,1.0,17.0,0.0,1.0,0.7058823529411765,1.0,0.0,0.0,0.0,0.0,4.0,3.41041725276052,0.0,0.0,0.0,0.0,0.0,0.0,0.0,0.0,0.0,0.0,0.0,0.0,0.0
bankofbaroda-gs.uat.paymentstogo.net,Phishing,mock_Mock_Data_04_08_2025.xlsx,36.0,0.0,0.08333333333333333,1.0,0.027777777777777776,0.0,0.0,2.0,2.0,16.0,1.0,0.0,0.75,0.6,0.0,0.0,0.0,1.0,3.0,3.9166079048099847,0.0,0.0,0.0,0.0,0.0,0.0,0.0,0.0,0.0,0.0,0.0,0.0,0.0
bankofbaroda.uat.paymentstogo.net,Phishing,mock_Mock_Data_04_08_2025.xlsx,33.0,0.0,0.09090909090909091,0.0,0.0,0.0,0.0,2.0,2.0,16.0,1.0,0.0,0.75,0.6,0.0,0.0,0.0,1.0,3.0,3.7983512260625822,0.0,0.0,0.0,0.0,0.0,0.0,0.0,0.0,0.0,0.0,0.0,0.0,0.0
www.wildcard.bankofbarodauae.org,Phishing,mock_Mock_Data_04_08_2025.xlsx,32.0,0.0,0.09375,0.0,0.0,0.0,0.0,2.0,1.0,19.0,0.0,0.0,0.631578947368421,0.25,0.0,0.0,0.0,1.0,3.0,3.7303377974034158,0.0,0.0,0.0,0.0,0.0,0.0,0.0,0.0,0.0,0.0,0.0,0.0,0.0
bankofbaroda.carrer.com,Phishing,mock_Mock_Data_04_08_2025.xlsx,23.0,0.0,0.08695652173913043,0.0,0.0,0.0,0.0,1.0,2.0,10.0,1.0,0.0,1.2,0.6666666666666666,0.0,0.0,0.0,1.0,3.0,3.3603059777020796,0.0,0.0,0.0,0.0,0.0,0.0,0.0,0.0,0.0,0.0,0.0,0.0,0.0
banikofbaroda.com,Phishing,mock_Mock_Data_05_08_2025.xlsx,17.0,0.0,0.058823529411764705,0.0,0.0,0.0,0.0,0.0,0.0,17.0,0.0,0.0,0.0,0.08333333333333333,0.0,0.0,0.0,1.0,3.0,3.41041725276052,0.0,0.0,0.0,0.0,0.0,0.0,0.0,0.0,0.0,0.0,0.0,0.0,0.0
bobb.com.cn,Phishing,mock_Mock_Data_07_08_2025.xlsx,11.0,0.0,0.18181818181818182,0.0,0.0,0.0,0.0,1.0,2.0,6.0,1.0,1.0,0.5,0.3333333333333333,0.0,0.0,0.0,0.0,2.0,2.481714572986073,0.0,0.0,0.0,0.0,0.0,0.0,0.0,0.0,0.0,0.0,0.0,0.0,0.0
bobank.org,Phishing,mock_Mock_Data_07_08_2025.xlsx,10.0,0.0,0.1,0.0,0.0,0.0,0.0,0.0,1.0,10.0,0.0,0.0,0.3,0.75,0.0,0.0,0.0,1.0,3.0,2.9219280948873623,0.0,0.0,0.0,0.0,0.0,0.0,0.0,0.0,0.0,0.0,0.0,0.0,0.0
bobank.cn,Phishing,mock_Mock_Data_07_08_2025.xlsx,9.0,0.0,0.1111111111111111,0.0,0.0,0.0,0.0,0.0,1.0,9.0,0.0,1.0,0.3333333333333333,1.0,0.0,0.0,0.0,0.0,2.0,2.725480556997868,0.0,0.0,0.0,0.0,0.0,0.0,0.0,0.0,0.0,0.0,0.0,0.0,0.0
bobank.com,Phishing,mock_Mock_Data_07_08_2025.xlsx,10.0,0.0,0.1,0.0,0.0,0.0,0.0,0.0,1.0,10.0,0.0,0.0,0.3,0.6666666666666666,0.0,0.0,0.0,1.0,3.0,2.9219280948873623,0.0,0.0,0.0,0.0,0.0,0.0,0.0,0.0,0.0,0.0,0.0,0.0,0.0
bobank.net,Phishing,mock_Mock_Data_07_08_2025.xlsx,10.0,0.0,0.1,0.0,0.0,0.0,0.0,0.0,1.0,10.0,0.0,0.0,0.3,0.6666666666666666,0.0,0.0,0.0,1.0,3.0,2.9219280948873623,0.0,0.0,0.0,0.0,0.0,0.0,0.0,0.0,0.0,0.0,0.0,0.0,0.0
bobank.de,Phishing,mock_Mock_Data_07_08_2025.xlsx,9.0,0.0,0.1111111111111111,0.0,0.0,0.0,0.0,0.0,1.0,9.0,0.0,0.0,0.3333333333333333,1.0,0.0,0.0,0.0,0.0,2.0,2.94770277922009,0.0,0.0,0.0,0.0,0.0,0.0,0.0,0.0,0.0,0.0,0.0,0.0,0.0
bankofbaroda.dev,Phishing,mock_Mock_Data_12_08_2025.xlsx,16.0,0.0,0.0625,0.0,0.0,0.0,0.0,0.0,1.0,16.0,0.0,0.0,0.75,0.75,0.0,0.0,0.0,0.0,3.0,3.327819531114783,0.0,0.0,0.0,0.0,0.0,0.0,0.0,0.0,0.0,0.0,0.0,0.0,0.0
bob-services.com,Phishing,mock_Mock_Data_12_08_2025.xlsx,16.0,0.0,0.0625,1.0,0.0625,0.0,0.0,0.0,1.0,16.0,0.0,0.0,0.1875,0.6666666666666666,0.0,0.0,0.0,1.0,3.0,3.375,0.0,0.0,0.0,0.0,0.0,0.0,0.0,0.0,0.0,0.0,0.0,0.0,0.0
hdfc3.mobi,Suspected,mock_Mock_Data_12_08_2025.xlsx,10.0,0.1,0.1,0.0,0.0,0.0,0.0,0.0,1.0,10.0,0.0,0.0,0.4,0.25,0.0,0.0,0.0,0.0,4.0,3.321928094887362,0.0,0.0,0.0,0.0,0.0,0.0,0.0,0.0,0.0,0.0,0.0,0.0,0.0
icicibankltd.asia,Suspected,mock_Mock_Data_12_08_2025.xlsx,17.0,0.0,0.058823529411764705,0.0,0.0,0.0,0.0,0.0,1.0,17.0,0.0,0.0,0.29411764705882354,0.3333333333333333,0.0,0.0,0.0,0.0,4.0,3.2195282822995472,0.0,0.0,0.0,0.0,0.0,0.0,0.0,0.0,0.0,0.0,0.0,0.0,0.0
icicibankltd.net,Suspected,mock_Mock_Data_12_08_2025.xlsx,16.0,0.0,0.0625,0.0,0.0,0.0,0.0,0.0,1.0,16.0,0.0,0.0,0.3125,0.3333333333333333,0.0,0.0,0.0,1.0,3.0,3.327819531114783,0.0,0.0,0.0,0.0,0.0,0.0,0.0,0.0,0.0,0.0,0.0,0.0,0.0
icicicbank.top,Suspected,mock_Mock_Data_12_08_2025.xlsx,14.0,0.0,0.07142857142857142,0.0,0.0,0.0,0.0,0.0,1.0,14.0,0.0,1.0,0.35714285714285715,0.1111111111111111,0.0,0.0,0.0,0.0,3.0,3.128085278891395,0.0,0.0,0.0,0.0,0.0,0.0,0.0,0.0,0.0,0.0,0.0,0.0,0.0
icicii.top,Suspected,mock_Mock_Data_12_08_2025.xlsx,10.0,0.0,0.1,0.0,0.0,0.0,0.0,0.0,1.0,10.0,0.0,1.0,0.5,0.2,0.0,0.0,0.0,0.0,3.0,2.321928094887362,0.0,0.0,0.0,0.0,0.0,0.0,0.0,0.0,0.0,0.0,0.0,0.0,0.0
hdfcc.cfd,Phishing,mock_Mock_Data_12_09_2025.xlsx,9.0,0.0,0.1111111111111111,0.0,0.0,0.0,0.0,0.0,1.0,9.0,0.0,0.0,0.4444444444444444,0.25,0.0,0.0,0.0,0.0,3.0,2.197159723424149,0.0,0.0,0.0,0.0,0.0,0.0,0.0,0.0,0.0,0.0,0.0,0.0,0.0
demo.goyattrading.shop,Phishing,mock_Mock_Data_12_09_2025.xlsx,22.0,0.0,0.09090909090909091,0.0,0.0,0.0,0.0,1.0,0.0,17.0,0.0,1.0,0.0,1.0,0.0,0.0,0.0,0.0,4.0,3.7887549139935026,0.0,0.0,0.0,0.0,0.0,0.0,0.0,0.0,0.0,0.0,0.0,0.0,0.0
card.wingclaimrewards.com,Phishing,mock_Mock_Data_12_09_2025.xlsx,25.0,0.0,0.08,0.0,0.0,0.0,0.0,1.0,0.0,20.0,0.0,0.0,0.0,0.42857142857142855,0.0,0.0,0.0,1.0,3.0,3.6732696895151085,0.0,0.0,0.0,0.0,0.0,0.0,0.0,0.0,0.0,0.0,0.0,0.0,0.0
teamrecruitmentteam.in,Phishing,mock_Mock_Data_12_09_2025.xlsx,22.0,0.0,0.045454545454545456,0.0,0.0,0.0,0.0,0.0,0.0,22.0,0.0,0.0,0.0,99.0,0.0,0.0,0.0,0.0,2.0,3.1523912776298673,0.0,0.0,0.0,0.0,0.0,0.0,0.0,0.0,0.0,0.0,0.0,0.0,0.0
m2.emallcart.online,Phishing,mock_Mock_Data_12_09_2025.xlsx,19.0,0.05263157894736842,0.10526315789473684,0.0,0.0,0.0,0.0,1.0,0.0,16.0,0.0,1.0,0.0,0.3333333333333333,0.0,0.0,0.0,0.0,6.0,3.4713544870139295,0.0,0.0,0.0,0.0,0.0,0.0,0.0,0.0,0.0,0.0,0.0,0.0,0.0
hdfccampaign.credithorse.in,Phishing,mock_Mock_Data_12_09_2025.xlsx,27.0,0.0,0.07407407407407407,0.0,0.0,0.0,0.0,1.0,2.0,14.0,1.0,0.0,0.2857142857142857,99.0,0.0,0.0,0.0,0.0,2.0,3.8841550945958048,0.0,0.0,0.0,0.0,0.0,0.0,0.0,0.0,0.0,0.0,0.0,0.0,0.0
hdfc.ramgopal.in,Phishing,mock_Mock_Data_12_09_2025.xlsx,16.0,0.0,0.125,0.0,0.0,0.0,0.0,1.0,2.0,11.0,1.0,0.0,0.36363636363636365,1.0,0.0,0.0,0.0,0.0,2.0,3.75,0.0,0.0,0.0,0.0,0.0,0.0,0.0,0.0,0.0,0.0,0.0,0.0,0.0
supportcc.co.in,Phishing,mock_Mock_Data_12_09_2025.xlsx,15.0,0.0,0.13333333333333333,0.0,0.0,0.0,0.0,1.0,0.0,5.0,0.0,0.0,0.0,99.0,0.0,0.0,0.0,0.0,2.0,3.189898095464288,0.0,0.0,0.0,0.0,0.0,0.0,1.0,0.0,0.0,0.0,0.0,0.0,0.0
gamweb.in,Phishing,mock_Mock_Data_12_09_2025.xlsx,9.0,0.0,0.1111111111111111,0.0,0.0,0.0,0.0,0.0,0.0,9.0,0.0,0.0,0.0,99.0,0.0,0.0,0.0,0.0,2.0,3.169925001442312,0.0,0.0,0.0,0.0,0.0,0.0,0.0,0.0,0.0,0.0,0.0,0.0,0.0
m2.dc7.live,Phishing,mock_Mock_Data_12_09_2025.xlsx,11.0,0.18181818181818182,0.18181818181818182,0.0,0.0,0.0,0.0,1.0,0.0,8.0,0.0,1.0,0.0,0.75,0.0,0.0,0.0,0.0,4.0,3.2776134368191165,0.0,0.0,0.0,0.0,0.0,0.0,0.0,0.0,0.0,0.0,0.0,0.0,0.0
upgradelimitapplication.in,Phishing,mock_Mock_Data_12_09_2025.xlsx,26.0,0.0,0.038461538461538464,0.0,0.0,0.0,0.0,0.0,0.0,26.0,0.0,0.0,0.0,99.0,0.0,0.0,0.0,0.0,2.0,3.6573852766501784,0.0,0.0,0.0,0.0,0.0,0.0,0.0,0.0,0.0,0.0,0.0,0.0,0.0
a2.dc2.live,Phishing,mock_Mock_Data_12_09_2025.xlsx,11.0,0.18181818181818182,0.18181818181818182,0.0,0.0,0.0,0.0,1.0,0.0,8.0,0.0,1.0,0.0,0.75,0.0,0.0,0.0,0.0,4.0,3.0957952550009344,0.0,0.0,0.0,0.0,0.0,0.0,0.0,0.0,0.0,0.0,0.0,0.0,0.0
myrewardcredit.co.in,Phishing,mock_Mock_Data_12_09_2025.xlsx,20.0,0.0,0.1,0.0,0.0,0.0,0.0,1.0,0.0,5.0,0.0,0.0,0.0,99.0,0.0,0.0,0.0,0.0,2.0,3.5841837197791886,0.0,0.0,0.0,0.0,0.0,0.0,0.0,0.0,0.0,0.0,0.0,0.0,0.0
prodv2.devhdfcbank.com,Phishing,mock_Mock_Data_12_09_2025.xlsx,22.0,0.045454545454545456,0.09090909090909091,0.0,0.0,0.0,0.0,1.0,1.0,15.0,0.0,0.0,0.26666666666666666,0.375,0.0,0.0,0.0,1.0,3.0,3.8796640049025934,0.0,0.0,0.0,0.0,0.0,0.0,0.0,0.0,0.0,0.0,0.0,0.0,0.0
online.wingoffercards.com,Phishing,mock_Mock_Data_12_09_2025.xlsx,25.0,0.0,0.08,0.0,0.0,0.0,0.0,1.0,0.0,18.0,0.0,0.0,0.0,0.3333333333333333,0.0,0.0,0.0,1.0,3.0,3.7834651896016465,0.0,0.0,0.0,0.0,0.0,0.0,0.0,0.0,0.0,0.0,0.0,0.0,0.0
www.a2.dcwo.live,Phishing,mock_Mock_Data_12_09_2025.xlsx,16.0,0.0625,0.1875,0.0,0.0,0.0,0.0,2.0,0.0,9.0,0.0,1.0,0.0,1.0,0.0,0.0,0.0,0.0,4.0,3.202819531114783,0.0,0.0,0.0,0.0,0.0,0.0,0.0,0.0,0.0,0.0,0.0,0.0,0.0
supportcreditcard.com,Phishing,mock_Mock_Data_12_09_2025.xlsx,21.0,0.0,0.047619047619047616,0.0,0.0,0.0,0.0,0.0,0.0,21.0,0.0,0.0,0.0,0.6666666666666666,0.0,0.0,0.0,1.0,3.0,3.5585186130489057,0.0,0.0,0.0,0.0,0.0,0.0,1.0,0.0,0.0,0.0,0.0,0.0,0.0
payments.rbtv.workers.dev,Phishing,mock_Mock_Data_12_09_2025.xlsx,25.0,0.0,0.12,0.0,0.0,0.0,0.0,2.0,0.0,11.0,0.0,0.0,0.0,0.6,0.0,0.0,0.0,0.0,3.0,3.8332696895151077,0.0,0.0,0.0,0.0,0.0,0.0,0.0,0.0,0.0,0.0,0.0,0.0,0.0
prod.devhdfcbank.com,Phishing,mock_Mock_Data_12_09_2025.xlsx,20.0,0.0,0.1,0.0,0.0,0.0,0.0,1.0,1.0,15.0,0.0,0.0,0.26666666666666666,0.375,0.0,0.0,0.0,1.0,3.0,3.7841837197791883,0.0,0.0,0.0,0.0,0.0,0.0,0.0,0.0,0.0,0.0,0.0,0.0,0.0
www.hdfcredeempoint.in,Phishing,mock_Mock_Data_12_09_2025.xlsx,22.0,0.0,0.09090909090909091,0.0,0.0,0.0,0.0,1.0,1.0,18.0,0.0,0.0,0.2222222222222222,1.0,0.0,0.0,0.0,0.0,2.0,3.663532754804254,0.0,0.0,0.0,0.0,0.0,0.0,0.0,0.0,0.0,0.0,0.0,0.0,0.0
mail.hdfcredeempoint.in,Phishing,mock_Mock_Data_12_09_2025.xlsx,23.0,0.0,0.08695652173913043,0.0,0.0,0.0,0.0,1.0,1.0,18.0,0.0,0.0,0.2222222222222222,0.25,0.0,0.0,0.0,0.0,2.0,3.7622673906514947,0.0,0.0,0.0,0.0,0.0,0.0,0.0,0.0,0.0,0.0,0.0,0.0,0.0
staging.devhdfcbank.com,Phishing,mock_Mock_Data_12_09_2025.xlsx,23.0,0.0,0.08695652173913043,0.0,0.0,0.0,0.0,1.0,1.0,15.0,0.0,0.0,0.26666666666666666,0.375,0.0,0.0,0.0,1.0,3.0,4.001822825622232,0.0,0.0,0.0,0.0,0.0,0.0,0.0,0.0,0.0,0.0,0.0,0.0,0.0
tooter.in,Phishing,mock_Mock_Data_12_09_2025.xlsx,9.0,0.0,0.1111111111111111,0.0,0.0,0.0,0.0,0.0,0.0,9.0,0.0,0.0,0.0,99.0,0.0,0.0,0.0,0.0,2.0,2.725480556997868,0.0,0.0,0.0,0.0,0.0,0.0,0.0,0.0,0.0,0.0,0.0,0.0,0.0
www.hdfcmoneymarket.in,Phishing,mock_Mock_Data_12_09_2025.xlsx,22.0,0.0,0.09090909090909091,0.0,0.0,0.0,0.0,1.0,1.0,18.0,0.0,0.0,0.2222222222222222,1.0,0.0,0.0,0.0,0.0,2.0,3.8796640049025934,0.0,0.0,0.0,0.0,0.0,0.0,0.0,0.0,0.0,0.0,0.0,0.0,0.0
unlockfreedom.in,Phishing,mock_Mock_Data_12_09_2025.xlsx,16.0,0.0,0.0625,0.0,0.0,0.0,0.0,0.0,0.0,16.0,0.0,0.0,0.0,99.0,0.0,0.0,0.0,0.0,2.0,3.625,0.0,0.0,0.0,0.0,0.0,0.0,0.0,0.0,0.0,0.0,0.0,0.0,0.0
click2fingage.com,Phishing,mock_Mock_Data_12_09_2025.xlsx,17.0,0.058823529411764705,0.058823529411764705,0.0,0.0,0.0,0.0,0.0,0.0,17.0,0.0,0.0,0.0,0.6666666666666666,0.0,0.0,0.0,1.0,3.0,3.572469458770136,0.0,0.0,0.0,0.0,0.0,0.0,0.0,0.0,0.0,0.0,0.0,0.0,0.0
hdfcdebitc.wixsite.com,Phishing,mock_Mock_Data_12_09_2025.xlsx,22.0,0.0,0.09090909090909091,0.0,0.0,0.0,0.0,1.0,2.0,11.0,1.0,0.0,0.36363636363636365,0.6666666666666666,0.0,0.0,0.0,1.0,3.0,3.663532754804254,0.0,0.0,0.0,0.0,0.0,0.0,0.0,0.0,0.0,0.0,0.0,0.0,0.0
hdfc-neu-4-six.vercel.app,Phishing,mock_Mock_Data_12_09_2025.xlsx,25.0,0.04,0.08,3.0,0.12,0.0,0.0,1.0,2.0,10.0,1.0,0.0,0.4,0.5,0.0,0.0,0.0,0.0,3.0,4.023465189601646,0.0,0.0,0.0,0.0,0.0,0.0,0.0,0.0,0.0,0.0,0.0,0.0,0.0
hdfc-31394.zendesk.com,Phishing,mock_Mock_Data_12_09_2025.xlsx,22.0,0.22727272727272727,0.09090909090909091,1.0,0.045454545454545456,0.0,0.0,1.0,2.0,11.0,1.0,0.0,0.36363636363636365,0.6666666666666666,0.0,0.0,0.0,1.0,3.0,4.004886164091841,0.0,0.0,0.0,0.0,0.0,0.0,0.0,0.0,0.0,0.0,0.0,0.0,0.0
hdfc-43827.zendesk.com,Phishing,mock_Mock_Data_12_09_2025.xlsx,22.0,0.22727272727272727,0.09090909090909091,1.0,0.045454545454545456,0.0,0.0,1.0,2.0,11.0,1.0,0.0,0.36363636363636365,0.6666666666666666,0.0,0.0,0.0,1.0,3.0,4.095795255000932,0.0,0.0,0.0,0.0,0.0,0.0,0.0,0.0,0.0,0.0,0.0,0.0,0.0
hdfc-93839.zendesk.com,Phishing,mock_Mock_Data_12_09_2025.xlsx,22.0,0.22727272727272727,0.09090909090909091,1.0,0.045454545454545456,0.0,0.0,1.0,2.0,11.0,1.0,0.0,0.36363636363636365,0.6666666666666666,0.0,0.0,0.0,1.0,3.0,3.9139770731827506,0.0,0.0,0.0,0.0,0.0,0.0,0.0,0.0,0.0,0.0,0.0,0.0,0.0
hdfc-17906.zendesk.com,Phishing,mock_Mock_Data_12_09_2025.xlsx,22.0,0.22727272727272727,0.09090909090909091,1.0,0.045454545454545456,0.0,0.0,1.0,2.0,11.0,1.0,0.0,0.36363636363636365,0.6666666666666666,0.0,0.0,0.0,1.0,3.0,4.095795255000932,0.0,0.0,0.0,0.0,0.0,0.0,0.0,0.0,0.0,0.0,0.0,0.0,0.0
hdfc-56319.zendesk.com,Phishing,mock_Mock_Data_12_09_2025.xlsx,22.0,0.22727272727272727,0.09090909090909091,1.0,0.045454545454545456,0.0,0.0,1.0,2.0,11.0,1.0,0.0,0.36363636363636365,0.6666666666666666,0.0,0.0,0.0,1.0,3.0,4.095795255000932,0.0,0.0,0.0,0.0,0.0,0.0,0.0,0.0,0.0,0.0,0.0,0.0,0.0
hdfc-53453.zendesk.com,Phishing,mock_Mock_Data_12_09_2025.xlsx,22.0,0.22727272727272727,0.09090909090909091,1.0,0.045454545454545456,0.0,0.0,1.0,2.0,11.0,1.0,0.0,0.36363636363636365,0.6666666666666666,0.0,0.0,0.0,1.0,3.0,3.9139770731827506,0.0,0.0,0.0,0.0,0.0,0.0,0.0,0.0,0.0,0.0,0.0,0.0,0.0
hdfc-91046.zendesk.com,Phishing,mock_Mock_Data_12_09_2025.xlsx,22.0,0.22727272727272727,0.09090909090909091,1.0,0.045454545454545456,0.0,0.0,1.0,2.0,11.0,1.0,0.0,0.36363636363636365,0.6666666666666666,0.0,0.0,0.0,1.0,3.0,4.095795255000932,0.0,0.0,0.0,0.0,0.0,0.0,0.0,0.0,0.0,0.0,0.0,0.0,0.0
hdfc-37820.zendesk.com,Phishing,mock_Mock_Data_12_09_2025.xlsx,22.0,0.22727272727272727,0.09090909090909091,1.0,0.045454545454545456,0.0,0.0,1.0,2.0,11.0,1.0,0.0,0.36363636363636365,0.6666666666666666,0.0,0.0,0.0,1.0,3.0,4.095795255000932,0.0,0.0,0.0,0.0,0.0,0.0,0.0,0.0,0.0,0.0,0.0,0.0,0.0
hdfc-27586.zendesk.com,Phishing,mock_Mock_Data_12_09_2025.xlsx,22.0,0.22727272727272727,0.09090909090909091,1.0,0.045454545454545456,0.0,0.0,1.0,2.0,11.0,1.0,0.0,0.36363636363636365,0.6666666666666666,0.0,0.0,0.0,1.0,3.0,4.095795255000932,0.0,0.0,0.0,0.0,0.0,0.0,0.0,0.0,0.0,0.0,0.0,0.0,0.0
youtube.220913.xyz,Phishing,mock_Mock_Data_12_09_2025.xlsx,18.0,0.3333333333333333,0.1111111111111111,0.0,0.0,0.0,0.0,1.0,0.0,10.0,0.0,1.0,0.0,1.0,0.0,0.0,0.0,0.0,3.0,3.7254805569978675,0.0,0.0,0.0,0.0,0.0,0.0,0.0,0.0,0.0,0.0,0.0,0.0,0.0
hdfcbank.speedynet.in,Phishing,mock_Mock_Data_12_09_2025.xlsx,21.0,0.0,0.09523809523809523,0.0,0.0,0.0,0.0,1.0,2.0,12.0,1.0,0.0,0.3333333333333333,99.0,0.0,0.0,0.0,0.0,2.0,3.748994803525096,0.0,0.0,0.0,0.0,0.0,0.0,0.0,0.0,0.0,0.0,0.0,0.0,0.0
www.hdfcbank.speedynet.in,Phishing,mock_Mock_Data_12_09_2025.xlsx,25.0,0.0,0.12,0.0,0.0,0.0,0.0,2.0,2.0,12.0,1.0,0.0,0.3333333333333333,1.0,0.0,0.0,0.0,0.0,2.0,3.8030741894285685,0.0,0.0,0.0,0.0,0.0,0.0,0.0,0.0,0.0,0.0,0.0,0.0,0.0
reward.wingiftscards.com,Phishing,mock_Mock_Data_12_09_2025.xlsx,24.0,0.0,0.08333333333333333,0.0,0.0,0.0,0.0,1.0,0.0,17.0,0.0,0.0,0.0,0.6666666666666666,0.0,0.0,0.0,1.0,3.0,3.8035088547976783,0.0,0.0,0.0,0.0,0.0,0.0,0.0,0.0,0.0,0.0,0.0,0.0,0.0
hdfcapp.intch.xyz,Phishing,mock_Mock_Data_12_09_2025.xlsx,17.0,0.0,0.11764705882352941,0.0,0.0,0.0,0.0,1.0,2.0,9.0,1.0,1.0,0.4444444444444444,0.375,0.0,0.0,0.0,0.0,3.0,3.6168746059562227,0.0,0.0,0.0,0.0,0.0,0.0,0.0,0.0,0.0,0.0,0.0,0.0,0.0
hdfc-56790.zendesk.com,Phishing,mock_Mock_Data_12_09_2025.xlsx,22.0,0.22727272727272727,0.09090909090909091,1.0,0.045454545454545456,0.0,0.0,1.0,2.0,11.0,1.0,0.0,0.36363636363636365,0.6666666666666666,0.0,0.0,0.0,1.0,3.0,4.095795255000932,0.0,0.0,0.0,0.0,0.0,0.0,0.0,0.0,0.0,0.0,0.0,0.0,0.0
hdfc.i-on.store,Phishing,mock_Mock_Data_12_09_2025.xlsx,15.0,0.0,0.13333333333333333,1.0,0.06666666666666667,0.0,0.0,1.0,2.0,10.0,1.0,0.0,0.4,1.0,0.0,0.0,0.0,0.0,5.0,3.6402239289418516,0.0,0.0,0.0,0.0,0.0,0.0,0.0,0.0,0.0,0.0,0.0,0.0,0.0
www.kosecbf.icu,Phishing,mock_Mock_Data_12_09_2025.xlsx,15.0,0.0,0.13333333333333333,0.0,0.0,0.0,0.0,1.0,0.0,11.0,0.0,1.0,0.0,0.5,0.0,0.0,0.0,0.0,3.0,3.323231428797621,0.0,0.0,0.0,0.0,0.0,0.0,0.0,0.0,0.0,0.0,0.0,0.0,0.0
154.201.93.62,Phishing,mock_Mock_Data_12_09_2025.xlsx,13.0,0.7692307692307693,0.23076923076923078,0.0,0.0,0.0,0.0,2.0,0.0,5.0,0.0,0.0,0.0,1.0,0.0,1.0,0.0,0.0,2.0,3.0269868333592873,0.0,0.0,0.0,0.0,0.0,0.0,0.0,0.0,0.0,0.0,0.0,0.0,0.0
h5.kosecbf.icu,Phishing,mock_Mock_Data_12_09_2025.xlsx,14.0,0.07142857142857142,0.14285714285714285,0.0,0.0,0.0,0.0,1.0,0.0,11.0,0.0,1.0,0.0,0.5,0.0,0.0,0.0,0.0,3.0,3.521640636343319,0.0,0.0,0.0,0.0,0.0,0.0,0.0,0.0,0.0,0.0,0.0,0.0,0.0
www.hdfc.balajigames.org,Phishing,mock_Mock_Data_12_09_2025.xlsx,24.0,0.0,0.125,0.0,0.0,0.0,0.0,2.0,2.0,15.0,1.0,0.0,0.26666666666666666,0.75,0.0,0.0,0.0,1.0,3.0,3.9072682296173897,0.0,0.0,0.0,0.0,0.0,0.0,0.0,0.0,0.0,0.0,0.0,0.0,0.0
get.myclaimoffercards.com,Phishing,mock_Mock_Data_12_09_2025.xlsx,25.0,0.0,0.08,0.0,0.0,0.0,0.0,1.0,0.0,21.0,0.0,0.0,0.0,0.6666666666666666,0.0,0.0,0.0,1.0,3.0,3.783465189601647,0.0,0.0,0.0,0.0,0.0,0.0,0.0,0.0,0.0,0.0,0.0,0.0,0.0
get.onlinecardmyrewards.com,Phishing,mock_Mock_Data_12_09_2025.xlsx,27.0,0.0,0.07407407407407407,0.0,0.0,0.0,0.0,1.0,0.0,23.0,0.0,0.0,0.0,0.6666666666666666,0.0,0.0,0.0,1.0,3.0,3.8841550945958043,0.0,0.0,0.0,0.0,0.0,0.0,0.0,0.0,0.0,0.0,0.0,0.0,0.0
hdcarehelp.com,Phishing,mock_Mock_Data_12_09_2025.xlsx,14.0,0.0,0.07142857142857142,0.0,0.0,0.0,0.0,0.0,0.0,14.0,0.0,0.0,0.0,0.6666666666666666,0.0,0.0,0.0,1.0,3.0,3.378783493486176,0.0,0.0,0.0,0.0,0.0,0.0,0.0,0.0,0.0,0.0,0.0,0.0,0.0
ww.hhdfcbank.com,Phishing,mock_Mock_Data_12_09_2025.xlsx,16.0,0.0,0.125,0.0,0.0,0.0,0.0,1.0,1.0,13.0,0.0,0.0,0.3076923076923077,0.125,0.0,0.0,0.0,1.0,3.0,3.5,0.0,0.0,0.0,0.0,0.0,0.0,0.0,0.0,0.0,0.0,0.0,0.0,0.0
www.res61.hdfccbank.com,Phishing,mock_Mock_Data_12_09_2025.xlsx,23.0,0.08695652173913043,0.13043478260869565,0.0,0.0,0.0,0.0,2.0,1.0,13.0,0.0,0.0,0.3076923076923077,0.125,0.0,0.0,0.0,1.0,3.0,3.9033592383835174,0.0,0.0,0.0,0.0,0.0,0.0,0.0,0.0,0.0,0.0,0.0,0.0,0.0
claim.mygetrewards.com,Phishing,mock_Mock_Data_12_09_2025.xlsx,22.0,0.0,0.09090909090909091,0.0,0.0,0.0,0.0,1.0,0.0,16.0,0.0,0.0,0.0,0.6666666666666666,0.0,0.0,0.0,1.0,3.0,3.788754913993503,0.0,0.0,0.0,0.0,0.0,0.0,0.0,0.0,0.0,0.0,0.0,0.0,0.0
mygetrewards.com,Phishing,mock_Mock_Data_12_09_2025.xlsx,16.0,0.0,0.0625,0.0,0.0,0.0,0.0,0.0,0.0,16.0,0.0,0.0,0.0,0.6666666666666666,0.0,0.0,0.0,1.0,3.0,3.625,0.0,0.0,0.0,0.0,0.0,0.0,0.0,0.0,0.0,0.0,0.0,0.0,0.0
cardgage.com,Phishing,mock_Mock_Data_12_09_2025.xlsx,12.0,0.0,0.08333333333333333,0.0,0.0,0.0,0.0,0.0,0.0,12.0,0.0,0.0,0.0,0.6666666666666666,0.0,0.0,0.0,1.0,3.0,3.084962500721156,0.0,0.0,0.0,0.0,0.0,0.0,0.0,0.0,0.0,0.0,0.0,0.0,0.0
35.154.33.8,Phishing,mock_Mock_Data_12_09_2025.xlsx,11.0,0.7272727272727273,0.2727272727272727,0.0,0.0,0.0,0.0,2.0,0.0,4.0,0.0,0.0,0.0,1.0,0.0,1.0,0.0,0.0,1.0,2.4130884364257574,0.0,0.0,0.0,0.0,0.0,0.0,0.0,0.0,0.0,0.0,0.0,0.0,0.0
hdfcbank.vercel.app,Phishing,mock_Mock_Data_12_09_2025.xlsx,19.0,0.0,0.10526315789473684,0.0,0.0,0.0,0.0,1.0,2.0,10.0,1.0,0.0,0.4,0.5,0.0,0.0,0.0,0.0,3.0,3.7216117239699003,0.0,0.0,0.0,0.0,0.0,0.0,0.0,0.0,0.0,0.0,0.0,0.0,0.0
priyanshu.hdfc.app,Phishing,mock_Mock_Data_12_09_2025.xlsx,18.0,0.0,0.1111111111111111,0.0,0.0,0.0,0.0,1.0,1.0,8.0,0.0,0.0,0.5,0.75,0.0,0.0,0.0,0.0,3.0,3.5724312513221195,0.0,0.0,0.0,0.0,0.0,0.0,0.0,0.0,0.0,0.0,0.0,0.0,0.0
hdfcuat.bank.in,Phishing,mock_Mock_Data_12_09_2025.xlsx,15.0,0.0,0.13333333333333333,0.0,0.0,0.0,0.0,1.0,2.0,7.0,1.0,0.0,0.5714285714285714,0.375,0.0,0.0,0.0,0.0,2.0,3.5068905956085183,0.0,0.0,0.0,0.0,0.0,0.0,0.0,0.0,0.0,0.0,0.0,0.0,0.0
t3.sms-api.xyz,Phishing,mock_Mock_Data_12_09_2025.xlsx,14.0,0.07142857142857142,0.14285714285714285,1.0,0.07142857142857142,0.0,0.0,1.0,0.0,11.0,0.0,1.0,0.0,0.6666666666666666,0.0,0.0,0.0,0.0,3.0,3.521640636343319,0.0,0.0,0.0,0.0,0.0,0.0,0.0,0.0,0.0,0.0,0.0,0.0,0.0
t2.sms-api.xyz,Phishing,mock_Mock_Data_12_09_2025.xlsx,14.0,0.07142857142857142,0.14285714285714285,1.0,0.07142857142857142,0.0,0.0,1.0,0.0,11.0,0.0,1.0,0.0,0.6666666666666666,0.0,0.0,0.0,0.0,3.0,3.521640636343319,0.0,0.0,0.0,0.0,0.0,0.0,0.0,0.0,0.0,0.0,0.0,0.0,0.0
t1.sms-api.xyz,Phishing,mock_Mock_Data_12_09_2025.xlsx,14.0,0.07142857142857142,0.14285714285714285,1.0,0.07142857142857142,0.0,0.0,1.0,0.0,11.0,0.0,1.0,0.0,0.6666666666666666,0.0,0.0,0.0,0.0,3.0,3.521640636343319,0.0,0.0,0.0,0.0,0.0,0.0,0.0,0.0,0.0,0.0,0.0,0.0,0.0
hdrewardcards.com,Phishing,mock_Mock_Data_12_09_2025.xlsx,17.0,0.0,0.058823529411764705,0.0,0.0,0.0,0.0,0.0,0.0,17.0,0.0,0.0,0.0,0.6666666666666666,0.0,0.0,0.0,1.0,3.0,3.2927701939369904,0.0,0.0,0.0,0.0,0.0,0.0,0.0,0.0,0.0,0.0,0.0,0.0,0.0
tf5edq7h.pages.dev,Phishing,mock_Mock_Data_12_09_2025.xlsx,18.0,0.1111111111111111,0.1111111111111111,0.0,0.0,0.0,0.0,1.0,0.0,9.0,0.0,0.0,0.0,0.75,0.0,0.0,0.0,0.0,3.0,3.6835423624332306,0.0,0.0,0.0,0.0,0.0,0.0,0.0,0.0,0.0,0.0,0.0,0.0,0.0
mycardupgrades.com,Phishing,mock_Mock_Data_12_09_2025.xlsx,18.0,0.0,0.05555555555555555,0.0,0.0,0.0,0.0,0.0,0.0,18.0,0.0,0.0,0.0,0.6666666666666666,0.0,0.0,0.0,1.0,3.0,3.6143694458867563,0.0,0.0,0.0,0.0,0.0,0.0,0.0,0.0,0.0,0.0,0.0,0.0,0.0
pan-update-online1.web.app,Phishing,mock_Mock_Data_12_09_2025.xlsx,26.0,0.038461538461538464,0.07692307692307693,2.0,0.07692307692307693,0.0,0.0,1.0,0.0,7.0,0.0,0.0,0.0,0.3333333333333333,0.0,0.0,0.0,0.0,3.0,3.6902603909683838,0.0,0.0,0.0,0.0,0.0,1.0,0.0,0.0,0.0,0.0,0.0,0.0,0.0
t1.tkpooja.cloud,Phishing,mock_Mock_Data_12_09_2025.xlsx,16.0,0.0625,0.125,0.0,0.0,0.0,0.0,1.0,0.0,13.0,0.0,0.0,0.0,99.0,0.0,0.0,0.0,0.0,5.0,3.452819531114783,0.0,0.0,0.0,0.0,0.0,0.0,0.0,0.0,0.0,0.0,0.0,0.0,0.0
t3.tkpooja.cloud,Phishing,mock_Mock_Data_12_09_2025.xlsx,16.0,0.0625,0.125,0.0,0.0,0.0,0.0,1.0,0.0,13.0,0.0,0.0,0.0,99.0,0.0,0.0,0.0,0.0,5.0,3.452819531114783,0.0,0.0,0.0,0.0,0.0,0.0,0.0,0.0,0.0,0.0,0.0,0.0,0.0
t6.tkpooja.cloud,Phishing,mock_Mock_Data_12_09_2025.xlsx,16.0,0.0625,0.125,0.0,0.0,0.0,0.0,1.0,0.0,13.0,0.0,0.0,0.0,99.0,0.0,0.0,0.0,0.0,5.0,3.452819531114783,0.0,0.0,0.0,0.0,0.0,0.0,0.0,0.0,0.0,0.0,0.0,0.0,0.0
www.mycardlimit.online,Phishing,mock_Mock_Data_12_09_2025.xlsx,22.0,0.0,0.09090909090909091,0.0,0.0,0.0,0.0,1.0,0.0,18.0,0.0,1.0,0.0,0.3333333333333333,0.0,0.0,0.0,0.0,6.0,3.6635327548042547,0.0,0.0,0.0,0.0,0.0,0.0,0.0,0.0,0.0,0.0,0.0,0.0,0.0
t2.tkpooja.cloud,Phishing,mock_Mock_Data_12_09_2025.xlsx,16.0,0.0625,0.125,0.0,0.0,0.0,0.0,1.0,0.0,13.0,0.0,0.0,0.0,99.0,0.0,0.0,0.0,0.0,5.0,3.452819531114783,0.0,0.0,0.0,0.0,0.0,0.0,0.0,0.0,0.0,0.0,0.0,0.0,0.0
mycardhelps.com,Phishing,mock_Mock_Data_12_09_2025.xlsx,15.0,0.0,0.06666666666666667,0.0,0.0,0.0,0.0,0.0,0.0,15.0,0.0,0.0,0.0,0.6666666666666666,0.0,0.0,0.0,1.0,3.0,3.6402239289418516,0.0,0.0,0.0,0.0,0.0,0.0,0.0,0.0,0.0,0.0,0.0,0.0,0.0
my.claimofferreward.com,Phishing,mock_Mock_Data_12_09_2025.xlsx,23.0,0.0,0.08695652173913043,0.0,0.0,0.0,0.0,1.0,0.0,20.0,0.0,0.0,0.0,0.6666666666666666,0.0,0.0,0.0,1.0,3.0,3.5883543471732335,0.0,0.0,0.0,0.0,0.0,0.0,0.0,0.0,0.0,0.0,0.0,0.0,0.0
getclaimofferhdfc.com,Phishing,mock_Mock_Data_12_09_2025.xlsx,21.0,0.0,0.047619047619047616,0.0,0.0,0.0,0.0,0.0,1.0,21.0,0.0,0.0,0.19047619047619047,0.6666666666666666,0.0,0.0,0.0,1.0,3.0,3.653756708287001,0.0,0.0,0.0,0.0,0.0,0.0,0.0,0.0,0.0,0.0,0.0,0.0,0.0
hdfastco.icu,Phishing,mock_Mock_Data_12_09_2025.xlsx,12.0,0.0,0.08333333333333333,0.0,0.0,0.0,0.0,0.0,0.0,12.0,0.0,1.0,0.0,0.5,0.0,0.0,0.0,0.0,3.0,3.418295834054489,0.0,0.0,0.0,0.0,0.0,0.0,0.0,0.0,0.0,0.0,0.0,0.0,0.0
hdfastcome.icu,Phishing,mock_Mock_Data_12_09_2025.xlsx,14.0,0.0,0.07142857142857142,0.0,0.0,0.0,0.0,0.0,0.0,14.0,0.0,1.0,0.0,0.5,0.0,0.0,0.0,0.0,3.0,3.6644977792004623,0.0,0.0,0.0,0.0,0.0,0.0,0.0,0.0,0.0,0.0,0.0,0.0,0.0
hdfc-neu-3-mlz5.vercel.app,Phishing,mock_Mock_Data_12_09_2025.xlsx,26.0,0.07692307692307693,0.07692307692307693,3.0,0.11538461538461539,0.0,0.0,1.0,2.0,10.0,1.0,0.0,0.4,0.5,0.0,0.0,0.0,0.0,3.0,4.026986833359286,0.0,0.0,0.0,0.0,0.0,0.0,0.0,0.0,0.0,0.0,0.0,0.0,0.0
www.redeemmycards.in,Phishing,mock_Mock_Data_12_09_2025.xlsx,20.0,0.0,0.1,0.0,0.0,0.0,0.0,1.0,0.0,16.0,0.0,0.0,0.0,1.0,0.0,0.0,0.0,0.0,2.0,3.4464393446710146,0.0,0.0,0.0,0.0,0.0,0.0,0.0,0.0,0.0,0.0,0.0,0.0,0.0
hdfc-76212.zendesk.com,Phishing,mock_Mock_Data_12_09_2025.xlsx,22.0,0.22727272727272727,0.09090909090909091,1.0,0.045454545454545456,0.0,0.0,1.0,2.0,11.0,1.0,0.0,0.36363636363636365,0.6666666666666666,0.0,0.0,0.0,1.0,3.0,4.004886164091841,0.0,0.0,0.0,0.0,0.0,0.0,0.0,0.0,0.0,0.0,0.0,0.0,0.0
hdfc-neu-5.vercel.app,Phishing,mock_Mock_Data_12_09_2025.xlsx,21.0,0.047619047619047616,0.09523809523809523,2.0,0.09523809523809523,0.0,0.0,1.0,2.0,10.0,1.0,0.0,0.4,0.5,0.0,0.0,0.0,0.0,3.0,3.7849418274376423,0.0,0.0,0.0,0.0,0.0,0.0,0.0,0.0,0.0,0.0,0.0,0.0,0.0
hdfc-bankonline.com,Phishing,mock_Mock_Data_12_09_2025.xlsx,19.0,0.0,0.05263157894736842,1.0,0.05263157894736842,0.0,0.0,0.0,1.0,19.0,0.0,0.0,0.21052631578947367,0.6666666666666666,0.0,0.0,0.0,1.0,3.0,3.7871439606981383,0.0,0.0,0.0,0.0,0.0,0.0,0.0,0.0,0.0,0.0,0.0,0.0,0.0
hdfc-update-pan.web.app,Phishing,mock_Mock_Data_12_09_2025.xlsx,23.0,0.0,0.08695652173913043,2.0,0.08695652173913043,0.0,0.0,1.0,2.0,7.0,1.0,0.0,0.5714285714285714,0.6,0.0,0.0,0.0,0.0,3.0,3.621175542919471,0.0,0.0,0.0,0.0,0.0,1.0,0.0,0.0,0.0,0.0,0.0,0.0,0.0
hdfc-32-pan-update.web.app,Phishing,mock_Mock_Data_12_09_2025.xlsx,26.0,0.07692307692307693,0.07692307692307693,3.0,0.11538461538461539,0.0,0.0,1.0,2.0,7.0,1.0,0.0,0.5714285714285714,0.6,0.0,0.0,0.0,0.0,3.0,3.7962176025900556,0.0,0.0,0.0,0.0,0.0,1.0,0.0,0.0,0.0,0.0,0.0,0.0,0.0
hdfc.osprocure-test.in,Phishing,mock_Mock_Data_12_09_2025.xlsx,22.0,0.0,0.09090909090909091,1.0,0.045454545454545456,0.0,0.0,1.0,2.0,17.0,1.0,0.0,0.23529411764705882,1.0,0.0,0.0,0.0,0.0,2.0,3.82306798227366,0.0,0.0,0.0,0.0,0.0,0.0,0.0,0.0,0.0,0.0,0.0,0.0,0.0
hdfc.biz,Phishing,mock_Mock_Data_12_09_2025.xlsx,8.0,0.0,0.125,0.0,0.0,0.0,0.0,0.0,1.0,8.0,0.0,0.0,0.5,0.6666666666666666,0.0,0.0,0.0,0.0,3.0,3.0,0.0,0.0,0.0,0.0,0.0,0.0,0.0,0.0,0.0,0.0,0.0,0.0,0.0
arithmeticpro.netlify.app,Phishing,mock_Mock_Data_12_09_2025.xlsx,25.0,0.0,0.08,0.0,0.0,0.0,0.0,1.0,0.0,11.0,0.0,0.0,0.0,0.75,0.0,0.0,0.0,0.0,3.0,3.753269689515108,0.0,0.0,0.0,0.0,0.0,0.0,0.0,0.0,0.0,0.0,0.0,0.0,0.0
hdfcperksholidayoffer.rewardzpromo.com,Phishing,mock_Mock_Data_12_09_2025.xlsx,38.0,0.0,0.05263157894736842,0.0,0.0,0.0,0.0,1.0,2.0,16.0,1.0,0.0,0.25,0.6666666666666666,0.0,0.0,0.0,1.0,3.0,3.945718475144531,0.0,0.0,0.0,0.0,0.0,0.0,0.0,0.0,0.0,0.0,0.0,0.0,0.0
www.applyonlinehdfcbank.com,Phishing,mock_Mock_Data_12_09_2025.xlsx,27.0,0.0,0.07407407407407407,0.0,0.0,0.0,0.0,1.0,1.0,23.0,0.0,0.0,0.17391304347826086,0.6666666666666666,0.0,0.0,0.0,1.0,3.0,3.9582291686698787,0.0,0.0,0.0,0.0,0.0,0.0,0.0,0.0,0.0,0.0,0.0,0.0,0.0
hdfc-hdfc-xi.vercel.app,Phishing,mock_Mock_Data_12_09_2025.xlsx,23.0,0.0,0.08695652173913043,2.0,0.08695652173913043,0.0,0.0,1.0,2.0,10.0,1.0,0.0,0.4,0.5,0.0,0.0,0.0,0.0,3.0,3.7081320646586025,0.0,0.0,0.0,0.0,0.0,0.0,0.0,0.0,0.0,0.0,0.0,0.0,0.0
hdfcba.zendesk.com,Phishing,mock_Mock_Data_12_09_2025.xlsx,18.0,0.0,0.1111111111111111,0.0,0.0,0.0,0.0,1.0,2.0,11.0,1.0,0.0,0.36363636363636365,0.25,0.0,0.0,0.0,1.0,3.0,3.7254805569978675,0.0,0.0,0.0,0.0,0.0,0.0,0.0,0.0,0.0,0.0,0.0,0.0,0.0
hdfc-41891.zendesk.com,Phishing,mock_Mock_Data_12_09_2025.xlsx,22.0,0.22727272727272727,0.09090909090909091,1.0,0.045454545454545456,0.0,0.0,1.0,2.0,11.0,1.0,0.0,0.36363636363636365,0.6666666666666666,0.0,0.0,0.0,1.0,3.0,4.004886164091842,0.0,0.0,0.0,0.0,0.0,0.0,0.0,0.0,0.0,0.0,0.0,0.0,0.0
hdfcbank-90690.zendesk.com,Phishing,mock_Mock_Data_12_09_2025.xlsx,26.0,0.19230769230769232,0.07692307692307693,1.0,0.038461538461538464,0.0,0.0,1.0,2.0,11.0,1.0,0.0,0.36363636363636365,0.6666666666666666,0.0,0.0,0.0,1.0,3.0,4.085055102756476,0.0,0.0,0.0,0.0,0.0,0.0,0.0,0.0,0.0,0.0,0.0,0.0,0.0
hdfcbank-41511.zendesk.com,Phishing,mock_Mock_Data_12_09_2025.xlsx,26.0,0.19230769230769232,0.07692307692307693,1.0,0.038461538461538464,0.0,0.0,1.0,2.0,11.0,1.0,0.0,0.36363636363636365,0.6666666666666666,0.0,0.0,0.0,1.0,3.0,4.056020968057881,0.0,0.0,0.0,0.0,0.0,0.0,0.0,0.0,0.0,0.0,0.0,0.0,0.0
www.netbankingshdfc.com,Phishing,mock_Mock_Data_12_09_2025.xlsx,23.0,0.0,0.08695652173913043,0.0,0.0,0.0,0.0,1.0,1.0,19.0,0.0,0.0,0.21052631578947367,0.6666666666666666,0.0,0.0,0.0,1.0,3.0,3.9361804341297555,0.0,0.0,0.0,0.0,0.0,0.0,0.0,1.0,0.0,0.0,0.0,0.0,0.0
hdfcbank-27065.zendesk.com,Phishing,mock_Mock_Data_12_09_2025.xlsx,26.0,0.19230769230769232,0.07692307692307693,1.0,0.038461538461538464,0.0,0.0,1.0,2.0,11.0,1.0,0.0,0.36363636363636365,0.6666666666666666,0.0,0.0,0.0,1.0,3.0,4.238901256602629,0.0,0.0,0.0,0.0,0.0,0.0,0.0,0.0,0.0,0.0,0.0,0.0,0.0
13.127.221.31,Phishing,mock_Mock_Data_12_09_2025.xlsx,13.0,0.7692307692307693,0.23076923076923078,0.0,0.0,0.0,0.0,2.0,0.0,6.0,0.0,0.0,0.0,1.0,0.0,1.0,0.0,0.0,2.0,2.199687794731328,0.0,0.0,0.0,0.0,0.0,0.0,0.0,0.0,0.0,0.0,0.0,0.0,0.0
myclaimspoint.com,Phishing,mock_Mock_Data_12_09_2025.xlsx,17.0,0.0,0.058823529411764705,0.0,0.0,0.0,0.0,0.0,0.0,17.0,0.0,0.0,0.0,0.6666666666666666,0.0,0.0,0.0,1.0,3.0,3.4548223999466066,0.0,0.0,0.0,0.0,0.0,0.0,0.0,0.0,0.0,0.0,0.0,0.0,0.0
15.206.192.241,Phishing,mock_Mock_Data_12_09_2025.xlsx,14.0,0.7857142857142857,0.21428571428571427,0.0,0.0,0.0,0.0,2.0,0.0,7.0,0.0,0.0,0.0,1.0,0.0,1.0,0.0,0.0,3.0,2.78845045730829,0.0,0.0,0.0,0.0,0.0,0.0,0.0,0.0,0.0,0.0,0.0,0.0,0.0
38.165.19.200,Phishing,mock_Mock_Data_12_09_2025.xlsx,13.0,0.7692307692307693,0.23076923076923078,0.0,0.0,0.0,0.0,2.0,0.0,6.0,0.0,0.0,0.0,1.0,0.0,1.0,0.0,0.0,3.0,3.0269868333592873,0.0,0.0,0.0,0.0,0.0,0.0,0.0,0.0,0.0,0.0,0.0,0.0,0.0
app.hdfcstockmarket.cc,Phishing,mock_Mock_Data_12_09_2025.xlsx,22.0,0.0,0.09090909090909091,0.0,0.0,0.0,0.0,1.0,1.0,18.0,0.0,0.0,0.2222222222222222,0.75,0.0,0.0,0.0,0.0,2.0,3.641249800455479,0.0,0.0,0.0,0.0,0.0,0.0,0.0,0.0,0.0,0.0,0.0,0.0,0.0
www-hdfcbank-com.translate.goog,Phishing,mock_Mock_Data_12_09_2025.xlsx,31.0,0.0,0.06451612903225806,2.0,0.06451612903225806,0.0,0.0,1.0,2.0,14.0,1.0,0.0,0.2857142857142857,0.6666666666666666,0.0,0.0,0.0,0.0,4.0,4.106949132758152,0.0,0.0,0.0,0.0,0.0,0.0,0.0,0.0,0.0,0.0,0.0,0.0,0.0
hdfc8671.zendesk.com,Phishing,mock_Mock_Data_12_09_2025.xlsx,20.0,0.2,0.1,0.0,0.0,0.0,0.0,1.0,2.0,11.0,1.0,0.0,0.36363636363636365,0.6666666666666666,0.0,0.0,0.0,1.0,3.0,3.9219280948873623,0.0,0.0,0.0,0.0,0.0,0.0,0.0,0.0,0.0,0.0,0.0,0.0,0.0
h5.drhhfcvipxz.top,Phishing,mock_Mock_Data_12_09_2025.xlsx,18.0,0.05555555555555555,0.1111111111111111,0.0,0.0,0.0,0.0,1.0,0.0,15.0,0.0,1.0,0.0,0.6666666666666666,0.0,0.0,0.0,0.0,3.0,3.6835423624332306,0.0,0.0,0.0,0.0,0.0,0.0,0.0,0.0,0.0,0.0,0.0,0.0,0.0
hdfc-neu-3-henna.vercel.app,Phishing,mock_Mock_Data_12_09_2025.xlsx,27.0,0.037037037037037035,0.07407407407407407,3.0,0.1111111111111111,0.0,0.0,1.0,2.0,10.0,1.0,0.0,0.4,0.5,0.0,0.0,0.0,0.0,3.0,3.736006946447657,0.0,0.0,0.0,0.0,0.0,0.0,0.0,0.0,0.0,0.0,0.0,0.0,0.0
hdfcreward.cyou,Phishing,mock_Mock_Data_12_09_2025.xlsx,15.0,0.0,0.06666666666666667,0.0,0.0,0.0,0.0,0.0,1.0,15.0,0.0,1.0,0.26666666666666666,1.0,0.0,0.0,0.0,0.0,4.0,3.5068905956085183,0.0,0.0,0.0,0.0,0.0,0.0,0.0,0.0,0.0,0.0,0.0,0.0,0.0
hdfc4810.zendesk.com,Phishing,mock_Mock_Data_12_09_2025.xlsx,20.0,0.2,0.1,0.0,0.0,0.0,0.0,1.0,2.0,11.0,1.0,0.0,0.36363636363636365,0.6666666666666666,0.0,0.0,0.0,1.0,3.0,3.9219280948873623,0.0,0.0,0.0,0.0,0.0,0.0,0.0,0.0,0.0,0.0,0.0,0.0,0.0
h5.drhhfccxz.top,Phishing,mock_Mock_Data_12_09_2025.xlsx,16.0,0.0625,0.125,0.0,0.0,0.0,0.0,1.0,0.0,13.0,0.0,1.0,0.0,0.6666666666666666,0.0,0.0,0.0,0.0,3.0,3.452819531114783,0.0,0.0,0.0,0.0,0.0,0.0,0.0,0.0,0.0,0.0,0.0,0.0,0.0
nhaifastag.info,Phishing,mock_Mock_Data_12_09_2025.xlsx,15.0,0.0,0.06666666666666667,0.0,0.0,0.0,0.0,0.0,0.0,15.0,0.0,1.0,0.0,0.75,0.0,0.0,0.0,0.0,4.0,3.1898980954642875,0.0,0.0,0.0,0.0,0.0,0.0,0.0,0.0,0.0,0.0,0.0,0.0,0.0
i09.muletisunnyxx-g21.cloud,Phishing,mock_Mock_Data_12_09_2025.xlsx,27.0,0.14814814814814814,0.07407407407407407,1.0,0.037037037037037035,0.0,0.0,1.0,0.0,23.0,0.0,0.0,0.0,0.75,0.0,0.0,0.0,0.0,5.0,4.208410187268527,0.0,0.0,0.0,0.0,0.0,0.0,0.0,0.0,0.0,0.0,0.0,0.0,0.0
159.65.157.110,Phishing,mock_Mock_Data_12_09_2025.xlsx,14.0,0.7857142857142857,0.21428571428571427,0.0,0.0,0.0,0.0,2.0,0.0,7.0,0.0,0.0,0.0,1.0,0.0,1.0,0.0,0.0,3.0,2.556656707462823,0.0,0.0,0.0,0.0,0.0,0.0,0.0,0.0,0.0,0.0,0.0,0.0,0.0
3.6.82.17,Phishing,mock_Mock_Data_12_09_2025.xlsx,9.0,0.6666666666666666,0.3333333333333333,0.0,0.0,0.0,0.0,2.0,0.0,5.0,0.0,0.0,0.0,99.0,0.0,1.0,0.0,0.0,2.0,2.6416041678685933,0.0,0.0,0.0,0.0,0.0,0.0,0.0,0.0,0.0,0.0,0.0,0.0,0.0
160.187.54.235,Phishing,mock_Mock_Data_12_09_2025.xlsx,14.0,0.7857142857142857,0.21428571428571427,0.0,0.0,0.0,0.0,2.0,0.0,6.0,0.0,0.0,0.0,1.0,0.0,1.0,0.0,0.0,3.0,3.182005814760214,0.0,0.0,0.0,0.0,0.0,0.0,0.0,0.0,0.0,0.0,0.0,0.0,0.0
maxtn.bigcityexperience.com,Phishing,mock_Mock_Data_12_09_2025.xlsx,27.0,0.0,0.07407407407407407,0.0,0.0,0.0,0.0,1.0,0.0,21.0,0.0,0.0,0.0,0.6666666666666666,0.0,0.0,0.0,1.0,3.0,3.7360069464476564,0.0,0.0,0.0,0.0,0.0,0.0,0.0,0.0,0.0,0.0,0.0,0.0,0.0
dev-offshore.wealthfy.com,Phishing,mock_Mock_Data_12_09_2025.xlsx,25.0,0.0,0.08,1.0,0.04,0.0,0.0,1.0,0.0,12.0,0.0,0.0,0.0,0.6666666666666666,0.0,0.0,0.0,1.0,3.0,3.9132696895151073,0.0,0.0,0.0,0.0,0.0,0.0,0.0,0.0,0.0,0.0,0.0,0.0,0.0
apidocs.apibanking.com,Phishing,mock_Mock_Data_12_09_2025.xlsx,22.0,0.0,0.09090909090909091,0.0,0.0,0.0,0.0,1.0,0.0,14.0,0.0,0.0,0.0,0.6666666666666666,0.0,0.0,0.0,1.0,3.0,3.572623663895164,0.0,0.0,0.0,0.0,0.0,0.0,0.0,1.0,0.0,0.0,0.0,0.0,0.0
hdfcltdhelp.zendesk.com,Phishing,mock_Mock_Data_12_09_2025.xlsx,23.0,0.0,0.08695652173913043,0.0,0.0,0.0,0.0,1.0,2.0,11.0,1.0,0.0,0.36363636363636365,0.6666666666666666,0.0,0.0,0.0,1.0,3.0,3.7622673906514947,0.0,0.0,0.0,0.0,0.0,0.0,0.0,0.0,0.0,0.0,0.0,0.0,0.0
hkjhkhkhkhkhkhkhkhkhkh.pages.dev,Phishing,mock_Mock_Data_12_09_2025.xlsx,32.0,0.0,0.0625,0.0,0.0,0.0,0.0,1.0,0.0,9.0,0.0,0.0,0.0,0.75,0.0,0.0,0.0,0.0,3.0,2.6477178514411284,0.0,0.0,0.0,0.0,0.0,0.0,0.0,0.0,0.0,0.0,0.0,0.0,0.0
hdfc-bank-app.vercel.app,Phishing,mock_Mock_Data_12_09_2025.xlsx,24.0,0.0,0.08333333333333333,2.0,0.08333333333333333,0.0,0.0,1.0,2.0,10.0,1.0,0.0,0.4,0.5,0.0,0.0,0.0,0.0,3.0,3.7201755214643453,0.0,0.0,0.0,0.0,0.0,0.0,0.0,0.0,0.0,0.0,0.0,0.0,0.0
hdfcbank-35747.zendesk.com,Phishing,mock_Mock_Data_12_09_2025.xlsx,26.0,0.19230769230769232,0.07692307692307693,1.0,0.038461538461538464,0.0,0.0,1.0,2.0,11.0,1.0,0.0,0.36363636363636365,0.6666666666666666,0.0,0.0,0.0,1.0,3.0,4.1619781796795525,0.0,0.0,0.0,0.0,0.0,0.0,0.0,0.0,0.0,0.0,0.0,0.0,0.0
webhdfc-810ce.firebaseapp.com,Phishing,mock_Mock_Data_12_09_2025.xlsx,29.0,0.10344827586206896,0.06896551724137931,1.0,0.034482758620689655,0.0,0.0,1.0,2.0,15.0,1.0,0.0,0.26666666666666666,0.6666666666666666,0.0,0.0,0.0,1.0,3.0,4.073329701949522,0.0,0.0,0.0,0.0,0.0,0.0,0.0,0.0,0.0,0.0,0.0,0.0,0.0
hdfpts.firebaseapp.com,Phishing,mock_Mock_Data_12_09_2025.xlsx,22.0,0.0,0.09090909090909091,0.0,0.0,0.0,0.0,1.0,0.0,15.0,0.0,0.0,0.0,0.6666666666666666,0.0,0.0,0.0,1.0,3.0,3.788754913993503,0.0,0.0,0.0,0.0,0.0,0.0,0.0,0.0,0.0,0.0,0.0,0.0,0.0
hdfc-99121.zendesk.com,Phishing,mock_Mock_Data_12_09_2025.xlsx,22.0,0.22727272727272727,0.09090909090909091,1.0,0.045454545454545456,0.0,0.0,1.0,2.0,11.0,1.0,0.0,0.36363636363636365,0.6666666666666666,0.0,0.0,0.0,1.0,3.0,3.9139770731827506,0.0,0.0,0.0,0.0,0.0,0.0,0.0,0.0,0.0,0.0,0.0,0.0,0.0
hdfc-57378.zendesk.com,Phishing,mock_Mock_Data_12_09_2025.xlsx,22.0,0.22727272727272727,0.09090909090909091,1.0,0.045454545454545456,0.0,0.0,1.0,2.0,11.0,1.0,0.0,0.36363636363636365,0.6666666666666666,0.0,0.0,0.0,1.0,3.0,4.004886164091841,0.0,0.0,0.0,0.0,0.0,0.0,0.0,0.0,0.0,0.0,0.0,0.0,0.0
hdfc.managecard.co.in,Phishing,mock_Mock_Data_12_09_2025.xlsx,21.0,0.0,0.14285714285714285,0.0,0.0,0.0,0.0,2.0,2.0,5.0,1.0,0.0,0.8,1.0,0.0,0.0,0.0,0.0,2.0,3.52257158913636,0.0,0.0,0.0,0.0,0.0,0.0,0.0,0.0,0.0,0.0,0.0,0.0,0.0
in.appurse.com,Phishing,mock_Mock_Data_12_09_2025.xlsx,14.0,0.0,0.14285714285714285,0.0,0.0,0.0,0.0,1.0,0.0,11.0,0.0,0.0,0.0,0.6666666666666666,0.0,0.0,0.0,1.0,3.0,3.521640636343319,0.0,0.0,0.0,0.0,0.0,0.0,0.0,0.0,0.0,0.0,0.0,0.0,0.0
hdfcbank-48709.zendesk.com,Phishing,mock_Mock_Data_12_09_2025.xlsx,26.0,0.19230769230769232,0.07692307692307693,1.0,0.038461538461538464,0.0,0.0,1.0,2.0,11.0,1.0,0.0,0.36363636363636365,0.6666666666666666,0.0,0.0,0.0,1.0,3.0,4.238901256602629,0.0,0.0,0.0,0.0,0.0,0.0,0.0,0.0,0.0,0.0,0.0,0.0,0.0
hdfc-49762.zendesk.com,Phishing,mock_Mock_Data_12_09_2025.xlsx,22.0,0.22727272727272727,0.09090909090909091,1.0,0.045454545454545456,0.0,0.0,1.0,2.0,11.0,1.0,0.0,0.36363636363636365,0.6666666666666666,0.0,0.0,0.0,1.0,3.0,4.095795255000932,0.0,0.0,0.0,0.0,0.0,0.0,0.0,0.0,0.0,0.0,0.0,0.0,0.0
hdfc-neu-3.vercel.app,Phishing,mock_Mock_Data_12_09_2025.xlsx,21.0,0.047619047619047616,0.09523809523809523,2.0,0.09523809523809523,0.0,0.0,1.0,2.0,10.0,1.0,0.0,0.4,0.5,0.0,0.0,0.0,0.0,3.0,3.7849418274376423,0.0,0.0,0.0,0.0,0.0,0.0,0.0,0.0,0.0,0.0,0.0,0.0,0.0
hdfc-neu-2.vercel.app,Phishing,mock_Mock_Data_12_09_2025.xlsx,21.0,0.047619047619047616,0.09523809523809523,2.0,0.09523809523809523,0.0,0.0,1.0,2.0,10.0,1.0,0.0,0.4,0.5,0.0,0.0,0.0,0.0,3.0,3.7849418274376423,0.0,0.0,0.0,0.0,0.0,0.0,0.0,0.0,0.0,0.0,0.0,0.0,0.0
hdfc-jdhjfdg.vercel.app,Phishing,mock_Mock_Data_12_09_2025.xlsx,23.0,0.0,0.08695652173913043,1.0,0.043478260869565216,0.0,0.0,1.0,2.0,10.0,1.0,0.0,0.4,0.5,0.0,0.0,0.0,0.0,3.0,3.708132064658602,0.0,0.0,0.0,0.0,0.0,0.0,0.0,0.0,0.0,0.0,0.0,0.0,0.0
13.126.51.54,Phishing,mock_Mock_Data_12_09_2025.xlsx,12.0,0.75,0.25,0.0,0.0,0.0,0.0,2.0,0.0,5.0,0.0,0.0,0.0,1.0,0.0,1.0,0.0,0.0,2.0,2.6258145836939115,0.0,0.0,0.0,0.0,0.0,0.0,0.0,0.0,0.0,0.0,0.0,0.0,0.0
hdfc-95999.zendesk.com,Phishing,mock_Mock_Data_12_09_2025.xlsx,22.0,0.22727272727272727,0.09090909090909091,1.0,0.045454545454545456,0.0,0.0,1.0,2.0,11.0,1.0,0.0,0.36363636363636365,0.6666666666666666,0.0,0.0,1.0,1.0,3.0,3.7321588913645685,0.0,0.0,0.0,0.0,0.0,0.0,0.0,0.0,0.0,0.0,0.0,0.0,0.0
mygetclaimpoints.com,Phishing,mock_Mock_Data_12_09_2025.xlsx,20.0,0.0,0.05,0.0,0.0,0.0,0.0,0.0,0.0,20.0,0.0,0.0,0.0,0.6666666666666666,0.0,0.0,0.0,1.0,3.0,3.684183719779189,0.0,0.0,0.0,0.0,0.0,0.0,0.0,0.0,0.0,0.0,0.0,0.0,0.0
hdfc.managecard.in,Phishing,mock_Mock_Data_12_09_2025.xlsx,18.0,0.0,0.1111111111111111,0.0,0.0,0.0,0.0,1.0,2.0,13.0,1.0,0.0,0.3076923076923077,1.0,0.0,0.0,0.0,0.0,2.0,3.4613201402110083,0.0,0.0,0.0,0.0,0.0,0.0,0.0,0.0,0.0,0.0,0.0,0.0,0.0
vktnkl.vercel.app,Phishing,mock_Mock_Data_12_09_2025.xlsx,17.0,0.0,0.11764705882352941,0.0,0.0,0.0,0.0,1.0,0.0,10.0,0.0,0.0,0.0,0.5,0.0,0.0,0.0,0.0,3.0,3.381580488309164,0.0,0.0,0.0,0.0,0.0,0.0,0.0,0.0,0.0,0.0,0.0,0.0,0.0
15.206.113.1,Phishing,mock_Mock_Data_12_09_2025.xlsx,12.0,0.75,0.25,0.0,0.0,0.0,0.0,2.0,0.0,5.0,0.0,0.0,0.0,1.0,0.0,1.0,0.0,0.0,1.0,2.5220552088742005,0.0,0.0,0.0,0.0,0.0,0.0,0.0,0.0,0.0,0.0,0.0,0.0,0.0
nhaifastag.com,Phishing,mock_Mock_Data_12_09_2025.xlsx,14.0,0.0,0.07142857142857142,0.0,0.0,0.0,0.0,0.0,0.0,14.0,0.0,0.0,0.0,0.6666666666666666,0.0,0.0,0.0,1.0,3.0,3.4677201004744997,0.0,0.0,0.0,0.0,0.0,0.0,0.0,0.0,0.0,0.0,0.0,0.0,0.0
hdfcbankinzhb.zendesk.com,Phishing,mock_Mock_Data_12_09_2025.xlsx,25.0,0.0,0.08,0.0,0.0,0.0,0.0,1.0,2.0,11.0,1.0,0.0,0.36363636363636365,0.6666666666666666,0.0,0.0,0.0,1.0,3.0,3.8136606896881853,0.0,0.0,0.0,0.0,0.0,0.0,0.0,0.0,0.0,0.0,0.0,0.0,0.0
hdfc347.zendesk.com,Phishing,mock_Mock_Data_12_09_2025.xlsx,19.0,0.15789473684210525,0.10526315789473684,0.0,0.0,0.0,0.0,1.0,2.0,11.0,1.0,0.0,0.36363636363636365,0.6666666666666666,0.0,0.0,0.0,1.0,3.0,3.8268748818646365,0.0,0.0,0.0,0.0,0.0,0.0,0.0,0.0,0.0,0.0,0.0,0.0,0.0
hdfc-4538.zendesk.com,Phishing,mock_Mock_Data_12_09_2025.xlsx,21.0,0.19047619047619047,0.09523809523809523,1.0,0.047619047619047616,0.0,0.0,1.0,2.0,11.0,1.0,0.0,0.36363636363636365,0.6666666666666666,0.0,0.0,0.0,1.0,3.0,4.011365041826378,0.0,0.0,0.0,0.0,0.0,0.0,0.0,0.0,0.0,0.0,0.0,0.0,0.0
krishna.justchillstore.shop,Phishing,mock_Mock_Data_12_09_2025.xlsx,27.0,0.0,0.07407407407407407,0.0,0.0,0.0,0.0,1.0,0.0,19.0,0.0,1.0,0.0,1.0,0.0,0.0,0.0,0.0,4.0,3.838039816898156,0.0,0.0,0.0,0.0,0.0,0.0,0.0,0.0,0.0,0.0,0.0,0.0,0.0
drhhfc.com,Phishing,mock_Mock_Data_12_09_2025.xlsx,10.0,0.0,0.1,0.0,0.0,0.0,0.0,0.0,0.0,10.0,0.0,0.0,0.0,0.6666666666666666,0.0,0.0,0.0,1.0,3.0,2.9219280948873623,0.0,0.0,0.0,0.0,0.0,0.0,0.0,0.0,0.0,0.0,0.0,0.0,0.0
newfasthdfcvip.com,Phishing,mock_Mock_Data_12_09_2025.xlsx,18.0,0.0,0.05555555555555555,0.0,0.0,0.0,0.0,0.0,1.0,18.0,0.0,0.0,0.2222222222222222,0.6666666666666666,0.0,0.0,0.0,1.0,3.0,3.94770277922009,0.0,0.0,0.0,0.0,0.0,0.0,0.0,0.0,0.0,0.0,0.0,0.0,0.0
fastnetpro.com,Phishing,mock_Mock_Data_12_09_2025.xlsx,14.0,0.0,0.07142857142857142,0.0,0.0,0.0,0.0,0.0,0.0,14.0,0.0,0.0,0.0,0.6666666666666666,0.0,0.0,0.0,1.0,3.0,3.521640636343319,0.0,0.0,0.0,0.0,0.0,0.0,0.0,0.0,0.0,0.0,0.0,0.0,0.0
newfasthdfc.com,Phishing,mock_Mock_Data_12_09_2025.xlsx,15.0,0.0,0.06666666666666667,0.0,0.0,0.0,0.0,0.0,1.0,15.0,0.0,0.0,0.26666666666666666,0.6666666666666666,0.0,0.0,0.0,1.0,3.0,3.640223928941851,0.0,0.0,0.0,0.0,0.0,0.0,0.0,0.0,0.0,0.0,0.0,0.0,0.0
randomnewhc.com,Phishing,mock_Mock_Data_12_09_2025.xlsx,15.0,0.0,0.06666666666666667,0.0,0.0,0.0,0.0,0.0,0.0,15.0,0.0,0.0,0.0,0.6666666666666666,0.0,0.0,0.0,1.0,3.0,3.3735572622751855,0.0,0.0,0.0,0.0,0.0,0.0,0.0,0.0,0.0,0.0,0.0,0.0,0.0
13.127.91.63,Phishing,mock_Mock_Data_12_09_2025.xlsx,12.0,0.75,0.25,0.0,0.0,0.0,0.0,2.0,0.0,5.0,0.0,0.0,0.0,1.0,0.0,1.0,0.0,0.0,2.0,2.625814583693911,0.0,0.0,0.0,0.0,0.0,0.0,0.0,0.0,0.0,0.0,0.0,0.0,0.0
hdfc-nine.vercel.app,Phishing,mock_Mock_Data_12_09_2025.xlsx,20.0,0.0,0.1,1.0,0.05,0.0,0.0,1.0,2.0,10.0,1.0,0.0,0.4,0.5,0.0,0.0,0.0,0.0,3.0,3.6841837197791887,0.0,0.0,0.0,0.0,0.0,0.0,0.0,0.0,0.0,0.0,0.0,0.0,0.0
hdfc-15481.zendesk.com,Phishing,mock_Mock_Data_12_09_2025.xlsx,22.0,0.22727272727272727,0.09090909090909091,1.0,0.045454545454545456,0.0,0.0,1.0,2.0,11.0,1.0,0.0,0.36363636363636365,0.6666666666666666,0.0,0.0,0.0,1.0,3.0,4.004886164091841,0.0,0.0,0.0,0.0,0.0,0.0,0.0,0.0,0.0,0.0,0.0,0.0,0.0
hdfc-75391.zendesk.com,Phishing,mock_Mock_Data_12_09_2025.xlsx,22.0,0.22727272727272727,0.09090909090909091,1.0,0.045454545454545456,0.0,0.0,1.0,2.0,11.0,1.0,0.0,0.36363636363636365,0.6666666666666666,0.0,0.0,0.0,1.0,3.0,4.095795255000932,0.0,0.0,0.0,0.0,0.0,0.0,0.0,0.0,0.0,0.0,0.0,0.0,0.0
hdfcbank-84186.zendesk.com,Phishing,mock_Mock_Data_12_09_2025.xlsx,26.0,0.19230769230769232,0.07692307692307693,1.0,0.038461538461538464,0.0,0.0,1.0,2.0,11.0,1.0,0.0,0.36363636363636365,0.6666666666666666,0.0,0.0,0.0,1.0,3.0,4.1619781796795525,0.0,0.0,0.0,0.0,0.0,0.0,0.0,0.0,0.0,0.0,0.0,0.0,0.0
hdfcbank4992.zendesk.com,Phishing,mock_Mock_Data_12_09_2025.xlsx,24.0,0.16666666666666666,0.08333333333333333,0.0,0.0,0.0,0.0,1.0,2.0,11.0,1.0,0.0,0.36363636363636365,0.6666666666666666,0.0,0.0,0.0,1.0,3.0,4.001629167387823,0.0,0.0,0.0,0.0,0.0,0.0,0.0,0.0,0.0,0.0,0.0,0.0,0.0
www.hdfc.manageuserapp.com,Phishing,mock_Mock_Data_12_09_2025.xlsx,26.0,0.0,0.11538461538461539,0.0,0.0,0.0,0.0,2.0,2.0,17.0,1.0,0.0,0.23529411764705882,0.6666666666666666,0.0,0.0,0.0,1.0,3.0,3.8441065448145375,0.0,0.0,0.0,0.0,0.0,0.0,0.0,0.0,0.0,0.0,0.0,0.0,0.0
182.79.233.118,Phishing,mock_Mock_Data_12_09_2025.xlsx,14.0,0.7857142857142857,0.21428571428571427,0.0,0.0,0.0,0.0,2.0,0.0,7.0,0.0,0.0,0.0,1.0,0.0,1.0,0.0,0.0,3.0,2.699513850319966,0.0,0.0,0.0,0.0,0.0,0.0,0.0,0.0,0.0,0.0,0.0,0.0,0.0
hdfc6e.zendesk.com,Phishing,mock_Mock_Data_12_09_2025.xlsx,18.0,0.05555555555555555,0.1111111111111111,0.0,0.0,0.0,0.0,1.0,2.0,11.0,1.0,0.0,0.36363636363636365,0.5,0.0,0.0,0.0,1.0,3.0,3.5724312513221195,0.0,0.0,0.0,0.0,0.0,0.0,0.0,0.0,0.0,0.0,0.0,0.0,0.0
hdfc-75745.zendesk.com,Phishing,mock_Mock_Data_12_09_2025.xlsx,22.0,0.22727272727272727,0.09090909090909091,1.0,0.045454545454545456,0.0,0.0,1.0,2.0,11.0,1.0,0.0,0.36363636363636365,0.6666666666666666,0.0,0.0,0.0,1.0,3.0,3.9139770731827506,0.0,0.0,0.0,0.0,0.0,0.0,0.0,0.0,0.0,0.0,0.0,0.0,0.0
hdfc.thewimpyswrath.com,Phishing,mock_Mock_Data_12_09_2025.xlsx,23.0,0.0,0.08695652173913043,0.0,0.0,0.0,0.0,1.0,2.0,18.0,1.0,0.0,0.2222222222222222,0.6666666666666666,0.0,0.0,0.0,1.0,3.0,3.882045108136863,0.0,0.0,0.0,0.0,0.0,0.0,0.0,0.0,0.0,0.0,0.0,0.0,0.0
cardshdfc.com,Phishing,mock_Mock_Data_12_09_2025.xlsx,13.0,0.0,0.07692307692307693,0.0,0.0,0.0,0.0,0.0,1.0,13.0,0.0,0.0,0.3076923076923077,0.6666666666666666,0.0,0.0,0.0,1.0,3.0,3.180832987205441,0.0,0.0,0.0,0.0,0.0,0.0,0.0,0.0,0.0,0.0,0.0,0.0,0.0
vite-react-tczo.vercel.app,Phishing,mock_Mock_Data_12_09_2025.xlsx,26.0,0.0,0.07692307692307693,2.0,0.07692307692307693,0.0,0.0,1.0,0.0,10.0,0.0,0.0,0.0,0.5,0.0,0.0,0.0,0.0,3.0,3.565448371820825,0.0,0.0,0.0,0.0,0.0,0.0,0.0,0.0,0.0,0.0,0.0,0.0,0.0
radeempoints.com,Phishing,mock_Mock_Data_12_09_2025.xlsx,16.0,0.0,0.0625,0.0,0.0,0.0,0.0,0.0,0.0,16.0,0.0,0.0,0.0,0.6666666666666666,0.0,0.0,0.0,1.0,3.0,3.625,0.0,0.0,0.0,0.0,0.0,0.0,0.0,0.0,0.0,0.0,0.0,0.0,0.0
www.myhdfccards.com,Phishing,mock_Mock_Data_12_09_2025.xlsx,19.0,0.0,0.10526315789473684,0.0,0.0,0.0,0.0,1.0,1.0,15.0,0.0,0.0,0.26666666666666666,0.6666666666666666,0.0,0.0,0.0,1.0,3.0,3.431623565847431,0.0,0.0,0.0,0.0,0.0,0.0,0.0,0.0,0.0,0.0,0.0,0.0,0.0
sites.google.com,Phishing,mock_Mock_Data_12_09_2025.xlsx,16.0,0.0,0.125,0.0,0.0,0.0,0.0,1.0,0.0,10.0,0.0,0.0,0.0,0.5,0.0,0.0,0.0,1.0,3.0,3.202819531114783,0.0,0.0,0.0,0.0,0.0,0.0,0.0,0.0,0.0,0.0,0.0,0.0,0.0
arunwb.github.io,Phishing,mock_Mock_Data_12_09_2025.xlsx,16.0,0.0,0.125,0.0,0.0,0.0,0.0,1.0,0.0,9.0,0.0,0.0,0.0,99.0,0.0,0.0,0.0,0.0,2.0,3.5,0.0,0.0,0.0,0.0,0.0,0.0,0.0,0.0,0.0,0.0,0.0,0.0,0.0
hi-1qrs.web.app,Phishing,mock_Mock_Data_12_09_2025.xlsx,15.0,0.06666666666666667,0.13333333333333333,1.0,0.06666666666666667,0.0,0.0,1.0,0.0,7.0,0.0,0.0,0.0,0.6666666666666666,0.0,0.0,0.0,0.0,3.0,3.6402239289418516,0.0,0.0,0.0,0.0,0.0,0.0,0.0,0.0,0.0,0.0,0.0,0.0,0.0
hi-1qrs.firebaseapp.com,Phishing,mock_Mock_Data_12_09_2025.xlsx,23.0,0.043478260869565216,0.08695652173913043,1.0,0.043478260869565216,0.0,0.0,1.0,0.0,15.0,0.0,0.0,0.0,0.6666666666666666,0.0,0.0,0.0,1.0,3.0,3.914866303883101,0.0,0.0,0.0,0.0,0.0,0.0,0.0,0.0,0.0,0.0,0.0,0.0,0.0
khushalk21.github.io,Phishing,mock_Mock_Data_12_09_2025.xlsx,20.0,0.1,0.1,0.0,0.0,0.0,0.0,1.0,0.0,9.0,0.0,0.0,0.0,99.0,0.0,0.0,0.0,0.0,2.0,3.6841837197791887,0.0,0.0,0.0,0.0,0.0,0.0,0.0,0.0,0.0,0.0,0.0,0.0,0.0
hdfc4956.zendesk.com,Phishing,mock_Mock_Data_12_09_2025.xlsx,20.0,0.2,0.1,0.0,0.0,0.0,0.0,1.0,2.0,11.0,1.0,0.0,0.36363636363636365,0.6666666666666666,0.0,0.0,0.0,1.0,3.0,3.9219280948873623,0.0,0.0,0.0,0.0,0.0,0.0,0.0,0.0,0.0,0.0,0.0,0.0,0.0
hd.dc8.live,Phishing,mock_Mock_Data_12_09_2025.xlsx,11.0,0.09090909090909091,0.18181818181818182,0.0,0.0,0.0,0.0,1.0,0.0,8.0,0.0,1.0,0.0,0.75,0.0,0.0,0.0,0.0,4.0,3.0957952550009344,0.0,0.0,0.0,0.0,0.0,0.0,0.0,0.0,0.0,0.0,0.0,0.0,0.0
hdfc9113.zendesk.com,Phishing,mock_Mock_Data_12_09_2025.xlsx,20.0,0.2,0.1,0.0,0.0,0.0,0.0,1.0,2.0,11.0,1.0,0.0,0.36363636363636365,0.6666666666666666,0.0,0.0,0.0,1.0,3.0,3.821928094887362,0.0,0.0,0.0,0.0,0.0,0.0,0.0,0.0,0.0,0.0,0.0,0.0,0.0
hdfcbank4754.zendesk.com,Phishing,mock_Mock_Data_12_09_2025.xlsx,24.0,0.16666666666666666,0.08333333333333333,0.0,0.0,0.0,0.0,1.0,2.0,11.0,1.0,0.0,0.36363636363636365,0.6666666666666666,0.0,0.0,0.0,1.0,3.0,4.001629167387823,0.0,0.0,0.0,0.0,0.0,0.0,0.0,0.0,0.0,0.0,0.0,0.0,0.0
h-dfcp-0-int.vercel.app,Phishing,mock_Mock_Data_12_09_2025.xlsx,23.0,0.043478260869565216,0.08695652173913043,3.0,0.13043478260869565,0.0,0.0,1.0,0.0,10.0,0.0,0.0,0.0,0.5,0.0,0.0,0.0,0.0,3.0,3.849223912390625,0.0,0.0,0.0,0.0,0.0,0.0,0.0,0.0,0.0,0.0,0.0,0.0,0.0
hdfcbank3180.zendesk.com,Phishing,mock_Mock_Data_12_09_2025.xlsx,24.0,0.16666666666666666,0.08333333333333333,0.0,0.0,0.0,0.0,1.0,2.0,11.0,1.0,0.0,0.36363636363636365,0.6666666666666666,0.0,0.0,0.0,1.0,3.0,4.084962500721157,0.0,0.0,0.0,0.0,0.0,0.0,0.0,0.0,0.0,0.0,0.0,0.0,0.0
www.hdfcinsurance.online,Phishing,mock_Mock_Data_12_09_2025.xlsx,24.0,0.0,0.08333333333333333,0.0,0.0,0.0,0.0,1.0,1.0,20.0,0.0,1.0,0.2,0.3333333333333333,0.0,0.0,0.0,0.0,6.0,3.7201755214643453,0.0,0.0,0.0,0.0,0.0,0.0,0.0,0.0,0.0,0.0,0.0,0.0,0.0
vite-t-85sc.vercel.app,Phishing,mock_Mock_Data_12_09_2025.xlsx,22.0,0.09090909090909091,0.09090909090909091,2.0,0.09090909090909091,0.0,0.0,1.0,0.0,10.0,0.0,0.0,0.0,0.5,0.0,0.0,0.0,0.0,3.0,3.6978458230844122,0.0,0.0,0.0,0.0,0.0,0.0,0.0,0.0,0.0,0.0,0.0,0.0,0.0
220.225.104.139,Phishing,mock_Mock_Data_12_09_2025.xlsx,15.0,0.8,0.2,0.0,0.0,0.0,0.0,2.0,0.0,7.0,0.0,0.0,0.0,1.0,0.0,1.0,0.0,0.0,3.0,2.7898980954642876,0.0,0.0,0.0,0.0,0.0,0.0,0.0,0.0,0.0,0.0,0.0,0.0,0.0
mygetrewardsclaim.com,Phishing,mock_Mock_Data_12_09_2025.xlsx,21.0,0.0,0.047619047619047616,0.0,0.0,0.0,0.0,0.0,0.0,21.0,0.0,0.0,0.0,0.6666666666666666,0.0,0.0,0.0,1.0,3.0,3.7849418274376427,0.0,0.0,0.0,0.0,0.0,0.0,0.0,0.0,0.0,0.0,0.0,0.0,0.0
hdfcbank3846.zendesk.com,Phishing,mock_Mock_Data_12_09_2025.xlsx,24.0,0.16666666666666666,0.08333333333333333,0.0,0.0,0.0,0.0,1.0,2.0,11.0,1.0,0.0,0.36363636363636365,0.6666666666666666,0.0,0.0,0.0,1.0,3.0,4.084962500721156,0.0,0.0,0.0,0.0,0.0,0.0,0.0,0.0,0.0,0.0,0.0,0.0,0.0
45-1em.pages.dev,Phishing,mock_Mock_Data_12_09_2025.xlsx,16.0,0.1875,0.125,1.0,0.0625,0.0,0.0,1.0,0.0,9.0,0.0,0.0,0.0,0.75,0.0,0.0,0.0,0.0,3.0,3.577819531114783,0.0,0.0,0.0,0.0,0.0,0.0,0.0,0.0,0.0,0.0,0.0,0.0,0.0
dtrymn.vercel.app,Phishing,mock_Mock_Data_12_09_2025.xlsx,17.0,0.0,0.11764705882352941,0.0,0.0,0.0,0.0,1.0,0.0,10.0,0.0,0.0,0.0,0.5,0.0,0.0,0.0,0.0,3.0,3.6168746059562227,0.0,0.0,0.0,0.0,0.0,0.0,0.0,0.0,0.0,0.0,0.0,0.0,0.0
gamer0124.github.io,Phishing,mock_Mock_Data_12_09_2025.xlsx,19.0,0.21052631578947367,0.10526315789473684,0.0,0.0,0.0,0.0,1.0,0.0,9.0,0.0,0.0,0.0,99.0,0.0,0.0,0.0,0.0,2.0,3.9321380397593737,0.0,0.0,0.0,0.0,0.0,0.0,0.0,0.0,0.0,0.0,0.0,0.0,0.0
hdfcinsurance.help,Phishing,mock_Mock_Data_12_09_2025.xlsx,18.0,0.0,0.05555555555555555,0.0,0.0,0.0,0.0,0.0,1.0,18.0,0.0,0.0,0.2222222222222222,0.75,0.0,0.0,0.0,0.0,4.0,3.7254805569978675,0.0,0.0,0.0,0.0,0.0,0.0,0.0,0.0,0.0,0.0,0.0,0.0,0.0
hdfc-dil.vercel.app,Phishing,mock_Mock_Data_12_09_2025.xlsx,19.0,0.0,0.10526315789473684,1.0,0.05263157894736842,0.0,0.0,1.0,2.0,10.0,1.0,0.0,0.4,0.5,0.0,0.0,0.0,0.0,3.0,3.616348566075164,0.0,0.0,0.0,0.0,0.0,0.0,0.0,0.0,0.0,0.0,0.0,0.0,0.0
free-office.xyz,Phishing,mock_Mock_Data_12_09_2025.xlsx,15.0,0.0,0.06666666666666667,1.0,0.06666666666666667,0.0,0.0,0.0,0.0,15.0,0.0,1.0,0.0,1.0,0.0,0.0,0.0,0.0,3.0,3.2729055953200556,0.0,0.0,0.0,0.0,0.0,0.0,0.0,0.0,0.0,0.0,0.0,0.0,0.0
hdfc.creditcardlogin.in,Phishing,mock_Mock_Data_12_09_2025.xlsx,23.0,0.0,0.08695652173913043,0.0,0.0,0.0,0.0,1.0,2.0,18.0,1.0,0.0,0.2222222222222222,1.0,0.0,0.0,0.0,0.0,2.0,3.6424896731661263,1.0,0.0,0.0,0.0,0.0,0.0,0.0,0.0,0.0,0.0,0.0,0.0,0.0
lmkdrt.vercel.app,Phishing,mock_Mock_Data_12_09_2025.xlsx,17.0,0.0,0.11764705882352941,0.0,0.0,0.0,0.0,1.0,0.0,10.0,0.0,0.0,0.0,0.5,0.0,0.0,0.0,0.0,3.0,3.4992275471326932,0.0,0.0,0.0,0.0,0.0,0.0,0.0,0.0,0.0,0.0,0.0,0.0,0.0
hdfccredit.in,Phishing,mock_Mock_Data_12_09_2025.xlsx,13.0,0.0,0.07692307692307693,0.0,0.0,0.0,0.0,0.0,1.0,13.0,0.0,0.0,0.3076923076923077,99.0,0.0,0.0,0.0,0.0,2.0,3.238901256602631,0.0,0.0,0.0,0.0,0.0,0.0,0.0,0.0,0.0,0.0,0.0,0.0,0.0
www.hdfccredit.in,Phishing,mock_Mock_Data_12_09_2025.xlsx,17.0,0.0,0.11764705882352941,0.0,0.0,0.0,0.0,1.0,1.0,13.0,0.0,0.0,0.3076923076923077,1.0,0.0,0.0,0.0,0.0,2.0,3.337175341123077,0.0,0.0,0.0,0.0,0.0,0.0,0.0,0.0,0.0,0.0,0.0,0.0,0.0
getrewardspoints.com,Phishing,mock_Mock_Data_12_09_2025.xlsx,20.0,0.0,0.05,0.0,0.0,0.0,0.0,0.0,0.0,20.0,0.0,0.0,0.0,0.6666666666666666,0.0,0.0,0.0,1.0,3.0,3.821928094887362,0.0,0.0,0.0,0.0,0.0,0.0,0.0,0.0,0.0,0.0,0.0,0.0,0.0
online-hd.pages.dev,Phishing,mock_Mock_Data_12_09_2025.xlsx,19.0,0.0,0.10526315789473684,1.0,0.05263157894736842,0.0,0.0,1.0,0.0,9.0,0.0,0.0,0.0,0.3333333333333333,0.0,0.0,0.0,0.0,3.0,3.681880802803402,0.0,0.0,0.0,0.0,0.0,0.0,0.0,0.0,0.0,0.0,0.0,0.0,0.0
www.supportsmycards.in,Phishing,mock_Mock_Data_12_09_2025.xlsx,22.0,0.0,0.09090909090909091,0.0,0.0,0.0,0.0,1.0,0.0,18.0,0.0,0.0,0.0,1.0,0.0,0.0,0.0,0.0,2.0,3.7544418457133446,0.0,0.0,0.0,0.0,0.0,0.0,1.0,0.0,0.0,0.0,0.0,0.0,0.0
hdfczerox-news-projects-30bc6bd4.vercel.app,Phishing,mock_Mock_Data_12_09_2025.xlsx,43.0,0.09302325581395349,0.046511627906976744,3.0,0.06976744186046512,0.0,0.0,1.0,2.0,10.0,1.0,0.0,0.4,0.5,0.0,0.0,0.0,0.0,3.0,4.405932127238674,0.0,0.0,0.0,0.0,0.0,0.0,0.0,0.0,0.0,0.0,0.0,0.0,0.0
claimvouchers.in,Phishing,mock_Mock_Data_12_09_2025.xlsx,16.0,0.0,0.0625,0.0,0.0,0.0,0.0,0.0,0.0,16.0,0.0,0.0,0.0,99.0,0.0,0.0,0.0,0.0,2.0,3.75,0.0,0.0,0.0,0.0,0.0,0.0,0.0,0.0,0.0,0.0,0.0,0.0,0.0
tsrbjhk.vercel.app,Phishing,mock_Mock_Data_12_09_2025.xlsx,18.0,0.0,0.1111111111111111,0.0,0.0,0.0,0.0,1.0,0.0,10.0,0.0,0.0,0.0,0.5,0.0,0.0,0.0,0.0,3.0,3.7254805569978675,0.0,0.0,0.0,0.0,0.0,0.0,0.0,0.0,0.0,0.0,0.0,0.0,0.0
da.gd,Phishing,mock_Mock_Data_12_09_2025.xlsx,5.0,0.0,0.2,0.0,0.0,0.0,0.0,0.0,0.0,5.0,0.0,0.0,0.0,99.0,0.0,0.0,0.0,0.0,2.0,1.9219280948873623,0.0,0.0,0.0,0.0,0.0,0.0,0.0,0.0,0.0,0.0,0.0,0.0,0.0
twdsa.bizinfotools.com,Phishing,mock_Mock_Data_12_09_2025.xlsx,22.0,0.0,0.09090909090909091,0.0,0.0,0.0,0.0,1.0,0.0,16.0,0.0,0.0,0.0,0.6666666666666666,0.0,0.0,0.0,1.0,3.0,3.732158891364569,0.0,0.0,0.0,0.0,0.0,0.0,0.0,0.0,0.0,0.0,0.0,0.0,0.0
bizinfotools.com,Phishing,mock_Mock_Data_12_09_2025.xlsx,16.0,0.0,0.0625,0.0,0.0,0.0,0.0,0.0,0.0,16.0,0.0,0.0,0.0,0.6666666666666666,0.0,0.0,0.0,1.0,3.0,3.375,0.0,0.0,0.0,0.0,0.0,0.0,0.0,0.0,0.0,0.0,0.0,0.0,0.0
hdfc-cpp.site,Phishing,mock_Mock_Data_12_09_2025.xlsx,13.0,0.0,0.07692307692307693,1.0,0.07692307692307693,0.0,0.0,0.0,1.0,13.0,0.0,1.0,0.3076923076923077,0.5,0.0,0.0,0.0,0.0,4.0,3.3927474104487847,0.0,0.0,0.0,0.0,0.0,0.0,0.0,0.0,0.0,0.0,0.0,0.0,0.0
mypointsrewards.com,Phishing,mock_Mock_Data_12_09_2025.xlsx,19.0,0.0,0.05263157894736842,0.0,0.0,0.0,0.0,0.0,0.0,19.0,0.0,0.0,0.0,0.6666666666666666,0.0,0.0,0.0,1.0,3.0,3.826874881864637,0.0,0.0,0.0,0.0,0.0,0.0,0.0,0.0,0.0,0.0,0.0,0.0,0.0
fileasis.com,Phishing,mock_Mock_Data_12_09_2025.xlsx,12.0,0.0,0.08333333333333333,0.0,0.0,0.0,0.0,0.0,0.0,12.0,0.0,0.0,0.0,0.6666666666666666,0.0,0.0,0.0,1.0,3.0,3.2516291673878226,0.0,0.0,0.0,0.0,0.0,0.0,0.0,0.0,0.0,0.0,0.0,0.0,0.0
cpp-support.help,Phishing,mock_Mock_Data_12_09_2025.xlsx,16.0,0.0,0.0625,1.0,0.0625,0.0,0.0,0.0,0.0,16.0,0.0,0.0,0.0,0.75,0.0,0.0,0.0,0.0,4.0,3.274397470347699,0.0,0.0,0.0,0.0,0.0,0.0,1.0,0.0,0.0,0.0,0.0,0.0,0.0
www.hdfcreward.com,Phishing,mock_Mock_Data_12_09_2025.xlsx,18.0,0.0,0.1111111111111111,0.0,0.0,0.0,0.0,1.0,1.0,14.0,0.0,0.0,0.2857142857142857,0.6666666666666666,0.0,0.0,0.0,1.0,3.0,3.2810361125534233,0.0,0.0,0.0,0.0,0.0,0.0,0.0,0.0,0.0,0.0,0.0,0.0,0.0
hdfc.cppio.info,Phishing,mock_Mock_Data_12_09_2025.xlsx,15.0,0.0,0.13333333333333333,0.0,0.0,0.0,0.0,1.0,2.0,10.0,1.0,1.0,0.4,0.75,0.0,0.0,0.0,0.0,4.0,3.106890595608519,0.0,0.0,0.0,0.0,0.0,0.0,0.0,0.0,0.0,0.0,0.0,0.0,0.0
hdfc-cpp.shop,Phishing,mock_Mock_Data_12_09_2025.xlsx,13.0,0.0,0.07692307692307693,1.0,0.07692307692307693,0.0,0.0,0.0,1.0,13.0,0.0,1.0,0.3076923076923077,1.0,0.0,0.0,0.0,0.0,4.0,3.0269868333592873,0.0,0.0,0.0,0.0,0.0,0.0,0.0,0.0,0.0,0.0,0.0,0.0,0.0
www.mycardloginhdfc.in,Phishing,mock_Mock_Data_12_09_2025.xlsx,22.0,0.0,0.09090909090909091,0.0,0.0,0.0,0.0,1.0,1.0,18.0,0.0,0.0,0.2222222222222222,1.0,0.0,0.0,0.0,0.0,2.0,3.7887549139935026,1.0,0.0,0.0,0.0,0.0,0.0,0.0,0.0,0.0,0.0,0.0,0.0,0.0
hdfc-bank-new-opal.vercel.app,Phishing,mock_Mock_Data_12_09_2025.xlsx,29.0,0.0,0.06896551724137931,3.0,0.10344827586206896,0.0,0.0,1.0,2.0,10.0,1.0,0.0,0.4,0.5,0.0,0.0,0.0,0.0,3.0,3.9262723741395074,0.0,0.0,0.0,0.0,0.0,0.0,0.0,0.0,0.0,0.0,0.0,0.0,0.0
hdfcbank.begenuin.com,Phishing,mock_Mock_Data_12_09_2025.xlsx,21.0,0.0,0.09523809523809523,0.0,0.0,0.0,0.0,1.0,2.0,12.0,1.0,0.0,0.3333333333333333,0.6666666666666666,0.0,0.0,0.0,1.0,3.0,3.7849418274376414,0.0,0.0,0.0,0.0,0.0,0.0,0.0,0.0,0.0,0.0,0.0,0.0,0.0
hdfc-cpp.life,Phishing,mock_Mock_Data_12_09_2025.xlsx,13.0,0.0,0.07692307692307693,1.0,0.07692307692307693,0.0,0.0,0.0,1.0,13.0,0.0,0.0,0.3076923076923077,0.75,0.0,0.0,0.0,0.0,4.0,3.238901256602631,0.0,0.0,0.0,0.0,0.0,0.0,0.0,0.0,0.0,0.0,0.0,0.0,0.0
vjhdtry.vercel.app,Phishing,mock_Mock_Data_12_09_2025.xlsx,18.0,0.0,0.1111111111111111,0.0,0.0,0.0,0.0,1.0,0.0,10.0,0.0,0.0,0.0,0.5,0.0,0.0,0.0,0.0,3.0,3.614369445886757,0.0,0.0,0.0,0.0,0.0,0.0,0.0,0.0,0.0,0.0,0.0,0.0,0.0
mycardhdf.in,Phishing,mock_Mock_Data_12_09_2025.xlsx,12.0,0.0,0.08333333333333333,0.0,0.0,0.0,0.0,0.0,0.0,12.0,0.0,0.0,0.0,99.0,0.0,0.0,0.0,0.0,2.0,3.4182958340544896,0.0,0.0,0.0,0.0,0.0,0.0,0.0,0.0,0.0,0.0,0.0,0.0,0.0
plancppproo.com,Phishing,mock_Mock_Data_12_09_2025.xlsx,15.0,0.0,0.06666666666666667,0.0,0.0,0.0,0.0,0.0,0.0,15.0,0.0,0.0,0.0,0.6666666666666666,0.0,0.0,0.0,1.0,3.0,2.9232314287976204,0.0,0.0,0.0,0.0,0.0,0.0,0.0,0.0,0.0,0.0,0.0,0.0,0.0
cppsupport.help,Phishing,mock_Mock_Data_12_09_2025.xlsx,15.0,0.0,0.06666666666666667,0.0,0.0,0.0,0.0,0.0,0.0,15.0,0.0,0.0,0.0,0.75,0.0,0.0,0.0,0.0,4.0,3.1329145639793974,0.0,0.0,0.0,0.0,0.0,0.0,1.0,0.0,0.0,0.0,0.0,0.0,0.0
www.hdfc.mymanageapp.com,Phishing,mock_Mock_Data_12_09_2025.xlsx,24.0,0.0,0.125,0.0,0.0,0.0,0.0,2.0,2.0,15.0,1.0,0.0,0.26666666666666666,0.6666666666666666,0.0,0.0,0.0,1.0,3.0,3.6258145836939115,0.0,0.0,0.0,0.0,0.0,0.0,0.0,0.0,0.0,0.0,0.0,0.0,0.0
hdfc-bank-mpower-learning-app.onlinehackz.com,Phishing,mock_Mock_Data_12_09_2025.xlsx,45.0,0.0,0.044444444444444446,4.0,0.08888888888888889,0.0,0.0,1.0,2.0,15.0,1.0,0.0,0.26666666666666666,0.6666666666666666,0.0,0.0,0.0,1.0,3.0,4.144537752260993,0.0,0.0,0.0,0.0,0.0,0.0,0.0,0.0,0.0,0.0,0.0,0.0,0.0
hdfc8630.zendesk.com,Phishing,mock_Mock_Data_12_09_2025.xlsx,20.0,0.2,0.1,0.0,0.0,0.0,0.0,1.0,2.0,11.0,1.0,0.0,0.36363636363636365,0.6666666666666666,0.0,0.0,0.0,1.0,3.0,3.9219280948873623,0.0,0.0,0.0,0.0,0.0,0.0,0.0,0.0,0.0,0.0,0.0,0.0,0.0
hdfc-preview.vishalb.dev,Phishing,mock_Mock_Data_12_09_2025.xlsx,24.0,0.0,0.08333333333333333,1.0,0.041666666666666664,0.0,0.0,1.0,2.0,11.0,1.0,0.0,0.36363636363636365,0.75,0.0,0.0,0.0,0.0,3.0,3.855388542207534,0.0,0.0,0.0,0.0,0.0,0.0,0.0,0.0,0.0,0.0,0.0,0.0,0.0
mail.myhelpcards.in,Phishing,mock_Mock_Data_12_09_2025.xlsx,19.0,0.0,0.10526315789473684,0.0,0.0,0.0,0.0,1.0,0.0,14.0,0.0,0.0,0.0,0.25,0.0,0.0,0.0,0.0,2.0,3.7216117239699007,0.0,0.0,0.0,0.0,0.0,0.0,0.0,0.0,0.0,0.0,0.0,0.0,0.0
test.esafgoldloan.site,Phishing,mock_Mock_Data_12_09_2025.xlsx,22.0,0.0,0.09090909090909091,0.0,0.0,0.0,0.0,1.0,0.0,17.0,0.0,1.0,0.0,0.5,0.0,0.0,0.0,0.0,4.0,3.4474015047059154,0.0,0.0,0.0,0.0,0.0,0.0,0.0,0.0,0.0,0.0,0.0,0.0,0.0
hdfcbank8491.zendesk.com,Phishing,mock_Mock_Data_12_09_2025.xlsx,24.0,0.16666666666666666,0.08333333333333333,0.0,0.0,0.0,0.0,1.0,2.0,11.0,1.0,0.0,0.36363636363636365,0.6666666666666666,0.0,0.0,0.0,1.0,3.0,4.084962500721156,0.0,0.0,0.0,0.0,0.0,0.0,0.0,0.0,0.0,0.0,0.0,0.0,0.0
www.myhelpcards.in,Phishing,mock_Mock_Data_12_09_2025.xlsx,18.0,0.0,0.1111111111111111,0.0,0.0,0.0,0.0,1.0,0.0,14.0,0.0,0.0,0.0,1.0,0.0,0.0,0.0,0.0,2.0,3.794653473544342,0.0,0.0,0.0,0.0,0.0,0.0,0.0,0.0,0.0,0.0,0.0,0.0,0.0
www.cardhelp.in,Phishing,mock_Mock_Data_12_09_2025.xlsx,15.0,0.0,0.13333333333333333,0.0,0.0,0.0,0.0,1.0,0.0,11.0,0.0,0.0,0.0,1.0,0.0,0.0,0.0,0.0,2.0,3.4565647621309536,0.0,0.0,0.0,0.0,0.0,0.0,0.0,0.0,0.0,0.0,0.0,0.0,0.0
hdfcbankfastag.in,Phishing,mock_Mock_Data_12_09_2025.xlsx,17.0,0.0,0.058823529411764705,0.0,0.0,0.0,0.0,0.0,1.0,17.0,0.0,0.0,0.23529411764705882,99.0,0.0,0.0,0.0,0.0,2.0,3.572469458770136,0.0,0.0,0.0,0.0,0.0,0.0,0.0,0.0,0.0,0.0,0.0,0.0,0.0
www.hdfcbanks.site,Phishing,mock_Mock_Data_12_09_2025.xlsx,18.0,0.0,0.1111111111111111,0.0,0.0,0.0,0.0,1.0,1.0,14.0,0.0,1.0,0.2857142857142857,0.125,0.0,0.0,0.0,0.0,4.0,3.6835423624332306,0.0,0.0,0.0,0.0,0.0,0.0,0.0,0.0,0.0,0.0,0.0,0.0,0.0
test73.besthr.in,Phishing,mock_Mock_Data_12_09_2025.xlsx,16.0,0.125,0.125,0.0,0.0,0.0,0.0,1.0,0.0,9.0,0.0,0.0,0.0,99.0,0.0,0.0,0.0,0.0,2.0,3.327819531114783,0.0,0.0,0.0,0.0,0.0,0.0,0.0,0.0,0.0,0.0,0.0,0.0,0.0
ppplanprotection.com,Phishing,mock_Mock_Data_12_09_2025.xlsx,20.0,0.0,0.05,0.0,0.0,0.0,0.0,0.0,0.0,20.0,0.0,0.0,0.0,0.6666666666666666,0.0,0.0,0.0,1.0,3.0,3.3841837197791893,0.0,0.0,0.0,0.0,0.0,0.0,0.0,0.0,0.0,0.0,0.0,0.0,0.0
myhdfclogin.com,Phishing,mock_Mock_Data_12_09_2025.xlsx,15.0,0.0,0.06666666666666667,0.0,0.0,0.0,0.0,0.0,1.0,15.0,0.0,0.0,0.26666666666666666,0.6666666666666666,0.0,0.0,0.0,1.0,3.0,3.5068905956085183,1.0,0.0,0.0,0.0,0.0,0.0,0.0,0.0,0.0,0.0,0.0,0.0,0.0
online-kychd.pages.dev,Phishing,mock_Mock_Data_12_09_2025.xlsx,22.0,0.0,0.09090909090909091,1.0,0.045454545454545456,0.0,0.0,1.0,0.0,9.0,0.0,0.0,0.0,0.3333333333333333,0.0,0.0,0.0,0.0,3.0,3.9705730958116843,0.0,0.0,0.0,0.0,0.0,0.0,0.0,0.0,0.0,0.0,0.0,0.0,0.0
ahmedtamim19050.github.io,Phishing,mock_Mock_Data_12_09_2025.xlsx,25.0,0.2,0.08,0.0,0.0,0.0,0.0,1.0,0.0,9.0,0.0,0.0,0.0,99.0,0.0,0.0,0.0,0.0,2.0,3.8634651896016465,0.0,0.0,0.0,0.0,0.0,0.0,0.0,0.0,0.0,0.0,0.0,0.0,0.0
hdfc.samcostocks.cc,Phishing,mock_Mock_Data_12_09_2025.xlsx,19.0,0.0,0.10526315789473684,0.0,0.0,0.0,0.0,1.0,2.0,14.0,1.0,0.0,0.2857142857142857,1.0,0.0,0.0,0.0,0.0,2.0,3.1761102515172537,0.0,0.0,0.0,0.0,0.0,0.0,0.0,0.0,0.0,0.0,0.0,0.0,0.0
learnemp.github.io,Phishing,mock_Mock_Data_12_09_2025.xlsx,18.0,0.0,0.1111111111111111,0.0,0.0,0.0,0.0,1.0,0.0,9.0,0.0,0.0,0.0,99.0,0.0,0.0,0.0,0.0,2.0,3.8365916681089787,0.0,0.0,0.0,0.0,0.0,0.0,0.0,0.0,0.0,0.0,0.0,0.0,0.0
hcdonline.site,Phishing,mock_Mock_Data_12_09_2025.xlsx,14.0,0.0,0.07142857142857142,0.0,0.0,0.0,0.0,0.0,0.0,14.0,0.0,1.0,0.0,0.5,0.0,0.0,0.0,0.0,4.0,3.378783493486176,0.0,0.0,0.0,0.0,0.0,0.0,0.0,0.0,0.0,0.0,0.0,0.0,0.0
hdconline.site,Phishing,mock_Mock_Data_12_09_2025.xlsx,14.0,0.0,0.07142857142857142,0.0,0.0,0.0,0.0,0.0,0.0,14.0,0.0,1.0,0.0,0.5,0.0,0.0,0.0,0.0,4.0,3.378783493486176,0.0,0.0,0.0,0.0,0.0,0.0,0.0,0.0,0.0,0.0,0.0,0.0,0.0
hdfcrecruitment.in,Phishing,mock_Mock_Data_12_09_2025.xlsx,18.0,0.0,0.05555555555555555,0.0,0.0,0.0,0.0,0.0,1.0,18.0,0.0,0.0,0.2222222222222222,99.0,0.0,0.0,0.0,0.0,2.0,3.5032583347756456,0.0,0.0,0.0,0.0,0.0,0.0,0.0,0.0,0.0,0.0,0.0,0.0,0.0
play.hdfcincrase.today,Phishing,mock_Mock_Data_12_09_2025.xlsx,22.0,0.0,0.09090909090909091,0.0,0.0,0.0,0.0,1.0,1.0,17.0,0.0,0.0,0.23529411764705882,0.6,0.0,0.0,0.0,0.0,5.0,3.8796640049025934,0.0,0.0,0.0,0.0,0.0,0.0,0.0,0.0,0.0,0.0,0.0,0.0,0.0
abcdlive.onedataentrysolution.in,Phishing,mock_Mock_Data_12_09_2025.xlsx,32.0,0.0,0.0625,0.0,0.0,0.0,0.0,1.0,0.0,23.0,0.0,0.0,0.0,99.0,0.0,0.0,0.0,0.0,2.0,3.819548827786958,0.0,0.0,0.0,0.0,0.0,0.0,0.0,0.0,0.0,0.0,0.0,0.0,0.0
eventh-demo.upgrade2linux.com,Phishing,mock_Mock_Data_12_09_2025.xlsx,29.0,0.034482758620689655,0.06896551724137931,1.0,0.034482758620689655,0.0,0.0,1.0,0.0,17.0,0.0,0.0,0.0,0.6666666666666666,0.0,0.0,0.0,1.0,3.0,4.168325822713779,0.0,0.0,0.0,0.0,0.0,0.0,0.0,0.0,0.0,0.0,0.0,0.0,0.0
hdfclimit.site,Phishing,mock_Mock_Data_12_09_2025.xlsx,14.0,0.0,0.07142857142857142,0.0,0.0,0.0,0.0,0.0,1.0,14.0,0.0,1.0,0.2857142857142857,0.5,0.0,0.0,0.0,0.0,4.0,3.3248629576173574,0.0,0.0,0.0,0.0,0.0,0.0,0.0,0.0,0.0,0.0,0.0,0.0,0.0
hdfcards.com,Phishing,mock_Mock_Data_12_09_2025.xlsx,12.0,0.0,0.08333333333333333,0.0,0.0,0.0,0.0,0.0,1.0,12.0,0.0,0.0,0.3333333333333333,0.6666666666666666,0.0,0.0,0.0,1.0,3.0,3.2516291673878226,0.0,0.0,0.0,0.0,0.0,0.0,0.0,0.0,0.0,0.0,0.0,0.0,0.0
loginmyhdfc.com,Phishing,mock_Mock_Data_12_09_2025.xlsx,15.0,0.0,0.06666666666666667,0.0,0.0,0.0,0.0,0.0,1.0,15.0,0.0,0.0,0.26666666666666666,0.6666666666666666,0.0,0.0,0.0,1.0,3.0,3.5068905956085183,1.0,0.0,0.0,0.0,0.0,0.0,0.0,0.0,0.0,0.0,0.0,0.0,0.0
rewardsmycards.com,Phishing,mock_Mock_Data_12_09_2025.xlsx,18.0,0.0,0.05555555555555555,0.0,0.0,0.0,0.0,0.0,0.0,18.0,0.0,0.0,0.0,0.6666666666666666,0.0,0.0,0.0,1.0,3.0,3.350209029099897,0.0,0.0,0.0,0.0,0.0,0.0,0.0,0.0,0.0,0.0,0.0,0.0,0.0
myclaimsreward.com,Phishing,mock_Mock_Data_12_09_2025.xlsx,18.0,0.0,0.05555555555555555,0.0,0.0,0.0,0.0,0.0,0.0,18.0,0.0,0.0,0.0,0.6666666666666666,0.0,0.0,0.0,1.0,3.0,3.5724312513221195,0.0,0.0,0.0,0.0,0.0,0.0,0.0,0.0,0.0,0.0,0.0,0.0,0.0
askcchelp.in,Phishing,mock_Mock_Data_12_09_2025.xlsx,12.0,0.0,0.08333333333333333,0.0,0.0,0.0,0.0,0.0,0.0,12.0,0.0,0.0,0.0,99.0,0.0,0.0,0.0,0.0,2.0,3.418295834054489,0.0,0.0,0.0,0.0,0.0,0.0,0.0,0.0,0.0,0.0,0.0,0.0,0.0
fac-unions.com,Phishing,mock_Mock_Data_12_09_2025.xlsx,14.0,0.0,0.07142857142857142,1.0,0.07142857142857142,0.0,0.0,0.0,0.0,14.0,0.0,0.0,0.0,0.6666666666666666,0.0,0.0,0.0,1.0,3.0,3.378783493486176,0.0,0.0,0.0,0.0,0.0,0.0,0.0,0.0,0.0,0.0,0.0,0.0,0.0
mehrahdf.wvrgh.cloud,Phishing,mock_Mock_Data_12_09_2025.xlsx,20.0,0.0,0.1,0.0,0.0,0.0,0.0,1.0,0.0,11.0,0.0,0.0,0.0,99.0,0.0,0.0,0.0,0.0,5.0,3.7841837197791888,0.0,0.0,0.0,0.0,0.0,0.0,0.0,0.0,0.0,0.0,0.0,0.0,0.0
onlinehdfccapitals.com,Phishing,mock_Mock_Data_12_09_2025.xlsx,22.0,0.0,0.045454545454545456,0.0,0.0,0.0,0.0,0.0,1.0,22.0,0.0,0.0,0.18181818181818182,0.6666666666666666,0.0,0.0,0.0,1.0,3.0,3.7887549139935026,0.0,0.0,0.0,0.0,0.0,0.0,0.0,0.0,0.0,0.0,0.0,0.0,0.0
hdfccardrewards.com,Phishing,mock_Mock_Data_12_09_2025.xlsx,19.0,0.0,0.05263157894736842,0.0,0.0,0.0,0.0,0.0,1.0,19.0,0.0,0.0,0.21052631578947367,0.6666666666666666,0.0,0.0,0.0,1.0,3.0,3.3918926446809317,0.0,0.0,0.0,0.0,0.0,0.0,0.0,0.0,0.0,0.0,0.0,0.0,0.0
www.hdfclive.onedataentrysolution.in,Phishing,mock_Mock_Data_12_09_2025.xlsx,36.0,0.0,0.08333333333333333,0.0,0.0,0.0,0.0,2.0,2.0,23.0,1.0,0.0,0.17391304347826086,1.0,0.0,0.0,0.0,0.0,2.0,3.9885548621928444,0.0,0.0,0.0,0.0,0.0,0.0,0.0,0.0,0.0,0.0,0.0,0.0,0.0
capitalmorph.com,Phishing,mock_Mock_Data_12_09_2025.xlsx,16.0,0.0,0.0625,0.0,0.0,0.0,0.0,0.0,0.0,16.0,0.0,0.0,0.0,0.6666666666666666,0.0,0.0,0.0,1.0,3.0,3.375,0.0,0.0,0.0,0.0,0.0,0.0,0.0,0.0,0.0,0.0,0.0,0.0,0.0
hdfc-new-sv.vercel.app,Phishing,mock_Mock_Data_12_09_2025.xlsx,22.0,0.0,0.09090909090909091,2.0,0.09090909090909091,0.0,0.0,1.0,2.0,10.0,1.0,0.0,0.4,0.5,0.0,0.0,0.0,0.0,3.0,3.788754913993502,0.0,0.0,0.0,0.0,0.0,0.0,0.0,0.0,0.0,0.0,0.0,0.0,0.0
hdfc-sec-kohl-newoip.vercel.app,Phishing,mock_Mock_Data_12_09_2025.xlsx,31.0,0.0,0.06451612903225806,3.0,0.0967741935483871,0.0,0.0,1.0,2.0,10.0,1.0,0.0,0.4,0.5,0.0,0.0,0.0,0.0,3.0,3.9779168746936353,0.0,0.0,0.0,0.0,0.0,0.0,0.0,0.0,0.0,0.0,0.0,0.0,0.0
netportall.com,Phishing,mock_Mock_Data_12_09_2025.xlsx,14.0,0.0,0.07142857142857142,0.0,0.0,0.0,0.0,0.0,0.0,14.0,0.0,0.0,0.0,0.6666666666666666,0.0,0.0,0.0,1.0,3.0,3.378783493486176,0.0,0.0,0.0,0.0,0.0,0.0,0.0,0.0,0.0,0.0,0.0,0.0,0.0
mycredit.cardlimit.live,Phishing,mock_Mock_Data_12_09_2025.xlsx,23.0,0.0,0.08695652173913043,0.0,0.0,0.0,0.0,1.0,0.0,14.0,0.0,1.0,0.0,1.0,0.0,0.0,0.0,0.0,4.0,3.4800836951874485,0.0,0.0,0.0,0.0,0.0,0.0,0.0,0.0,0.0,0.0,0.0,0.0,0.0
hdfccardbank.com,Phishing,mock_Mock_Data_12_09_2025.xlsx,16.0,0.0,0.0625,0.0,0.0,0.0,0.0,0.0,1.0,16.0,0.0,0.0,0.25,0.6666666666666666,0.0,0.0,0.0,1.0,3.0,3.452819531114783,0.0,0.0,0.0,0.0,0.0,0.0,0.0,0.0,0.0,0.0,0.0,0.0,0.0
online-hd4c.pages.dev,Phishing,mock_Mock_Data_12_09_2025.xlsx,21.0,0.047619047619047616,0.09523809523809523,1.0,0.047619047619047616,0.0,0.0,1.0,0.0,9.0,0.0,0.0,0.0,0.25,0.0,0.0,0.0,0.0,3.0,3.8801799226757376,0.0,0.0,0.0,0.0,0.0,0.0,0.0,0.0,0.0,0.0,0.0,0.0,0.0
hdfc.zoutons.com,Phishing,mock_Mock_Data_12_09_2025.xlsx,16.0,0.0,0.125,0.0,0.0,0.0,0.0,1.0,2.0,11.0,1.0,0.0,0.36363636363636365,0.6666666666666666,0.0,0.0,0.0,1.0,3.0,3.452819531114783,0.0,0.0,0.0,0.0,0.0,0.0,0.0,0.0,0.0,0.0,0.0,0.0,0.0
loginhdcfc.buzz,Phishing,mock_Mock_Data_12_09_2025.xlsx,15.0,0.0,0.06666666666666667,0.0,0.0,0.0,0.0,0.0,0.0,15.0,0.0,1.0,0.0,1.0,0.0,0.0,0.0,0.0,4.0,3.6402239289418516,1.0,0.0,0.0,0.0,0.0,0.0,0.0,0.0,0.0,0.0,0.0,0.0,0.0
hd-azq.pages.dev,Phishing,mock_Mock_Data_12_09_2025.xlsx,16.0,0.0,0.125,1.0,0.0625,0.0,0.0,1.0,0.0,9.0,0.0,0.0,0.0,0.75,0.0,0.0,0.0,0.0,3.0,3.5,0.0,0.0,0.0,0.0,0.0,0.0,0.0,0.0,0.0,0.0,0.0,0.0,0.0
pl.bizinfotools.com,Phishing,mock_Mock_Data_12_09_2025.xlsx,19.0,0.0,0.10526315789473684,0.0,0.0,0.0,0.0,1.0,0.0,16.0,0.0,0.0,0.0,0.6666666666666666,0.0,0.0,0.0,1.0,3.0,3.511085408180427,0.0,0.0,0.0,0.0,0.0,0.0,0.0,0.0,0.0,0.0,0.0,0.0,0.0
instantconfirmation.site,Phishing,mock_Mock_Data_12_09_2025.xlsx,24.0,0.0,0.041666666666666664,0.0,0.0,0.0,0.0,0.0,0.0,24.0,0.0,1.0,0.0,0.5,0.0,0.0,0.0,0.0,4.0,3.334962500721156,0.0,0.0,0.0,0.0,0.0,0.0,0.0,0.0,0.0,0.0,0.0,1.0,0.0
ww38.feda.bobibank.com,Phishing,mock_Mock_Data_14_08_2025.xlsx,22.0,0.09090909090909091,0.13636363636363635,0.0,0.0,0.0,0.0,2.0,1.0,12.0,0.0,0.0,0.25,0.6,0.0,0.0,0.0,1.0,3.0,3.754441845713345,0.0,0.0,0.0,0.0,0.0,0.0,0.0,0.0,0.0,0.0,0.0,0.0,0.0
airtel-merchants.co.in,Suspected,mock_Mock_Data_19_08_2025.xlsx,22.0,0.0,0.09090909090909091,1.0,0.045454545454545456,0.0,0.0,1.0,2.0,5.0,1.0,0.0,1.2,99.0,0.0,0.0,0.0,0.0,2.0,3.73215889136457,0.0,0.0,0.0,0.0,0.0,0.0,0.0,0.0,0.0,0.0,0.0,0.0,0.0
airtelmusic.in,Suspected,mock_Mock_Data_19_08_2025.xlsx,14.0,0.0,0.07142857142857142,0.0,0.0,0.0,0.0,0.0,1.0,14.0,0.0,0.0,0.42857142857142855,99.0,0.0,0.0,0.0,0.0,2.0,3.4677201004745006,0.0,0.0,0.0,0.0,0.0,0.0,0.0,0.0,0.0,0.0,0.0,0.0,0.0
airtel-topup.in,Suspected,mock_Mock_Data_19_08_2025.xlsx,15.0,0.0,0.06666666666666667,1.0,0.06666666666666667,0.0,0.0,0.0,1.0,15.0,0.0,0.0,0.4,99.0,0.0,0.0,0.0,0.0,2.0,3.506890595608518,0.0,0.0,0.0,0.0,0.0,0.0,0.0,0.0,0.0,0.0,0.0,0.0,0.0
airtelcareer.in,Phishing,mock_Mock_Data_19_08_2025.xlsx,15.0,0.0,0.06666666666666667,0.0,0.0,0.0,0.0,0.0,1.0,15.0,0.0,0.0,0.4,99.0,0.0,0.0,0.0,0.0,2.0,3.00623892865339,0.0,0.0,0.0,0.0,0.0,0.0,0.0,0.0,0.0,0.0,0.0,0.0,0.0
airtel-in.click,Suspected,mock_Mock_Data_19_08_2025.xlsx,15.0,0.0,0.06666666666666667,1.0,0.06666666666666667,0.0,0.0,0.0,1.0,15.0,0.0,1.0,0.4,0.6,0.0,0.0,0.0,0.0,5.0,3.3232314287976203,0.0,0.0,0.0,0.0,0.0,0.0,0.0,0.0,0.0,0.0,0.0,0.0,0.0
dccrsorgigov.xyz,Suspected,mock_Mock_Data_19_08_2025.xlsx,16.0,0.0,0.0625,0.0,0.0,0.0,0.0,0.0,1.0,16.0,0.0,1.0,0.4375,1.0,0.0,0.0,0.0,0.0,3.0,3.5,0.0,0.0,0.0,0.0,0.0,0.0,0.0,0.0,0.0,0.0,0.0,0.0,0.0
crsorgii.xyz,Suspected,mock_Mock_Data_19_08_2025.xlsx,12.0,0.0,0.08333333333333333,0.0,0.0,0.0,0.0,0.0,1.0,12.0,0.0,1.0,0.5833333333333334,0.14285714285714285,0.0,0.0,0.0,0.0,3.0,3.2516291673878226,0.0,0.0,0.0,0.0,0.0,0.0,0.0,0.0,0.0,0.0,0.0,0.0,0.0
campicicin.pro,Suspected,mock_Mock_Data_19_08_2025.xlsx,14.0,0.0,0.07142857142857142,0.0,0.0,0.0,0.0,0.0,1.0,14.0,0.0,0.0,0.35714285714285715,0.6666666666666666,0.0,0.0,0.0,0.0,3.0,2.9852281360342516,0.0,0.0,0.0,0.0,0.0,0.0,0.0,0.0,0.0,0.0,0.0,0.0,0.0
icicira.top,Suspected,mock_Mock_Data_19_08_2025.xlsx,11.0,0.0,0.09090909090909091,0.0,0.0,0.0,0.0,0.0,1.0,11.0,0.0,1.0,0.45454545454545453,0.3333333333333333,0.0,0.0,0.0,0.0,3.0,2.8453509366224368,0.0,0.0,0.0,0.0,0.0,0.0,0.0,0.0,0.0,0.0,0.0,0.0,0.0
hdfcbank.men,Suspected,mock_Mock_Data_19_08_2025.xlsx,12.0,0.0,0.08333333333333333,0.0,0.0,0.0,0.0,0.0,1.0,12.0,0.0,0.0,0.3333333333333333,1.0,0.0,0.0,0.0,0.0,3.0,3.418295834054489,0.0,0.0,0.0,0.0,0.0,0.0,0.0,0.0,0.0,0.0,0.0,0.0,0.0
hdfcbank.stream,Suspected,mock_Mock_Data_19_08_2025.xlsx,15.0,0.0,0.06666666666666667,0.0,0.0,0.0,0.0,0.0,1.0,15.0,0.0,0.0,0.26666666666666666,99.0,0.0,0.0,0.0,0.0,6.0,3.773557262275185,0.0,0.0,0.0,0.0,0.0,0.0,0.0,0.0,0.0,0.0,0.0,0.0,0.0
hdfcghj.top,Suspected,mock_Mock_Data_19_08_2025.xlsx,11.0,0.0,0.09090909090909091,0.0,0.0,0.0,0.0,0.0,1.0,11.0,0.0,1.0,0.36363636363636365,0.6666666666666666,0.0,0.0,0.0,0.0,3.0,3.277613436819116,0.0,0.0,0.0,0.0,0.0,0.0,0.0,0.0,0.0,0.0,0.0,0.0,0.0
hdfcsecpr.net,Suspected,mock_Mock_Data_19_08_2025.xlsx,13.0,0.0,0.07692307692307693,0.0,0.0,0.0,0.0,0.0,1.0,13.0,0.0,0.0,0.3076923076923077,0.6666666666666666,0.0,0.0,0.0,1.0,3.0,3.3927474104487847,0.0,0.0,0.0,0.0,0.0,0.0,0.0,0.0,0.0,0.0,0.0,0.0,0.0
iocl.ind.in,Suspected,mock_Mock_Data_19_08_2025.xlsx,11.0,0.0,0.18181818181818182,0.0,0.0,0.0,0.0,1.0,2.0,6.0,1.0,0.0,0.6666666666666666,0.6,0.0,0.0,0.0,0.0,2.0,2.663532754804255,0.0,0.0,0.0,0.0,0.0,0.0,0.0,0.0,0.0,0.0,0.0,0.0,0.0
bankofbaroda.co,Phishing,mock_Mock_Data_21_08_2025.xlsx,15.0,0.0,0.06666666666666667,0.0,0.0,0.0,0.0,0.0,1.0,15.0,0.0,0.0,0.8,99.0,0.0,0.0,0.0,0.0,2.0,3.139572261986723,0.0,0.0,0.0,0.0,0.0,0.0,0.0,0.0,0.0,0.0,0.0,0.0,0.0
bzhzsbi.icu,Suspected,mock_Mock_Data_21_08_2025.xlsx,11.0,0.0,0.09090909090909091,0.0,0.0,0.0,0.0,0.0,1.0,11.0,0.0,1.0,0.2727272727272727,0.5,0.0,0.0,0.0,0.0,3.0,2.9139770731827523,0.0,0.0,0.0,0.0,0.0,0.0,0.0,0.0,0.0,0.0,0.0,0.0,0.0
eqidsbi.icu,Suspected,mock_Mock_Data_21_08_2025.xlsx,11.0,0.0,0.09090909090909091,0.0,0.0,0.0,0.0,0.0,1.0,11.0,0.0,1.0,0.2727272727272727,0.5,0.0,0.0,0.0,0.0,3.0,3.027169118440619,0.0,0.0,0.0,0.0,0.0,0.0,0.0,0.0,0.0,0.0,0.0,0.0,0.0
sbi-group.net,Suspected,mock_Mock_Data_21_08_2025.xlsx,13.0,0.0,0.07692307692307693,1.0,0.07692307692307693,0.0,0.0,0.0,1.0,13.0,0.0,0.0,0.23076923076923078,0.6666666666666666,0.0,0.0,0.0,1.0,3.0,3.7004397181410926,0.0,0.0,0.0,0.0,0.0,0.0,0.0,0.0,0.0,0.0,0.0,0.0,0.0
airtelxtreamfiber.in,Phishing,mock_Mock_Data_22_08_2025.xlsx,20.0,0.0,0.05,0.0,0.0,0.0,0.0,0.0,1.0,20.0,0.0,0.0,0.3,99.0,0.0,0.0,0.0,0.0,2.0,3.4086949695628417,0.0,0.0,0.0,0.0,0.0,0.0,0.0,0.0,0.0,0.0,0.0,0.0,0.0
airtelcareers.in,Suspected,mock_Mock_Data_22_08_2025.xlsx,16.0,0.0,0.0625,0.0,0.0,0.0,0.0,0.0,1.0,16.0,0.0,0.0,0.375,99.0,0.0,0.0,0.0,0.0,2.0,3.1556390622295662,0.0,0.0,0.0,0.0,0.0,0.0,0.0,0.0,0.0,0.0,0.0,0.0,0.0
airtelmh.in,Suspected,mock_Mock_Data_22_08_2025.xlsx,11.0,0.0,0.09090909090909091,0.0,0.0,0.0,0.0,0.0,1.0,11.0,0.0,0.0,0.5454545454545454,0.3333333333333333,0.0,0.0,0.0,0.0,2.0,3.277613436819116,0.0,0.0,0.0,0.0,0.0,0.0,0.0,0.0,0.0,0.0,0.0,0.0,0.0
airtelwifi.co.in,Suspected,mock_Mock_Data_22_08_2025.xlsx,16.0,0.0,0.125,0.0,0.0,0.0,0.0,1.0,2.0,5.0,1.0,0.0,1.2,99.0,0.0,0.0,0.0,0.0,2.0,3.375,0.0,0.0,0.0,0.0,0.0,0.0,0.0,0.0,0.0,0.0,0.0,0.0,0.0
airtel-wifi.in,Suspected,mock_Mock_Data_22_08_2025.xlsx,14.0,0.0,0.07142857142857142,1.0,0.07142857142857142,0.0,0.0,0.0,1.0,14.0,0.0,0.0,0.42857142857142855,0.6,0.0,0.0,0.0,0.0,2.0,3.2359263506290334,0.0,0.0,0.0,0.0,0.0,0.0,0.0,0.0,0.0,0.0,0.0,0.0,0.0
bhartiairtel.ind.in,Suspected,mock_Mock_Data_22_08_2025.xlsx,19.0,0.0,0.10526315789473684,0.0,0.0,0.0,0.0,1.0,2.0,6.0,1.0,0.0,1.0,0.6666666666666666,0.0,0.0,0.0,0.0,2.0,3.300559092390953,0.0,0.0,0.0,0.0,0.0,0.0,0.0,0.0,0.0,0.0,0.0,0.0,0.0
banksofbarodaa.com,Phishing,mock_Mock_Data_25_08_2025.xlsx,18.0,0.0,0.05555555555555555,0.0,0.0,0.0,0.0,0.0,0.0,18.0,0.0,0.0,0.0,0.16666666666666666,0.0,0.0,0.0,1.0,3.0,3.3502090290998976,0.0,0.0,0.0,0.0,0.0,0.0,0.0,0.0,0.0,0.0,0.0,0.0,0.0
aegisbi.app,Suspected,mock_Mock_Data_25_08_2025.xlsx,11.0,0.0,0.09090909090909091,0.0,0.0,0.0,0.0,0.0,1.0,11.0,0.0,0.0,0.2727272727272727,0.75,0.0,0.0,0.0,0.0,3.0,2.913977073182752,0.0,0.0,0.0,0.0,0.0,0.0,0.0,0.0,0.0,0.0,0.0,0.0,0.0
icicicardprotection.in,Suspected,mock_Mock_Data_25_08_2025.xlsx,22.0,0.0,0.045454545454545456,0.0,0.0,0.0,0.0,0.0,1.0,22.0,0.0,0.0,0.22727272727272727,99.0,0.0,0.0,0.0,0.0,2.0,3.2044479607083507,0.0,0.0,0.0,0.0,0.0,0.0,0.0,0.0,0.0,0.0,0.0,0.0,0.0
iciciloan.in,Suspected,mock_Mock_Data_25_08_2025.xlsx,12.0,0.0,0.08333333333333333,0.0,0.0,0.0,0.0,0.0,1.0,12.0,0.0,0.0,0.4166666666666667,0.3333333333333333,0.0,0.0,0.0,0.0,2.0,2.5849625007211556,0.0,0.0,0.0,0.0,0.0,0.0,0.0,0.0,0.0,0.0,0.0,0.0,0.0
icicirewardsstore.in,Suspected,mock_Mock_Data_25_08_2025.xlsx,20.0,0.0,0.05,0.0,0.0,0.0,0.0,0.0,1.0,20.0,0.0,0.0,0.25,99.0,0.0,0.0,0.0,0.0,2.0,3.384183719779189,0.0,0.0,0.0,0.0,0.0,0.0,0.0,0.0,0.0,0.0,0.0,0.0,0.0
mycardsicici.in,Suspected,mock_Mock_Data_25_08_2025.xlsx,15.0,0.0,0.06666666666666667,0.0,0.0,0.0,0.0,0.0,1.0,15.0,0.0,0.0,0.3333333333333333,99.0,0.0,0.0,0.0,0.0,2.0,3.0565647621309537,0.0,0.0,0.0,0.0,0.0,0.0,0.0,0.0,0.0,0.0,0.0,0.0,0.0
myrewardhdfc.in,Suspected,mock_Mock_Data_25_08_2025.xlsx,15.0,0.0,0.06666666666666667,0.0,0.0,0.0,0.0,0.0,1.0,15.0,0.0,0.0,0.26666666666666666,99.0,0.0,0.0,0.0,0.0,2.0,3.640223928941852,0.0,0.0,0.0,0.0,0.0,0.0,0.0,0.0,0.0,0.0,0.0,0.0,0.0
nosbi.pro,Suspected,mock_Mock_Data_28_08_2025.xlsx,9.0,0.0,0.1111111111111111,0.0,0.0,0.0,0.0,0.0,1.0,9.0,0.0,0.0,0.3333333333333333,0.6666666666666666,0.0,0.0,0.0,0.0,3.0,2.9477027792200903,0.0,0.0,0.0,0.0,0.0,0.0,0.0,0.0,0.0,0.0,0.0,0.0,0.0
creditcardservicehdfc.in,Suspected,mock_Mock_Data_28_08_2025.xlsx,24.0,0.0,0.041666666666666664,0.0,0.0,0.0,0.0,0.0,1.0,24.0,0.0,0.0,0.16666666666666666,99.0,0.0,0.0,0.0,0.0,2.0,3.459147917027245,0.0,0.0,0.0,0.0,0.0,0.0,0.0,0.0,0.0,0.0,0.0,0.0,0.0
bhdfc11.top,Suspected,mock_Mock_Data_28_08_2025.xlsx,11.0,0.18181818181818182,0.09090909090909091,0.0,0.0,0.0,0.0,0.0,1.0,11.0,0.0,1.0,0.36363636363636365,0.6666666666666666,0.0,0.0,0.0,0.0,3.0,3.277613436819116,0.0,0.0,0.0,0.0,0.0,0.0,0.0,0.0,0.0,0.0,0.0,0.0,0.0
bankofbaroada.com,Phishing,mock_Mock_Data_29_08_2025.xlsx,17.0,0.0,0.058823529411764705,0.0,0.0,0.0,0.0,0.0,0.0,17.0,0.0,0.0,0.0,0.08333333333333333,0.0,0.0,0.0,1.0,3.0,3.2195282822995477,0.0,0.0,0.0,0.0,0.0,0.0,0.0,0.0,0.0,0.0,0.0,0.0,0.0
pruicici.co.in,Suspected,mock_Mock_Data_29_08_2025.xlsx,14.0,0.0,0.14285714285714285,0.0,0.0,0.0,0.0,1.0,2.0,5.0,1.0,0.0,1.0,0.6,0.0,0.0,0.0,0.0,2.0,2.7534343861887853,0.0,0.0,0.0,0.0,0.0,0.0,0.0,0.0,0.0,0.0,0.0,0.0,0.0
fitsbi.in,Suspected,mock_Mock_Data_29_08_2025.xlsx,9.0,0.0,0.1111111111111111,0.0,0.0,0.0,0.0,0.0,1.0,9.0,0.0,0.0,0.3333333333333333,1.0,0.0,0.0,0.0,0.0,2.0,2.6416041678685933,0.0,0.0,0.0,0.0,0.0,0.0,0.0,0.0,0.0,0.0,0.0,0.0,0.0
helpdesksbi.in,Suspected,mock_Mock_Data_29_08_2025.xlsx,14.0,0.0,0.07142857142857142,0.0,0.0,0.0,0.0,0.0,1.0,14.0,0.0,0.0,0.21428571428571427,99.0,0.0,0.0,0.0,0.0,2.0,3.378783493486176,0.0,0.0,0.0,0.0,0.0,0.0,0.0,0.0,0.0,0.0,0.0,0.0,0.0
hrdsbi.co.in,Suspected,mock_Mock_Data_29_08_2025.xlsx,12.0,0.0,0.16666666666666666,0.0,0.0,0.0,0.0,1.0,2.0,5.0,1.0,0.0,0.6,1.0,0.0,0.0,0.0,0.0,2.0,3.2516291673878226,0.0,0.0,0.0,0.0,0.0,0.0,0.0,0.0,0.0,0.0,0.0,0.0,0.0
hrsbi.co.in,Suspected,mock_Mock_Data_29_08_2025.xlsx,11.0,0.0,0.18181818181818182,0.0,0.0,0.0,0.0,1.0,2.0,5.0,1.0,0.0,0.6,0.6666666666666666,0.0,0.0,0.0,0.0,2.0,3.095795255000934,0.0,0.0,0.0,0.0,0.0,0.0,0.0,0.0,0.0,0.0,0.0,0.0,0.0
hr-sbi.co.in,Suspected,mock_Mock_Data_29_08_2025.xlsx,12.0,0.0,0.16666666666666666,1.0,0.08333333333333333,0.0,0.0,1.0,2.0,5.0,1.0,0.0,0.6,0.75,0.0,0.0,0.0,0.0,2.0,3.2516291673878226,0.0,0.0,0.0,0.0,0.0,0.0,0.0,0.0,0.0,0.0,0.0,0.0,0.0
sbicardplan.in,Suspected,mock_Mock_Data_29_08_2025.xlsx,14.0,0.0,0.07142857142857142,0.0,0.0,0.0,0.0,0.0,1.0,14.0,0.0,0.0,0.21428571428571427,99.0,0.0,0.0,0.0,0.0,2.0,3.378783493486176,0.0,0.0,0.0,0.0,0.0,0.0,0.0,0.0,0.0,0.0,0.0,0.0,0.0
sbihr.co.in,Suspected,mock_Mock_Data_29_08_2025.xlsx,11.0,0.0,0.18181818181818182,0.0,0.0,0.0,0.0,1.0,2.0,5.0,1.0,0.0,0.6,0.42857142857142855,0.0,0.0,0.0,0.0,2.0,3.095795255000934,0.0,0.0,0.0,0.0,0.0,0.0,0.0,0.0,0.0,0.0,0.0,0.0,0.0
sbi-hr.co.in,Suspected,mock_Mock_Data_29_08_2025.xlsx,12.0,0.0,0.16666666666666666,1.0,0.08333333333333333,0.0,0.0,1.0,2.0,5.0,1.0,0.0,0.6,0.75,0.0,0.0,0.0,0.0,2.0,3.2516291673878226,0.0,0.0,0.0,0.0,0.0,0.0,0.0,0.0,0.0,0.0,0.0,0.0,0.0
crsorgdc.in,Suspected,mock_Mock_Data_29_08_2025.xlsx,11.0,0.0,0.09090909090909091,0.0,0.0,0.0,0.0,0.0,0.0,11.0,0.0,0.0,0.0,0.2857142857142857,0.0,0.0,0.0,0.0,2.0,3.0957952550009344,0.0,0.0,0.0,0.0,0.0,0.0,0.0,0.0,0.0,0.0,0.0,0.0,0.0
crsorgigoovi.in,Suspected,mock_Mock_Data_29_08_2025.xlsx,15.0,0.0,0.06666666666666667,0.0,0.0,0.0,0.0,0.0,1.0,15.0,0.0,0.0,0.4666666666666667,99.0,0.0,0.0,0.0,0.0,2.0,3.0062389286533895,0.0,0.0,0.0,0.0,0.0,0.0,0.0,0.0,0.0,0.0,0.0,0.0,0.0
agvb-digital.com,Phishing,mock_Mock_Data_31_07_2025.xlsx,16.0,0.0,0.0625,1.0,0.0625,0.0,0.0,0.0,0.0,16.0,0.0,0.0,0.0,0.6666666666666666,0.0,0.0,0.0,1.0,3.0,3.625,0.0,0.0,0.0,0.0,0.0,0.0,0.0,0.0,0.0,0.0,0.0,0.0,0.0
sbzsaee.replit.app,Phishing,mock_Mock_Data_31_07_2025.xlsx,18.0,0.0,0.1111111111111111,0.0,0.0,0.0,0.0,1.0,0.0,10.0,0.0,0.0,0.0,0.75,0.0,0.0,0.0,0.0,3.0,3.3082708345352603,0.0,0.0,0.0,0.0,0.0,0.0,0.0,0.0,0.0,0.0,0.0,0.0,0.0
sbi.adminlogin.in,Phishing,mock_Mock_Data_31_07_2025.xlsx,17.0,0.0,0.11764705882352941,0.0,0.0,0.0,0.0,1.0,2.0,13.0,1.0,0.0,0.23076923076923078,0.75,0.0,0.0,0.0,0.0,2.0,3.2195282822995477,1.0,0.0,0.0,0.0,0.0,0.0,0.0,0.0,0.0,0.0,0.0,0.0,0.0
parvez-2001.github.io,Phishing,mock_Mock_Data_31_07_2025.xlsx,21.0,0.19047619047619047,0.09523809523809523,1.0,0.047619047619047616,0.0,0.0,1.0,0.0,9.0,0.0,0.0,0.0,99.0,0.0,0.0,0.0,0.0,2.0,4.106603137064473,0.0,0.0,0.0,0.0,0.0,0.0,0.0,0.0,0.0,0.0,0.0,0.0,0.0
lzesa.replit.app,Phishing,mock_Mock_Data_31_07_2025.xlsx,16.0,0.0,0.125,0.0,0.0,0.0,0.0,1.0,0.0,10.0,0.0,0.0,0.0,0.75,0.0,0.0,0.0,0.0,3.0,3.202819531114783,0.0,0.0,0.0,0.0,0.0,0.0,0.0,0.0,0.0,0.0,0.0,0.0,0.0
sii8uyth.web.app,Phishing,mock_Mock_Data_31_07_2025.xlsx,16.0,0.0625,0.125,0.0,0.0,0.0,0.0,1.0,0.0,7.0,0.0,0.0,0.0,0.6666666666666666,0.0,0.0,0.0,0.0,3.0,3.625,0.0,0.0,0.0,0.0,0.0,0.0,0.0,0.0,0.0,0.0,0.0,0.0,0.0
p1-nr4d.vercel.app,Phishing,mock_Mock_Data_31_07_2025.xlsx,18.0,0.1111111111111111,0.1111111111111111,1.0,0.05555555555555555,0.0,0.0,1.0,0.0,10.0,0.0,0.0,0.0,0.5,0.0,0.0,0.0,0.0,3.0,3.5724312513221195,0.0,0.0,0.0,0.0,0.0,0.0,0.0,0.0,0.0,0.0,0.0,0.0,0.0
lcswq.replit.app,Phishing,mock_Mock_Data_31_07_2025.xlsx,16.0,0.0,0.125,0.0,0.0,0.0,0.0,1.0,0.0,10.0,0.0,0.0,0.0,0.75,0.0,0.0,0.0,0.0,3.0,3.452819531114783,0.0,0.0,0.0,0.0,0.0,0.0,0.0,0.0,0.0,0.0,0.0,0.0,0.0
edvfb.pages.dev,Phishing,mock_Mock_Data_31_07_2025.xlsx,15.0,0.0,0.13333333333333333,0.0,0.0,0.0,0.0,1.0,0.0,9.0,0.0,0.0,0.0,0.75,0.0,0.0,0.0,0.0,3.0,3.189898095464287,0.0,0.0,0.0,0.0,0.0,0.0,0.0,0.0,0.0,0.0,0.0,0.0,0.0
activenetbanking.co.in,Phishing,mock_Mock_Data_31_07_2025.xlsx,22.0,0.0,0.09090909090909091,0.0,0.0,0.0,0.0,1.0,0.0,5.0,0.0,0.0,0.0,99.0,0.0,0.0,0.0,0.0,2.0,3.4251185503571397,0.0,0.0,0.0,0.0,0.0,0.0,0.0,1.0,0.0,0.0,0.0,0.0,0.0
cardcaresapplication.in,Phishing,mock_Mock_Data_31_07_2025.xlsx,23.0,0.0,0.043478260869565216,0.0,0.0,0.0,0.0,0.0,0.0,23.0,0.0,0.0,0.0,99.0,0.0,0.0,0.0,0.0,2.0,3.501397825434103,0.0,0.0,0.0,0.0,0.0,0.0,0.0,0.0,0.0,0.0,0.0,0.0,0.0
yonomyapp.com,Phishing,mock_Mock_Data_31_07_2025.xlsx,13.0,0.0,0.07692307692307693,0.0,0.0,0.0,0.0,0.0,0.0,13.0,0.0,0.0,0.0,0.6666666666666666,0.0,0.0,0.0,1.0,3.0,2.8731406795131336,0.0,0.0,0.0,0.0,0.0,0.0,0.0,0.0,0.0,0.0,0.0,0.0,0.0
bnkrewrdzs-s.replit.app,Phishing,mock_Mock_Data_31_07_2025.xlsx,23.0,0.0,0.08695652173913043,1.0,0.043478260869565216,0.0,0.0,1.0,0.0,10.0,0.0,0.0,0.0,0.75,0.0,0.0,0.0,0.0,3.0,3.849223912390625,0.0,0.0,0.0,0.0,0.0,0.0,0.0,0.0,0.0,0.0,0.0,0.0,0.0
sblankt.vercel.app,Phishing,mock_Mock_Data_31_07_2025.xlsx,18.0,0.0,0.1111111111111111,0.0,0.0,0.0,0.0,1.0,0.0,10.0,0.0,0.0,0.0,0.5,0.0,0.0,0.0,0.0,3.0,3.6143694458867563,0.0,0.0,0.0,0.0,0.0,0.0,0.0,0.0,0.0,0.0,0.0,0.0,0.0
applyonlinesolution.site,Phishing,mock_Mock_Data_31_07_2025.xlsx,24.0,0.0,0.041666666666666664,0.0,0.0,0.0,0.0,0.0,0.0,24.0,0.0,1.0,0.0,0.5,0.0,0.0,0.0,0.0,4.0,3.459147917027245,0.0,0.0,0.0,0.0,0.0,0.0,0.0,0.0,0.0,0.0,0.0,0.0,0.0
cgfy89dtfy.vercel.app,Phishing,mock_Mock_Data_31_07_2025.xlsx,21.0,0.09523809523809523,0.09523809523809523,0.0,0.0,0.0,0.0,1.0,0.0,10.0,0.0,0.0,0.0,0.5,0.0,0.0,0.0,0.0,3.0,3.8208888513501886,0.0,0.0,0.0,0.0,0.0,0.0,0.0,0.0,0.0,0.0,0.0,0.0,0.0
cardworldsbi.in,Phishing,mock_Mock_Data_31_07_2025.xlsx,15.0,0.0,0.06666666666666667,0.0,0.0,0.0,0.0,0.0,1.0,15.0,0.0,0.0,0.2,99.0,0.0,0.0,0.0,0.0,2.0,3.5068905956085183,0.0,0.0,0.0,0.0,0.0,0.0,0.0,0.0,0.0,0.0,0.0,0.0,0.0
fastcardssolutions.online,Phishing,mock_Mock_Data_31_07_2025.xlsx,25.0,0.0,0.04,0.0,0.0,0.0,0.0,0.0,0.0,25.0,0.0,1.0,0.0,0.3333333333333333,0.0,0.0,0.0,0.0,6.0,3.6234651896016468,0.0,0.0,0.0,0.0,0.0,0.0,0.0,0.0,0.0,0.0,0.0,0.0,0.0
nsbl.replit.app,Phishing,mock_Mock_Data_31_07_2025.xlsx,15.0,0.0,0.13333333333333333,0.0,0.0,0.0,0.0,1.0,0.0,10.0,0.0,0.0,0.0,0.6666666666666666,0.0,0.0,0.0,0.0,3.0,3.3232314287976212,0.0,0.0,0.0,0.0,0.0,0.0,0.0,0.0,0.0,0.0,0.0,0.0,0.0
rsewe.replit.app,Phishing,mock_Mock_Data_31_07_2025.xlsx,16.0,0.0,0.125,0.0,0.0,0.0,0.0,1.0,0.0,10.0,0.0,0.0,0.0,0.75,0.0,0.0,0.0,0.0,3.0,3.1556390622295662,0.0,0.0,0.0,0.0,0.0,0.0,0.0,0.0,0.0,0.0,0.0,0.0,0.0
rebrand.ly,Phishing,mock_Mock_Data_31_07_2025.xlsx,10.0,0.0,0.1,0.0,0.0,0.0,0.0,0.0,0.0,10.0,0.0,0.0,0.0,99.0,0.0,0.0,0.0,0.0,2.0,3.121928094887362,0.0,0.0,0.0,0.0,0.0,0.0,0.0,0.0,0.0,0.0,0.0,0.0,0.0
msfy.in,Phishing,mock_Mock_Data_31_07_2025.xlsx,7.0,0.0,0.14285714285714285,0.0,0.0,0.0,0.0,0.0,0.0,7.0,0.0,0.0,0.0,0.75,0.0,0.0,0.0,0.0,2.0,2.807354922057604,0.0,0.0,0.0,0.0,0.0,0.0,0.0,0.0,0.0,0.0,0.0,0.0,0.0
26a52502-c868-4d8e-ac2f-b0ea64abaf2a-00-27xss7mit6q1a.sisko.replit.dev,Phishing,mock_Mock_Data_31_07_2025.xlsx,70.0,0.34285714285714286,0.04285714285714286,6.0,0.08571428571428572,0.0,0.0,2.0,0.0,10.0,0.0,0.0,0.0,0.75,0.0,0.0,0.0,0.0,3.0,4.51591591738,0.0,0.0,0.0,0.0,0.0,0.0,0.0,0.0,0.0,0.0,0.0,0.0,0.0
hrmssbi.com,Phishing,mock_Mock_Data_31_07_2025.xlsx,11.0,0.0,0.09090909090909091,0.0,0.0,0.0,0.0,0.0,1.0,11.0,0.0,0.0,0.2727272727272727,0.6666666666666666,0.0,0.0,0.0,1.0,3.0,3.095795255000934,0.0,0.0,0.0,0.0,0.0,0.0,0.0,0.0,0.0,0.0,0.0,0.0,0.0
clone-for-educational-purpose.vercel.app,Phishing,mock_Mock_Data_31_07_2025.xlsx,40.0,0.0,0.05,3.0,0.075,0.0,0.0,1.0,0.0,10.0,0.0,0.0,0.0,0.5,0.0,0.0,0.0,0.0,3.0,3.8873261452560075,0.0,0.0,0.0,0.0,0.0,0.0,0.0,0.0,0.0,0.0,0.0,0.0,0.0
sbicreditcardw.wixsite.com,Phishing,mock_Mock_Data_31_07_2025.xlsx,26.0,0.0,0.07692307692307693,0.0,0.0,0.0,0.0,1.0,2.0,11.0,1.0,0.0,0.2727272727272727,0.6666666666666666,0.0,0.0,0.0,1.0,3.0,3.671405583442497,0.0,0.0,0.0,0.0,0.0,0.0,0.0,0.0,0.0,0.0,0.0,0.0,0.0
5d16a33e-8d20-46d4-be2b-af5cfdb73cfc-00-2kidm7qld9lho.pike.replit.dev,Phishing,mock_Mock_Data_31_07_2025.xlsx,69.0,0.2898550724637681,0.043478260869565216,6.0,0.08695652173913043,0.0,0.0,2.0,0.0,10.0,0.0,0.0,0.0,0.6666666666666666,0.0,0.0,0.0,0.0,3.0,4.607584058913846,0.0,0.0,0.0,0.0,0.0,0.0,0.0,0.0,0.0,0.0,0.0,0.0,0.0
iamankit19.github.io,Phishing,mock_Mock_Data_31_07_2025.xlsx,20.0,0.1,0.1,0.0,0.0,0.0,0.0,1.0,0.0,9.0,0.0,0.0,0.0,99.0,0.0,0.0,0.0,0.0,2.0,3.621928094887362,0.0,0.0,0.0,0.0,0.0,0.0,0.0,0.0,0.0,0.0,0.0,0.0,0.0
sb-p-tbjh.vercel.app,Phishing,mock_Mock_Data_31_07_2025.xlsx,20.0,0.0,0.1,2.0,0.1,0.0,0.0,1.0,0.0,10.0,0.0,0.0,0.0,0.5,0.0,0.0,0.0,0.0,3.0,3.6841837197791882,0.0,0.0,0.0,0.0,0.0,0.0,0.0,0.0,0.0,0.0,0.0,0.0,0.0
87a5f526-970a-4945-92c1-c9a1f1d6f28e-00-2y8umi17mu65w.sisko.replit.dev,Phishing,mock_Mock_Data_31_07_2025.xlsx,70.0,0.42857142857142855,0.04285714285714286,6.0,0.08571428571428572,0.0,0.0,2.0,0.0,10.0,0.0,0.0,0.0,0.75,0.0,0.0,0.0,0.0,3.0,4.667800695176419,0.0,0.0,0.0,0.0,0.0,0.0,0.0,0.0,0.0,0.0,0.0,0.0,0.0
779fbf59-c116-475e-9fa8-8feae4f38333-00-nypqd7g26a7.sisko.replit.dev,Phishing,mock_Mock_Data_31_07_2025.xlsx,68.0,0.38235294117647056,0.04411764705882353,6.0,0.08823529411764706,0.0,0.0,2.0,0.0,10.0,0.0,0.0,0.0,0.75,0.0,0.0,1.0,0.0,3.0,4.6851356877754675,0.0,0.0,0.0,0.0,0.0,0.0,0.0,0.0,0.0,0.0,0.0,0.0,0.0
sb-murex-alpha.vercel.app,Phishing,mock_Mock_Data_31_07_2025.xlsx,25.0,0.0,0.08,2.0,0.08,0.0,0.0,1.0,0.0,10.0,0.0,0.0,0.0,0.5,0.0,0.0,0.0,0.0,3.0,3.7532696895151085,0.0,0.0,0.0,0.0,0.0,0.0,0.0,0.0,0.0,0.0,0.0,0.0,0.0
ysupdateverfyall.wixsite.com,Phishing,mock_Mock_Data_31_07_2025.xlsx,28.0,0.0,0.07142857142857142,0.0,0.0,0.0,0.0,1.0,0.0,11.0,0.0,0.0,0.0,0.6666666666666666,0.0,0.0,0.0,1.0,3.0,4.137537511266053,0.0,0.0,0.0,0.0,0.0,1.0,0.0,0.0,0.0,0.0,0.0,0.0,0.0
24e2705d-933e-4e13-a722-9a5d9a7f80c3-00-1hkqh38jos5xo.sisko.replit.dev,Phishing,mock_Mock_Data_31_07_2025.xlsx,70.0,0.4,0.04285714285714286,6.0,0.08571428571428572,0.0,0.0,2.0,0.0,10.0,0.0,0.0,0.0,0.75,0.0,0.0,0.0,0.0,3.0,4.632595074509132,0.0,0.0,0.0,0.0,0.0,0.0,0.0,0.0,0.0,0.0,0.0,0.0,0.0
sbicardonlineuse.wixsite.com,Phishing,mock_Mock_Data_31_07_2025.xlsx,28.0,0.0,0.07142857142857142,0.0,0.0,0.0,0.0,1.0,2.0,11.0,1.0,0.0,0.2727272727272727,0.6666666666666666,0.0,0.0,0.0,1.0,3.0,3.8962915290459272,0.0,0.0,0.0,0.0,0.0,0.0,0.0,0.0,0.0,0.0,0.0,0.0,0.0
updateverifying66.wixsite.com,Phishing,mock_Mock_Data_31_07_2025.xlsx,29.0,0.06896551724137931,0.06896551724137931,0.0,0.0,0.0,0.0,1.0,0.0,11.0,0.0,0.0,0.0,0.6666666666666666,0.0,0.0,0.0,1.0,3.0,4.21126073643228,0.0,0.0,0.0,0.0,1.0,1.0,0.0,0.0,0.0,0.0,0.0,0.0,0.0
customer-cares.site,Phishing,mock_Mock_Data_31_07_2025.xlsx,19.0,0.0,0.05263157894736842,1.0,0.05263157894736842,0.0,0.0,0.0,0.0,19.0,0.0,1.0,0.0,0.5,0.0,0.0,0.0,0.0,4.0,3.43162356584743,0.0,0.0,0.0,0.0,0.0,0.0,0.0,0.0,0.0,0.0,0.0,0.0,0.0
raju.vercel.app,Phishing,mock_Mock_Data_31_07_2025.xlsx,15.0,0.0,0.13333333333333333,0.0,0.0,0.0,0.0,1.0,0.0,10.0,0.0,0.0,0.0,0.5,0.0,0.0,0.0,0.0,3.0,3.2402239289418526,0.0,0.0,0.0,0.0,0.0,0.0,0.0,0.0,0.0,0.0,0.0,0.0,0.0
sblk.replit.app,Phishing,mock_Mock_Data_31_07_2025.xlsx,15.0,0.0,0.13333333333333333,0.0,0.0,0.0,0.0,1.0,0.0,10.0,0.0,0.0,0.0,0.6666666666666666,0.0,0.0,0.0,0.0,3.0,3.323231428797621,0.0,0.0,0.0,0.0,0.0,0.0,0.0,0.0,0.0,0.0,0.0,0.0,0.0
rewdzpoint.replit.app,Phishing,mock_Mock_Data_31_07_2025.xlsx,21.0,0.0,0.09523809523809523,0.0,0.0,0.0,0.0,1.0,0.0,10.0,0.0,0.0,0.0,0.75,0.0,0.0,0.0,0.0,3.0,3.535174565635902,0.0,0.0,0.0,0.0,0.0,0.0,0.0,0.0,0.0,0.0,0.0,0.0,0.0
messein.pages.dev,Phishing,mock_Mock_Data_31_07_2025.xlsx,17.0,0.0,0.11764705882352941,0.0,0.0,0.0,0.0,1.0,0.0,9.0,0.0,0.0,0.0,0.75,0.0,0.0,0.0,0.0,3.0,3.2195282822995477,0.0,0.0,0.0,0.0,0.0,0.0,0.0,0.0,0.0,0.0,0.0,0.0,0.0
sbi.profileapps.in,Phishing,mock_Mock_Data_31_07_2025.xlsx,18.0,0.0,0.1111111111111111,0.0,0.0,0.0,0.0,1.0,2.0,14.0,1.0,0.0,0.21428571428571427,0.75,0.0,0.0,0.0,0.0,2.0,3.4193819456463714,0.0,0.0,0.0,0.0,0.0,0.0,0.0,0.0,0.0,0.0,0.0,0.0,0.0
cute-choux-a0064b.netlify.app,Phishing,mock_Mock_Data_31_07_2025.xlsx,29.0,0.13793103448275862,0.06896551724137931,2.0,0.06896551724137931,0.0,0.0,1.0,0.0,11.0,0.0,0.0,0.0,0.75,0.0,0.0,0.0,0.0,3.0,4.237291339955158,0.0,0.0,0.0,0.0,0.0,0.0,0.0,0.0,0.0,0.0,0.0,0.0,0.0
claim-s.replit.app,Phishing,mock_Mock_Data_31_07_2025.xlsx,18.0,0.0,0.1111111111111111,1.0,0.05555555555555555,0.0,0.0,1.0,0.0,10.0,0.0,0.0,0.0,0.75,0.0,0.0,0.0,0.0,3.0,3.4613201402110083,0.0,0.0,0.0,0.0,0.0,0.0,0.0,0.0,0.0,0.0,0.0,0.0,0.0
sywyqe-s.replit.app,Phishing,mock_Mock_Data_31_07_2025.xlsx,19.0,0.0,0.10526315789473684,1.0,0.05263157894736842,0.0,0.0,1.0,0.0,10.0,0.0,0.0,0.0,0.75,0.0,0.0,0.0,0.0,3.0,3.5766176449086653,0.0,0.0,0.0,0.0,0.0,0.0,0.0,0.0,0.0,0.0,0.0,0.0,0.0
kali-beta.vercel.app,Phishing,mock_Mock_Data_31_07_2025.xlsx,20.0,0.0,0.1,1.0,0.05,0.0,0.0,1.0,0.0,10.0,0.0,0.0,0.0,0.5,0.0,0.0,0.0,0.0,3.0,3.546439344671015,0.0,0.0,0.0,0.0,0.0,0.0,0.0,0.0,0.0,0.0,0.0,0.0,0.0
01a-five.vercel.app,Phishing,mock_Mock_Data_31_07_2025.xlsx,19.0,0.10526315789473684,0.10526315789473684,1.0,0.05263157894736842,0.0,0.0,1.0,0.0,10.0,0.0,0.0,0.0,0.5,0.0,0.0,0.0,0.0,3.0,3.5766176449086653,0.0,0.0,0.0,0.0,0.0,0.0,0.0,0.0,0.0,0.0,0.0,0.0,0.0
011-two.vercel.app,Phishing,mock_Mock_Data_31_07_2025.xlsx,18.0,0.16666666666666666,0.1111111111111111,1.0,0.05555555555555555,0.0,0.0,1.0,0.0,10.0,0.0,0.0,0.0,0.5,0.0,0.0,0.0,0.0,3.0,3.7254805569978675,0.0,0.0,0.0,0.0,0.0,0.0,0.0,0.0,0.0,0.0,0.0,0.0,0.0
08c97d5d-2445-4cd3-a308-8a55c32167a9-00-21ng9b1eqafu3.sisko.replit.dev,Phishing,mock_Mock_Data_31_07_2025.xlsx,70.0,0.42857142857142855,0.04285714285714286,6.0,0.08571428571428572,0.0,0.0,2.0,0.0,10.0,0.0,0.0,0.0,0.75,0.0,0.0,0.0,0.0,3.0,4.707156230921614,0.0,0.0,0.0,0.0,0.0,0.0,0.0,0.0,0.0,0.0,0.0,0.0,0.0
cardsactivateed.online,Phishing,mock_Mock_Data_31_07_2025.xlsx,22.0,0.0,0.045454545454545456,0.0,0.0,0.0,0.0,0.0,0.0,22.0,0.0,1.0,0.0,0.3333333333333333,0.0,0.0,0.0,0.0,6.0,3.572623663895164,0.0,0.0,0.0,0.0,0.0,0.0,0.0,0.0,0.0,0.0,0.0,0.0,0.0
sbi.loginprofile.in,Phishing,mock_Mock_Data_31_07_2025.xlsx,19.0,0.0,0.10526315789473684,0.0,0.0,0.0,0.0,1.0,2.0,15.0,1.0,0.0,0.2,0.75,0.0,0.0,0.0,0.0,2.0,3.40582225028569,1.0,0.0,0.0,0.0,0.0,0.0,0.0,0.0,0.0,0.0,0.0,0.0,0.0
trained.replit.app,Phishing,mock_Mock_Data_31_07_2025.xlsx,18.0,0.0,0.1111111111111111,0.0,0.0,0.0,0.0,1.0,0.0,10.0,0.0,0.0,0.0,0.75,0.0,0.0,0.0,0.0,3.0,3.239097917988786,0.0,0.0,0.0,0.0,0.0,0.0,0.0,0.0,0.0,0.0,0.0,0.0,0.0
13.61.0.81,Phishing,mock_Mock_Data_31_07_2025.xlsx,10.0,0.7,0.3,0.0,0.0,0.0,0.0,2.0,0.0,4.0,0.0,0.0,0.0,99.0,0.0,1.0,0.0,0.0,2.0,2.3709505944546687,0.0,0.0,0.0,0.0,0.0,0.0,0.0,0.0,0.0,0.0,0.0,0.0,0.0
54.163.52.162,Phishing,mock_Mock_Data_31_07_2025.xlsx,13.0,0.7692307692307693,0.23076923076923078,0.0,0.0,0.0,0.0,2.0,0.0,6.0,0.0,0.0,0.0,1.0,0.0,1.0,0.0,0.0,3.0,2.7192945256669794,0.0,0.0,0.0,0.0,0.0,0.0,0.0,0.0,0.0,0.0,0.0,0.0,0.0
onlyoffer.replit.app,Phishing,mock_Mock_Data_31_07_2025.xlsx,20.0,0.0,0.1,0.0,0.0,0.0,0.0,1.0,0.0,10.0,0.0,0.0,0.0,0.75,0.0,0.0,0.0,0.0,3.0,3.4841837197791885,0.0,0.0,0.0,0.0,0.0,0.0,0.0,0.0,0.0,0.0,0.0,0.0,0.0
sbifinanceonline.com,Phishing,mock_Mock_Data_31_07_2025.xlsx,20.0,0.0,0.05,0.0,0.0,0.0,0.0,0.0,1.0,20.0,0.0,0.0,0.15,0.6666666666666666,0.0,0.0,0.0,1.0,3.0,3.3841837197791884,0.0,0.0,0.0,0.0,0.0,0.0,0.0,0.0,0.0,0.0,0.0,0.0,0.0
sb-p-2avb.vercel.app,Phishing,mock_Mock_Data_31_07_2025.xlsx,20.0,0.05,0.1,2.0,0.1,0.0,0.0,1.0,0.0,10.0,0.0,0.0,0.0,0.5,0.0,0.0,0.0,0.0,3.0,3.4841837197791885,0.0,0.0,0.0,0.0,0.0,0.0,0.0,0.0,0.0,0.0,0.0,0.0,0.0
sb-p-19of.vercel.app,Phishing,mock_Mock_Data_31_07_2025.xlsx,20.0,0.1,0.1,2.0,0.1,0.0,0.0,1.0,0.0,10.0,0.0,0.0,0.0,0.5,0.0,0.0,0.0,0.0,3.0,3.7841837197791883,0.0,0.0,0.0,0.0,0.0,0.0,0.0,0.0,0.0,0.0,0.0,0.0,0.0
sb-uaj7.vercel.app,Phishing,mock_Mock_Data_31_07_2025.xlsx,18.0,0.05555555555555555,0.1111111111111111,1.0,0.05555555555555555,0.0,0.0,1.0,0.0,10.0,0.0,0.0,0.0,0.5,0.0,0.0,0.0,0.0,3.0,3.7254805569978675,0.0,0.0,0.0,0.0,0.0,0.0,0.0,0.0,0.0,0.0,0.0,0.0,0.0
sb-p-dlhp.vercel.app,Phishing,mock_Mock_Data_31_07_2025.xlsx,20.0,0.0,0.1,2.0,0.1,0.0,0.0,1.0,0.0,10.0,0.0,0.0,0.0,0.5,0.0,0.0,0.0,0.0,3.0,3.5219280948873615,0.0,0.0,0.0,0.0,0.0,0.0,0.0,0.0,0.0,0.0,0.0,0.0,0.0
08398f34-7924-403b-822d-d88939f70d88-00-3elv7abqdc5bx.sisko.replit.dev,Phishing,mock_Mock_Data_31_07_2025.xlsx,70.0,0.44285714285714284,0.04285714285714286,6.0,0.08571428571428572,0.0,0.0,2.0,0.0,10.0,0.0,0.0,0.0,0.75,0.0,0.0,0.0,0.0,3.0,4.464718647016088,0.0,0.0,0.0,0.0,0.0,0.0,0.0,0.0,0.0,0.0,0.0,0.0,0.0
hots.wmtreviewssales.com,Phishing,mock_Mock_Data_31_07_2025.xlsx,24.0,0.0,0.08333333333333333,0.0,0.0,0.0,0.0,1.0,0.0,19.0,0.0,0.0,0.0,0.6666666666666666,0.0,0.0,0.0,1.0,3.0,3.636842188131012,0.0,0.0,0.0,0.0,0.0,0.0,0.0,0.0,0.0,0.0,0.0,0.0,0.0
sb-p-53rh.vercel.app,Phishing,mock_Mock_Data_31_07_2025.xlsx,20.0,0.1,0.1,2.0,0.1,0.0,0.0,1.0,0.0,10.0,0.0,0.0,0.0,0.5,0.0,0.0,0.0,0.0,3.0,3.6841837197791882,0.0,0.0,0.0,0.0,0.0,0.0,0.0,0.0,0.0,0.0,0.0,0.0,0.0
sb-sggm.vercel.app,Phishing,mock_Mock_Data_31_07_2025.xlsx,18.0,0.0,0.1111111111111111,1.0,0.05555555555555555,0.0,0.0,1.0,0.0,10.0,0.0,0.0,0.0,0.5,0.0,0.0,0.0,0.0,3.0,3.6143694458867563,0.0,0.0,0.0,0.0,0.0,0.0,0.0,0.0,0.0,0.0,0.0,0.0,0.0
updatesc.com,Phishing,mock_Mock_Data_31_07_2025.xlsx,12.0,0.0,0.08333333333333333,0.0,0.0,0.0,0.0,0.0,0.0,12.0,0.0,0.0,0.0,0.6666666666666666,0.0,0.0,0.0,1.0,3.0,3.418295834054489,0.0,0.0,0.0,0.0,0.0,1.0,0.0,0.0,0.0,0.0,0.0,0.0,0.0
s-yn146.pages.dev,Phishing,mock_Mock_Data_31_07_2025.xlsx,17.0,0.17647058823529413,0.11764705882352941,1.0,0.058823529411764705,0.0,0.0,1.0,0.0,9.0,0.0,0.0,0.0,0.75,0.0,0.0,0.0,0.0,3.0,3.734521664779752,0.0,0.0,0.0,0.0,0.0,0.0,0.0,0.0,0.0,0.0,0.0,0.0,0.0
sb-p-23yp.vercel.app,Phishing,mock_Mock_Data_31_07_2025.xlsx,20.0,0.1,0.1,2.0,0.1,0.0,0.0,1.0,0.0,10.0,0.0,0.0,0.0,0.5,0.0,0.0,0.0,0.0,3.0,3.621928094887362,0.0,0.0,0.0,0.0,0.0,0.0,0.0,0.0,0.0,0.0,0.0,0.0,0.0
www.onlinesbicredits.com,Phishing,mock_Mock_Data_31_07_2025.xlsx,24.0,0.0,0.08333333333333333,0.0,0.0,0.0,0.0,1.0,1.0,20.0,0.0,0.0,0.15,0.6666666666666666,0.0,0.0,0.0,1.0,3.0,3.6887218755408675,0.0,0.0,0.0,0.0,0.0,0.0,0.0,0.0,0.0,0.0,0.0,0.0,0.0
sb-bysf.vercel.app,Phishing,mock_Mock_Data_31_07_2025.xlsx,18.0,0.0,0.1111111111111111,1.0,0.05555555555555555,0.0,0.0,1.0,0.0,10.0,0.0,0.0,0.0,0.5,0.0,0.0,0.0,0.0,3.0,3.6143694458867563,0.0,0.0,0.0,0.0,0.0,0.0,0.0,0.0,0.0,0.0,0.0,0.0,0.0
sink.livik.cloud,Phishing,mock_Mock_Data_31_07_2025.xlsx,16.0,0.0,0.125,0.0,0.0,0.0,0.0,1.0,0.0,11.0,0.0,0.0,0.0,1.0,0.0,0.0,0.0,0.0,5.0,3.327819531114783,0.0,0.0,0.0,0.0,0.0,0.0,0.0,0.0,0.0,0.0,0.0,0.0,0.0
sbi-finance.icu,Phishing,mock_Mock_Data_31_07_2025.xlsx,15.0,0.0,0.06666666666666667,1.0,0.06666666666666667,0.0,0.0,0.0,1.0,15.0,0.0,1.0,0.2,0.5,0.0,0.0,0.0,0.0,3.0,3.3232314287976203,0.0,0.0,0.0,0.0,0.0,0.0,0.0,0.0,0.0,0.0,0.0,0.0,0.0
sb-jrxx.vercel.app,Phishing,mock_Mock_Data_31_07_2025.xlsx,18.0,0.0,0.1111111111111111,1.0,0.05555555555555555,0.0,0.0,1.0,0.0,10.0,0.0,0.0,0.0,0.5,0.0,0.0,0.0,0.0,3.0,3.614369445886757,0.0,0.0,0.0,0.0,0.0,0.0,0.0,0.0,0.0,0.0,0.0,0.0,0.0
invizible84.github.io,Phishing,mock_Mock_Data_31_07_2025.xlsx,21.0,0.09523809523809523,0.09523809523809523,0.0,0.0,0.0,0.0,1.0,0.0,9.0,0.0,0.0,0.0,99.0,0.0,0.0,0.0,0.0,2.0,3.64900120971034,0.0,0.0,0.0,0.0,0.0,0.0,0.0,0.0,0.0,0.0,0.0,0.0,0.0
lgy1uhb.vercel.app,Phishing,mock_Mock_Data_31_07_2025.xlsx,18.0,0.05555555555555555,0.1111111111111111,0.0,0.0,0.0,0.0,1.0,0.0,10.0,0.0,0.0,0.0,0.5,0.0,0.0,0.0,0.0,3.0,3.7254805569978675,0.0,0.0,0.0,0.0,0.0,0.0,0.0,0.0,0.0,0.0,0.0,0.0,0.0
sb-8hfj.vercel.app,Phishing,mock_Mock_Data_31_07_2025.xlsx,18.0,0.05555555555555555,0.1111111111111111,1.0,0.05555555555555555,0.0,0.0,1.0,0.0,10.0,0.0,0.0,0.0,0.5,0.0,0.0,0.0,0.0,3.0,3.8365916681089787,0.0,0.0,0.0,0.0,0.0,0.0,0.0,0.0,0.0,0.0,0.0,0.0,0.0
s7tgqx4wd.pages.dev,Phishing,mock_Mock_Data_31_07_2025.xlsx,19.0,0.10526315789473684,0.10526315789473684,0.0,0.0,0.0,0.0,1.0,0.0,9.0,0.0,0.0,0.0,0.75,0.0,0.0,0.0,0.0,3.0,3.7216117239699003,0.0,0.0,0.0,0.0,0.0,0.0,0.0,0.0,0.0,0.0,0.0,0.0,0.0
kupsn-m.replit.app,Phishing,mock_Mock_Data_31_07_2025.xlsx,18.0,0.0,0.1111111111111111,1.0,0.05555555555555555,0.0,0.0,1.0,0.0,10.0,0.0,0.0,0.0,0.75,0.0,0.0,0.0,0.0,3.0,3.614369445886757,0.0,0.0,0.0,0.0,0.0,0.0,0.0,0.0,0.0,0.0,0.0,0.0,0.0
onlinepayment.sbs,Phishing,mock_Mock_Data_31_07_2025.xlsx,17.0,0.0,0.058823529411764705,0.0,0.0,0.0,0.0,0.0,0.0,17.0,0.0,1.0,0.0,0.3333333333333333,0.0,0.0,0.0,0.0,3.0,3.572469458770136,0.0,0.0,0.0,0.0,0.0,0.0,0.0,0.0,0.0,0.0,0.0,0.0,0.0
peppery-e.replit.app,Phishing,mock_Mock_Data_31_07_2025.xlsx,20.0,0.0,0.1,1.0,0.05,0.0,0.0,1.0,0.0,10.0,0.0,0.0,0.0,0.75,0.0,0.0,0.0,0.0,3.0,2.9464393446710155,0.0,0.0,0.0,0.0,0.0,0.0,0.0,0.0,0.0,0.0,0.0,0.0,0.0
clahy-m.replit.app,Phishing,mock_Mock_Data_31_07_2025.xlsx,18.0,0.0,0.1111111111111111,1.0,0.05555555555555555,0.0,0.0,1.0,0.0,10.0,0.0,0.0,0.0,0.75,0.0,0.0,0.0,0.0,3.0,3.5724312513221195,0.0,0.0,0.0,0.0,0.0,0.0,0.0,0.0,0.0,0.0,0.0,0.0,0.0
stetabankcreditcar.wixsite.com,Phishing,mock_Mock_Data_31_07_2025.xlsx,30.0,0.0,0.06666666666666667,0.0,0.0,0.0,0.0,1.0,0.0,11.0,0.0,0.0,0.0,0.6666666666666666,0.0,0.0,0.0,1.0,3.0,3.8062389286533893,0.0,0.0,0.0,0.0,0.0,0.0,0.0,0.0,0.0,0.0,0.0,0.0,0.0
secest.replit.app,Phishing,mock_Mock_Data_31_07_2025.xlsx,17.0,0.0,0.11764705882352941,0.0,0.0,0.0,0.0,1.0,0.0,10.0,0.0,0.0,0.0,0.75,0.0,0.0,0.0,0.0,3.0,3.175123135113461,0.0,0.0,0.0,0.0,0.0,0.0,0.0,0.0,0.0,0.0,0.0,0.0,0.0
sb-3lqx.vercel.app,Phishing,mock_Mock_Data_31_07_2025.xlsx,18.0,0.05555555555555555,0.1111111111111111,1.0,0.05555555555555555,0.0,0.0,1.0,0.0,10.0,0.0,0.0,0.0,0.5,0.0,0.0,0.0,0.0,3.0,3.7254805569978675,0.0,0.0,0.0,0.0,0.0,0.0,0.0,0.0,0.0,0.0,0.0,0.0,0.0
sb-eldf.vercel.app,Phishing,mock_Mock_Data_31_07_2025.xlsx,18.0,0.0,0.1111111111111111,1.0,0.05555555555555555,0.0,0.0,1.0,0.0,10.0,0.0,0.0,0.0,0.5,0.0,0.0,0.0,0.0,3.0,3.5724312513221195,0.0,0.0,0.0,0.0,0.0,0.0,0.0,0.0,0.0,0.0,0.0,0.0,0.0
farof.replit.app,Phishing,mock_Mock_Data_31_07_2025.xlsx,16.0,0.0,0.125,0.0,0.0,0.0,0.0,1.0,0.0,10.0,0.0,0.0,0.0,0.75,0.0,0.0,0.0,0.0,3.0,3.202819531114783,0.0,0.0,0.0,0.0,0.0,0.0,0.0,0.0,0.0,0.0,0.0,0.0,0.0
klyj1tfy.vercel.app,Phishing,mock_Mock_Data_31_07_2025.xlsx,19.0,0.05263157894736842,0.10526315789473684,0.0,0.0,0.0,0.0,1.0,0.0,10.0,0.0,0.0,0.0,0.5,0.0,0.0,0.0,0.0,3.0,3.7216117239699003,0.0,0.0,0.0,0.0,0.0,0.0,0.0,0.0,0.0,0.0,0.0,0.0,0.0
sb-sigma-orpin.vercel.app,Phishing,mock_Mock_Data_31_07_2025.xlsx,25.0,0.0,0.08,2.0,0.08,0.0,0.0,1.0,0.0,10.0,0.0,0.0,0.0,0.5,0.0,0.0,0.0,0.0,3.0,3.8936606896881854,0.0,0.0,0.0,0.0,0.0,0.0,0.0,0.0,0.0,0.0,0.0,0.0,0.0
sbpfpro-8jky.vercel.app,Phishing,mock_Mock_Data_31_07_2025.xlsx,23.0,0.043478260869565216,0.08695652173913043,1.0,0.043478260869565216,0.0,0.0,1.0,0.0,10.0,0.0,0.0,0.0,0.5,0.0,0.0,0.0,0.0,3.0,3.9148663038831004,0.0,0.0,0.0,0.0,0.0,0.0,0.0,0.0,0.0,0.0,0.0,0.0,0.0
clickredeem.replit.app,Phishing,mock_Mock_Data_31_07_2025.xlsx,22.0,0.0,0.09090909090909091,0.0,0.0,0.0,0.0,1.0,0.0,10.0,0.0,0.0,0.0,0.75,0.0,0.0,0.0,0.0,3.0,3.4251185503571393,0.0,0.0,0.0,0.0,0.0,0.0,0.0,0.0,0.0,0.0,0.0,0.0,0.0
sb-66oe.vercel.app,Phishing,mock_Mock_Data_31_07_2025.xlsx,18.0,0.1111111111111111,0.1111111111111111,1.0,0.05555555555555555,0.0,0.0,1.0,0.0,10.0,0.0,0.0,0.0,0.5,0.0,0.0,0.0,0.0,3.0,3.5724312513221195,0.0,0.0,0.0,0.0,0.0,0.0,0.0,0.0,0.0,0.0,0.0,0.0,0.0
lumse.replit.app,Phishing,mock_Mock_Data_31_07_2025.xlsx,16.0,0.0,0.125,0.0,0.0,0.0,0.0,1.0,0.0,10.0,0.0,0.0,0.0,0.75,0.0,0.0,0.0,0.0,3.0,3.327819531114783,0.0,0.0,0.0,0.0,0.0,0.0,0.0,0.0,0.0,0.0,0.0,0.0,0.0
sb-nxon.vercel.app,Phishing,mock_Mock_Data_31_07_2025.xlsx,18.0,0.0,0.1111111111111111,1.0,0.05555555555555555,0.0,0.0,1.0,0.0,10.0,0.0,0.0,0.0,0.5,0.0,0.0,0.0,0.0,3.0,3.7254805569978675,0.0,0.0,0.0,0.0,0.0,0.0,0.0,0.0,0.0,0.0,0.0,0.0,0.0
sb-r2v8.vercel.app,Phishing,mock_Mock_Data_31_07_2025.xlsx,18.0,0.1111111111111111,0.1111111111111111,1.0,0.05555555555555555,0.0,0.0,1.0,0.0,10.0,0.0,0.0,0.0,0.5,0.0,0.0,0.0,0.0,3.0,3.6143694458867563,0.0,0.0,0.0,0.0,0.0,0.0,0.0,0.0,0.0,0.0,0.0,0.0,0.0
cok197-16.pages.dev,Phishing,mock_Mock_Data_31_07_2025.xlsx,19.0,0.2631578947368421,0.10526315789473684,1.0,0.05263157894736842,0.0,0.0,1.0,0.0,9.0,0.0,0.0,0.0,0.75,0.0,0.0,0.0,0.0,3.0,3.9321380397593737,0.0,0.0,0.0,0.0,0.0,0.0,0.0,0.0,0.0,0.0,0.0,0.0,0.0
gugj1-576.pages.dev,Phishing,mock_Mock_Data_31_07_2025.xlsx,19.0,0.21052631578947367,0.10526315789473684,1.0,0.05263157894736842,0.0,0.0,1.0,0.0,9.0,0.0,0.0,0.0,0.75,0.0,0.0,0.0,0.0,3.0,3.7871439606981383,0.0,0.0,0.0,0.0,0.0,0.0,0.0,0.0,0.0,0.0,0.0,0.0,0.0
hydhc1-36a.pages.dev,Phishing,mock_Mock_Data_31_07_2025.xlsx,20.0,0.15,0.1,1.0,0.05,0.0,0.0,1.0,0.0,9.0,0.0,0.0,0.0,0.75,0.0,0.0,0.0,0.0,3.0,3.8219280948873617,0.0,0.0,0.0,0.0,0.0,0.0,0.0,0.0,0.0,0.0,0.0,0.0,0.0
ajol1-78a.pages.dev,Phishing,mock_Mock_Data_31_07_2025.xlsx,19.0,0.15789473684210525,0.10526315789473684,1.0,0.05263157894736842,0.0,0.0,1.0,0.0,9.0,0.0,0.0,0.0,0.75,0.0,0.0,0.0,0.0,3.0,3.7871439606981383,0.0,0.0,0.0,0.0,0.0,0.0,0.0,0.0,0.0,0.0,0.0,0.0,0.0
jis1-868.pages.dev,Phishing,mock_Mock_Data_31_07_2025.xlsx,18.0,0.2222222222222222,0.1111111111111111,1.0,0.05555555555555555,0.0,0.0,1.0,0.0,9.0,0.0,0.0,0.0,0.75,0.0,0.0,0.0,0.0,3.0,3.7254805569978675,0.0,0.0,0.0,0.0,0.0,0.0,0.0,0.0,0.0,0.0,0.0,0.0,0.0
sb-8bl1.vercel.app,Phishing,mock_Mock_Data_31_07_2025.xlsx,18.0,0.1111111111111111,0.1111111111111111,1.0,0.05555555555555555,0.0,0.0,1.0,0.0,10.0,0.0,0.0,0.0,0.5,0.0,0.0,0.0,0.0,3.0,3.6143694458867563,0.0,0.0,0.0,0.0,0.0,0.0,0.0,0.0,0.0,0.0,0.0,0.0,0.0
axkj.pages.dev,Phishing,mock_Mock_Data_31_07_2025.xlsx,14.0,0.0,0.14285714285714285,0.0,0.0,0.0,0.0,1.0,0.0,9.0,0.0,0.0,0.0,0.75,0.0,0.0,0.0,0.0,3.0,3.378783493486176,0.0,0.0,0.0,0.0,0.0,0.0,0.0,0.0,0.0,0.0,0.0,0.0,0.0
axgh-123az.pages.dev,Phishing,mock_Mock_Data_31_07_2025.xlsx,20.0,0.15,0.1,1.0,0.05,0.0,0.0,1.0,0.0,9.0,0.0,0.0,0.0,0.75,0.0,0.0,0.0,0.0,3.0,3.7841837197791888,0.0,0.0,0.0,0.0,0.0,0.0,0.0,0.0,0.0,0.0,0.0,0.0,0.0
545646546464646464646464646.pages.dev,Phishing,mock_Mock_Data_31_07_2025.xlsx,37.0,0.7297297297297297,0.05405405405405406,0.0,0.0,0.0,0.0,1.0,0.0,9.0,0.0,0.0,0.0,0.75,0.0,0.0,0.0,0.0,3.0,2.6474537029405387,0.0,0.0,0.0,0.0,0.0,0.0,0.0,0.0,0.0,0.0,0.0,0.0,0.0
sbi-yono-online.vercel.app,Phishing,mock_Mock_Data_31_07_2025.xlsx,26.0,0.0,0.07692307692307693,2.0,0.07692307692307693,0.0,0.0,1.0,2.0,10.0,1.0,0.0,0.3,0.3333333333333333,0.0,0.0,0.0,0.0,3.0,3.767183467891461,0.0,0.0,0.0,0.0,0.0,0.0,0.0,0.0,0.0,0.0,0.0,0.0,0.0
rewdz.replit.app,Phishing,mock_Mock_Data_31_07_2025.xlsx,16.0,0.0,0.125,0.0,0.0,0.0,0.0,1.0,0.0,10.0,0.0,0.0,0.0,0.75,0.0,0.0,0.0,0.0,3.0,3.327819531114783,0.0,0.0,0.0,0.0,0.0,0.0,0.0,0.0,0.0,0.0,0.0,0.0,0.0
wrieai.replit.app,Phishing,mock_Mock_Data_31_07_2025.xlsx,17.0,0.0,0.11764705882352941,0.0,0.0,0.0,0.0,1.0,0.0,10.0,0.0,0.0,0.0,0.6,0.0,0.0,0.0,0.0,3.0,3.0574760762899316,0.0,0.0,0.0,0.0,0.0,0.0,0.0,0.0,0.0,0.0,0.0,0.0,0.0
fodhj70.replit.app,Phishing,mock_Mock_Data_31_07_2025.xlsx,18.0,0.1111111111111111,0.1111111111111111,0.0,0.0,0.0,0.0,1.0,0.0,10.0,0.0,0.0,0.0,0.75,0.0,0.0,0.0,0.0,3.0,3.794653473544342,0.0,0.0,0.0,0.0,0.0,0.0,0.0,0.0,0.0,0.0,0.0,0.0,0.0
sb-rcs5.vercel.app,Phishing,mock_Mock_Data_31_07_2025.xlsx,18.0,0.05555555555555555,0.1111111111111111,1.0,0.05555555555555555,0.0,0.0,1.0,0.0,10.0,0.0,0.0,0.0,0.5,0.0,0.0,0.0,0.0,3.0,3.503258334775645,0.0,0.0,0.0,0.0,0.0,0.0,0.0,0.0,0.0,0.0,0.0,0.0,0.0
hbjdtyf.netlify.app,Phishing,mock_Mock_Data_31_07_2025.xlsx,19.0,0.0,0.10526315789473684,0.0,0.0,0.0,0.0,1.0,0.0,11.0,0.0,0.0,0.0,0.75,0.0,0.0,0.0,0.0,3.0,3.7216117239699007,0.0,0.0,0.0,0.0,0.0,0.0,0.0,0.0,0.0,0.0,0.0,0.0,0.0
kurdigitmrr.replit.app,Phishing,mock_Mock_Data_31_07_2025.xlsx,22.0,0.0,0.09090909090909091,0.0,0.0,0.0,0.0,1.0,0.0,10.0,0.0,0.0,0.0,0.75,0.0,0.0,0.0,0.0,3.0,3.481714572986072,0.0,0.0,0.0,0.0,0.0,0.0,0.0,0.0,0.0,0.0,0.0,0.0,0.0
promosbi.site,Phishing,mock_Mock_Data_31_07_2025.xlsx,13.0,0.0,0.07692307692307693,0.0,0.0,0.0,0.0,0.0,1.0,13.0,0.0,1.0,0.23076923076923078,0.5,0.0,0.0,0.0,0.0,4.0,3.238901256602631,0.0,0.0,0.0,0.0,0.0,0.0,0.0,0.0,0.0,0.0,0.0,0.0,0.0
sxzb18-13.pages.dev,Phishing,mock_Mock_Data_31_07_2025.xlsx,19.0,0.21052631578947367,0.10526315789473684,1.0,0.05263157894736842,0.0,0.0,1.0,0.0,9.0,0.0,0.0,0.0,0.75,0.0,0.0,0.0,0.0,3.0,3.8268748818646365,0.0,0.0,0.0,0.0,0.0,0.0,0.0,0.0,0.0,0.0,0.0,0.0,0.0
testsbcoll-76.pages.dev,Phishing,mock_Mock_Data_31_07_2025.xlsx,23.0,0.08695652173913043,0.08695652173913043,1.0,0.043478260869565216,0.0,0.0,1.0,0.0,9.0,0.0,0.0,0.0,0.75,0.0,0.0,0.0,0.0,3.0,3.849223912390625,0.0,0.0,0.0,0.0,0.0,0.0,0.0,0.0,0.0,0.0,0.0,0.0,0.0
dtybjk.vercel.app,Phishing,mock_Mock_Data_31_07_2025.xlsx,17.0,0.0,0.11764705882352941,0.0,0.0,0.0,0.0,1.0,0.0,10.0,0.0,0.0,0.0,0.5,0.0,0.0,0.0,0.0,3.0,3.734521664779752,0.0,0.0,0.0,0.0,0.0,0.0,0.0,0.0,0.0,0.0,0.0,0.0,0.0
collectrewards.pages.dev,Phishing,mock_Mock_Data_31_07_2025.xlsx,24.0,0.0,0.08333333333333333,0.0,0.0,0.0,0.0,1.0,0.0,9.0,0.0,0.0,0.0,0.75,0.0,0.0,0.0,0.0,3.0,3.6682958340544896,0.0,0.0,0.0,0.0,0.0,0.0,0.0,0.0,0.0,0.0,0.0,0.0,0.0
sb-p7fk.vercel.app,Phishing,mock_Mock_Data_31_07_2025.xlsx,18.0,0.05555555555555555,0.1111111111111111,1.0,0.05555555555555555,0.0,0.0,1.0,0.0,10.0,0.0,0.0,0.0,0.5,0.0,0.0,0.0,0.0,3.0,3.6835423624332306,0.0,0.0,0.0,0.0,0.0,0.0,0.0,0.0,0.0,0.0,0.0,0.0,0.0
upateredeems.replit.app,Phishing,mock_Mock_Data_31_07_2025.xlsx,23.0,0.0,0.08695652173913043,0.0,0.0,0.0,0.0,1.0,0.0,10.0,0.0,0.0,0.0,0.75,0.0,0.0,0.0,0.0,3.0,3.3231428049945433,0.0,0.0,0.0,0.0,0.0,0.0,0.0,0.0,0.0,0.0,0.0,0.0,0.0
transversals.replit.app,Phishing,mock_Mock_Data_31_07_2025.xlsx,23.0,0.0,0.08695652173913043,0.0,0.0,0.0,0.0,1.0,0.0,10.0,0.0,0.0,0.0,0.75,0.0,0.0,0.0,0.0,3.0,3.348798912202497,0.0,0.0,0.0,0.0,0.0,0.0,0.0,0.0,0.0,0.0,0.0,0.0,0.0
yonobank.replit.app,Phishing,mock_Mock_Data_31_07_2025.xlsx,19.0,0.0,0.10526315789473684,0.0,0.0,0.0,0.0,1.0,0.0,10.0,0.0,0.0,0.0,0.75,0.0,0.0,0.0,0.0,3.0,3.5766176449086657,0.0,0.0,0.0,0.0,0.0,0.0,0.0,0.0,0.0,0.0,0.0,0.0,0.0
yonosbi.replit.app,Phishing,mock_Mock_Data_31_07_2025.xlsx,18.0,0.0,0.1111111111111111,0.0,0.0,0.0,0.0,1.0,2.0,10.0,1.0,0.0,0.3,0.75,0.0,0.0,0.0,0.0,3.0,3.5724312513221195,0.0,0.0,0.0,0.0,0.0,0.0,0.0,0.0,0.0,0.0,0.0,0.0,0.0
ytmnkl.vercel.app,Phishing,mock_Mock_Data_31_07_2025.xlsx,17.0,0.0,0.11764705882352941,0.0,0.0,0.0,0.0,1.0,0.0,10.0,0.0,0.0,0.0,0.5,0.0,0.0,0.0,0.0,3.0,3.6168746059562227,0.0,0.0,0.0,0.0,0.0,0.0,0.0,0.0,0.0,0.0,0.0,0.0,0.0
sbirewardzrs14453.replit.app,Phishing,mock_Mock_Data_31_07_2025.xlsx,28.0,0.17857142857142858,0.07142857142857142,0.0,0.0,0.0,0.0,1.0,2.0,10.0,1.0,0.0,0.3,0.75,0.0,0.0,0.0,0.0,3.0,3.9232517969803373,0.0,0.0,0.0,0.0,0.0,0.0,0.0,0.0,0.0,0.0,0.0,0.0,0.0
sblrewd.vercel.app,Phishing,mock_Mock_Data_31_07_2025.xlsx,18.0,0.0,0.1111111111111111,0.0,0.0,0.0,0.0,1.0,0.0,10.0,0.0,0.0,0.0,0.5,0.0,0.0,0.0,0.0,3.0,3.4613201402110083,0.0,0.0,0.0,0.0,0.0,0.0,0.0,0.0,0.0,0.0,0.0,0.0,0.0
efootball-ooss.github.io,Phishing,mock_Mock_Data_31_07_2025.xlsx,24.0,0.0,0.08333333333333333,1.0,0.041666666666666664,0.0,0.0,1.0,0.0,9.0,0.0,0.0,0.0,0.75,0.0,0.0,0.0,0.0,2.0,3.601227480952956,0.0,0.0,0.0,0.0,0.0,0.0,0.0,0.0,0.0,0.0,0.0,0.0,0.0
spoortika.github.io,Phishing,mock_Mock_Data_31_07_2025.xlsx,19.0,0.0,0.10526315789473684,0.0,0.0,0.0,0.0,1.0,0.0,9.0,0.0,0.0,0.0,99.0,0.0,0.0,0.0,0.0,2.0,3.536886723742167,0.0,0.0,0.0,0.0,0.0,0.0,0.0,0.0,0.0,0.0,0.0,0.0,0.0
cc2415c0-c363-4426-a790-81caf3ef30be-00-1l3l0y76g9jyh.pike.replit.dev,Phishing,mock_Mock_Data_31_07_2025.xlsx,69.0,0.4057971014492754,0.043478260869565216,6.0,0.08695652173913043,0.0,0.0,2.0,0.0,10.0,0.0,0.0,0.0,0.75,0.0,0.0,0.0,0.0,3.0,4.57775766050597,0.0,0.0,0.0,0.0,0.0,0.0,0.0,0.0,0.0,0.0,0.0,0.0,0.0
14453rewardsbi7i.replit.app,Phishing,mock_Mock_Data_31_07_2025.xlsx,27.0,0.2222222222222222,0.07407407407407407,0.0,0.0,0.0,0.0,1.0,2.0,10.0,1.0,0.0,0.3,0.75,0.0,0.0,0.0,0.0,3.0,3.930270372293455,0.0,0.0,0.0,0.0,0.0,0.0,0.0,0.0,0.0,0.0,0.0,0.0,0.0
volcano-rewardsbi7i.replit.app,Phishing,mock_Mock_Data_31_07_2025.xlsx,30.0,0.03333333333333333,0.06666666666666667,1.0,0.03333333333333333,0.0,0.0,1.0,2.0,10.0,1.0,0.0,0.3,0.75,0.0,0.0,0.0,0.0,3.0,4.0062389286533895,0.0,0.0,0.0,0.0,0.0,0.0,0.0,0.0,0.0,0.0,0.0,0.0,0.0
dfcfcherewared.buzz,Phishing,mock_Mock_Data_31_07_2025.xlsx,19.0,0.0,0.05263157894736842,0.0,0.0,0.0,0.0,0.0,0.0,19.0,0.0,1.0,0.0,1.0,0.0,0.0,0.0,0.0,4.0,3.4713544870139286,0.0,0.0,0.0,0.0,0.0,0.0,0.0,0.0,0.0,0.0,0.0,0.0,0.0
profitable-moral-collaborativesoftware-rewardsbi7i.replit.app,Phishing,mock_Mock_Data_31_07_2025.xlsx,61.0,0.01639344262295082,0.03278688524590164,3.0,0.04918032786885246,0.0,0.0,1.0,2.0,10.0,1.0,0.0,0.3,0.75,0.0,0.0,0.0,0.0,3.0,3.9757978980402524,0.0,0.0,0.0,0.0,0.0,0.0,0.0,0.0,0.0,0.0,0.0,0.0,0.0
sbisecurities.github.io,Phishing,mock_Mock_Data_31_07_2025.xlsx,23.0,0.0,0.08695652173913043,0.0,0.0,0.0,0.0,1.0,2.0,9.0,1.0,0.0,0.3333333333333333,99.0,0.0,0.0,0.0,0.0,2.0,3.377278130987436,0.0,0.0,0.0,0.0,0.0,0.0,0.0,0.0,0.0,0.0,0.0,0.0,0.0
state-bank-of-india-create.github.io,Phishing,mock_Mock_Data_31_07_2025.xlsx,36.0,0.0,0.05555555555555555,4.0,0.1111111111111111,0.0,0.0,1.0,0.0,9.0,0.0,0.0,0.0,0.375,0.0,0.0,0.0,0.0,2.0,3.9267336819377707,0.0,0.0,0.0,0.0,0.0,0.0,0.0,0.0,0.0,0.0,0.0,0.0,0.0
4f2fd8dd-a799-42c5-9059-c803e0ddabf6-00-2ylwfgr9ah90z.pike.replit.dev,Phishing,mock_Mock_Data_31_07_2025.xlsx,69.0,0.34782608695652173,0.043478260869565216,6.0,0.08695652173913043,0.0,0.0,2.0,0.0,10.0,0.0,0.0,0.0,0.75,0.0,0.0,0.0,0.0,3.0,4.538904710056456,0.0,0.0,0.0,0.0,0.0,0.0,0.0,0.0,0.0,0.0,0.0,0.0,0.0
8a121b59-4664-4e2a-a147-2d51c56ab09a-00-1pdzkw4q7d4lp.pike.replit.dev,Phishing,mock_Mock_Data_31_07_2025.xlsx,69.0,0.4057971014492754,0.043478260869565216,6.0,0.08695652173913043,0.0,0.0,2.0,0.0,10.0,0.0,0.0,0.0,0.75,0.0,0.0,0.0,0.0,3.0,4.456158247092011,0.0,0.0,0.0,0.0,0.0,0.0,0.0,0.0,0.0,0.0,0.0,0.0,0.0
472aa9fe-6011-4a3c-9789-f426e2de5c6e-00-5h038kihilpi.pike.replit.dev,Phishing,mock_Mock_Data_31_07_2025.xlsx,68.0,0.38235294117647056,0.04411764705882353,6.0,0.08823529411764706,0.0,0.0,2.0,0.0,10.0,0.0,0.0,0.0,0.75,0.0,0.0,0.0,0.0,3.0,4.469005305245761,0.0,0.0,0.0,0.0,0.0,0.0,0.0,0.0,0.0,0.0,0.0,0.0,0.0
50a996f6-9a43-4da2-9c18-3df64f51dc66-00-3v3js32ara3td.pike.replit.dev,Phishing,mock_Mock_Data_31_07_2025.xlsx,69.0,0.4057971014492754,0.043478260869565216,6.0,0.08695652173913043,0.0,0.0,2.0,0.0,10.0,0.0,0.0,0.0,0.6,0.0,0.0,0.0,0.0,3.0,4.432830124274087,0.0,0.0,0.0,0.0,0.0,0.0,0.0,0.0,0.0,0.0,0.0,0.0,0.0
6bb19781-7387-4344-99f4-e4b562259207-00-2wovn0sfhxbr6.pike.replit.dev,Phishing,mock_Mock_Data_31_07_2025.xlsx,69.0,0.463768115942029,0.043478260869565216,6.0,0.08695652173913043,0.0,0.0,2.0,0.0,10.0,0.0,0.0,0.0,0.75,0.0,0.0,0.0,0.0,3.0,4.621144884559462,0.0,0.0,0.0,0.0,0.0,0.0,0.0,0.0,0.0,0.0,0.0,0.0,0.0
ravisachincodinglife.github.io,Phishing,mock_Mock_Data_31_07_2025.xlsx,30.0,0.0,0.06666666666666667,0.0,0.0,0.0,0.0,1.0,0.0,9.0,0.0,0.0,0.0,99.0,0.0,0.0,0.0,0.0,2.0,3.9232314287976204,0.0,0.0,0.0,0.0,0.0,0.0,0.0,0.0,0.0,0.0,0.0,0.0,0.0
sb-beln.vercel.app,Phishing,mock_Mock_Data_31_07_2025.xlsx,18.0,0.0,0.1111111111111111,1.0,0.05555555555555555,0.0,0.0,1.0,0.0,10.0,0.0,0.0,0.0,0.5,0.0,0.0,0.0,0.0,3.0,3.4613201402110083,0.0,0.0,0.0,0.0,0.0,0.0,0.0,0.0,0.0,0.0,0.0,0.0,0.0
0d7c3e87-dd87-4b81-b978-3e86245c24bf-00-dw7jzme31kjl.sisko.replit.dev,Phishing,mock_Mock_Data_31_07_2025.xlsx,69.0,0.37681159420289856,0.043478260869565216,6.0,0.08695652173913043,0.0,0.0,2.0,0.0,10.0,0.0,0.0,0.0,0.75,0.0,0.0,0.0,0.0,3.0,4.634281349344958,0.0,0.0,0.0,0.0,0.0,0.0,0.0,0.0,0.0,0.0,0.0,0.0,0.0
a49cbc09-0bfb-4a0c-a888-d0002ccdfdfa-00-17xtgxjufsiia.sisko.replit.dev,Phishing,mock_Mock_Data_31_07_2025.xlsx,70.0,0.2571428571428571,0.04285714285714286,6.0,0.08571428571428572,0.0,0.0,2.0,0.0,10.0,0.0,0.0,0.0,0.6666666666666666,0.0,0.0,1.0,0.0,3.0,4.475731503204187,0.0,0.0,0.0,0.0,0.0,0.0,0.0,0.0,0.0,0.0,0.0,0.0,0.0
adba5ec6-0ee4-4f6c-b940-6b8dd0d04e03-00-2ijw4f6qf0rkw.sisko.replit.dev,Phishing,mock_Mock_Data_31_07_2025.xlsx,70.0,0.3142857142857143,0.04285714285714286,6.0,0.08571428571428572,0.0,0.0,2.0,0.0,10.0,0.0,0.0,0.0,0.75,0.0,0.0,0.0,0.0,3.0,4.45416328885666,0.0,0.0,0.0,0.0,0.0,0.0,0.0,0.0,0.0,0.0,0.0,0.0,0.0
a9f87840-a97f-4ffe-89b4-dded53f1be3b-00-3744y4tt03a1b.pike.replit.dev,Phishing,mock_Mock_Data_31_07_2025.xlsx,69.0,0.37681159420289856,0.043478260869565216,6.0,0.08695652173913043,0.0,0.0,2.0,0.0,10.0,0.0,0.0,0.0,0.75,0.0,0.0,0.0,0.0,3.0,4.301737637931814,0.0,0.0,0.0,0.0,0.0,0.0,0.0,0.0,0.0,0.0,0.0,0.0,0.0
4d842edf-e711-482d-817e-fa0040cd26e9-00-2a8xatnstylyu.pike.replit.dev,Phishing,mock_Mock_Data_31_07_2025.xlsx,69.0,0.34782608695652173,0.043478260869565216,6.0,0.08695652173913043,0.0,0.0,2.0,0.0,10.0,0.0,0.0,0.0,0.75,0.0,0.0,0.0,0.0,3.0,4.465044885528057,0.0,0.0,0.0,0.0,0.0,0.0,0.0,0.0,0.0,0.0,0.0,0.0,0.0
sb-ad21.vercel.app,Phishing,mock_Mock_Data_31_07_2025.xlsx,18.0,0.1111111111111111,0.1111111111111111,1.0,0.05555555555555555,0.0,0.0,1.0,0.0,10.0,0.0,0.0,0.0,0.5,0.0,0.0,0.0,0.0,3.0,3.7254805569978675,0.0,0.0,0.0,0.0,0.0,0.0,0.0,0.0,0.0,0.0,0.0,0.0,0.0
sbisony.blogspot.com,Phishing,mock_Mock_Data_31_07_2025.xlsx,20.0,0.0,0.1,0.0,0.0,0.0,0.0,1.0,2.0,12.0,1.0,0.0,0.25,0.6666666666666666,0.0,0.0,0.0,1.0,3.0,3.484183719779189,0.0,0.0,0.0,0.0,0.0,0.0,0.0,0.0,0.0,0.0,0.0,0.0,0.0
sb-174a.pages.dev,Phishing,mock_Mock_Data_31_07_2025.xlsx,17.0,0.17647058823529413,0.11764705882352941,1.0,0.058823529411764705,0.0,0.0,1.0,0.0,9.0,0.0,0.0,0.0,0.75,0.0,0.0,0.0,0.0,3.0,3.6168746059562227,0.0,0.0,0.0,0.0,0.0,0.0,0.0,0.0,0.0,0.0,0.0,0.0,0.0
87589d5c-3319-4d9b-b4b7-75ce0d9a9202-00-2gpov9d2zvdrx.sisko.replit.dev,Phishing,mock_Mock_Data_31_07_2025.xlsx,70.0,0.38571428571428573,0.04285714285714286,6.0,0.08571428571428572,0.0,0.0,2.0,0.0,10.0,0.0,0.0,0.0,0.6666666666666666,0.0,0.0,0.0,0.0,3.0,4.5713023022883705,0.0,0.0,0.0,0.0,0.0,0.0,0.0,0.0,0.0,0.0,0.0,0.0,0.0
98.70.54.147,Phishing,mock_Mock_Data_31_07_2025.xlsx,12.0,0.75,0.25,0.0,0.0,0.0,0.0,2.0,0.0,6.0,0.0,0.0,0.0,1.0,0.0,1.0,0.0,0.0,3.0,2.8553885422075336,0.0,0.0,0.0,0.0,0.0,0.0,0.0,0.0,0.0,0.0,0.0,0.0,0.0
thnrgj.vercel.app,Phishing,mock_Mock_Data_31_07_2025.xlsx,17.0,0.0,0.11764705882352941,0.0,0.0,0.0,0.0,1.0,0.0,10.0,0.0,0.0,0.0,0.5,0.0,0.0,0.0,0.0,3.0,3.6168746059562227,0.0,0.0,0.0,0.0,0.0,0.0,0.0,0.0,0.0,0.0,0.0,0.0,0.0
log.chankepar.cfd,Phishing,mock_Mock_Data_31_07_2025.xlsx,17.0,0.0,0.11764705882352941,0.0,0.0,0.0,0.0,1.0,0.0,13.0,0.0,0.0,0.0,0.6666666666666666,0.0,0.0,0.0,0.0,3.0,3.734521664779752,0.0,0.0,0.0,0.0,0.0,0.0,0.0,0.0,0.0,0.0,0.0,0.0,0.0
wqhyk.vercel.app,Phishing,mock_Mock_Data_31_07_2025.xlsx,16.0,0.0,0.125,0.0,0.0,0.0,0.0,1.0,0.0,10.0,0.0,0.0,0.0,0.5,0.0,0.0,0.0,0.0,3.0,3.625,0.0,0.0,0.0,0.0,0.0,0.0,0.0,0.0,0.0,0.0,0.0,0.0,0.0
ab525792-0d59-4b1c-bdf0-c130ef6fbd5f-00-1r7ebzxilka2q.pike.replit.dev,Phishing,mock_Mock_Data_31_07_2025.xlsx,69.0,0.3188405797101449,0.043478260869565216,6.0,0.08695652173913043,0.0,0.0,2.0,0.0,10.0,0.0,0.0,0.0,0.5,0.0,0.0,0.0,0.0,3.0,4.523622334513078,0.0,0.0,0.0,0.0,0.0,0.0,0.0,0.0,0.0,0.0,0.0,0.0,0.0
sbibankingonline.rf.gd,Phishing,mock_Mock_Data_31_07_2025.xlsx,22.0,0.0,0.09090909090909091,0.0,0.0,0.0,0.0,1.0,2.0,5.0,1.0,0.0,0.6,99.0,0.0,0.0,0.0,0.0,2.0,3.6069367321753205,0.0,0.0,0.0,0.0,0.0,0.0,0.0,1.0,0.0,0.0,0.0,0.0,0.0
sbirewadserfd.vercel.app,Phishing,mock_Mock_Data_31_07_2025.xlsx,24.0,0.0,0.08333333333333333,0.0,0.0,0.0,0.0,1.0,2.0,10.0,1.0,0.0,0.3,0.5,0.0,0.0,0.0,0.0,3.0,3.636842188131012,0.0,0.0,0.0,0.0,0.0,0.0,0.0,0.0,0.0,0.0,0.0,0.0,0.0
sb-7615.vercel.app,Phishing,mock_Mock_Data_31_07_2025.xlsx,18.0,0.2222222222222222,0.1111111111111111,1.0,0.05555555555555555,0.0,0.0,1.0,0.0,10.0,0.0,0.0,0.0,0.5,0.0,0.0,0.0,0.0,3.0,3.8365916681089787,0.0,0.0,0.0,0.0,0.0,0.0,0.0,0.0,0.0,0.0,0.0,0.0,0.0
sbpfpr-e9lf.vercel.app,Phishing,mock_Mock_Data_31_07_2025.xlsx,22.0,0.045454545454545456,0.09090909090909091,1.0,0.045454545454545456,0.0,0.0,1.0,0.0,10.0,0.0,0.0,0.0,0.5,0.0,0.0,0.0,0.0,3.0,3.51602764126623,0.0,0.0,0.0,0.0,0.0,0.0,0.0,0.0,0.0,0.0,0.0,0.0,0.0
ztgnjk.vercel.app,Phishing,mock_Mock_Data_31_07_2025.xlsx,17.0,0.0,0.11764705882352941,0.0,0.0,0.0,0.0,1.0,0.0,10.0,0.0,0.0,0.0,0.5,0.0,0.0,0.0,0.0,3.0,3.734521664779752,0.0,0.0,0.0,0.0,0.0,0.0,0.0,0.0,0.0,0.0,0.0,0.0,0.0
sb-fdmz.vercel.app,Phishing,mock_Mock_Data_31_07_2025.xlsx,18.0,0.0,0.1111111111111111,1.0,0.05555555555555555,0.0,0.0,1.0,0.0,10.0,0.0,0.0,0.0,0.5,0.0,0.0,0.0,0.0,3.0,3.8365916681089787,0.0,0.0,0.0,0.0,0.0,0.0,0.0,0.0,0.0,0.0,0.0,0.0,0.0
nuiii8uu.pages.dev,Phishing,mock_Mock_Data_31_07_2025.xlsx,18.0,0.05555555555555555,0.1111111111111111,0.0,0.0,0.0,0.0,1.0,0.0,9.0,0.0,0.0,0.0,0.75,0.0,0.0,0.0,0.0,3.0,3.419381945646371,0.0,0.0,0.0,0.0,0.0,0.0,0.0,0.0,0.0,0.0,0.0,0.0,0.0
hgfvd.vercel.app,Phishing,mock_Mock_Data_31_07_2025.xlsx,16.0,0.0,0.125,0.0,0.0,0.0,0.0,1.0,0.0,10.0,0.0,0.0,0.0,0.5,0.0,0.0,0.0,0.0,3.0,3.5,0.0,0.0,0.0,0.0,0.0,0.0,0.0,0.0,0.0,0.0,0.0,0.0,0.0
sb-q4n7.vercel.app,Phishing,mock_Mock_Data_31_07_2025.xlsx,18.0,0.1111111111111111,0.1111111111111111,1.0,0.05555555555555555,0.0,0.0,1.0,0.0,10.0,0.0,0.0,0.0,0.5,0.0,0.0,0.0,0.0,3.0,3.8365916681089787,0.0,0.0,0.0,0.0,0.0,0.0,0.0,0.0,0.0,0.0,0.0,0.0,0.0
jdhfgtr.vercel.app,Phishing,mock_Mock_Data_31_07_2025.xlsx,18.0,0.0,0.1111111111111111,0.0,0.0,0.0,0.0,1.0,0.0,10.0,0.0,0.0,0.0,0.5,0.0,0.0,0.0,0.0,3.0,3.725480556997868,0.0,0.0,0.0,0.0,0.0,0.0,0.0,0.0,0.0,0.0,0.0,0.0,0.0
sbpfpr-neon.vercel.app,Phishing,mock_Mock_Data_31_07_2025.xlsx,22.0,0.0,0.09090909090909091,1.0,0.045454545454545456,0.0,0.0,1.0,0.0,10.0,0.0,0.0,0.0,0.5,0.0,0.0,0.0,0.0,3.0,3.6069367321753205,0.0,0.0,0.0,0.0,0.0,0.0,0.0,0.0,0.0,0.0,0.0,0.0,0.0
4285556c-66a7-45a3-a905-7652c91bf325-00-3gyn9n9ro02ez.sisko.replit.dev,Phishing,mock_Mock_Data_31_07_2025.xlsx,70.0,0.45714285714285713,0.04285714285714286,6.0,0.08571428571428572,0.0,0.0,2.0,0.0,10.0,0.0,0.0,0.0,0.75,0.0,0.0,1.0,0.0,3.0,4.6695571674109075,0.0,0.0,0.0,0.0,0.0,0.0,0.0,0.0,0.0,0.0,0.0,0.0,0.0
bdtrh.vercel.app,Phishing,mock_Mock_Data_31_07_2025.xlsx,16.0,0.0,0.125,0.0,0.0,0.0,0.0,1.0,0.0,10.0,0.0,0.0,0.0,0.5,0.0,0.0,0.0,0.0,3.0,3.5,0.0,0.0,0.0,0.0,0.0,0.0,0.0,0.0,0.0,0.0,0.0,0.0,0.0
sb-rduf.vercel.app,Phishing,mock_Mock_Data_31_07_2025.xlsx,18.0,0.0,0.1111111111111111,1.0,0.05555555555555555,0.0,0.0,1.0,0.0,10.0,0.0,0.0,0.0,0.5,0.0,0.0,0.0,0.0,3.0,3.725480556997868,0.0,0.0,0.0,0.0,0.0,0.0,0.0,0.0,0.0,0.0,0.0,0.0,0.0
sb-xzfc.vercel.app,Phishing,mock_Mock_Data_31_07_2025.xlsx,18.0,0.0,0.1111111111111111,1.0,0.05555555555555555,0.0,0.0,1.0,0.0,10.0,0.0,0.0,0.0,0.5,0.0,0.0,0.0,0.0,3.0,3.7254805569978675,0.0,0.0,0.0,0.0,0.0,0.0,0.0,0.0,0.0,0.0,0.0,0.0,0.0
sb-6xuz.vercel.app,Phishing,mock_Mock_Data_31_07_2025.xlsx,18.0,0.05555555555555555,0.1111111111111111,1.0,0.05555555555555555,0.0,0.0,1.0,0.0,10.0,0.0,0.0,0.0,0.5,0.0,0.0,0.0,0.0,3.0,3.8365916681089787,0.0,0.0,0.0,0.0,0.0,0.0,0.0,0.0,0.0,0.0,0.0,0.0,0.0
86553513-7ebc-4f96-944d-959eb4194ae6-00-v7w6qt1a87vc.pike.replit.dev,Phishing,mock_Mock_Data_31_07_2025.xlsx,68.0,0.4411764705882353,0.04411764705882353,6.0,0.08823529411764706,0.0,0.0,2.0,0.0,10.0,0.0,0.0,0.0,0.75,0.0,0.0,0.0,0.0,3.0,4.480721944688848,0.0,0.0,0.0,0.0,0.0,0.0,0.0,0.0,0.0,0.0,0.0,0.0,0.0
sb-b4g9.vercel.app,Phishing,mock_Mock_Data_31_07_2025.xlsx,18.0,0.1111111111111111,0.1111111111111111,1.0,0.05555555555555555,0.0,0.0,1.0,0.0,10.0,0.0,0.0,0.0,0.5,0.0,0.0,0.0,0.0,3.0,3.7254805569978675,0.0,0.0,0.0,0.0,0.0,0.0,0.0,0.0,0.0,0.0,0.0,0.0,0.0
zbc-58t.pages.dev,Phishing,mock_Mock_Data_31_07_2025.xlsx,17.0,0.11764705882352941,0.11764705882352941,1.0,0.058823529411764705,0.0,0.0,1.0,0.0,9.0,0.0,0.0,0.0,0.6666666666666666,0.0,0.0,0.0,0.0,3.0,3.8521687236032816,0.0,0.0,0.0,0.0,0.0,0.0,0.0,0.0,0.0,0.0,0.0,0.0,0.0
bvccc.vercel.app,Phishing,mock_Mock_Data_31_07_2025.xlsx,16.0,0.0,0.125,0.0,0.0,0.0,0.0,1.0,0.0,10.0,0.0,0.0,0.0,0.5,0.0,0.0,0.0,0.0,3.0,3.0,0.0,0.0,0.0,0.0,0.0,0.0,0.0,0.0,0.0,0.0,0.0,0.0,0.0
sb-n5wq.vercel.app,Phishing,mock_Mock_Data_31_07_2025.xlsx,18.0,0.05555555555555555,0.1111111111111111,1.0,0.05555555555555555,0.0,0.0,1.0,0.0,10.0,0.0,0.0,0.0,0.5,0.0,0.0,0.0,0.0,3.0,3.8365916681089787,0.0,0.0,0.0,0.0,0.0,0.0,0.0,0.0,0.0,0.0,0.0,0.0,0.0
sb-zg4v.vercel.app,Phishing,mock_Mock_Data_31_07_2025.xlsx,18.0,0.05555555555555555,0.1111111111111111,1.0,0.05555555555555555,0.0,0.0,1.0,0.0,10.0,0.0,0.0,0.0,0.5,0.0,0.0,0.0,0.0,3.0,3.7254805569978675,0.0,0.0,0.0,0.0,0.0,0.0,0.0,0.0,0.0,0.0,0.0,0.0,0.0
lakshmy08.github.io,Phishing,mock_Mock_Data_31_07_2025.xlsx,19.0,0.10526315789473684,0.10526315789473684,0.0,0.0,0.0,0.0,1.0,0.0,9.0,0.0,0.0,0.0,99.0,0.0,0.0,0.0,0.0,2.0,3.9321380397593733,0.0,0.0,0.0,0.0,0.0,0.0,0.0,0.0,0.0,0.0,0.0,0.0,0.0
qtzltnm.netlify.app,Phishing,mock_Mock_Data_31_07_2025.xlsx,19.0,0.0,0.10526315789473684,0.0,0.0,0.0,0.0,1.0,0.0,11.0,0.0,0.0,0.0,0.75,0.0,0.0,0.0,0.0,3.0,3.5766176449086657,0.0,0.0,0.0,0.0,0.0,0.0,0.0,0.0,0.0,0.0,0.0,0.0,0.0
sbn-55b7.vercel.app,Phishing,mock_Mock_Data_31_07_2025.xlsx,19.0,0.15789473684210525,0.10526315789473684,1.0,0.05263157894736842,0.0,0.0,1.0,0.0,10.0,0.0,0.0,0.0,0.3333333333333333,0.0,0.0,0.0,0.0,3.0,3.7216117239699007,0.0,0.0,0.0,0.0,0.0,0.0,0.0,0.0,0.0,0.0,0.0,0.0,0.0
jhur8ui.pages.dev,Phishing,mock_Mock_Data_31_07_2025.xlsx,17.0,0.058823529411764705,0.11764705882352941,0.0,0.0,0.0,0.0,1.0,0.0,9.0,0.0,0.0,0.0,0.75,0.0,0.0,0.0,0.0,3.0,3.734521664779752,0.0,0.0,0.0,0.0,0.0,0.0,0.0,0.0,0.0,0.0,0.0,0.0,0.0
tmkocj-264.pages.dev,Phishing,mock_Mock_Data_31_07_2025.xlsx,20.0,0.15,0.1,1.0,0.05,0.0,0.0,1.0,0.0,9.0,0.0,0.0,0.0,0.75,0.0,0.0,0.0,0.0,3.0,4.1219280948873624,0.0,0.0,0.0,0.0,0.0,0.0,0.0,0.0,0.0,0.0,0.0,0.0,0.0
sbd01-mauve.vercel.app,Phishing,mock_Mock_Data_31_07_2025.xlsx,22.0,0.09090909090909091,0.09090909090909091,1.0,0.045454545454545456,0.0,0.0,1.0,0.0,10.0,0.0,0.0,0.0,0.5,0.0,0.0,0.0,0.0,3.0,3.8796640049025934,0.0,0.0,0.0,0.0,0.0,0.0,0.0,0.0,0.0,0.0,0.0,0.0,0.0
mudraloanfinance.online,Phishing,mock_Mock_Data_31_07_2025.xlsx,23.0,0.0,0.043478260869565216,0.0,0.0,0.0,0.0,0.0,0.0,23.0,0.0,1.0,0.0,0.3333333333333333,0.0,0.0,0.0,0.0,6.0,3.4642346527265664,0.0,0.0,0.0,0.0,0.0,0.0,0.0,0.0,0.0,0.0,0.0,0.0,0.0
sbn-c196.vercel.app,Phishing,mock_Mock_Data_31_07_2025.xlsx,19.0,0.15789473684210525,0.10526315789473684,1.0,0.05263157894736842,0.0,0.0,1.0,0.0,10.0,0.0,0.0,0.0,0.3333333333333333,0.0,0.0,0.0,0.0,3.0,3.8268748818646374,0.0,0.0,0.0,0.0,0.0,0.0,0.0,0.0,0.0,0.0,0.0,0.0,0.0
ae006b7e-8b41-40f9-92e7-b26296df62db-00-11fbnh0u0srpl.pike.replit.dev,Phishing,mock_Mock_Data_31_07_2025.xlsx,69.0,0.37681159420289856,0.043478260869565216,6.0,0.08695652173913043,0.0,0.0,2.0,0.0,10.0,0.0,0.0,0.0,0.75,0.0,0.0,0.0,0.0,3.0,4.415625906771288,0.0,0.0,0.0,0.0,0.0,0.0,0.0,0.0,0.0,0.0,0.0,0.0,0.0
www.chandkebparchaloji.buzz,Phishing,mock_Mock_Data_31_07_2025.xlsx,27.0,0.0,0.07407407407407407,0.0,0.0,0.0,0.0,1.0,0.0,23.0,0.0,1.0,0.0,1.0,0.0,0.0,0.0,0.0,4.0,4.032303242743953,0.0,0.0,0.0,0.0,0.0,0.0,0.0,0.0,0.0,0.0,0.0,0.0,0.0
sb-wvo2.vercel.app,Phishing,mock_Mock_Data_31_07_2025.xlsx,18.0,0.05555555555555555,0.1111111111111111,1.0,0.05555555555555555,0.0,0.0,1.0,0.0,10.0,0.0,0.0,0.0,0.5,0.0,0.0,0.0,0.0,3.0,3.7254805569978675,0.0,0.0,0.0,0.0,0.0,0.0,0.0,0.0,0.0,0.0,0.0,0.0,0.0
rdpnlsrmkrilxwe2adfadf.buzz,Phishing,mock_Mock_Data_31_07_2025.xlsx,27.0,0.037037037037037035,0.037037037037037035,0.0,0.0,0.0,0.0,0.0,0.0,27.0,0.0,1.0,0.0,1.0,0.0,0.0,0.0,0.0,4.0,4.106377316818028,0.0,0.0,0.0,0.0,0.0,0.0,0.0,0.0,0.0,0.0,0.0,0.0,0.0
sb-zbjo.vercel.app,Phishing,mock_Mock_Data_31_07_2025.xlsx,18.0,0.0,0.1111111111111111,1.0,0.05555555555555555,0.0,0.0,1.0,0.0,10.0,0.0,0.0,0.0,0.5,0.0,0.0,0.0,0.0,3.0,3.7254805569978675,0.0,0.0,0.0,0.0,0.0,0.0,0.0,0.0,0.0,0.0,0.0,0.0,0.0
sb-7943.vercel.app,Phishing,mock_Mock_Data_31_07_2025.xlsx,18.0,0.2222222222222222,0.1111111111111111,1.0,0.05555555555555555,0.0,0.0,1.0,0.0,10.0,0.0,0.0,0.0,0.5,0.0,0.0,0.0,0.0,3.0,3.8365916681089787,0.0,0.0,0.0,0.0,0.0,0.0,0.0,0.0,0.0,0.0,0.0,0.0,0.0
qvt7dws8tw.pages.dev,Phishing,mock_Mock_Data_31_07_2025.xlsx,20.0,0.1,0.1,0.0,0.0,0.0,0.0,1.0,0.0,9.0,0.0,0.0,0.0,0.75,0.0,0.0,0.0,0.0,3.0,3.621928094887362,0.0,0.0,0.0,0.0,0.0,0.0,0.0,0.0,0.0,0.0,0.0,0.0,0.0
retailonlinesbisbi.vercel.app,Phishing,mock_Mock_Data_31_07_2025.xlsx,29.0,0.0,0.06896551724137931,0.0,0.0,0.0,0.0,1.0,2.0,10.0,1.0,0.0,0.3,0.5,0.0,0.0,0.0,0.0,3.0,3.659536598501246,0.0,0.0,0.0,0.0,0.0,0.0,0.0,0.0,0.0,0.0,0.0,0.0,0.0
sbn-main-walp.vercel.app,Phishing,mock_Mock_Data_31_07_2025.xlsx,24.0,0.0,0.08333333333333333,2.0,0.08333333333333333,0.0,0.0,1.0,0.0,10.0,0.0,0.0,0.0,0.3333333333333333,0.0,0.0,0.0,0.0,3.0,3.772055208874201,0.0,0.0,0.0,0.0,0.0,0.0,0.0,0.0,0.0,0.0,0.0,0.0,0.0
chandkeparchalo.buzz,Phishing,mock_Mock_Data_31_07_2025.xlsx,20.0,0.0,0.05,0.0,0.0,0.0,0.0,0.0,0.0,20.0,0.0,1.0,0.0,1.0,0.0,0.0,0.0,0.0,4.0,3.7841837197791883,0.0,0.0,0.0,0.0,0.0,0.0,0.0,0.0,0.0,0.0,0.0,0.0,0.0
sbpfpro-zeta.vercel.app,Phishing,mock_Mock_Data_31_07_2025.xlsx,23.0,0.0,0.08695652173913043,1.0,0.043478260869565216,0.0,0.0,1.0,0.0,10.0,0.0,0.0,0.0,0.5,0.0,0.0,0.0,0.0,3.0,3.708132064658602,0.0,0.0,0.0,0.0,0.0,0.0,0.0,0.0,0.0,0.0,0.0,0.0,0.0
35dfb100-b427-476c-af2b-0221248bec61-00-1dzuk3p5gu8wv.sisko.replit.dev,Phishing,mock_Mock_Data_31_07_2025.xlsx,70.0,0.38571428571428573,0.04285714285714286,6.0,0.08571428571428572,0.0,0.0,2.0,0.0,10.0,0.0,0.0,0.0,0.75,0.0,0.0,0.0,0.0,3.0,4.704302931775616,0.0,0.0,0.0,0.0,0.0,0.0,0.0,0.0,0.0,0.0,0.0,0.0,0.0
ramlakhankihelloresourse.buzz,Phishing,mock_Mock_Data_31_07_2025.xlsx,29.0,0.0,0.034482758620689655,0.0,0.0,0.0,0.0,0.0,0.0,29.0,0.0,1.0,0.0,1.0,0.0,0.0,0.0,0.0,4.0,3.7883413396567485,0.0,0.0,0.0,0.0,0.0,0.0,0.0,0.0,0.0,0.0,0.0,0.0,0.0
x2-puce.vercel.app,Phishing,mock_Mock_Data_31_07_2025.xlsx,18.0,0.05555555555555555,0.1111111111111111,1.0,0.05555555555555555,0.0,0.0,1.0,0.0,10.0,0.0,0.0,0.0,0.5,0.0,0.0,0.0,0.0,3.0,3.4193819456463714,0.0,0.0,0.0,0.0,0.0,0.0,0.0,0.0,0.0,0.0,0.0,0.0,0.0
sb-qgis.vercel.app,Phishing,mock_Mock_Data_31_07_2025.xlsx,18.0,0.0,0.1111111111111111,1.0,0.05555555555555555,0.0,0.0,1.0,0.0,10.0,0.0,0.0,0.0,0.5,0.0,0.0,0.0,0.0,3.0,3.7254805569978675,0.0,0.0,0.0,0.0,0.0,0.0,0.0,0.0,0.0,0.0,0.0,0.0,0.0
peru-boring-automaticparallelization-raja2456in.replit.app,Phishing,mock_Mock_Data_31_07_2025.xlsx,58.0,0.06896551724137931,0.034482758620689655,3.0,0.05172413793103448,0.0,0.0,1.0,0.0,10.0,0.0,0.0,0.0,0.75,0.0,0.0,0.0,0.0,3.0,4.103694685440427,0.0,0.0,0.0,0.0,0.0,0.0,0.0,0.0,0.0,0.0,0.0,0.0,0.0
df478903-9d72-4a81-9b5a-dc8e74085111-00-3aqviv7kz7vjn.sisko.replit.dev,Phishing,mock_Mock_Data_31_07_2025.xlsx,70.0,0.4,0.04285714285714286,6.0,0.08571428571428572,0.0,0.0,2.0,0.0,10.0,0.0,0.0,0.0,0.75,0.0,0.0,1.0,0.0,3.0,4.6485867242057575,0.0,0.0,0.0,0.0,0.0,0.0,0.0,0.0,0.0,0.0,0.0,0.0,0.0
chartreuse-demanding-match-raja2456in.replit.app,Phishing,mock_Mock_Data_31_07_2025.xlsx,48.0,0.08333333333333333,0.041666666666666664,3.0,0.0625,0.0,0.0,1.0,0.0,10.0,0.0,0.0,0.0,0.75,0.0,0.0,0.0,0.0,3.0,4.224874739988983,0.0,0.0,0.0,0.0,0.0,0.0,0.0,0.0,0.0,0.0,0.0,0.0,0.0
zdfkyt.netlify.app,Phishing,mock_Mock_Data_31_07_2025.xlsx,18.0,0.0,0.1111111111111111,0.0,0.0,0.0,0.0,1.0,0.0,11.0,0.0,0.0,0.0,0.75,0.0,0.0,0.0,0.0,3.0,3.6143694458867563,0.0,0.0,0.0,0.0,0.0,0.0,0.0,0.0,0.0,0.0,0.0,0.0,0.0
hidden-fumbling-properties-raja2456in.replit.app,Phishing,mock_Mock_Data_31_07_2025.xlsx,48.0,0.08333333333333333,0.041666666666666664,3.0,0.0625,0.0,0.0,1.0,0.0,10.0,0.0,0.0,0.0,0.75,0.0,0.0,0.0,0.0,3.0,4.304047012067739,0.0,0.0,0.0,0.0,0.0,0.0,0.0,0.0,0.0,0.0,0.0,0.0,0.0
agonizing-transparent-background-raja2456in.replit.app,Phishing,mock_Mock_Data_31_07_2025.xlsx,54.0,0.07407407407407407,0.037037037037037035,3.0,0.05555555555555555,0.0,0.0,1.0,0.0,10.0,0.0,0.0,0.0,0.75,0.0,0.0,0.0,0.0,3.0,4.217191901429073,0.0,0.0,0.0,0.0,0.0,0.0,0.0,0.0,0.0,0.0,0.0,0.0,0.0
50311d0e-25c7-403d-99ac-26753f9689e1-00-e9v1twgygg22.sisko.replit.dev,Phishing,mock_Mock_Data_31_07_2025.xlsx,69.0,0.43478260869565216,0.043478260869565216,6.0,0.08695652173913043,0.0,0.0,2.0,0.0,10.0,0.0,0.0,0.0,0.75,0.0,0.0,0.0,0.0,3.0,4.599638457670128,0.0,0.0,0.0,0.0,0.0,0.0,0.0,0.0,0.0,0.0,0.0,0.0,0.0
sbn-main-vxnf.vercel.app,Phishing,mock_Mock_Data_31_07_2025.xlsx,24.0,0.0,0.08333333333333333,2.0,0.08333333333333333,0.0,0.0,1.0,0.0,10.0,0.0,0.0,0.0,0.3333333333333333,0.0,0.0,0.0,0.0,3.0,3.8868421881310122,0.0,0.0,0.0,0.0,0.0,0.0,0.0,0.0,0.0,0.0,0.0,0.0,0.0
open-offensive-driverwrapper-redmmblack.replit.app,Phishing,mock_Mock_Data_31_07_2025.xlsx,50.0,0.0,0.04,3.0,0.06,0.0,0.0,1.0,0.0,10.0,0.0,0.0,0.0,0.75,0.0,0.0,0.0,0.0,3.0,4.025142250383773,0.0,0.0,0.0,0.0,0.0,0.0,0.0,0.0,0.0,0.0,0.0,0.0,0.0
sbloihg.vercel.app,Phishing,mock_Mock_Data_31_07_2025.xlsx,18.0,0.0,0.1111111111111111,0.0,0.0,0.0,0.0,1.0,0.0,10.0,0.0,0.0,0.0,0.5,0.0,0.0,0.0,0.0,3.0,3.7254805569978675,0.0,0.0,0.0,0.0,0.0,0.0,0.0,0.0,0.0,0.0,0.0,0.0,0.0
royalblue-clearcut-resources-redmmblack.replit.app,Phishing,mock_Mock_Data_31_07_2025.xlsx,50.0,0.0,0.04,3.0,0.06,0.0,0.0,1.0,0.0,10.0,0.0,0.0,0.0,0.75,0.0,0.0,0.0,0.0,3.0,3.945979129983102,0.0,0.0,0.0,0.0,0.0,0.0,0.0,0.0,0.0,0.0,0.0,0.0,0.0
sbn-main-wjjx.vercel.app,Phishing,mock_Mock_Data_31_07_2025.xlsx,24.0,0.0,0.08333333333333333,2.0,0.08333333333333333,0.0,0.0,1.0,0.0,10.0,0.0,0.0,0.0,0.3333333333333333,0.0,0.0,0.0,0.0,3.0,4.001629167387823,0.0,0.0,0.0,0.0,0.0,0.0,0.0,0.0,0.0,0.0,0.0,0.0,0.0
sb-nh1l.vercel.app,Phishing,mock_Mock_Data_31_07_2025.xlsx,18.0,0.05555555555555555,0.1111111111111111,1.0,0.05555555555555555,0.0,0.0,1.0,0.0,10.0,0.0,0.0,0.0,0.5,0.0,0.0,0.0,0.0,3.0,3.7254805569978675,0.0,0.0,0.0,0.0,0.0,0.0,0.0,0.0,0.0,0.0,0.0,0.0,0.0
kiuuyht.pages.dev,Phishing,mock_Mock_Data_31_07_2025.xlsx,17.0,0.0,0.11764705882352941,0.0,0.0,0.0,0.0,1.0,0.0,9.0,0.0,0.0,0.0,0.75,0.0,0.0,0.0,0.0,3.0,3.734521664779752,0.0,0.0,0.0,0.0,0.0,0.0,0.0,0.0,0.0,0.0,0.0,0.0,0.0
sbn-main-h7pd.vercel.app,Phishing,mock_Mock_Data_31_07_2025.xlsx,24.0,0.041666666666666664,0.08333333333333333,2.0,0.08333333333333333,0.0,0.0,1.0,0.0,10.0,0.0,0.0,0.0,0.3333333333333333,0.0,0.0,0.0,0.0,3.0,3.9701755214643453,0.0,0.0,0.0,0.0,0.0,0.0,0.0,0.0,0.0,0.0,0.0,0.0,0.0
mediumpurple-vacant-conferences-rdeemrwrd.replit.app,Phishing,mock_Mock_Data_31_07_2025.xlsx,52.0,0.0,0.038461538461538464,3.0,0.057692307692307696,0.0,0.0,1.0,0.0,10.0,0.0,0.0,0.0,0.75,0.0,0.0,0.0,0.0,3.0,3.9764254779152344,0.0,0.0,0.0,0.0,0.0,0.0,0.0,0.0,0.0,0.0,0.0,0.0,0.0
limping-cluttered-procedurallanguage-rdeemrwrd.replit.app,Phishing,mock_Mock_Data_31_07_2025.xlsx,57.0,0.0,0.03508771929824561,3.0,0.05263157894736842,0.0,0.0,1.0,0.0,10.0,0.0,0.0,0.0,0.75,0.0,0.0,0.0,0.0,3.0,3.8978604112086463,0.0,0.0,0.0,0.0,0.0,0.0,0.0,0.0,0.0,0.0,0.0,0.0,0.0
bgytrdde.pages.dev,Phishing,mock_Mock_Data_31_07_2025.xlsx,18.0,0.0,0.1111111111111111,0.0,0.0,0.0,0.0,1.0,0.0,9.0,0.0,0.0,0.0,0.75,0.0,0.0,0.0,0.0,3.0,3.4193819456463714,0.0,0.0,0.0,0.0,0.0,0.0,0.0,0.0,0.0,0.0,0.0,0.0,0.0
pra-2h.pages.dev,Phishing,mock_Mock_Data_31_07_2025.xlsx,16.0,0.0625,0.125,1.0,0.0625,0.0,0.0,1.0,0.0,9.0,0.0,0.0,0.0,0.6666666666666666,0.0,0.0,0.0,0.0,3.0,3.5,0.0,0.0,0.0,0.0,0.0,0.0,0.0,0.0,0.0,0.0,0.0,0.0,0.0
k-1499.pages.dev,Phishing,mock_Mock_Data_31_07_2025.xlsx,16.0,0.25,0.125,1.0,0.0625,0.0,0.0,1.0,0.0,9.0,0.0,0.0,0.0,0.75,0.0,0.0,0.0,0.0,3.0,3.625,0.0,0.0,0.0,0.0,0.0,0.0,0.0,0.0,0.0,0.0,0.0,0.0,0.0
uneven-preemptive-qbasic-rdeemrwrd.replit.app,Phishing,mock_Mock_Data_31_07_2025.xlsx,45.0,0.0,0.044444444444444446,3.0,0.06666666666666667,0.0,0.0,1.0,0.0,10.0,0.0,0.0,0.0,0.75,0.0,0.0,0.0,0.0,3.0,3.9200962973696627,0.0,0.0,0.0,0.0,0.0,0.0,0.0,0.0,0.0,0.0,0.0,0.0,0.0
sbn-main-roex.vercel.app,Phishing,mock_Mock_Data_31_07_2025.xlsx,24.0,0.0,0.08333333333333333,2.0,0.08333333333333333,0.0,0.0,1.0,0.0,10.0,0.0,0.0,0.0,0.3333333333333333,0.0,0.0,0.0,0.0,3.0,3.8868421881310122,0.0,0.0,0.0,0.0,0.0,0.0,0.0,0.0,0.0,0.0,0.0,0.0,0.0
hinsyt.pages.dev,Phishing,mock_Mock_Data_31_07_2025.xlsx,16.0,0.0,0.125,0.0,0.0,0.0,0.0,1.0,0.0,9.0,0.0,0.0,0.0,0.75,0.0,0.0,0.0,0.0,3.0,3.625,0.0,0.0,0.0,0.0,0.0,0.0,0.0,0.0,0.0,0.0,0.0,0.0,0.0
nimble-huge-cryptocurrency-rdeemrwrd.replit.app,Phishing,mock_Mock_Data_31_07_2025.xlsx,47.0,0.0,0.0425531914893617,3.0,0.06382978723404255,0.0,0.0,1.0,0.0,10.0,0.0,0.0,0.0,0.75,0.0,0.0,0.0,0.0,3.0,4.050949820548762,0.0,0.0,0.0,0.0,0.0,0.0,0.0,0.0,0.0,0.0,0.0,0.0,0.0
fc0fac5b-bbaf-4f03-a0d2-743b1c9fb66d-00-3bp3rri86nd9a.pike.replit.dev,Phishing,mock_Mock_Data_31_07_2025.xlsx,69.0,0.30434782608695654,0.043478260869565216,6.0,0.08695652173913043,0.0,0.0,2.0,0.0,10.0,0.0,0.0,0.0,0.75,0.0,0.0,0.0,0.0,3.0,4.434277449927853,0.0,0.0,0.0,0.0,0.0,0.0,0.0,0.0,0.0,0.0,0.0,0.0,0.0
sbn-main-fg67.vercel.app,Phishing,mock_Mock_Data_31_07_2025.xlsx,24.0,0.08333333333333333,0.08333333333333333,2.0,0.08333333333333333,0.0,0.0,1.0,0.0,10.0,0.0,0.0,0.0,0.3333333333333333,0.0,0.0,0.0,0.0,3.0,4.084962500721157,0.0,0.0,0.0,0.0,0.0,0.0,0.0,0.0,0.0,0.0,0.0,0.0,0.0
048bbf22-030f-4c20-b498-97522b94a09e-00-2pf1xy4cidex6.sisko.replit.dev,Phishing,mock_Mock_Data_31_07_2025.xlsx,70.0,0.4142857142857143,0.04285714285714286,6.0,0.08571428571428572,0.0,0.0,2.0,0.0,10.0,0.0,0.0,0.0,0.75,0.0,0.0,0.0,0.0,3.0,4.521492482030904,0.0,0.0,0.0,0.0,0.0,0.0,0.0,0.0,0.0,0.0,0.0,0.0,0.0
chocolate-rectangular-applicationserver-rdeemrwrd.replit.app,Phishing,mock_Mock_Data_31_07_2025.xlsx,60.0,0.0,0.03333333333333333,3.0,0.05,0.0,0.0,1.0,0.0,10.0,0.0,0.0,0.0,0.75,0.0,0.0,0.0,0.0,3.0,3.9896312216142285,0.0,0.0,0.0,0.0,0.0,0.0,0.0,0.0,0.0,0.0,0.0,0.0,0.0
sbn-main-esuq.vercel.app,Phishing,mock_Mock_Data_31_07_2025.xlsx,24.0,0.0,0.08333333333333333,2.0,0.08333333333333333,0.0,0.0,1.0,0.0,10.0,0.0,0.0,0.0,0.3333333333333333,0.0,0.0,0.0,0.0,3.0,3.886842188131012,0.0,0.0,0.0,0.0,0.0,0.0,0.0,0.0,0.0,0.0,0.0,0.0,0.0
eada594a-55bd-4f89-8e51-44c7859c85be-00-aubelet62qx2.pike.replit.dev,Phishing,mock_Mock_Data_31_07_2025.xlsx,68.0,0.35294117647058826,0.04411764705882353,6.0,0.08823529411764706,0.0,0.0,2.0,0.0,10.0,0.0,0.0,0.0,0.75,0.0,0.0,0.0,0.0,3.0,4.439829017466402,0.0,0.0,0.0,0.0,0.0,0.0,0.0,0.0,0.0,0.0,0.0,0.0,0.0
sbn-main-v4ap.vercel.app,Phishing,mock_Mock_Data_31_07_2025.xlsx,24.0,0.041666666666666664,0.08333333333333333,2.0,0.08333333333333333,0.0,0.0,1.0,0.0,10.0,0.0,0.0,0.0,0.3333333333333333,0.0,0.0,0.0,0.0,3.0,3.7720552088742005,0.0,0.0,0.0,0.0,0.0,0.0,0.0,0.0,0.0,0.0,0.0,0.0,0.0
goldendevil046-001-site1.otempurl.com,Phishing,mock_Mock_Data_31_07_2025.xlsx,37.0,0.1891891891891892,0.05405405405405406,2.0,0.05405405405405406,0.0,0.0,1.0,0.0,12.0,0.0,0.0,0.0,0.5,0.0,0.0,0.0,1.0,3.0,4.229327351940021,0.0,0.0,0.0,0.0,0.0,0.0,0.0,0.0,0.0,0.0,0.0,0.0,0.0
slushy-portly-computergames-rdeemrwrd.replit.app,Phishing,mock_Mock_Data_31_07_2025.xlsx,48.0,0.0,0.041666666666666664,3.0,0.0625,0.0,0.0,1.0,0.0,10.0,0.0,0.0,0.0,0.75,0.0,0.0,0.0,0.0,3.0,4.03280638688745,0.0,0.0,0.0,0.0,0.0,0.0,0.0,0.0,0.0,0.0,0.0,0.0,0.0
mam-unlawful-lemonchiffon-website.replit.app,Phishing,mock_Mock_Data_31_07_2025.xlsx,44.0,0.0,0.045454545454545456,3.0,0.06818181818181818,0.0,0.0,1.0,0.0,10.0,0.0,0.0,0.0,0.75,0.0,0.0,0.0,0.0,3.0,4.112063152384017,0.0,0.0,0.0,0.0,0.0,0.0,0.0,0.0,0.0,0.0,0.0,0.0,0.0
srtjvhk.vercel.app,Phishing,mock_Mock_Data_31_07_2025.xlsx,18.0,0.0,0.1111111111111111,0.0,0.0,0.0,0.0,1.0,0.0,10.0,0.0,0.0,0.0,0.5,0.0,0.0,0.0,0.0,3.0,3.614369445886757,0.0,0.0,0.0,0.0,0.0,0.0,0.0,0.0,0.0,0.0,0.0,0.0,0.0
f8b36500-0f99-44f2-8149-a8de8561970e-00-28ffszxxis0vl.pike.replit.dev,Phishing,mock_Mock_Data_31_07_2025.xlsx,69.0,0.42028985507246375,0.043478260869565216,6.0,0.08695652173913043,0.0,0.0,2.0,0.0,10.0,0.0,0.0,0.0,0.75,0.0,0.0,0.0,0.0,3.0,4.481642668538589,0.0,0.0,0.0,0.0,0.0,0.0,0.0,0.0,0.0,0.0,0.0,0.0,0.0
axlwfmvkrs.replit.app,Phishing,mock_Mock_Data_31_07_2025.xlsx,21.0,0.0,0.09523809523809523,0.0,0.0,0.0,0.0,1.0,0.0,10.0,0.0,0.0,0.0,0.75,0.0,0.0,0.0,0.0,3.0,3.7849418274376427,0.0,0.0,0.0,0.0,0.0,0.0,0.0,0.0,0.0,0.0,0.0,0.0,0.0
cooperative-enormous-outcomes.replit.app,Phishing,mock_Mock_Data_31_07_2025.xlsx,40.0,0.0,0.05,2.0,0.05,0.0,0.0,1.0,0.0,10.0,0.0,0.0,0.0,0.75,0.0,0.0,0.0,0.0,3.0,3.806198332810095,0.0,0.0,0.0,0.0,0.0,0.0,0.0,0.0,0.0,0.0,0.0,0.0,0.0
373d897a-eaa9-46a1-859d-8df24f8cdee4-00-21kjv19gwa86o.pike.replit.dev,Phishing,mock_Mock_Data_31_07_2025.xlsx,69.0,0.37681159420289856,0.043478260869565216,6.0,0.08695652173913043,0.0,0.0,2.0,0.0,10.0,0.0,0.0,0.0,0.75,0.0,0.0,0.0,0.0,3.0,4.541667443177375,0.0,0.0,0.0,0.0,0.0,0.0,0.0,0.0,0.0,0.0,0.0,0.0,0.0
alarming-sane-emulatorslksdkjflknxclvjdlfkfj.replit.app,Phishing,mock_Mock_Data_31_07_2025.xlsx,55.0,0.0,0.03636363636363636,2.0,0.03636363636363636,0.0,0.0,1.0,0.0,10.0,0.0,0.0,0.0,0.75,0.0,0.0,0.0,0.0,3.0,4.244171759997672,0.0,0.0,0.0,0.0,0.0,0.0,0.0,0.0,0.0,0.0,0.0,0.0,0.0
logn-sb-rwd.replit.app,Phishing,mock_Mock_Data_31_07_2025.xlsx,22.0,0.0,0.09090909090909091,2.0,0.09090909090909091,0.0,0.0,1.0,0.0,10.0,0.0,0.0,0.0,0.75,0.0,0.0,0.0,0.0,3.0,3.879664004902594,0.0,0.0,0.0,0.0,0.0,0.0,0.0,0.0,0.0,0.0,0.0,0.0,0.0
sbn-main-tcuc.vercel.app,Phishing,mock_Mock_Data_31_07_2025.xlsx,24.0,0.0,0.08333333333333333,2.0,0.08333333333333333,0.0,0.0,1.0,0.0,10.0,0.0,0.0,0.0,0.3333333333333333,0.0,0.0,0.0,0.0,3.0,3.8868421881310122,0.0,0.0,0.0,0.0,0.0,0.0,0.0,0.0,0.0,0.0,0.0,0.0,0.0
jis-129.pages.dev,Phishing,mock_Mock_Data_31_07_2025.xlsx,17.0,0.17647058823529413,0.11764705882352941,1.0,0.058823529411764705,0.0,0.0,1.0,0.0,9.0,0.0,0.0,0.0,0.6666666666666666,0.0,0.0,0.0,0.0,3.0,3.734521664779752,0.0,0.0,0.0,0.0,0.0,0.0,0.0,0.0,0.0,0.0,0.0,0.0,0.0
sbn-main-f97g.vercel.app,Phishing,mock_Mock_Data_31_07_2025.xlsx,24.0,0.08333333333333333,0.08333333333333333,2.0,0.08333333333333333,0.0,0.0,1.0,0.0,10.0,0.0,0.0,0.0,0.3333333333333333,0.0,0.0,0.0,0.0,3.0,4.084962500721157,0.0,0.0,0.0,0.0,0.0,0.0,0.0,0.0,0.0,0.0,0.0,0.0,0.0
sbn-main-igh3.vercel.app,Phishing,mock_Mock_Data_31_07_2025.xlsx,24.0,0.041666666666666664,0.08333333333333333,2.0,0.08333333333333333,0.0,0.0,1.0,0.0,10.0,0.0,0.0,0.0,0.3333333333333333,0.0,0.0,0.0,0.0,3.0,4.001629167387823,0.0,0.0,0.0,0.0,0.0,0.0,0.0,0.0,0.0,0.0,0.0,0.0,0.0
ioclrecruit.in,Phishing,mock_Mock_Data_31_07_2025.xlsx,14.0,0.0,0.07142857142857142,0.0,0.0,0.0,0.0,0.0,1.0,14.0,0.0,0.0,0.2857142857142857,99.0,0.0,0.0,0.0,0.0,2.0,3.182005814760214,0.0,0.0,0.0,0.0,0.0,0.0,0.0,0.0,0.0,0.0,0.0,0.0,0.0
finallyinertia.top,Phishing,mock_Mock_Data_31_07_2025.xlsx,18.0,0.0,0.05555555555555555,0.0,0.0,0.0,0.0,0.0,0.0,18.0,0.0,1.0,0.0,0.6666666666666666,0.0,0.0,0.0,0.0,3.0,3.4613201402110083,0.0,0.0,0.0,0.0,0.0,0.0,0.0,0.0,0.0,0.0,0.0,0.0,0.0
www.indian-oils.com,Phishing,mock_Mock_Data_31_07_2025.xlsx,19.0,0.0,0.10526315789473684,1.0,0.05263157894736842,0.0,0.0,1.0,0.0,15.0,0.0,0.0,0.0,0.6666666666666666,0.0,0.0,0.0,1.0,3.0,3.4316235658474303,0.0,0.0,0.0,0.0,0.0,0.0,0.0,0.0,0.0,0.0,0.0,0.0,0.0
settlexlcp.com,Phishing,mock_Mock_Data_31_07_2025.xlsx,14.0,0.0,0.07142857142857142,0.0,0.0,0.0,0.0,0.0,0.0,14.0,0.0,0.0,0.0,0.6666666666666666,0.0,0.0,0.0,1.0,3.0,3.2359263506290326,0.0,0.0,0.0,0.0,0.0,0.0,0.0,0.0,0.0,0.0,0.0,0.0,0.0
petrolpumpsdealerchyan.com,Phishing,mock_Mock_Data_31_07_2025.xlsx,26.0,0.0,0.038461538461538464,0.0,0.0,0.0,0.0,0.0,0.0,26.0,0.0,0.0,0.0,0.6666666666666666,0.0,0.0,0.0,1.0,3.0,3.8731406795131327,0.0,0.0,0.0,0.0,0.0,0.0,0.0,0.0,0.0,0.0,0.0,0.0,0.0
petrolpumpdealerchayan.com,Phishing,mock_Mock_Data_31_07_2025.xlsx,26.0,0.0,0.038461538461538464,0.0,0.0,0.0,0.0,0.0,0.0,26.0,0.0,0.0,0.0,0.6666666666666666,0.0,0.0,0.0,1.0,3.0,3.767183467891461,0.0,0.0,0.0,0.0,0.0,0.0,0.0,0.0,0.0,0.0,0.0,0.0,0.0
indianoilcorporationsltd.com,Phishing,mock_Mock_Data_31_07_2025.xlsx,28.0,0.0,0.03571428571428571,0.0,0.0,0.0,0.0,0.0,0.0,28.0,0.0,0.0,0.0,0.6666666666666666,0.0,0.0,0.0,1.0,3.0,3.508621780036166,0.0,0.0,0.0,0.0,0.0,0.0,0.0,0.0,0.0,0.0,0.0,0.0,0.0
www.zoominfo.com,Phishing,mock_Mock_Data_31_07_2025.xlsx,16.0,0.0,0.125,0.0,0.0,0.0,0.0,1.0,0.0,12.0,0.0,0.0,0.0,0.6666666666666666,0.0,0.0,0.0,1.0,3.0,2.952819531114783,0.0,0.0,0.0,0.0,0.0,0.0,0.0,0.0,0.0,0.0,0.0,0.0,0.0
blueimpactnetwork.top,Phishing,mock_Mock_Data_31_07_2025.xlsx,21.0,0.0,0.047619047619047616,0.0,0.0,0.0,0.0,0.0,0.0,21.0,0.0,1.0,0.0,0.6666666666666666,0.0,0.0,0.0,0.0,3.0,3.8801799226757376,0.0,0.0,0.0,0.0,0.0,0.0,0.0,0.0,0.0,0.0,0.0,0.0,0.0
bluemetricsolutions.top,Phishing,mock_Mock_Data_31_07_2025.xlsx,23.0,0.0,0.043478260869565216,0.0,0.0,0.0,0.0,0.0,0.0,23.0,0.0,1.0,0.0,0.6666666666666666,0.0,0.0,0.0,0.0,3.0,3.6753108689123644,0.0,0.0,0.0,0.0,0.0,0.0,0.0,0.0,0.0,0.0,0.0,0.0,0.0
marketingmedia.pro,Phishing,mock_Mock_Data_31_07_2025.xlsx,18.0,0.0,0.05555555555555555,0.0,0.0,0.0,0.0,0.0,0.0,18.0,0.0,0.0,0.0,0.6666666666666666,0.0,0.0,0.0,0.0,3.0,3.6143694458867563,0.0,0.0,0.0,0.0,0.0,0.0,0.0,0.0,0.0,0.0,0.0,0.0,0.0
marketingmediawhite.pro,Phishing,mock_Mock_Data_31_07_2025.xlsx,23.0,0.0,0.043478260869565216,0.0,0.0,0.0,0.0,0.0,0.0,23.0,0.0,0.0,0.0,0.6666666666666666,0.0,0.0,0.0,0.0,3.0,3.7622673906514947,0.0,0.0,0.0,0.0,0.0,0.0,0.0,0.0,0.0,0.0,0.0,0.0,0.0
blueorbitdigital.top,Phishing,mock_Mock_Data_31_07_2025.xlsx,20.0,0.0,0.05,0.0,0.0,0.0,0.0,0.0,0.0,20.0,0.0,1.0,0.0,0.6666666666666666,0.0,0.0,0.0,0.0,3.0,3.546439344671015,0.0,0.0,0.0,0.0,0.0,0.0,0.0,0.0,0.0,0.0,0.0,0.0,0.0
m.facebook.com,Phishing,mock_Mock_Data_31_07_2025.xlsx,14.0,0.0,0.14285714285714285,0.0,0.0,0.0,0.0,1.0,0.0,12.0,0.0,0.0,0.0,0.6666666666666666,0.0,0.0,0.0,1.0,3.0,3.039148671903071,0.0,0.0,0.0,0.0,0.0,0.0,0.0,0.0,0.0,0.0,0.0,0.0,0.0
indianoilcorporations.in,Phishing,mock_Mock_Data_31_07_2025.xlsx,24.0,0.0,0.041666666666666664,0.0,0.0,0.0,0.0,0.0,0.0,24.0,0.0,0.0,0.0,99.0,0.0,0.0,0.0,0.0,2.0,3.2678941476196224,0.0,0.0,0.0,0.0,0.0,0.0,0.0,0.0,0.0,0.0,0.0,0.0,0.0
petrolpump-ksk.com,Phishing,mock_Mock_Data_31_07_2025.xlsx,18.0,0.0,0.05555555555555555,1.0,0.05555555555555555,0.0,0.0,0.0,0.0,18.0,0.0,0.0,0.0,0.6666666666666666,0.0,0.0,0.0,1.0,3.0,3.5724312513221195,0.0,0.0,0.0,0.0,0.0,0.0,0.0,0.0,0.0,0.0,0.0,0.0,0.0
info@petrolpumpsdealerschayan.com,Phishing,mock_Mock_Data_31_07_2025.xlsx,33.0,0.0,0.030303030303030304,0.0,0.0,1.0,0.030303030303030304,0.0,0.0,33.0,0.0,0.0,0.0,0.6666666666666666,0.0,0.0,0.0,1.0,3.0,4.104407755459851,0.0,0.0,0.0,0.0,0.0,0.0,0.0,0.0,0.0,0.0,0.0,0.0,0.0
ioclapply.in,Phishing,mock_Mock_Data_31_07_2025.xlsx,12.0,0.0,0.08333333333333333,0.0,0.0,0.0,0.0,0.0,1.0,12.0,0.0,0.0,0.3333333333333333,99.0,0.0,0.0,0.0,0.0,2.0,3.084962500721156,0.0,0.0,0.0,0.0,0.0,0.0,0.0,0.0,0.0,0.0,0.0,0.0,0.0
iocludr.com,Phishing,mock_Mock_Data_31_07_2025.xlsx,11.0,0.0,0.09090909090909091,0.0,0.0,0.0,0.0,0.0,1.0,11.0,0.0,0.0,0.36363636363636365,0.6666666666666666,0.0,0.0,0.0,1.0,3.0,3.095795255000934,0.0,0.0,0.0,0.0,0.0,0.0,0.0,0.0,0.0,0.0,0.0,0.0,0.0
petrolpumpdealervitrakchayan.in,Phishing,mock_Mock_Data_31_07_2025.xlsx,31.0,0.0,0.03225806451612903,0.0,0.0,0.0,0.0,0.0,0.0,31.0,0.0,0.0,0.0,99.0,0.0,0.0,0.0,0.0,2.0,3.9779168746936358,0.0,0.0,0.0,0.0,0.0,0.0,0.0,0.0,0.0,0.0,0.0,0.0,0.0
indianoiluxtw.top,Phishing,mock_Mock_Data_31_07_2025.xlsx,17.0,0.0,0.058823529411764705,0.0,0.0,0.0,0.0,0.0,0.0,17.0,0.0,1.0,0.0,0.6666666666666666,0.0,0.0,0.0,0.0,3.0,3.4548223999466066,0.0,0.0,0.0,0.0,0.0,0.0,0.0,0.0,0.0,0.0,0.0,0.0,0.0
www.iocl-apply.in,Phishing,mock_Mock_Data_31_07_2025.xlsx,17.0,0.0,0.11764705882352941,1.0,0.058823529411764705,0.0,0.0,1.0,1.0,13.0,0.0,0.0,0.3076923076923077,0.6,0.0,0.0,0.0,0.0,2.0,3.337175341123077,0.0,0.0,0.0,0.0,0.0,0.0,0.0,0.0,0.0,0.0,0.0,0.0,0.0
fadedfable.digital,Phishing,mock_Mock_Data_31_07_2025.xlsx,18.0,0.0,0.05555555555555555,0.0,0.0,0.0,0.0,0.0,0.0,18.0,0.0,0.0,0.0,99.0,0.0,0.0,0.0,0.0,7.0,3.197159723424149,0.0,0.0,0.0,0.0,0.0,0.0,0.0,0.0,0.0,0.0,0.0,0.0,0.0
v1.mk,Phishing,mock_Mock_Data_31_07_2025.xlsx,5.0,0.2,0.2,0.0,0.0,0.0,0.0,0.0,0.0,5.0,0.0,0.0,0.0,99.0,0.0,0.0,0.0,0.0,2.0,2.321928094887362,0.0,0.0,0.0,0.0,0.0,0.0,0.0,0.0,0.0,0.0,0.0,0.0,0.0
petrolpumpvitrkdealerchayan.com,Phishing,mock_Mock_Data_31_07_2025.xlsx,31.0,0.0,0.03225806451612903,0.0,0.0,0.0,0.0,0.0,0.0,31.0,0.0,0.0,0.0,0.6666666666666666,0.0,0.0,0.0,1.0,3.0,4.018081793978685,0.0,0.0,0.0,0.0,0.0,0.0,0.0,0.0,0.0,0.0,0.0,0.0,0.0
liocl.com,Phishing,mock_Mock_Data_31_07_2025.xlsx,9.0,0.0,0.1111111111111111,0.0,0.0,0.0,0.0,0.0,1.0,9.0,0.0,0.0,0.4444444444444444,0.25,0.0,0.0,0.0,1.0,3.0,2.503258334775646,0.0,0.0,0.0,0.0,0.0,0.0,0.0,0.0,0.0,0.0,0.0,0.0,0.0
www.iiocl.com,Phishing,mock_Mock_Data_31_07_2025.xlsx,13.0,0.0,0.15384615384615385,0.0,0.0,0.0,0.0,1.0,1.0,9.0,0.0,0.0,0.4444444444444444,0.25,0.0,0.0,0.0,1.0,3.0,2.7192945256669794,0.0,0.0,0.0,0.0,0.0,0.0,0.0,0.0,0.0,0.0,0.0,0.0,0.0
indanenearme.in,Phishing,mock_Mock_Data_31_07_2025.xlsx,15.0,0.0,0.06666666666666667,0.0,0.0,0.0,0.0,0.0,0.0,15.0,0.0,0.0,0.0,99.0,0.0,0.0,0.0,0.0,2.0,2.7898980954642876,0.0,0.0,0.0,0.0,0.0,0.0,0.0,0.0,0.0,0.0,0.0,0.0,0.0
iocl.com@indolj.cyou,Phishing,mock_Mock_Data_31_07_2025.xlsx,20.0,0.0,0.1,0.0,0.0,1.0,0.05,1.0,2.0,15.0,1.0,1.0,0.26666666666666666,0.6,0.0,0.0,0.0,0.0,4.0,3.384183719779189,0.0,0.0,0.0,0.0,0.0,0.0,0.0,0.0,0.0,0.0,0.0,0.0,0.0
iolpoi.cyou,Phishing,mock_Mock_Data_31_07_2025.xlsx,11.0,0.0,0.09090909090909091,0.0,0.0,0.0,0.0,0.0,0.0,11.0,0.0,1.0,0.0,1.0,0.0,0.0,0.0,0.0,4.0,2.8453509366224368,0.0,0.0,0.0,0.0,0.0,0.0,0.0,0.0,0.0,0.0,0.0,0.0,0.0
indol0.cyou,Phishing,mock_Mock_Data_31_07_2025.xlsx,11.0,0.09090909090909091,0.09090909090909091,0.0,0.0,0.0,0.0,0.0,0.0,11.0,0.0,1.0,0.0,1.0,0.0,0.0,0.0,0.0,4.0,3.277613436819116,0.0,0.0,0.0,0.0,0.0,0.0,0.0,0.0,0.0,0.0,0.0,0.0,0.0
iolhah.cyou,Phishing,mock_Mock_Data_31_07_2025.xlsx,11.0,0.0,0.09090909090909091,0.0,0.0,0.0,0.0,0.0,0.0,11.0,0.0,1.0,0.0,1.0,0.0,0.0,0.0,0.0,4.0,3.095795255000934,0.0,0.0,0.0,0.0,0.0,0.0,0.0,0.0,0.0,0.0,0.0,0.0,0.0
iolxxw.cyou,Phishing,mock_Mock_Data_31_07_2025.xlsx,11.0,0.0,0.09090909090909091,0.0,0.0,0.0,0.0,0.0,0.0,11.0,0.0,1.0,0.0,1.0,0.0,0.0,0.0,0.0,4.0,3.0957952550009344,0.0,0.0,0.0,0.0,0.0,0.0,0.0,0.0,0.0,0.0,0.0,0.0,0.0
iol68m.cyou,Phishing,mock_Mock_Data_31_07_2025.xlsx,11.0,0.18181818181818182,0.09090909090909091,0.0,0.0,0.0,0.0,0.0,0.0,11.0,0.0,1.0,0.0,1.0,0.0,0.0,0.0,0.0,4.0,3.277613436819116,0.0,0.0,0.0,0.0,0.0,0.0,0.0,0.0,0.0,0.0,0.0,0.0,0.0
iol3ax.cyou,Phishing,mock_Mock_Data_31_07_2025.xlsx,11.0,0.09090909090909091,0.09090909090909091,0.0,0.0,0.0,0.0,0.0,0.0,11.0,0.0,1.0,0.0,1.0,0.0,0.0,0.0,0.0,4.0,3.277613436819116,0.0,0.0,0.0,0.0,0.0,0.0,0.0,0.0,0.0,0.0,0.0,0.0,0.0
niclogin.co,Phishing,synthetic_v2,11.0,0.0,0.09090909090909091,0.0,0.0,0.0,0.0,0.0,1.0,11.0,0.0,0.0,0.2727272727272727,99.0,0.0,0.0,0.0,0.0,2.0,2.7321588913645702,1.0,0.0,0.0,0.0,0.0,0.0,0.0,0.0,0.0,0.0,0.0,0.0,0.0
icici-banking.xyz,Phishing,synthetic_v2,17.0,0.0,0.058823529411764705,1.0,0.058823529411764705,0.0,0.0,0.0,1.0,17.0,0.0,1.0,0.29411764705882354,0.6,0.0,0.0,0.0,0.0,3.0,3.3815804883091634,0.0,0.0,0.0,0.0,0.0,0.0,0.0,1.0,0.0,0.0,0.0,0.0,0.0
hdfc-verify.net,Phishing,synthetic_v2,15.0,0.0,0.06666666666666667,1.0,0.06666666666666667,0.0,0.0,0.0,1.0,15.0,0.0,0.0,0.26666666666666666,0.6666666666666666,0.0,0.0,0.0,1.0,3.0,3.640223928941852,0.0,0.0,0.0,0.0,1.0,0.0,0.0,0.0,0.0,0.0,0.0,0.0,0.0
hdfclogin.net,Phishing,synthetic_v2,13.0,0.0,0.07692307692307693,0.0,0.0,0.0,0.0,0.0,1.0,13.0,0.0,0.0,0.3076923076923077,0.6666666666666666,0.0,0.0,0.0,1.0,3.0,3.5465935642949384,1.0,0.0,0.0,0.0,0.0,0.0,0.0,0.0,0.0,0.0,0.0,0.0,0.0
uidaiupdate.xyz,Phishing,synthetic_v2,15.0,0.0,0.06666666666666667,0.0,0.0,0.0,0.0,0.0,1.0,15.0,0.0,1.0,0.3333333333333333,1.0,0.0,0.0,0.0,0.0,3.0,3.373557262275185,0.0,0.0,0.0,0.0,0.0,1.0,0.0,0.0,0.0,0.0,0.0,0.0,0.0
bob-banking.net,Phishing,synthetic_v2,15.0,0.0,0.06666666666666667,1.0,0.06666666666666667,0.0,0.0,0.0,1.0,15.0,0.0,0.0,0.2,0.6666666666666666,0.0,0.0,0.0,1.0,3.0,3.2729055953200556,0.0,0.0,0.0,0.0,0.0,0.0,0.0,1.0,0.0,0.0,0.0,0.0,0.0
nic-secure.info,Phishing,synthetic_v2,15.0,0.0,0.06666666666666667,1.0,0.06666666666666667,0.0,0.0,0.0,1.0,15.0,0.0,1.0,0.2,0.6,0.0,0.0,0.0,0.0,4.0,3.3735572622751855,0.0,0.0,1.0,0.0,0.0,0.0,0.0,0.0,0.0,0.0,0.0,0.0,0.0
irctcverify.xyz,Phishing,synthetic_v2,15.0,0.0,0.06666666666666667,0.0,0.0,0.0,0.0,0.0,1.0,15.0,0.0,1.0,0.3333333333333333,1.0,0.0,0.0,0.0,0.0,3.0,3.3735572622751855,0.0,0.0,0.0,0.0,1.0,0.0,0.0,0.0,0.0,0.0,0.0,0.0,0.0
airtel-support.info,Phishing,synthetic_v2,19.0,0.0,0.05263157894736842,1.0,0.05263157894736842,0.0,0.0,0.0,1.0,19.0,0.0,1.0,0.3157894736842105,0.75,0.0,0.0,0.0,0.0,4.0,3.7216117239699007,0.0,0.0,0.0,0.0,0.0,0.0,1.0,0.0,0.0,0.0,0.0,0.0,0.0
irctcsecure.info,Phishing,synthetic_v2,16.0,0.0,0.0625,0.0,0.0,0.0,0.0,0.0,1.0,16.0,0.0,1.0,0.3125,0.75,0.0,0.0,0.0,0.0,4.0,3.327819531114783,0.0,0.0,1.0,0.0,0.0,0.0,0.0,0.0,0.0,0.0,0.0,0.0,0.0
sbiverify.org,Phishing,synthetic_v2,13.0,0.0,0.07692307692307693,0.0,0.0,0.0,0.0,0.0,1.0,13.0,0.0,0.0,0.23076923076923078,0.75,0.0,0.0,0.0,1.0,3.0,3.3927474104487847,0.0,0.0,0.0,0.0,1.0,0.0,0.0,0.0,0.0,0.0,0.0,0.0,0.0
bobsecure.xyz,Phishing,synthetic_v2,13.0,0.0,0.07692307692307693,0.0,0.0,0.0,0.0,0.0,1.0,13.0,0.0,1.0,0.23076923076923078,1.0,0.0,0.0,0.0,0.0,3.0,3.3927474104487847,0.0,0.0,1.0,0.0,0.0,0.0,0.0,0.0,0.0,0.0,0.0,0.0,0.0
sbi-help.net,Phishing,synthetic_v2,12.0,0.0,0.08333333333333333,1.0,0.08333333333333333,0.0,0.0,0.0,1.0,12.0,0.0,0.0,0.25,0.6666666666666666,0.0,0.0,0.0,1.0,3.0,3.4182958340544896,0.0,0.0,0.0,0.0,0.0,0.0,0.0,0.0,0.0,0.0,0.0,0.0,0.0
bobverify.org,Phishing,synthetic_v2,13.0,0.0,0.07692307692307693,0.0,0.0,0.0,0.0,0.0,1.0,13.0,0.0,0.0,0.23076923076923078,0.75,0.0,0.0,0.0,1.0,3.0,3.238901256602631,0.0,0.0,0.0,0.0,1.0,0.0,0.0,0.0,0.0,0.0,0.0,0.0,0.0
iocl-help.top,Phishing,synthetic_v2,13.0,0.0,0.07692307692307693,1.0,0.07692307692307693,0.0,0.0,0.0,1.0,13.0,0.0,1.0,0.3076923076923077,0.6,0.0,0.0,0.0,0.0,3.0,3.238901256602631,0.0,0.0,0.0,0.0,0.0,0.0,0.0,0.0,0.0,0.0,0.0,0.0,0.0
hdfc-verify.xyz,Phishing,synthetic_v2,15.0,0.0,0.06666666666666667,1.0,0.06666666666666667,0.0,0.0,0.0,1.0,15.0,0.0,1.0,0.26666666666666666,1.0,0.0,0.0,0.0,0.0,3.0,3.6402239289418516,0.0,0.0,0.0,0.0,1.0,0.0,0.0,0.0,0.0,0.0,0.0,0.0,0.0
ioclupdate.info,Phishing,synthetic_v2,15.0,0.0,0.06666666666666667,0.0,0.0,0.0,0.0,0.0,1.0,15.0,0.0,1.0,0.26666666666666666,0.75,0.0,0.0,0.0,0.0,4.0,3.6402239289418516,0.0,0.0,0.0,0.0,0.0,1.0,0.0,0.0,0.0,0.0,0.0,0.0,0.0
iocllogin.info,Phishing,synthetic_v2,14.0,0.0,0.07142857142857142,0.0,0.0,0.0,0.0,0.0,1.0,14.0,0.0,1.0,0.2857142857142857,0.75,0.0,0.0,0.0,0.0,4.0,2.842370993177109,1.0,0.0,0.0,0.0,0.0,0.0,0.0,0.0,0.0,0.0,0.0,0.0,0.0
pnb-support.org,Phishing,synthetic_v2,15.0,0.0,0.06666666666666667,1.0,0.06666666666666667,0.0,0.0,0.0,1.0,15.0,0.0,0.0,0.2,0.6666666666666666,0.0,0.0,0.0,1.0,3.0,3.3232314287976212,0.0,0.0,0.0,0.0,0.0,0.0,1.0,0.0,0.0,0.0,0.0,0.0,0.0
uidai-help.info,Phishing,synthetic_v2,15.0,0.0,0.06666666666666667,1.0,0.06666666666666667,0.0,0.0,0.0,1.0,15.0,0.0,1.0,0.3333333333333333,0.75,0.0,0.0,0.0,0.0,4.0,3.5898980954642865,0.0,0.0,0.0,0.0,0.0,0.0,0.0,0.0,0.0,0.0,0.0,0.0,0.0
nic-banking.net,Phishing,synthetic_v2,15.0,0.0,0.06666666666666667,1.0,0.06666666666666667,0.0,0.0,0.0,1.0,15.0,0.0,0.0,0.2,0.6,0.0,0.0,0.0,1.0,3.0,3.2402239289418517,0.0,0.0,0.0,0.0,0.0,0.0,0.0,1.0,0.0,0.0,0.0,0.0,0.0
irctc-banking.top,Phishing,synthetic_v2,17.0,0.0,0.058823529411764705,1.0,0.058823529411764705,0.0,0.0,0.0,1.0,17.0,0.0,1.0,0.29411764705882354,0.6,0.0,0.0,0.0,0.0,3.0,3.6168746059562227,0.0,0.0,0.0,0.0,0.0,0.0,0.0,1.0,0.0,0.0,0.0,0.0,0.0
nic-support.in,Phishing,synthetic_v2,14.0,0.0,0.07142857142857142,1.0,0.07142857142857142,0.0,0.0,0.0,1.0,14.0,0.0,0.0,0.21428571428571427,0.6,0.0,0.0,0.0,0.0,2.0,3.378783493486176,0.0,0.0,0.0,0.0,0.0,0.0,1.0,0.0,0.0,0.0,0.0,0.0,0.0
iciciupdate.org,Phishing,synthetic_v2,15.0,0.0,0.06666666666666667,0.0,0.0,0.0,0.0,0.0,1.0,15.0,0.0,0.0,0.3333333333333333,0.75,0.0,0.0,0.0,1.0,3.0,3.456564762130953,0.0,0.0,0.0,0.0,0.0,1.0,0.0,0.0,0.0,0.0,0.0,0.0,0.0
bobverify.in,Phishing,synthetic_v2,12.0,0.0,0.08333333333333333,0.0,0.0,0.0,0.0,0.0,1.0,12.0,0.0,0.0,0.25,99.0,0.0,0.0,0.0,0.0,2.0,3.2516291673878226,0.0,0.0,0.0,0.0,1.0,0.0,0.0,0.0,0.0,0.0,0.0,0.0,0.0
sbiupdate.top,Phishing,synthetic_v2,13.0,0.0,0.07692307692307693,0.0,0.0,0.0,0.0,0.0,1.0,13.0,0.0,1.0,0.23076923076923078,0.6666666666666666,0.0,0.0,0.0,0.0,3.0,3.3927474104487847,0.0,0.0,0.0,0.0,0.0,1.0,0.0,0.0,0.0,0.0,0.0,0.0,0.0
bob-support.xyz,Phishing,synthetic_v2,15.0,0.0,0.06666666666666667,1.0,0.06666666666666667,0.0,0.0,0.0,1.0,15.0,0.0,1.0,0.2,0.6666666666666666,0.0,0.0,0.0,0.0,3.0,3.5068905956085192,0.0,0.0,0.0,0.0,0.0,0.0,1.0,0.0,0.0,0.0,0.0,0.0,0.0
iciciupdate.top,Phishing,synthetic_v2,15.0,0.0,0.06666666666666667,0.0,0.0,0.0,0.0,0.0,1.0,15.0,0.0,1.0,0.3333333333333333,0.6666666666666666,0.0,0.0,0.0,0.0,3.0,3.189898095464287,0.0,0.0,0.0,0.0,0.0,1.0,0.0,0.0,0.0,0.0,0.0,0.0,0.0
bobupdate.co,Phishing,synthetic_v2,12.0,0.0,0.08333333333333333,0.0,0.0,0.0,0.0,0.0,1.0,12.0,0.0,0.0,0.25,99.0,0.0,0.0,0.0,0.0,2.0,3.2516291673878226,0.0,0.0,0.0,0.0,0.0,1.0,0.0,0.0,0.0,0.0,0.0,0.0,0.0
irctc-online.in,Phishing,synthetic_v2,15.0,0.0,0.06666666666666667,1.0,0.06666666666666667,0.0,0.0,0.0,1.0,15.0,0.0,0.0,0.3333333333333333,0.3333333333333333,0.0,0.0,0.0,0.0,2.0,3.1395722619867223,0.0,0.0,0.0,0.0,0.0,0.0,0.0,0.0,0.0,0.0,0.0,0.0,0.0
hdfc-secure.xyz,Phishing,synthetic_v2,15.0,0.0,0.06666666666666667,1.0,0.06666666666666667,0.0,0.0,0.0,1.0,15.0,0.0,1.0,0.26666666666666666,1.0,0.0,0.0,0.0,0.0,3.0,3.6402239289418516,0.0,0.0,1.0,0.0,0.0,0.0,0.0,0.0,0.0,0.0,0.0,0.0,0.0
uidai-verify.info,Phishing,synthetic_v2,17.0,0.0,0.058823529411764705,1.0,0.058823529411764705,0.0,0.0,0.0,1.0,17.0,0.0,1.0,0.29411764705882354,0.75,0.0,0.0,0.0,0.0,4.0,3.4992275471326932,0.0,0.0,0.0,0.0,1.0,0.0,0.0,0.0,0.0,0.0,0.0,0.0,0.0
pnbupdate.net,Phishing,synthetic_v2,13.0,0.0,0.07692307692307693,0.0,0.0,0.0,0.0,0.0,1.0,13.0,0.0,0.0,0.23076923076923078,0.6666666666666666,0.0,0.0,0.0,1.0,3.0,3.085055102756477,0.0,0.0,0.0,0.0,0.0,1.0,0.0,0.0,0.0,0.0,0.0,0.0,0.0
irctc-verify.info,Phishing,synthetic_v2,17.0,0.0,0.058823529411764705,1.0,0.058823529411764705,0.0,0.0,0.0,1.0,17.0,0.0,1.0,0.29411764705882354,0.6,0.0,0.0,0.0,0.0,4.0,3.4548223999466066,0.0,0.0,0.0,0.0,1.0,0.0,0.0,0.0,0.0,0.0,0.0,0.0,0.0
irctcupdate.xyz,Phishing,synthetic_v2,15.0,0.0,0.06666666666666667,0.0,0.0,0.0,0.0,0.0,1.0,15.0,0.0,1.0,0.3333333333333333,1.0,0.0,0.0,0.0,0.0,3.0,3.640223928941851,0.0,0.0,0.0,0.0,0.0,1.0,0.0,0.0,0.0,0.0,0.0,0.0,0.0
sbiverify.net,Phishing,synthetic_v2,13.0,0.0,0.07692307692307693,0.0,0.0,0.0,0.0,0.0,1.0,13.0,0.0,0.0,0.23076923076923078,0.6666666666666666,0.0,0.0,0.0,1.0,3.0,3.392747410448785,0.0,0.0,0.0,0.0,1.0,0.0,0.0,0.0,0.0,0.0,0.0,0.0,0.0
nicsecure.in,Phishing,synthetic_v2,12.0,0.0,0.08333333333333333,0.0,0.0,0.0,0.0,0.0,1.0,12.0,0.0,0.0,0.25,99.0,0.0,0.0,0.0,0.0,2.0,2.9182958340544896,0.0,0.0,1.0,0.0,0.0,0.0,0.0,0.0,0.0,0.0,0.0,0.0,0.0
sbiupdate.co,Phishing,synthetic_v2,12.0,0.0,0.08333333333333333,0.0,0.0,0.0,0.0,0.0,1.0,12.0,0.0,0.0,0.25,99.0,0.0,0.0,0.0,0.0,2.0,3.584962500721156,0.0,0.0,0.0,0.0,0.0,1.0,0.0,0.0,0.0,0.0,0.0,0.0,0.0
uidai-online.info,Phishing,synthetic_v2,17.0,0.0,0.058823529411764705,1.0,0.058823529411764705,0.0,0.0,0.0,1.0,17.0,0.0,1.0,0.29411764705882354,0.3333333333333333,0.0,0.0,0.0,0.0,4.0,3.2195282822995477,0.0,0.0,0.0,0.0,0.0,0.0,0.0,0.0,0.0,0.0,0.0,0.0,0.0
hdfc-login.net,Phishing,synthetic_v2,14.0,0.0,0.07142857142857142,1.0,0.07142857142857142,0.0,0.0,0.0,1.0,14.0,0.0,0.0,0.2857142857142857,0.5,0.0,0.0,0.0,1.0,3.0,3.6644977792004623,1.0,0.0,0.0,0.0,0.0,0.0,0.0,0.0,0.0,0.0,0.0,0.0,0.0
niclogin.info,Phishing,synthetic_v2,13.0,0.0,0.07692307692307693,0.0,0.0,0.0,0.0,0.0,1.0,13.0,0.0,1.0,0.23076923076923078,0.75,0.0,0.0,0.0,0.0,4.0,2.8150724101159437,1.0,0.0,0.0,0.0,0.0,0.0,0.0,0.0,0.0,0.0,0.0,0.0,0.0
uidai-login.xyz,Phishing,synthetic_v2,15.0,0.0,0.06666666666666667,1.0,0.06666666666666667,0.0,0.0,0.0,1.0,15.0,0.0,1.0,0.3333333333333333,0.5,0.0,0.0,0.0,0.0,3.0,3.5898980954642865,1.0,0.0,0.0,0.0,0.0,0.0,0.0,0.0,0.0,0.0,0.0,0.0,0.0
iocl-support.info,Phishing,synthetic_v2,17.0,0.0,0.058823529411764705,1.0,0.058823529411764705,0.0,0.0,0.0,1.0,17.0,0.0,1.0,0.23529411764705882,0.6,0.0,0.0,0.0,0.0,4.0,3.572469458770136,0.0,0.0,0.0,0.0,0.0,0.0,1.0,0.0,0.0,0.0,0.0,0.0,0.0
pnb-secure.in,Phishing,synthetic_v2,13.0,0.0,0.07692307692307693,1.0,0.07692307692307693,0.0,0.0,0.0,1.0,13.0,0.0,0.0,0.23076923076923078,0.6666666666666666,0.0,0.0,0.0,0.0,2.0,3.3927474104487847,0.0,0.0,1.0,0.0,0.0,0.0,0.0,0.0,0.0,0.0,0.0,0.0,0.0
nic-online.info,Phishing,synthetic_v2,15.0,0.0,0.06666666666666667,1.0,0.06666666666666667,0.0,0.0,0.0,1.0,15.0,0.0,1.0,0.2,0.3333333333333333,0.0,0.0,0.0,0.0,4.0,2.923231428797621,0.0,0.0,0.0,0.0,0.0,0.0,0.0,0.0,0.0,0.0,0.0,0.0,0.0
hdfc-verify.in,Phishing,synthetic_v2,14.0,0.0,0.07142857142857142,1.0,0.07142857142857142,0.0,0.0,0.0,1.0,14.0,0.0,0.0,0.2857142857142857,1.0,0.0,0.0,0.0,0.0,2.0,3.521640636343319,0.0,0.0,0.0,0.0,1.0,0.0,0.0,0.0,0.0,0.0,0.0,0.0,0.0
iocl-support.net,Phishing,synthetic_v2,16.0,0.0,0.0625,1.0,0.0625,0.0,0.0,0.0,1.0,16.0,0.0,0.0,0.25,0.6,0.0,0.0,0.0,1.0,3.0,3.625,0.0,0.0,0.0,0.0,0.0,0.0,1.0,0.0,0.0,0.0,0.0,0.0,0.0
hdfc-help.info,Phishing,synthetic_v2,14.0,0.0,0.07142857142857142,1.0,0.07142857142857142,0.0,0.0,0.0,1.0,14.0,0.0,1.0,0.2857142857142857,0.75,0.0,0.0,0.0,0.0,4.0,3.521640636343319,0.0,0.0,0.0,0.0,0.0,0.0,0.0,0.0,0.0,0.0,0.0,0.0,0.0
icici-secure.co,Phishing,synthetic_v2,15.0,0.0,0.06666666666666667,1.0,0.06666666666666667,0.0,0.0,0.0,1.0,15.0,0.0,0.0,0.3333333333333333,0.6,0.0,0.0,0.0,0.0,2.0,2.9232314287976204,0.0,0.0,1.0,0.0,0.0,0.0,0.0,0.0,0.0,0.0,0.0,0.0,0.0
pnbupdate.xyz,Phishing,synthetic_v2,13.0,0.0,0.07692307692307693,0.0,0.0,0.0,0.0,0.0,1.0,13.0,0.0,1.0,0.23076923076923078,1.0,0.0,0.0,0.0,0.0,3.0,3.546593564294939,0.0,0.0,0.0,0.0,0.0,1.0,0.0,0.0,0.0,0.0,0.0,0.0,0.0
nicsecure.xyz,Phishing,synthetic_v2,13.0,0.0,0.07692307692307693,0.0,0.0,0.0,0.0,0.0,1.0,13.0,0.0,1.0,0.23076923076923078,1.0,0.0,0.0,0.0,0.0,3.0,3.392747410448785,0.0,0.0,1.0,0.0,0.0,0.0,0.0,0.0,0.0,0.0,0.0,0.0,0.0
uidaiverify.co,Phishing,synthetic_v2,14.0,0.0,0.07142857142857142,0.0,0.0,0.0,0.0,0.0,1.0,14.0,0.0,0.0,0.35714285714285715,99.0,0.0,0.0,0.0,0.0,2.0,3.4677201004745006,0.0,0.0,0.0,0.0,1.0,0.0,0.0,0.0,0.0,0.0,0.0,0.0,0.0
uidai-support.org,Phishing,synthetic_v2,17.0,0.0,0.058823529411764705,1.0,0.058823529411764705,0.0,0.0,0.0,1.0,17.0,0.0,0.0,0.29411764705882354,0.75,0.0,0.0,0.0,1.0,3.0,3.4992275471326932,0.0,0.0,0.0,0.0,0.0,0.0,1.0,0.0,0.0,0.0,0.0,0.0,0.0
uidai-login.top,Phishing,synthetic_v2,15.0,0.0,0.06666666666666667,1.0,0.06666666666666667,0.0,0.0,0.0,1.0,15.0,0.0,1.0,0.3333333333333333,0.5,0.0,0.0,0.0,0.0,3.0,3.4565647621309536,1.0,0.0,0.0,0.0,0.0,0.0,0.0,0.0,0.0,0.0,0.0,0.0,0.0
irctc-secure.org,Phishing,synthetic_v2,16.0,0.0,0.0625,1.0,0.0625,0.0,0.0,0.0,1.0,16.0,0.0,0.0,0.3125,0.6,0.0,0.0,0.0,1.0,3.0,3.2806390622295662,0.0,0.0,1.0,0.0,0.0,0.0,0.0,0.0,0.0,0.0,0.0,0.0,0.0
iciciupdate.in,Phishing,synthetic_v2,14.0,0.0,0.07142857142857142,0.0,0.0,0.0,0.0,0.0,1.0,14.0,0.0,0.0,0.35714285714285715,99.0,0.0,0.0,0.0,0.0,2.0,3.093069207771891,0.0,0.0,0.0,0.0,0.0,1.0,0.0,0.0,0.0,0.0,0.0,0.0,0.0
ioclsecure.co,Phishing,synthetic_v2,13.0,0.0,0.07692307692307693,0.0,0.0,0.0,0.0,0.0,1.0,13.0,0.0,0.0,0.3076923076923077,99.0,0.0,0.0,0.0,0.0,2.0,3.0269868333592873,0.0,0.0,1.0,0.0,0.0,0.0,0.0,0.0,0.0,0.0,0.0,0.0,0.0
uidailogin.xyz,Phishing,synthetic_v2,14.0,0.0,0.07142857142857142,0.0,0.0,0.0,0.0,0.0,1.0,14.0,0.0,1.0,0.35714285714285715,1.0,0.0,0.0,0.0,0.0,3.0,3.4677201004745006,1.0,0.0,0.0,0.0,0.0,0.0,0.0,0.0,0.0,0.0,0.0,0.0,0.0
sbi-online.in,Phishing,synthetic_v2,13.0,0.0,0.07692307692307693,1.0,0.07692307692307693,0.0,0.0,0.0,1.0,13.0,0.0,0.0,0.23076923076923078,0.3333333333333333,0.0,0.0,0.0,0.0,2.0,2.9689185639620974,0.0,0.0,0.0,0.0,0.0,0.0,0.0,0.0,0.0,0.0,0.0,0.0,0.0
hdfc-banking.org,Phishing,synthetic_v2,16.0,0.0,0.0625,1.0,0.0625,0.0,0.0,0.0,1.0,16.0,0.0,0.0,0.25,0.75,0.0,0.0,0.0,1.0,3.0,3.75,0.0,0.0,0.0,0.0,0.0,0.0,0.0,1.0,0.0,0.0,0.0,0.0,0.0
sbi-login.info,Phishing,synthetic_v2,14.0,0.0,0.07142857142857142,1.0,0.07142857142857142,0.0,0.0,0.0,1.0,14.0,0.0,1.0,0.21428571428571427,0.5,0.0,0.0,0.0,0.0,4.0,3.182005814760214,1.0,0.0,0.0,0.0,0.0,0.0,0.0,0.0,0.0,0.0,0.0,0.0,0.0
bobsecure.info,Phishing,synthetic_v2,14.0,0.0,0.07142857142857142,0.0,0.0,0.0,0.0,0.0,1.0,14.0,0.0,1.0,0.21428571428571427,0.75,0.0,0.0,0.0,0.0,4.0,3.378783493486176,0.0,0.0,1.0,0.0,0.0,0.0,0.0,0.0,0.0,0.0,0.0,0.0,0.0
icici-help.top,Phishing,synthetic_v2,14.0,0.0,0.07142857142857142,1.0,0.07142857142857142,0.0,0.0,0.0,1.0,14.0,0.0,1.0,0.35714285714285715,0.6,0.0,0.0,0.0,0.0,3.0,3.182005814760214,0.0,0.0,0.0,0.0,0.0,0.0,0.0,0.0,0.0,0.0,0.0,0.0,0.0
bob-secure.in,Phishing,synthetic_v2,13.0,0.0,0.07692307692307693,1.0,0.07692307692307693,0.0,0.0,0.0,1.0,13.0,0.0,0.0,0.23076923076923078,0.6666666666666666,0.0,0.0,0.0,0.0,2.0,3.3927474104487847,0.0,0.0,1.0,0.0,0.0,0.0,0.0,0.0,0.0,0.0,0.0,0.0,0.0
uidai-verify.xyz,Phishing,synthetic_v2,16.0,0.0,0.0625,1.0,0.0625,0.0,0.0,0.0,1.0,16.0,0.0,1.0,0.3125,1.0,0.0,0.0,0.0,0.0,3.0,3.577819531114783,0.0,0.0,0.0,0.0,1.0,0.0,0.0,0.0,0.0,0.0,0.0,0.0,0.0
hdfclogin.org,Phishing,synthetic_v2,13.0,0.0,0.07692307692307693,0.0,0.0,0.0,0.0,0.0,1.0,13.0,0.0,0.0,0.3076923076923077,0.75,0.0,0.0,0.0,1.0,3.0,3.3927474104487847,1.0,0.0,0.0,0.0,0.0,0.0,0.0,0.0,0.0,0.0,0.0,0.0,0.0
airtel-login.in,Phishing,synthetic_v2,15.0,0.0,0.06666666666666667,1.0,0.06666666666666667,0.0,0.0,0.0,1.0,15.0,0.0,0.0,0.4,0.5,0.0,0.0,0.0,0.0,2.0,3.323231428797621,1.0,0.0,0.0,0.0,0.0,0.0,0.0,0.0,0.0,0.0,0.0,0.0,0.0
iocl-online.in,Phishing,synthetic_v2,14.0,0.0,0.07142857142857142,1.0,0.07142857142857142,0.0,0.0,0.0,1.0,14.0,0.0,0.0,0.2857142857142857,0.3333333333333333,0.0,0.0,0.0,0.0,2.0,2.842370993177109,0.0,0.0,0.0,0.0,0.0,0.0,0.0,0.0,0.0,0.0,0.0,0.0,0.0
hdfc-online.co,Phishing,synthetic_v2,14.0,0.0,0.07142857142857142,1.0,0.07142857142857142,0.0,0.0,0.0,1.0,14.0,0.0,0.0,0.2857142857142857,0.3333333333333333,0.0,0.0,0.0,0.0,2.0,3.378783493486176,0.0,0.0,0.0,0.0,0.0,0.0,0.0,0.0,0.0,0.0,0.0,0.0,0.0
iocl-secure.top,Phishing,synthetic_v2,15.0,0.0,0.06666666666666667,1.0,0.06666666666666667,0.0,0.0,0.0,1.0,15.0,0.0,1.0,0.26666666666666666,0.6,0.0,0.0,0.0,0.0,3.0,3.506890595608519,0.0,0.0,1.0,0.0,0.0,0.0,0.0,0.0,0.0,0.0,0.0,0.0,0.0
airtelupdate.info,Phishing,synthetic_v2,17.0,0.0,0.058823529411764705,0.0,0.0,0.0,0.0,0.0,1.0,17.0,0.0,1.0,0.35294117647058826,0.75,0.0,0.0,0.0,0.0,4.0,3.6168746059562227,0.0,0.0,0.0,0.0,0.0,1.0,0.0,0.0,0.0,0.0,0.0,0.0,0.0
bob-login.xyz,Phishing,synthetic_v2,13.0,0.0,0.07692307692307693,1.0,0.07692307692307693,0.0,0.0,0.0,1.0,13.0,0.0,1.0,0.23076923076923078,0.5,0.0,0.0,0.0,0.0,3.0,3.3927474104487847,1.0,0.0,0.0,0.0,0.0,0.0,0.0,0.0,0.0,0.0,0.0,0.0,0.0
irctc-login.org,Phishing,synthetic_v2,15.0,0.0,0.06666666666666667,1.0,0.06666666666666667,0.0,0.0,0.0,1.0,15.0,0.0,0.0,0.3333333333333333,0.5,0.0,0.0,0.0,1.0,3.0,3.240223928941852,1.0,0.0,0.0,0.0,0.0,0.0,0.0,0.0,0.0,0.0,0.0,0.0,0.0
irctclogin.co,Phishing,synthetic_v2,13.0,0.0,0.07692307692307693,0.0,0.0,0.0,0.0,0.0,1.0,13.0,0.0,0.0,0.38461538461538464,99.0,0.0,0.0,0.0,0.0,2.0,3.0269868333592873,1.0,0.0,0.0,0.0,0.0,0.0,0.0,0.0,0.0,0.0,0.0,0.0,0.0
pnbsecure.org,Phishing,synthetic_v2,13.0,0.0,0.07692307692307693,0.0,0.0,0.0,0.0,0.0,1.0,13.0,0.0,0.0,0.23076923076923078,0.75,0.0,0.0,0.0,1.0,3.0,3.3927474104487847,0.0,0.0,1.0,0.0,0.0,0.0,0.0,0.0,0.0,0.0,0.0,0.0,0.0
ioclverify.net,Phishing,synthetic_v2,14.0,0.0,0.07142857142857142,0.0,0.0,0.0,0.0,0.0,1.0,14.0,0.0,0.0,0.2857142857142857,0.6666666666666666,0.0,0.0,0.0,1.0,3.0,3.521640636343319,0.0,0.0,0.0,0.0,1.0,0.0,0.0,0.0,0.0,0.0,0.0,0.0,0.0
pnb-online.info,Phishing,synthetic_v2,15.0,0.0,0.06666666666666667,1.0,0.06666666666666667,0.0,0.0,0.0,1.0,15.0,0.0,1.0,0.2,0.3333333333333333,0.0,0.0,0.0,0.0,4.0,3.106890595608519,0.0,0.0,0.0,0.0,0.0,0.0,0.0,0.0,0.0,0.0,0.0,0.0,0.0
ioclverify.co,Phishing,synthetic_v2,13.0,0.0,0.07692307692307693,0.0,0.0,0.0,0.0,0.0,1.0,13.0,0.0,0.0,0.3076923076923077,99.0,0.0,0.0,0.0,0.0,2.0,3.238901256602631,0.0,0.0,0.0,0.0,1.0,0.0,0.0,0.0,0.0,0.0,0.0,0.0,0.0
icici-login.top,Phishing,synthetic_v2,15.0,0.0,0.06666666666666667,1.0,0.06666666666666667,0.0,0.0,0.0,1.0,15.0,0.0,1.0,0.3333333333333333,0.5,0.0,0.0,0.0,0.0,3.0,3.1068905956085184,1.0,0.0,0.0,0.0,0.0,0.0,0.0,0.0,0.0,0.0,0.0,0.0,0.0
sbi-secure.info,Phishing,synthetic_v2,15.0,0.0,0.06666666666666667,1.0,0.06666666666666667,0.0,0.0,0.0,1.0,15.0,0.0,1.0,0.2,0.75,0.0,0.0,0.0,0.0,4.0,3.5068905956085183,0.0,0.0,1.0,0.0,0.0,0.0,0.0,0.0,0.0,0.0,0.0,0.0,0.0
pnb-secure.xyz,Phishing,synthetic_v2,14.0,0.0,0.07142857142857142,1.0,0.07142857142857142,0.0,0.0,0.0,1.0,14.0,0.0,1.0,0.21428571428571427,0.6666666666666666,0.0,0.0,0.0,0.0,3.0,3.6644977792004623,0.0,0.0,1.0,0.0,0.0,0.0,0.0,0.0,0.0,0.0,0.0,0.0,0.0
iocl-banking.org,Phishing,synthetic_v2,16.0,0.0,0.0625,1.0,0.0625,0.0,0.0,0.0,1.0,16.0,0.0,0.0,0.25,0.6,0.0,0.0,0.0,1.0,3.0,3.5,0.0,0.0,0.0,0.0,0.0,0.0,0.0,1.0,0.0,0.0,0.0,0.0,0.0
irctcupdate.in,Phishing,synthetic_v2,14.0,0.0,0.07142857142857142,0.0,0.0,0.0,0.0,0.0,1.0,14.0,0.0,0.0,0.35714285714285715,99.0,0.0,0.0,0.0,0.0,2.0,3.3787834934861767,0.0,0.0,0.0,0.0,0.0,1.0,0.0,0.0,0.0,0.0,0.0,0.0,0.0
hdfc-help.co,Phishing,synthetic_v2,12.0,0.0,0.08333333333333333,1.0,0.08333333333333333,0.0,0.0,0.0,1.0,12.0,0.0,0.0,0.3333333333333333,0.75,0.0,0.0,0.0,0.0,2.0,3.2516291673878226,0.0,0.0,0.0,0.0,0.0,0.0,0.0,0.0,0.0,0.0,0.0,0.0,0.0
sbi-support.xyz,Phishing,synthetic_v2,15.0,0.0,0.06666666666666667,1.0,0.06666666666666667,0.0,0.0,0.0,1.0,15.0,0.0,1.0,0.2,0.75,0.0,0.0,0.0,0.0,3.0,3.6402239289418516,0.0,0.0,0.0,0.0,0.0,0.0,1.0,0.0,0.0,0.0,0.0,0.0,0.0
uidaiverify.xyz,Phishing,synthetic_v2,15.0,0.0,0.06666666666666667,0.0,0.0,0.0,0.0,0.0,1.0,15.0,0.0,1.0,0.3333333333333333,1.0,0.0,0.0,0.0,0.0,3.0,3.456564762130953,0.0,0.0,0.0,0.0,1.0,0.0,0.0,0.0,0.0,0.0,0.0,0.0,0.0
icici-login.co,Phishing,synthetic_v2,14.0,0.0,0.07142857142857142,1.0,0.07142857142857142,0.0,0.0,0.0,1.0,14.0,0.0,0.0,0.35714285714285715,0.5,0.0,0.0,0.0,0.0,2.0,2.7534343861887853,1.0,0.0,0.0,0.0,0.0,0.0,0.0,0.0,0.0,0.0,0.0,0.0,0.0
pnb-banking.org,Phishing,synthetic_v2,15.0,0.0,0.06666666666666667,1.0,0.06666666666666667,0.0,0.0,0.0,1.0,15.0,0.0,0.0,0.2,0.6666666666666666,0.0,0.0,0.0,1.0,3.0,3.3232314287976203,0.0,0.0,0.0,0.0,0.0,0.0,0.0,1.0,0.0,0.0,0.0,0.0,0.0
boblogin.top,Phishing,synthetic_v2,12.0,0.0,0.08333333333333333,0.0,0.0,0.0,0.0,0.0,1.0,12.0,0.0,1.0,0.25,0.6666666666666666,0.0,0.0,0.0,0.0,3.0,3.0220552088742,1.0,0.0,0.0,0.0,0.0,0.0,0.0,0.0,0.0,0.0,0.0,0.0,0.0
icici-support.top,Phishing,synthetic_v2,17.0,0.0,0.058823529411764705,1.0,0.058823529411764705,0.0,0.0,0.0,1.0,17.0,0.0,1.0,0.29411764705882354,0.6,0.0,0.0,0.0,0.0,3.0,3.175123135113461,0.0,0.0,0.0,0.0,0.0,0.0,1.0,0.0,0.0,0.0,0.0,0.0,0.0
uidai-login.co,Phishing,synthetic_v2,14.0,0.0,0.07142857142857142,1.0,0.07142857142857142,0.0,0.0,0.0,1.0,14.0,0.0,0.0,0.35714285714285715,0.5,0.0,0.0,0.0,0.0,2.0,3.3248629576173574,1.0,0.0,0.0,0.0,0.0,0.0,0.0,0.0,0.0,0.0,0.0,0.0,0.0
hdfc-update.info,Phishing,synthetic_v2,16.0,0.0,0.0625,1.0,0.0625,0.0,0.0,0.0,1.0,16.0,0.0,1.0,0.25,0.6,0.0,0.0,0.0,0.0,4.0,3.75,0.0,0.0,0.0,0.0,0.0,1.0,0.0,0.0,0.0,0.0,0.0,0.0,0.0
sbiupdate.org,Phishing,synthetic_v2,13.0,0.0,0.07692307692307693,0.0,0.0,0.0,0.0,0.0,1.0,13.0,0.0,0.0,0.23076923076923078,0.75,0.0,0.0,0.0,1.0,3.0,3.7004397181410926,0.0,0.0,0.0,0.0,0.0,1.0,0.0,0.0,0.0,0.0,0.0,0.0,0.0
hdfc.secure--update.net,Phishing,synthetic_v2,23.0,0.0,0.08695652173913043,2.0,0.08695652173913043,0.0,0.0,1.0,2.0,18.0,1.0,0.0,0.2222222222222222,0.6,0.0,0.0,0.0,1.0,3.0,3.6539967386657093,0.0,0.0,1.0,0.0,0.0,1.0,0.0,0.0,0.0,0.0,0.0,0.0,0.0
iocl.service--banking.top,Phishing,synthetic_v2,25.0,0.0,0.08,2.0,0.08,0.0,0.0,1.0,2.0,20.0,1.0,1.0,0.2,0.6,0.0,0.0,0.0,0.0,3.0,3.973660689688185,0.0,0.0,0.0,0.0,0.0,0.0,0.0,1.0,0.0,0.0,0.0,0.0,0.0
sbi.secure-secure.xyz,Phishing,synthetic_v2,21.0,0.0,0.09523809523809523,1.0,0.047619047619047616,0.0,0.0,1.0,2.0,17.0,1.0,1.0,0.17647058823529413,0.75,0.0,0.0,0.0,0.0,3.0,3.403989446485262,0.0,0.0,1.0,0.0,0.0,0.0,0.0,0.0,0.0,0.0,0.0,0.0,0.0
irctc.service--online.in,Phishing,synthetic_v2,24.0,0.0,0.08333333333333333,2.0,0.08333333333333333,0.0,0.0,1.0,2.0,18.0,1.0,0.0,0.2777777777777778,0.3333333333333333,0.0,0.0,0.0,0.0,2.0,3.4072682296173897,0.0,0.0,0.0,0.0,0.0,0.0,0.0,0.0,0.0,0.0,0.0,0.0,0.0
nic.service--login.co,Phishing,synthetic_v2,21.0,0.0,0.09523809523809523,2.0,0.09523809523809523,0.0,0.0,1.0,2.0,17.0,1.0,0.0,0.17647058823529413,0.5,0.0,0.0,0.0,0.0,2.0,3.463280517810811,1.0,0.0,0.0,0.0,0.0,0.0,0.0,0.0,0.0,0.0,0.0,0.0,0.0
bob.service--login.co,Phishing,synthetic_v2,21.0,0.0,0.09523809523809523,2.0,0.09523809523809523,0.0,0.0,1.0,2.0,17.0,1.0,0.0,0.17647058823529413,0.5,0.0,0.0,0.0,0.0,2.0,3.5944656369614525,1.0,0.0,0.0,0.0,0.0,0.0,0.0,0.0,0.0,0.0,0.0,0.0,0.0
uidai.check--verify.org,Phishing,synthetic_v2,23.0,0.0,0.08695652173913043,2.0,0.08695652173913043,0.0,0.0,1.0,2.0,17.0,1.0,0.0,0.29411764705882354,0.75,0.0,0.0,0.0,1.0,3.0,3.8820451081368628,0.0,0.0,0.0,0.0,1.0,0.0,0.0,0.0,0.0,0.0,0.0,0.0,0.0
irctc.portal--support.co,Phishing,synthetic_v2,24.0,0.0,0.08333333333333333,2.0,0.08333333333333333,0.0,0.0,1.0,2.0,18.0,1.0,0.0,0.2777777777777778,0.5,0.0,0.0,0.0,0.0,2.0,3.4276942711037672,0.0,0.0,0.0,0.0,0.0,0.0,1.0,0.0,0.0,0.0,0.0,0.0,0.0
uidai.portal--support.in,Phishing,synthetic_v2,24.0,0.0,0.08333333333333333,2.0,0.08333333333333333,0.0,0.0,1.0,2.0,18.0,1.0,0.0,0.2777777777777778,0.5,0.0,0.0,0.0,0.0,2.0,3.605388542207534,0.0,0.0,0.0,0.0,0.0,0.0,1.0,0.0,0.0,0.0,0.0,0.0,0.0
bob.secure--secure.org,Phishing,synthetic_v2,22.0,0.0,0.09090909090909091,2.0,0.09090909090909091,0.0,0.0,1.0,2.0,18.0,1.0,0.0,0.16666666666666666,0.6666666666666666,0.0,0.0,0.0,1.0,3.0,3.243300368538958,0.0,0.0,1.0,0.0,0.0,0.0,0.0,0.0,0.0,0.0,0.0,0.0,0.0
sbi.service--banking.info,Phishing,synthetic_v2,25.0,0.0,0.08,2.0,0.08,0.0,0.0,1.0,2.0,21.0,1.0,1.0,0.14285714285714285,0.75,0.0,0.0,0.0,0.0,4.0,3.7336606896881848,0.0,0.0,0.0,0.0,0.0,0.0,0.0,1.0,0.0,0.0,0.0,0.0,0.0
bob.service--update.co,Phishing,synthetic_v2,22.0,0.0,0.09090909090909091,2.0,0.09090909090909091,0.0,0.0,1.0,2.0,18.0,1.0,0.0,0.16666666666666666,0.6,0.0,0.0,0.0,0.0,2.0,3.788754913993503,0.0,0.0,0.0,0.0,0.0,1.0,0.0,0.0,0.0,0.0,0.0,0.0,0.0
bob.check--support.top,Phishing,synthetic_v2,22.0,0.0,0.09090909090909091,2.0,0.09090909090909091,0.0,0.0,1.0,2.0,18.0,1.0,1.0,0.16666666666666666,0.6666666666666666,0.0,0.0,0.0,0.0,3.0,3.5726236638951634,0.0,0.0,0.0,0.0,0.0,0.0,1.0,0.0,0.0,0.0,0.0,0.0,0.0
irctc.secure-secure.in,Phishing,synthetic_v2,22.0,0.0,0.09090909090909091,1.0,0.045454545454545456,0.0,0.0,1.0,2.0,16.0,1.0,0.0,0.3125,0.6,0.0,0.0,0.0,0.0,2.0,3.152391277629867,0.0,0.0,1.0,0.0,0.0,0.0,0.0,0.0,0.0,0.0,0.0,0.0,0.0
pnb.secure-verify.net,Phishing,synthetic_v2,21.0,0.0,0.09523809523809523,1.0,0.047619047619047616,0.0,0.0,1.0,2.0,17.0,1.0,0.0,0.17647058823529413,0.6666666666666666,0.0,0.0,0.0,1.0,3.0,3.725650756112093,0.0,0.0,1.0,0.0,1.0,0.0,0.0,0.0,0.0,0.0,0.0,0.0,0.0
airtel.secure--help.in,Phishing,synthetic_v2,22.0,0.0,0.09090909090909091,2.0,0.09090909090909091,0.0,0.0,1.0,2.0,15.0,1.0,0.0,0.4,0.75,0.0,0.0,0.0,0.0,2.0,3.641249800455479,0.0,0.0,1.0,0.0,0.0,0.0,0.0,0.0,0.0,0.0,0.0,0.0,0.0
irctc.service-login.net,Phishing,synthetic_v2,23.0,0.0,0.08695652173913043,1.0,0.043478260869565216,0.0,0.0,1.0,2.0,17.0,1.0,0.0,0.29411764705882354,0.5,0.0,0.0,0.0,1.0,3.0,3.5555331514269954,1.0,0.0,0.0,0.0,0.0,0.0,0.0,0.0,0.0,0.0,0.0,0.0,0.0
airtel.secure-verify.net,Phishing,synthetic_v2,24.0,0.0,0.08333333333333333,1.0,0.041666666666666664,0.0,0.0,1.0,2.0,17.0,1.0,0.0,0.35294117647058826,0.6666666666666666,0.0,0.0,0.0,1.0,3.0,3.6531071683628116,0.0,0.0,1.0,0.0,1.0,0.0,0.0,0.0,0.0,0.0,0.0,0.0,0.0
bob.secure--secure.xyz,Phishing,synthetic_v2,22.0,0.0,0.09090909090909091,2.0,0.09090909090909091,0.0,0.0,1.0,2.0,18.0,1.0,1.0,0.16666666666666666,0.6666666666666666,0.0,0.0,0.0,0.0,3.0,3.459431618637297,0.0,0.0,1.0,0.0,0.0,0.0,0.0,0.0,0.0,0.0,0.0,0.0,0.0
bob.service--online.org,Phishing,synthetic_v2,23.0,0.0,0.08695652173913043,2.0,0.08695652173913043,0.0,0.0,1.0,2.0,19.0,1.0,0.0,0.15789473684210525,0.3333333333333333,0.0,0.0,0.0,1.0,3.0,3.5883543471732335,0.0,0.0,0.0,0.0,0.0,0.0,0.0,0.0,0.0,0.0,0.0,0.0,0.0
pnb.check--update.xyz,Phishing,synthetic_v2,21.0,0.0,0.09523809523809523,2.0,0.09523809523809523,0.0,0.0,1.0,2.0,17.0,1.0,1.0,0.17647058823529413,0.6,0.0,0.0,0.0,0.0,3.0,3.916126946588284,0.0,0.0,0.0,0.0,0.0,1.0,0.0,0.0,0.0,0.0,0.0,0.0,0.0
uidai.secure--help.org,Phishing,synthetic_v2,22.0,0.0,0.09090909090909091,2.0,0.09090909090909091,0.0,0.0,1.0,2.0,16.0,1.0,0.0,0.3125,0.75,0.0,0.0,0.0,1.0,3.0,3.7887549139935026,0.0,0.0,1.0,0.0,0.0,0.0,0.0,0.0,0.0,0.0,0.0,0.0,0.0
pnb.portal-update.top,Phishing,synthetic_v2,21.0,0.0,0.09523809523809523,1.0,0.047619047619047616,0.0,0.0,1.0,2.0,17.0,1.0,1.0,0.17647058823529413,0.5,0.0,0.0,0.0,0.0,3.0,3.4992275417233567,0.0,0.0,0.0,0.0,0.0,1.0,0.0,0.0,0.0,0.0,0.0,0.0,0.0
hdfc.secure-update.net,Phishing,synthetic_v2,22.0,0.0,0.09090909090909091,1.0,0.045454545454545456,0.0,0.0,1.0,2.0,17.0,1.0,0.0,0.23529411764705882,0.6,0.0,0.0,0.0,1.0,3.0,3.6412498004554785,0.0,0.0,1.0,0.0,0.0,1.0,0.0,0.0,0.0,0.0,0.0,0.0,0.0
sbi.service-verify.xyz,Phishing,synthetic_v2,22.0,0.0,0.09090909090909091,1.0,0.045454545454545456,0.0,0.0,1.0,2.0,18.0,1.0,1.0,0.16666666666666666,0.75,0.0,0.0,0.0,0.0,3.0,3.5726236638951634,0.0,0.0,0.0,0.0,1.0,0.0,0.0,0.0,0.0,0.0,0.0,0.0,0.0
iocl.portal--online.xyz,Phishing,synthetic_v2,23.0,0.0,0.08695652173913043,2.0,0.08695652173913043,0.0,0.0,1.0,2.0,18.0,1.0,1.0,0.2222222222222222,0.3333333333333333,0.0,0.0,0.0,0.0,3.0,3.7622673906514943,0.0,0.0,0.0,0.0,0.0,0.0,0.0,0.0,0.0,0.0,0.0,0.0,0.0
bob.secure-secure.net,Phishing,synthetic_v2,21.0,0.0,0.09523809523809523,1.0,0.047619047619047616,0.0,0.0,1.0,2.0,17.0,1.0,0.0,0.17647058823529413,0.6666666666666666,0.0,0.0,0.0,1.0,3.0,3.2680488287579594,0.0,0.0,1.0,0.0,0.0,0.0,0.0,0.0,0.0,0.0,0.0,0.0,0.0
icici.secure-verify.info,Phishing,synthetic_v2,24.0,0.0,0.08333333333333333,1.0,0.041666666666666664,0.0,0.0,1.0,2.0,18.0,1.0,1.0,0.2777777777777778,0.6,0.0,0.0,0.0,0.0,4.0,3.454986855772667,0.0,0.0,1.0,0.0,1.0,0.0,0.0,0.0,0.0,0.0,0.0,0.0,0.0
irctc.portal--update.xyz,Phishing,synthetic_v2,24.0,0.0,0.08333333333333333,2.0,0.08333333333333333,0.0,0.0,1.0,2.0,18.0,1.0,1.0,0.2777777777777778,0.5,0.0,0.0,0.0,0.0,3.0,3.8868421881310122,0.0,0.0,0.0,0.0,0.0,1.0,0.0,0.0,0.0,0.0,0.0,0.0,0.0
sbi.secure--update.xyz,Phishing,synthetic_v2,22.0,0.0,0.09090909090909091,2.0,0.09090909090909091,0.0,0.0,1.0,2.0,18.0,1.0,1.0,0.16666666666666666,0.6,0.0,0.0,0.0,0.0,3.0,3.879664004902594,0.0,0.0,1.0,0.0,0.0,1.0,0.0,0.0,0.0,0.0,0.0,0.0,0.0
icici.service--update.org,Phishing,synthetic_v2,25.0,0.0,0.08,2.0,0.08,0.0,0.0,1.0,2.0,19.0,1.0,0.0,0.2631578947368421,0.6,0.0,0.0,0.0,1.0,3.0,3.7034651896016464,0.0,0.0,0.0,0.0,0.0,1.0,0.0,0.0,0.0,0.0,0.0,0.0,0.0
icici.secure-verify.co,Phishing,synthetic_v2,22.0,0.0,0.09090909090909091,1.0,0.045454545454545456,0.0,0.0,1.0,2.0,16.0,1.0,0.0,0.3125,0.6,0.0,0.0,0.0,0.0,2.0,3.3342094594480485,0.0,0.0,1.0,0.0,1.0,0.0,0.0,0.0,0.0,0.0,0.0,0.0,0.0
irctc.service--support.top,Phishing,synthetic_v2,26.0,0.0,0.07692307692307693,2.0,0.07692307692307693,0.0,0.0,1.0,2.0,20.0,1.0,1.0,0.25,0.6,0.0,0.0,0.0,0.0,3.0,3.5073801024236357,0.0,0.0,0.0,0.0,0.0,0.0,1.0,0.0,0.0,0.0,0.0,0.0,0.0
icici.check--secure.net,Phishing,synthetic_v2,23.0,0.0,0.08695652173913043,2.0,0.08695652173913043,0.0,0.0,1.0,2.0,17.0,1.0,0.0,0.29411764705882354,0.6,0.0,0.0,0.0,1.0,3.0,3.2903216092483056,0.0,0.0,1.0,0.0,0.0,0.0,0.0,0.0,0.0,0.0,0.0,0.0,0.0
sbi.secure--verify.info,Phishing,synthetic_v2,23.0,0.0,0.08695652173913043,2.0,0.08695652173913043,0.0,0.0,1.0,2.0,19.0,1.0,1.0,0.15789473684210525,0.75,0.0,0.0,0.0,0.0,4.0,3.675310868912364,0.0,0.0,1.0,0.0,1.0,0.0,0.0,0.0,0.0,0.0,0.0,0.0,0.0
irctc.check--help.net,Phishing,synthetic_v2,21.0,0.0,0.09523809523809523,2.0,0.09523809523809523,0.0,0.0,1.0,2.0,15.0,1.0,0.0,0.3333333333333333,0.6,0.0,0.0,0.0,1.0,3.0,3.403989446485262,0.0,0.0,0.0,0.0,0.0,0.0,0.0,0.0,0.0,0.0,0.0,0.0,0.0
irctc.secure--secure.in,Phishing,synthetic_v2,23.0,0.0,0.08695652173913043,2.0,0.08695652173913043,0.0,0.0,1.0,2.0,17.0,1.0,0.0,0.29411764705882354,0.6,0.0,0.0,0.0,0.0,2.0,3.186392934223819,0.0,0.0,1.0,0.0,0.0,0.0,0.0,0.0,0.0,0.0,0.0,0.0,0.0
hdfc.portal-update.co,Phishing,synthetic_v2,21.0,0.0,0.09523809523809523,1.0,0.047619047619047616,0.0,0.0,1.0,2.0,16.0,1.0,0.0,0.25,0.5,0.0,0.0,0.0,0.0,2.0,3.7256507561120933,0.0,0.0,0.0,0.0,0.0,1.0,0.0,0.0,0.0,0.0,0.0,0.0,0.0
pnb.secure--update.net,Phishing,synthetic_v2,22.0,0.0,0.09090909090909091,2.0,0.09090909090909091,0.0,0.0,1.0,2.0,18.0,1.0,0.0,0.16666666666666666,0.6,0.0,0.0,0.0,1.0,3.0,3.550340709546388,0.0,0.0,1.0,0.0,0.0,1.0,0.0,0.0,0.0,0.0,0.0,0.0,0.0
irctc.portal-verify.top,Phishing,synthetic_v2,23.0,0.0,0.08695652173913043,1.0,0.043478260869565216,0.0,0.0,1.0,2.0,17.0,1.0,1.0,0.29411764705882354,0.5,0.0,0.0,0.0,0.0,3.0,3.6753108689123644,0.0,0.0,0.0,0.0,1.0,0.0,0.0,0.0,0.0,0.0,0.0,0.0,0.0
icici.service--secure.top,Phishing,synthetic_v2,25.0,0.0,0.08,2.0,0.08,0.0,0.0,1.0,2.0,19.0,1.0,1.0,0.2631578947368421,0.6,0.0,0.0,0.0,0.0,3.0,3.363856189774724,0.0,0.0,1.0,0.0,0.0,0.0,0.0,0.0,0.0,0.0,0.0,0.0,0.0
nic.portal--help.xyz,Phishing,synthetic_v2,20.0,0.0,0.1,2.0,0.1,0.0,0.0,1.0,2.0,16.0,1.0,1.0,0.1875,0.5,0.0,0.0,0.0,0.0,3.0,3.921928094887362,0.0,0.0,0.0,0.0,0.0,0.0,0.0,0.0,0.0,0.0,0.0,0.0,0.0
icici.check--online.co,Phishing,synthetic_v2,22.0,0.0,0.09090909090909091,2.0,0.09090909090909091,0.0,0.0,1.0,2.0,16.0,1.0,0.0,0.3125,0.3333333333333333,0.0,0.0,0.0,0.0,2.0,3.1135388697992603,0.0,0.0,0.0,0.0,0.0,0.0,0.0,0.0,0.0,0.0,0.0,0.0,0.0
hdfc.service--banking.net,Phishing,synthetic_v2,25.0,0.0,0.08,2.0,0.08,0.0,0.0,1.0,2.0,20.0,1.0,0.0,0.2,0.6666666666666666,0.0,0.0,0.0,1.0,3.0,3.943465189601646,0.0,0.0,0.0,0.0,0.0,0.0,0.0,1.0,0.0,0.0,0.0,0.0,0.0
hdfc.secure-secure.info,Phishing,synthetic_v2,23.0,0.0,0.08695652173913043,1.0,0.043478260869565216,0.0,0.0,1.0,2.0,18.0,1.0,1.0,0.2222222222222222,0.75,0.0,0.0,0.0,0.0,4.0,3.5342190211803413,0.0,0.0,1.0,0.0,0.0,0.0,0.0,0.0,0.0,0.0,0.0,0.0,0.0
pnb.portal--update.info,Phishing,synthetic_v2,23.0,0.0,0.08695652173913043,2.0,0.08695652173913043,0.0,0.0,1.0,2.0,19.0,1.0,1.0,0.15789473684210525,0.5,0.0,0.0,0.0,0.0,4.0,3.7950885863977324,0.0,0.0,0.0,0.0,0.0,1.0,0.0,0.0,0.0,0.0,0.0,0.0,0.0
icici.secure--support.top,Phishing,synthetic_v2,25.0,0.0,0.08,2.0,0.08,0.0,0.0,1.0,2.0,19.0,1.0,1.0,0.2631578947368421,0.6,0.0,0.0,0.0,0.0,3.0,3.4332696895151087,0.0,0.0,1.0,0.0,0.0,0.0,1.0,0.0,0.0,0.0,0.0,0.0,0.0
sbi.check--banking.net,Phishing,synthetic_v2,22.0,0.0,0.09090909090909091,2.0,0.09090909090909091,0.0,0.0,1.0,2.0,18.0,1.0,0.0,0.16666666666666666,0.6666666666666666,0.0,0.0,0.0,1.0,3.0,3.606936732175321,0.0,0.0,0.0,0.0,0.0,0.0,0.0,1.0,0.0,0.0,0.0,0.0,0.0
hdfc.check--online.xyz,Phishing,synthetic_v2,22.0,0.0,0.09090909090909091,2.0,0.09090909090909091,0.0,0.0,1.0,2.0,17.0,1.0,1.0,0.23529411764705882,0.3333333333333333,0.0,0.0,0.0,0.0,3.0,3.788754913993502,0.0,0.0,0.0,0.0,0.0,0.0,0.0,0.0,0.0,0.0,0.0,0.0,0.0
sbi.service-login.net,Phishing,synthetic_v2,21.0,0.0,0.09523809523809523,1.0,0.047619047619047616,0.0,0.0,1.0,2.0,17.0,1.0,0.0,0.17647058823529413,0.5,0.0,0.0,0.0,1.0,3.0,3.6537567082870006,1.0,0.0,0.0,0.0,0.0,0.0,0.0,0.0,0.0,0.0,0.0,0.0,0.0
iocl.check--update.co,Phishing,synthetic_v2,21.0,0.0,0.09523809523809523,2.0,0.09523809523809523,0.0,0.0,1.0,2.0,16.0,1.0,0.0,0.25,0.6,0.0,0.0,0.0,0.0,2.0,3.630412660873998,0.0,0.0,0.0,0.0,0.0,1.0,0.0,0.0,0.0,0.0,0.0,0.0,0.0
hdfc.check--update.info,Phishing,synthetic_v2,23.0,0.0,0.08695652173913043,2.0,0.08695652173913043,0.0,0.0,1.0,2.0,18.0,1.0,1.0,0.2222222222222222,0.6,0.0,0.0,0.0,0.0,4.0,3.795088586397733,0.0,0.0,0.0,0.0,0.0,1.0,0.0,0.0,0.0,0.0,0.0,0.0,0.0
icici.portal--help.info,Phishing,synthetic_v2,23.0,0.0,0.08695652173913043,2.0,0.08695652173913043,0.0,0.0,1.0,2.0,17.0,1.0,1.0,0.29411764705882354,0.5,0.0,0.0,0.0,0.0,4.0,3.6539967386657097,0.0,0.0,0.0,0.0,0.0,0.0,0.0,0.0,0.0,0.0,0.0,0.0,0.0
pnb.check--login.co,Phishing,synthetic_v2,19.0,0.0,0.10526315789473684,2.0,0.10526315789473684,0.0,0.0,1.0,2.0,15.0,1.0,0.0,0.2,0.5,0.0,0.0,0.0,0.0,2.0,3.5766176449086653,1.0,0.0,0.0,0.0,0.0,0.0,0.0,0.0,0.0,0.0,0.0,0.0,0.0
pnb.portal--banking.top,Phishing,synthetic_v2,23.0,0.0,0.08695652173913043,2.0,0.08695652173913043,0.0,0.0,1.0,2.0,19.0,1.0,1.0,0.15789473684210525,0.5,0.0,0.0,0.0,0.0,3.0,3.5883543471732335,0.0,0.0,0.0,0.0,0.0,0.0,0.0,1.0,0.0,0.0,0.0,0.0,0.0
bob.check--help.info,Phishing,synthetic_v2,20.0,0.0,0.1,2.0,0.1,0.0,0.0,1.0,2.0,16.0,1.0,1.0,0.1875,0.6666666666666666,0.0,0.0,0.0,0.0,4.0,3.621928094887362,0.0,0.0,0.0,0.0,0.0,0.0,0.0,0.0,0.0,0.0,0.0,0.0,0.0
uidai.secure-secure.co,Phishing,synthetic_v2,22.0,0.0,0.09090909090909091,1.0,0.045454545454545456,0.0,0.0,1.0,2.0,16.0,1.0,0.0,0.3125,99.0,0.0,0.0,0.0,0.0,2.0,3.2998963911678905,0.0,0.0,1.0,0.0,0.0,0.0,0.0,0.0,0.0,0.0,0.0,0.0,0.0
hdfc.check--login.in,Phishing,synthetic_v2,20.0,0.0,0.1,2.0,0.1,0.0,0.0,1.0,2.0,15.0,1.0,0.0,0.26666666666666666,0.5,0.0,0.0,0.0,0.0,2.0,3.5841837197791886,1.0,0.0,0.0,0.0,0.0,0.0,0.0,0.0,0.0,0.0,0.0,0.0,0.0
irctc.service--support.xyz,Phishing,synthetic_v2,26.0,0.0,0.07692307692307693,2.0,0.07692307692307693,0.0,0.0,1.0,2.0,20.0,1.0,1.0,0.25,0.6,0.0,0.0,0.0,0.0,3.0,3.7962176025900556,0.0,0.0,0.0,0.0,0.0,0.0,1.0,0.0,0.0,0.0,0.0,0.0,0.0
bob.portal--update.co,Phishing,synthetic_v2,21.0,0.0,0.09523809523809523,2.0,0.09523809523809523,0.0,0.0,1.0,2.0,17.0,1.0,0.0,0.17647058823529413,0.5,0.0,0.0,0.0,0.0,2.0,3.5944656369614525,0.0,0.0,0.0,0.0,0.0,1.0,0.0,0.0,0.0,0.0,0.0,0.0,0.0
uidai.portal-update.info,Phishing,synthetic_v2,24.0,0.0,0.08333333333333333,1.0,0.041666666666666664,0.0,0.0,1.0,2.0,18.0,1.0,1.0,0.2777777777777778,0.5,0.0,0.0,0.0,0.0,4.0,3.688721875540867,0.0,0.0,0.0,0.0,0.0,1.0,0.0,0.0,0.0,0.0,0.0,0.0,0.0
irctc.check--update.net,Phishing,synthetic_v2,23.0,0.0,0.08695652173913043,2.0,0.08695652173913043,0.0,0.0,1.0,2.0,17.0,1.0,0.0,0.29411764705882354,0.6,0.0,0.0,0.0,1.0,3.0,3.5883543471732335,0.0,0.0,0.0,0.0,0.0,1.0,0.0,0.0,0.0,0.0,0.0,0.0,0.0
hdfc.secure--support.top,Phishing,synthetic_v2,24.0,0.0,0.08333333333333333,2.0,0.08333333333333333,0.0,0.0,1.0,2.0,19.0,1.0,1.0,0.21052631578947367,0.6666666666666666,0.0,0.0,0.0,0.0,3.0,3.636842188131012,0.0,0.0,1.0,0.0,0.0,0.0,1.0,0.0,0.0,0.0,0.0,0.0,0.0
icici.portal--online.org,Phishing,synthetic_v2,24.0,0.0,0.08333333333333333,2.0,0.08333333333333333,0.0,0.0,1.0,2.0,18.0,1.0,0.0,0.2777777777777778,0.3333333333333333,0.0,0.0,0.0,1.0,3.0,3.5535088547976783,0.0,0.0,0.0,0.0,0.0,0.0,0.0,0.0,0.0,0.0,0.0,0.0,0.0
nic.service--secure.net,Phishing,synthetic_v2,23.0,0.0,0.08695652173913043,2.0,0.08695652173913043,0.0,0.0,1.0,2.0,19.0,1.0,0.0,0.15789473684210525,0.6,0.0,0.0,0.0,1.0,3.0,3.290321609248305,0.0,0.0,1.0,0.0,0.0,0.0,0.0,0.0,0.0,0.0,0.0,0.0,0.0
bob.check-update.xyz,Phishing,synthetic_v2,20.0,0.0,0.1,1.0,0.05,0.0,0.0,1.0,2.0,16.0,1.0,1.0,0.1875,0.6,0.0,0.0,0.0,0.0,3.0,3.9219280948873623,0.0,0.0,0.0,0.0,0.0,1.0,0.0,0.0,0.0,0.0,0.0,0.0,0.0
sbi.secure--secure.co,Phishing,synthetic_v2,21.0,0.0,0.09523809523809523,2.0,0.09523809523809523,0.0,0.0,1.0,2.0,17.0,1.0,0.0,0.17647058823529413,0.75,0.0,0.0,0.0,0.0,2.0,3.1775662320965252,0.0,0.0,1.0,0.0,0.0,0.0,0.0,0.0,0.0,0.0,0.0,0.0,0.0
sbi.check-update.net,Phishing,synthetic_v2,20.0,0.0,0.1,1.0,0.05,0.0,0.0,1.0,2.0,16.0,1.0,0.0,0.1875,0.6,0.0,0.0,0.0,1.0,3.0,3.7841837197791888,0.0,0.0,0.0,0.0,0.0,1.0,0.0,0.0,0.0,0.0,0.0,0.0,0.0
sbi.check--login.xyz,Phishing,synthetic_v2,20.0,0.0,0.1,2.0,0.1,0.0,0.0,1.0,2.0,16.0,1.0,1.0,0.1875,0.5,0.0,0.0,0.0,0.0,3.0,3.921928094887362,1.0,0.0,0.0,0.0,0.0,0.0,0.0,0.0,0.0,0.0,0.0,0.0,0.0
uidai.secure--banking.net,Phishing,synthetic_v2,25.0,0.0,0.08,2.0,0.08,0.0,0.0,1.0,2.0,19.0,1.0,0.0,0.2631578947368421,0.6666666666666666,0.0,0.0,0.0,1.0,3.0,3.753269689515108,0.0,0.0,1.0,0.0,0.0,0.0,0.0,1.0,0.0,0.0,0.0,0.0,0.0
iocl.check--online.xyz,Phishing,synthetic_v2,22.0,0.0,0.09090909090909091,2.0,0.09090909090909091,0.0,0.0,1.0,2.0,17.0,1.0,1.0,0.23529411764705882,0.3333333333333333,0.0,0.0,0.0,0.0,3.0,3.6069367321753214,0.0,0.0,0.0,0.0,0.0,0.0,0.0,0.0,0.0,0.0,0.0,0.0,0.0
sbi.check--online.in,Phishing,synthetic_v2,20.0,0.0,0.1,2.0,0.1,0.0,0.0,1.0,2.0,16.0,1.0,0.0,0.1875,0.3333333333333333,0.0,0.0,0.0,0.0,2.0,3.446439344671015,0.0,0.0,0.0,0.0,0.0,0.0,0.0,0.0,0.0,0.0,0.0,0.0,0.0
hdfc.check--login.info,Phishing,synthetic_v2,22.0,0.0,0.09090909090909091,2.0,0.09090909090909091,0.0,0.0,1.0,2.0,17.0,1.0,1.0,0.23529411764705882,0.5,0.0,0.0,0.0,0.0,4.0,3.606936732175322,1.0,0.0,0.0,0.0,0.0,0.0,0.0,0.0,0.0,0.0,0.0,0.0,0.0
nic.service-update.org,Phishing,synthetic_v2,22.0,0.0,0.09090909090909091,1.0,0.045454545454545456,0.0,0.0,1.0,2.0,18.0,1.0,0.0,0.16666666666666666,0.6,0.0,0.0,0.0,1.0,3.0,3.879664004902593,0.0,0.0,0.0,0.0,0.0,1.0,0.0,0.0,0.0,0.0,0.0,0.0,0.0
nic.service--help.info,Phishing,synthetic_v2,22.0,0.0,0.09090909090909091,2.0,0.09090909090909091,0.0,0.0,1.0,2.0,18.0,1.0,1.0,0.16666666666666666,0.6,0.0,0.0,0.0,0.0,4.0,3.6635327548042547,0.0,0.0,0.0,0.0,0.0,0.0,0.0,0.0,0.0,0.0,0.0,0.0,0.0
airtel.secure--support.info,Phishing,synthetic_v2,27.0,0.0,0.07407407407407407,2.0,0.07407407407407407,0.0,0.0,1.0,2.0,20.0,1.0,1.0,0.3,0.75,0.0,0.0,0.0,0.0,4.0,3.8100810205217304,0.0,0.0,1.0,0.0,0.0,0.0,1.0,0.0,0.0,0.0,0.0,0.0,0.0
iocl.service-secure.net,Phishing,synthetic_v2,23.0,0.0,0.08695652173913043,1.0,0.043478260869565216,0.0,0.0,1.0,2.0,18.0,1.0,0.0,0.2222222222222222,0.6,0.0,0.0,0.0,1.0,3.0,3.464234652726566,0.0,0.0,1.0,0.0,0.0,0.0,0.0,0.0,0.0,0.0,0.0,0.0,0.0
icici.check-login.co,Phishing,synthetic_v2,20.0,0.0,0.1,1.0,0.05,0.0,0.0,1.0,2.0,14.0,1.0,0.0,0.35714285714285715,0.5,0.0,0.0,0.0,0.0,2.0,3.1414460711655217,1.0,0.0,0.0,0.0,0.0,0.0,0.0,0.0,0.0,0.0,0.0,0.0,0.0
uidai.service--support.co,Phishing,synthetic_v2,25.0,0.0,0.08,2.0,0.08,0.0,0.0,1.0,2.0,19.0,1.0,0.0,0.2631578947368421,99.0,0.0,0.0,0.0,0.0,2.0,3.733660689688185,0.0,0.0,0.0,0.0,0.0,0.0,1.0,0.0,0.0,0.0,0.0,0.0,0.0
uidai.secure--online.co,Phishing,synthetic_v2,23.0,0.0,0.08695652173913043,2.0,0.08695652173913043,0.0,0.0,1.0,2.0,17.0,1.0,0.0,0.29411764705882354,0.3333333333333333,0.0,0.0,0.0,0.0,2.0,3.5883543471732335,0.0,0.0,1.0,0.0,0.0,0.0,0.0,0.0,0.0,0.0,0.0,0.0,0.0
bob.portal--verify.org,Phishing,synthetic_v2,22.0,0.0,0.09090909090909091,2.0,0.09090909090909091,0.0,0.0,1.0,2.0,18.0,1.0,0.0,0.16666666666666666,0.5,0.0,0.0,0.0,1.0,3.0,3.7544418457133446,0.0,0.0,0.0,0.0,1.0,0.0,0.0,0.0,0.0,0.0,0.0,0.0,0.0
iocl.secure--banking.top,Phishing,synthetic_v2,24.0,0.0,0.08333333333333333,2.0,0.08333333333333333,0.0,0.0,1.0,2.0,19.0,1.0,1.0,0.21052631578947367,0.6,0.0,0.0,0.0,0.0,3.0,4.001629167387823,0.0,0.0,1.0,0.0,0.0,0.0,0.0,1.0,0.0,0.0,0.0,0.0,0.0
iocl.secure--help.xyz,Phishing,synthetic_v2,21.0,0.0,0.09523809523809523,2.0,0.09523809523809523,0.0,0.0,1.0,2.0,16.0,1.0,1.0,0.25,0.6,0.0,0.0,0.0,0.0,3.0,3.7849418274376427,0.0,0.0,1.0,0.0,0.0,0.0,0.0,0.0,0.0,0.0,0.0,0.0,0.0
icici.check-secure.xyz,Phishing,synthetic_v2,22.0,0.0,0.09090909090909091,1.0,0.045454545454545456,0.0,0.0,1.0,2.0,16.0,1.0,1.0,0.3125,0.6,0.0,0.0,0.0,0.0,3.0,3.408549096875308,0.0,0.0,1.0,0.0,0.0,0.0,0.0,0.0,0.0,0.0,0.0,0.0,0.0
bob.portal-login.xyz,Phishing,synthetic_v2,20.0,0.0,0.1,1.0,0.05,0.0,0.0,1.0,2.0,16.0,1.0,1.0,0.1875,0.5,0.0,0.0,0.0,0.0,3.0,3.7841837197791883,1.0,0.0,0.0,0.0,0.0,0.0,0.0,0.0,0.0,0.0,0.0,0.0,0.0
bob.check-login.top,Phishing,synthetic_v2,19.0,0.0,0.10526315789473684,1.0,0.05263157894736842,0.0,0.0,1.0,2.0,15.0,1.0,1.0,0.2,0.5,0.0,0.0,0.0,0.0,3.0,3.681880802803402,1.0,0.0,0.0,0.0,0.0,0.0,0.0,0.0,0.0,0.0,0.0,0.0,0.0
bob.secure--login.top,Phishing,synthetic_v2,21.0,0.0,0.09523809523809523,2.0,0.09523809523809523,0.0,0.0,1.0,2.0,17.0,1.0,1.0,0.17647058823529413,0.5,0.0,0.0,0.0,0.0,3.0,3.7849418274376427,1.0,0.0,1.0,0.0,0.0,0.0,0.0,0.0,0.0,0.0,0.0,0.0,0.0
pnb.service--login.net,Phishing,synthetic_v2,22.0,0.0,0.09090909090909091,2.0,0.09090909090909091,0.0,0.0,1.0,2.0,18.0,1.0,0.0,0.16666666666666666,0.5,0.0,0.0,0.0,1.0,3.0,3.7544418457133446,1.0,0.0,0.0,0.0,0.0,0.0,0.0,0.0,0.0,0.0,0.0,0.0,0.0
airtel.service--secure.org,Phishing,synthetic_v2,26.0,0.0,0.07692307692307693,2.0,0.07692307692307693,0.0,0.0,1.0,2.0,19.0,1.0,0.0,0.3157894736842105,0.75,0.0,0.0,0.0,1.0,3.0,3.561607392201214,0.0,0.0,1.0,0.0,0.0,0.0,0.0,0.0,0.0,0.0,0.0,0.0,0.0
icici.service-secure.in,Phishing,synthetic_v2,23.0,0.0,0.08695652173913043,1.0,0.043478260869565216,0.0,0.0,1.0,2.0,17.0,1.0,0.0,0.29411764705882354,0.6,0.0,0.0,0.0,0.0,2.0,3.0622732397771517,0.0,0.0,1.0,0.0,0.0,0.0,0.0,0.0,0.0,0.0,0.0,0.0,0.0
bob.portal--secure.top,Phishing,synthetic_v2,22.0,0.0,0.09090909090909091,2.0,0.09090909090909091,0.0,0.0,1.0,2.0,18.0,1.0,1.0,0.16666666666666666,0.5,0.0,0.0,0.0,0.0,3.0,3.6069367321753214,0.0,0.0,1.0,0.0,0.0,0.0,0.0,0.0,0.0,0.0,0.0,0.0,0.0
pnb.check-update.info,Phishing,synthetic_v2,21.0,0.0,0.09523809523809523,1.0,0.047619047619047616,0.0,0.0,1.0,2.0,17.0,1.0,1.0,0.17647058823529413,0.6,0.0,0.0,0.0,0.0,4.0,3.9161269465882835,0.0,0.0,0.0,0.0,0.0,1.0,0.0,0.0,0.0,0.0,0.0,0.0,0.0
airtel.secure--secure.net,Phishing,synthetic_v2,25.0,0.0,0.08,2.0,0.08,0.0,0.0,1.0,2.0,18.0,1.0,0.0,0.3333333333333333,0.6666666666666666,0.0,0.0,0.0,1.0,3.0,3.3532696895151077,0.0,0.0,1.0,0.0,0.0,0.0,0.0,0.0,0.0,0.0,0.0,0.0,0.0
uidai.service-secure.info,Phishing,synthetic_v2,25.0,0.0,0.08,1.0,0.04,0.0,0.0,1.0,2.0,19.0,1.0,1.0,0.2631578947368421,0.75,0.0,0.0,0.0,0.0,4.0,3.603856189774724,0.0,0.0,1.0,0.0,0.0,0.0,0.0,0.0,0.0,0.0,0.0,0.0,0.0
uidai.portal--banking.co,Phishing,synthetic_v2,24.0,0.0,0.08333333333333333,2.0,0.08333333333333333,0.0,0.0,1.0,2.0,18.0,1.0,0.0,0.2777777777777778,0.5,0.0,0.0,0.0,0.0,2.0,3.855388542207534,0.0,0.0,0.0,0.0,0.0,0.0,0.0,1.0,0.0,0.0,0.0,0.0,0.0
pnb.secure--online.co,Phishing,synthetic_v2,21.0,0.0,0.09523809523809523,2.0,0.09523809523809523,0.0,0.0,1.0,2.0,17.0,1.0,0.0,0.17647058823529413,0.3333333333333333,0.0,0.0,0.0,0.0,2.0,3.558518613048906,0.0,0.0,1.0,0.0,0.0,0.0,0.0,0.0,0.0,0.0,0.0,0.0,0.0
sbi.secure--support.org,Phishing,synthetic_v2,23.0,0.0,0.08695652173913043,2.0,0.08695652173913043,0.0,0.0,1.0,2.0,19.0,1.0,0.0,0.15789473684210525,0.75,0.0,0.0,0.0,1.0,3.0,3.588354347173234,0.0,0.0,1.0,0.0,0.0,0.0,1.0,0.0,0.0,0.0,0.0,0.0,0.0
airtel.secure--update.net,Phishing,synthetic_v2,25.0,0.0,0.08,2.0,0.08,0.0,0.0,1.0,2.0,18.0,1.0,0.0,0.3333333333333333,0.6,0.0,0.0,0.0,1.0,3.0,3.589275070710713,0.0,0.0,1.0,0.0,0.0,1.0,0.0,0.0,0.0,0.0,0.0,0.0,0.0
nic.service--banking.xyz,Phishing,synthetic_v2,24.0,0.0,0.08333333333333333,2.0,0.08333333333333333,0.0,0.0,1.0,2.0,20.0,1.0,1.0,0.15,0.6,0.0,0.0,0.0,0.0,3.0,3.855388542207534,0.0,0.0,0.0,0.0,0.0,0.0,0.0,1.0,0.0,0.0,0.0,0.0,0.0
pnb.check-secure.xyz,Phishing,synthetic_v2,20.0,0.0,0.1,1.0,0.05,0.0,0.0,1.0,2.0,16.0,1.0,1.0,0.1875,0.6666666666666666,0.0,0.0,0.0,0.0,3.0,3.746439344671015,0.0,0.0,1.0,0.0,0.0,0.0,0.0,0.0,0.0,0.0,0.0,0.0,0.0
acceso-al-correo-electronico.webflow.io,Phishing,phishtank,39.0,0.0,0.05128205128205128,3.0,0.07692307692307693,0.0,0.0,1.0,2.0,10.0,1.0,0.0,0.3,99.0,0.0,0.0,0.0,0.0,2.0,3.6152630416887286,0.0,0.0,0.0,0.0,0.0,0.0,0.0,0.0,0.0,0.0,0.0,0.0,0.0
login.marineelectronicscheap.com,Phishing,phishtank,32.0,0.0,0.0625,0.0,0.0,0.0,0.0,1.0,1.0,26.0,0.0,0.0,0.11538461538461539,0.5,0.0,0.0,0.0,1.0,3.0,3.7417292966721747,1.0,0.0,0.0,0.0,0.0,0.0,0.0,0.0,0.0,0.0,0.0,0.0,0.0
pay.promoativadalinha.top,Phishing,phishtank,25.0,0.0,0.08,0.0,0.0,0.0,0.0,1.0,0.0,21.0,0.0,1.0,0.0,0.6666666666666666,0.0,0.0,0.0,0.0,3.0,3.5590795706241747,0.0,0.0,0.0,0.0,0.0,0.0,0.0,0.0,0.0,0.0,0.0,0.0,0.0
ineffable-unicorn-195997.framer.app,Phishing,phishtank,35.0,0.17142857142857143,0.05714285714285714,2.0,0.05714285714285714,0.0,0.0,1.0,2.0,10.0,1.0,0.0,0.3,0.75,0.0,0.0,0.0,0.0,3.0,4.085588016574086,0.0,0.0,0.0,0.0,0.0,0.0,0.0,0.0,0.0,0.0,0.0,0.0,0.0
pay.pagamento-desconto-aprovado.com,Phishing,phishtank,35.0,0.0,0.05714285714285714,2.0,0.05714285714285714,0.0,0.0,1.0,0.0,31.0,0.0,0.0,0.0,0.6666666666666666,0.0,0.0,0.0,1.0,3.0,3.7614457889184743,0.0,0.0,0.0,0.0,0.0,0.0,0.0,0.0,0.0,0.0,0.0,0.0,0.0
pay.paypagementoseguroltda.site,Phishing,phishtank,31.0,0.0,0.06451612903225806,0.0,0.0,0.0,0.0,1.0,0.0,27.0,0.0,1.0,0.0,0.5,0.0,0.0,0.0,0.0,4.0,3.8087196973440705,0.0,0.0,0.0,0.0,0.0,0.0,0.0,0.0,0.0,0.0,0.0,0.0,0.0
finalizar-pendencia.vercel.app,Phishing,phishtank,30.0,0.0,0.06666666666666667,1.0,0.03333333333333333,0.0,0.0,1.0,0.0,10.0,0.0,0.0,0.0,0.5,0.0,0.0,0.0,0.0,3.0,3.631401845392172,0.0,0.0,0.0,0.0,0.0,0.0,0.0,0.0,0.0,0.0,0.0,0.0,0.0
storage.googleapis.com,Phishing,phishtank,22.0,0.0,0.09090909090909091,0.0,0.0,0.0,0.0,1.0,0.0,14.0,0.0,0.0,0.0,0.6666666666666666,0.0,0.0,0.0,1.0,3.0,3.5160276412662306,0.0,0.0,0.0,0.0,0.0,0.0,0.0,0.0,0.0,0.0,0.0,0.0,0.0
docs.google.com,Phishing,phishtank,15.0,0.0,0.13333333333333333,0.0,0.0,0.0,0.0,1.0,0.0,10.0,0.0,0.0,0.0,0.5,0.0,0.0,0.0,1.0,3.0,2.973557262275185,0.0,0.0,0.0,0.0,0.0,0.0,0.0,0.0,0.0,0.0,0.0,0.0,0.0
portalsemanafeirao.vercel.app,Phishing,phishtank,29.0,0.0,0.06896551724137931,0.0,0.0,0.0,0.0,1.0,0.0,10.0,0.0,0.0,0.0,0.5,0.0,0.0,0.0,0.0,3.0,3.64696666827365,0.0,0.0,0.0,0.0,0.0,0.0,0.0,0.0,0.0,0.0,0.0,0.0,0.0
v0-pagina-inicial-com-imagens.vercel.app,Phishing,phishtank,40.0,0.025,0.05,4.0,0.1,0.0,0.0,1.0,2.0,10.0,1.0,0.0,0.3,0.5,0.0,0.0,0.0,0.0,3.0,3.8159573209491744,0.0,0.0,0.0,0.0,0.0,0.0,0.0,0.0,0.0,0.0,0.0,0.0,0.0
pub-f73adf40cab64201b704a66989da48e2.r2.dev,Phishing,phishtank,43.0,0.4883720930232558,0.046511627906976744,1.0,0.023255813953488372,0.0,0.0,1.0,0.0,6.0,0.0,0.0,0.0,0.3333333333333333,0.0,0.0,0.0,0.0,3.0,4.2222080684040195,0.0,0.0,0.0,0.0,0.0,0.0,0.0,0.0,0.0,0.0,0.0,0.0,0.0
kemmler-electronic.com,Phishing,phishtank,22.0,0.0,0.045454545454545456,1.0,0.045454545454545456,0.0,0.0,0.0,1.0,22.0,0.0,0.0,0.13636363636363635,0.6666666666666666,0.0,0.0,0.0,1.0,3.0,3.3908054820769817,0.0,0.0,0.0,0.0,0.0,0.0,0.0,0.0,0.0,0.0,0.0,0.0,0.0
unicampbr2.ukit.me,Phishing,phishtank,18.0,0.05555555555555555,0.1111111111111111,0.0,0.0,0.0,0.0,1.0,2.0,7.0,1.0,0.0,0.42857142857142855,0.75,0.0,0.0,0.0,0.0,2.0,3.7254805569978675,0.0,0.0,0.0,0.0,0.0,0.0,0.0,0.0,0.0,0.0,0.0,0.0,0.0
organic-grammar-461746.framer.app,Phishing,phishtank,33.0,0.18181818181818182,0.06060606060606061,2.0,0.06060606060606061,0.0,0.0,1.0,2.0,10.0,1.0,0.0,0.3,0.75,0.0,0.0,0.0,0.0,3.0,3.8330556814482386,0.0,0.0,0.0,0.0,0.0,0.0,0.0,0.0,0.0,0.0,0.0,0.0,0.0
nic-uniza-sk.weebly.com,Phishing,phishtank,23.0,0.0,0.08695652173913043,2.0,0.08695652173913043,0.0,0.0,1.0,2.0,10.0,1.0,0.0,0.3,0.6,0.0,0.0,0.0,1.0,3.0,4.001822825622231,0.0,0.0,0.0,0.0,0.0,0.0,0.0,0.0,0.0,0.0,0.0,0.0,0.0
tbaytelcommunicationservicemember.weebly.com,Phishing,phishtank,44.0,0.0,0.045454545454545456,0.0,0.0,0.0,0.0,1.0,2.0,10.0,1.0,0.0,0.3,0.6666666666666666,0.0,0.0,0.0,1.0,3.0,3.8621435518760716,0.0,0.0,0.0,0.0,0.0,0.0,0.0,0.0,0.0,0.0,0.0,0.0,0.0
rackingindia.com,Phishing,phishtank,16.0,0.0,0.0625,0.0,0.0,0.0,0.0,0.0,0.0,16.0,0.0,0.0,0.0,0.6666666666666666,0.0,0.0,0.0,1.0,3.0,3.327819531114783,0.0,0.0,0.0,0.0,0.0,0.0,0.0,0.0,0.0,0.0,0.0,0.0,0.0
loginprincipalinicios.pages.dev,Phishing,phishtank,31.0,0.0,0.06451612903225806,0.0,0.0,0.0,0.0,1.0,2.0,9.0,1.0,0.0,0.3333333333333333,0.75,0.0,0.0,0.0,0.0,3.0,3.630985019785137,1.0,0.0,0.0,0.0,0.0,0.0,0.0,0.0,0.0,0.0,0.0,0.0,0.0
loginprincipalinicioyaas.pages.dev,Phishing,phishtank,34.0,0.0,0.058823529411764705,0.0,0.0,0.0,0.0,1.0,2.0,9.0,1.0,0.0,0.3333333333333333,0.75,0.0,0.0,0.0,0.0,3.0,3.7045348998193433,1.0,0.0,0.0,0.0,0.0,0.0,0.0,0.0,0.0,0.0,0.0,0.0,0.0
app.bonuspromocao.pro,Phishing,phishtank,21.0,0.0,0.09523809523809523,0.0,0.0,0.0,0.0,1.0,0.0,17.0,0.0,0.0,0.0,0.6666666666666666,0.0,0.0,0.0,0.0,3.0,3.172810733519865,0.0,0.0,0.0,0.0,0.0,0.0,0.0,0.0,0.0,0.0,0.0,0.0,0.0
ofertasfinanceirasbr.vercel.app,Phishing,phishtank,31.0,0.0,0.06451612903225806,0.0,0.0,0.0,0.0,1.0,0.0,10.0,0.0,0.0,0.0,0.5,0.0,0.0,0.0,0.0,3.0,3.7283898587739714,0.0,0.0,0.0,0.0,0.0,0.0,0.0,0.0,0.0,0.0,0.0,0.0,0.0
pay.finalize-aqui-seu-pedido.shop,Phishing,phishtank,33.0,0.0,0.06060606060606061,3.0,0.09090909090909091,0.0,0.0,1.0,0.0,29.0,0.0,1.0,0.0,0.6666666666666666,0.0,0.0,0.0,0.0,4.0,3.9225895736416696,0.0,0.0,0.0,0.0,0.0,0.0,0.0,0.0,0.0,0.0,0.0,0.0,0.0
bt-communications-100923.weeblysite.com,Phishing,phishtank,39.0,0.15384615384615385,0.05128205128205128,2.0,0.05128205128205128,0.0,0.0,1.0,2.0,14.0,1.0,0.0,0.21428571428571427,0.6666666666666666,0.0,0.0,0.0,1.0,3.0,4.246188756990946,0.0,0.0,0.0,0.0,0.0,0.0,0.0,0.0,0.0,0.0,0.0,0.0,0.0
allegrolokalnie.pl-576183681.cfd,Phishing,phishtank,32.0,0.28125,0.0625,1.0,0.03125,0.0,0.0,1.0,0.0,16.0,0.0,0.0,0.0,0.75,0.0,0.0,0.0,0.0,3.0,4.1996987351738495,0.0,0.0,0.0,0.0,0.0,0.0,0.0,0.0,0.0,0.0,0.0,0.0,0.0
suportenetpjempresa.digital,Phishing,phishtank,27.0,0.0,0.037037037037037035,0.0,0.0,0.0,0.0,0.0,0.0,27.0,0.0,0.0,0.0,99.0,0.0,0.0,0.0,0.0,7.0,3.810081020521731,0.0,0.0,0.0,0.0,0.0,0.0,0.0,0.0,0.0,0.0,0.0,0.0,0.0
loginprincipalinicioya.pages.dev,Phishing,phishtank,32.0,0.0,0.0625,0.0,0.0,0.0,0.0,1.0,2.0,9.0,1.0,0.0,0.3333333333333333,0.75,0.0,0.0,0.0,0.0,3.0,3.694548827786958,1.0,0.0,0.0,0.0,0.0,0.0,0.0,0.0,0.0,0.0,0.0,0.0,0.0
austria-bank-login--hshssh2737.replit.app,Phishing,phishtank,41.0,0.0975609756097561,0.04878048780487805,4.0,0.0975609756097561,0.0,0.0,1.0,0.0,10.0,0.0,0.0,0.0,0.5,0.0,0.0,0.0,0.0,3.0,4.1315846264110005,1.0,0.0,0.0,0.0,0.0,0.0,0.0,0.0,0.0,0.0,0.0,0.0,0.0
doc-exodusweb3.nicepage.io,Phishing,phishtank,26.0,0.038461538461538464,0.07692307692307693,1.0,0.038461538461538464,0.0,0.0,1.0,1.0,11.0,0.0,0.0,0.2727272727272727,0.5,0.0,0.0,0.0,0.0,2.0,3.9021748142117274,0.0,0.0,0.0,0.0,0.0,0.0,0.0,0.0,0.0,0.0,0.0,0.0,0.0
exodus-web.nicepage.io,Phishing,phishtank,22.0,0.0,0.09090909090909091,1.0,0.045454545454545456,0.0,0.0,1.0,1.0,11.0,0.0,0.0,0.2727272727272727,0.6666666666666666,0.0,0.0,0.0,0.0,2.0,3.8230679822736597,0.0,0.0,0.0,0.0,0.0,0.0,0.0,0.0,0.0,0.0,0.0,0.0,0.0
www.venicecanoe.com,Phishing,phishtank,19.0,0.0,0.10526315789473684,0.0,0.0,0.0,0.0,1.0,1.0,15.0,0.0,0.0,0.2,0.6666666666666666,0.0,0.0,0.0,1.0,3.0,3.1813663288914587,0.0,0.0,0.0,0.0,0.0,0.0,0.0,0.0,0.0,0.0,0.0,0.0,0.0
venicecanoe.com,Phishing,phishtank,15.0,0.0,0.06666666666666667,0.0,0.0,0.0,0.0,0.0,1.0,15.0,0.0,0.0,0.2,0.6666666666666666,0.0,0.0,0.0,1.0,3.0,3.00623892865339,0.0,0.0,0.0,0.0,0.0,0.0,0.0,0.0,0.0,0.0,0.0,0.0,0.0
seguniao.pro,Phishing,phishtank,12.0,0.0,0.08333333333333333,0.0,0.0,0.0,0.0,0.0,0.0,12.0,0.0,0.0,0.0,0.6666666666666666,0.0,0.0,0.0,0.0,3.0,3.4182958340544896,0.0,0.0,0.0,0.0,0.0,0.0,0.0,0.0,0.0,0.0,0.0,0.0,0.0
organic-darling-060049.framer.app,Phishing,phishtank,33.0,0.18181818181818182,0.06060606060606061,2.0,0.06060606060606061,0.0,0.0,1.0,2.0,10.0,1.0,0.0,0.3,0.75,0.0,0.0,0.0,0.0,3.0,4.051821770808046,0.0,0.0,0.0,0.0,0.0,0.0,0.0,0.0,0.0,0.0,0.0,0.0,0.0
myportal.qmagnaindia.com,Phishing,phishtank,24.0,0.0,0.08333333333333333,0.0,0.0,0.0,0.0,1.0,0.0,15.0,0.0,0.0,0.0,0.6666666666666666,0.0,0.0,0.0,1.0,3.0,3.7201755214643453,0.0,0.0,0.0,0.0,0.0,0.0,0.0,0.0,0.0,0.0,0.0,0.0,0.0
nodry-owa-ozu.matt770555.workers.dev,Phishing,phishtank,36.0,0.16666666666666666,0.08333333333333333,2.0,0.05555555555555555,0.0,0.0,2.0,0.0,11.0,0.0,0.0,0.0,0.75,0.0,0.0,1.0,0.0,3.0,4.162573265150911,0.0,0.0,0.0,0.0,0.0,0.0,0.0,0.0,0.0,0.0,0.0,0.0,0.0
www.excitonicpair.cfd,Phishing,phishtank,21.0,0.0,0.09523809523809523,0.0,0.0,0.0,0.0,1.0,1.0,17.0,0.0,0.0,0.17647058823529413,0.75,0.0,0.0,0.0,0.0,3.0,3.6178096843744547,0.0,0.0,0.0,0.0,0.0,0.0,0.0,0.0,0.0,0.0,0.0,0.0,0.0
recepcioncfdisimm-fkhudhe6a7bzdeau.southcentralus-01.azurewebsites.net,Phishing,phishtank,70.0,0.05714285714285714,0.04285714285714286,2.0,0.02857142857142857,0.0,0.0,2.0,0.0,17.0,0.0,0.0,0.0,0.6666666666666666,0.0,0.0,0.0,1.0,3.0,4.421810967335368,0.0,0.0,0.0,0.0,0.0,0.0,0.0,0.0,0.0,0.0,0.0,0.0,0.0
technical-world-186128.framer.app,Phishing,phishtank,33.0,0.18181818181818182,0.06060606060606061,2.0,0.06060606060606061,0.0,0.0,1.0,2.0,10.0,1.0,0.0,0.3,0.75,0.0,0.0,0.0,0.0,3.0,4.27137063437885,0.0,0.0,0.0,0.0,0.0,0.0,0.0,0.0,0.0,0.0,0.0,0.0,0.0
indianplacements.co.in,Phishing,phishtank,22.0,0.0,0.09090909090909091,0.0,0.0,0.0,0.0,1.0,0.0,5.0,0.0,0.0,0.0,99.0,0.0,0.0,0.0,0.0,2.0,3.51602764126623,0.0,0.0,0.0,0.0,0.0,0.0,0.0,0.0,0.0,0.0,0.0,0.0,0.0
iniciodesesionuniversidadcentraldelecuador.weebly.com,Phishing,phishtank,53.0,0.0,0.03773584905660377,0.0,0.0,0.0,0.0,1.0,2.0,10.0,1.0,0.0,0.3,0.6666666666666666,0.0,0.0,0.0,1.0,3.0,3.8762418604609796,0.0,0.0,0.0,0.0,0.0,0.0,0.0,0.0,0.0,0.0,0.0,0.0,0.0
webappsecureaccontswdtifdhger.nicguymosadpcu.biz.id,Phishing,phishtank,51.0,0.0,0.058823529411764705,0.0,0.0,0.0,0.0,2.0,2.0,6.0,1.0,0.0,0.5,0.6666666666666666,0.0,0.0,0.0,0.0,2.0,4.233521852064552,0.0,0.0,1.0,0.0,0.0,0.0,0.0,0.0,0.0,0.0,0.0,0.0,0.0
mailservercommunication.weebly.com,Phishing,phishtank,34.0,0.0,0.058823529411764705,0.0,0.0,0.0,0.0,1.0,2.0,10.0,1.0,0.0,0.3,0.6666666666666666,0.0,0.0,0.0,1.0,3.0,3.9032080616476805,0.0,0.0,0.0,0.0,0.0,0.0,0.0,0.0,0.0,0.0,0.0,0.0,0.0
bricksmasons.org,Phishing,phishtank,16.0,0.0,0.0625,0.0,0.0,0.0,0.0,0.0,0.0,16.0,0.0,0.0,0.0,0.75,0.0,0.0,0.0,1.0,3.0,3.452819531114783,0.0,0.0,0.0,0.0,0.0,0.0,0.0,0.0,0.0,0.0,0.0,0.0,0.0
organicshop99.com,Phishing,phishtank,17.0,0.11764705882352941,0.058823529411764705,0.0,0.0,0.0,0.0,0.0,1.0,17.0,0.0,0.0,0.17647058823529413,0.6666666666666666,0.0,0.0,0.0,1.0,3.0,3.572469458770136,0.0,0.0,0.0,0.0,0.0,0.0,0.0,0.0,0.0,0.0,0.0,0.0,0.0
iniciodesesion.framer.ai,Phishing,phishtank,24.0,0.0,0.08333333333333333,0.0,0.0,0.0,0.0,1.0,2.0,9.0,1.0,0.0,0.3333333333333333,99.0,0.0,0.0,0.0,0.0,2.0,3.403107168362811,0.0,0.0,0.0,0.0,0.0,0.0,0.0,0.0,0.0,0.0,0.0,0.0,0.0
organic-line-084152.framer.app,Phishing,phishtank,30.0,0.2,0.06666666666666667,2.0,0.06666666666666667,0.0,0.0,1.0,2.0,10.0,1.0,0.0,0.3,0.75,0.0,0.0,0.0,0.0,3.0,4.1898980954642875,0.0,0.0,0.0,0.0,0.0,0.0,0.0,0.0,0.0,0.0,0.0,0.0,0.0
monicabrose.shop,Phishing,phishtank,16.0,0.0,0.0625,0.0,0.0,0.0,0.0,0.0,1.0,16.0,0.0,1.0,0.1875,1.0,0.0,0.0,0.0,0.0,4.0,3.577819531114783,0.0,0.0,0.0,0.0,0.0,0.0,0.0,0.0,0.0,0.0,0.0,0.0,0.0
acceclientnickel.cloudaccess.host,Phishing,phishtank,33.0,0.0,0.06060606060606061,0.0,0.0,0.0,0.0,1.0,2.0,16.0,1.0,0.0,0.1875,0.75,0.0,0.0,0.0,0.0,4.0,3.5546589842454184,0.0,0.0,0.0,0.0,0.0,0.0,0.0,0.0,0.0,0.0,0.0,0.0,0.0
clinicaroua.ro,Phishing,phishtank,14.0,0.0,0.07142857142857142,0.0,0.0,0.0,0.0,0.0,1.0,14.0,0.0,0.0,0.21428571428571427,99.0,0.0,0.0,0.0,0.0,2.0,3.09306920777189,0.0,0.0,0.0,0.0,0.0,0.0,0.0,0.0,0.0,0.0,0.0,0.0,0.0
val1dardatosbio.webcindario.com,Phishing,phishtank,31.0,0.03225806451612903,0.06451612903225806,0.0,0.0,0.0,0.0,1.0,2.0,15.0,1.0,0.0,0.2,0.6666666666666666,0.0,0.0,0.0,1.0,3.0,3.873235826376328,0.0,0.0,0.0,0.0,0.0,0.0,0.0,0.0,0.0,0.0,0.0,0.0,0.0
pay.promojanlinha.top,Phishing,phishtank,21.0,0.0,0.09523809523809523,0.0,0.0,0.0,0.0,1.0,0.0,17.0,0.0,1.0,0.0,0.6666666666666666,0.0,0.0,0.0,0.0,3.0,3.5225715891363603,0.0,0.0,0.0,0.0,0.0,0.0,0.0,0.0,0.0,0.0,0.0,0.0,0.0
dry-owa-ozu.matt770555.workers.dev,Phishing,phishtank,34.0,0.17647058823529413,0.08823529411764706,2.0,0.058823529411764705,0.0,0.0,2.0,0.0,11.0,0.0,0.0,0.0,0.75,0.0,0.0,1.0,0.0,3.0,4.1162996057016965,0.0,0.0,0.0,0.0,0.0,0.0,0.0,0.0,0.0,0.0,0.0,0.0,0.0
communicative-selfies-758414.framer.app,Phishing,phishtank,39.0,0.15384615384615385,0.05128205128205128,2.0,0.05128205128205128,0.0,0.0,1.0,2.0,10.0,1.0,0.0,0.3,0.75,0.0,0.0,0.0,0.0,3.0,4.304257026388135,0.0,0.0,0.0,0.0,0.0,0.0,0.0,0.0,0.0,0.0,0.0,0.0,0.0
mechanicsbank-business.co.com,Phishing,phishtank,29.0,0.0,0.06896551724137931,1.0,0.034482758620689655,0.0,0.0,1.0,2.0,6.0,1.0,0.0,0.5,0.6666666666666666,0.0,0.0,0.0,1.0,3.0,3.659536598501246,0.0,0.0,0.0,0.0,0.0,0.0,0.0,0.0,0.0,0.0,0.0,0.0,0.0
clinicanewlifeprime.com.br,Phishing,phishtank,26.0,0.0,0.07692307692307693,0.0,0.0,0.0,0.0,1.0,2.0,6.0,1.0,0.0,0.5,0.6666666666666666,0.0,0.0,0.0,0.0,2.0,3.642371448743902,0.0,0.0,0.0,0.0,0.0,0.0,0.0,0.0,0.0,0.0,0.0,0.0,0.0
serviciosbilbao.cl,Phishing,phishtank,18.0,0.0,0.05555555555555555,0.0,0.0,0.0,0.0,0.0,1.0,18.0,0.0,0.0,0.16666666666666666,99.0,0.0,0.0,0.0,0.0,2.0,3.350209029099897,0.0,0.0,0.0,0.0,0.0,0.0,0.0,0.0,0.0,0.0,0.0,0.0,0.0
metrixor.com,Phishing,phishtank,12.0,0.0,0.08333333333333333,0.0,0.0,0.0,0.0,0.0,0.0,12.0,0.0,0.0,0.0,0.6666666666666666,0.0,0.0,0.0,1.0,3.0,3.084962500721156,0.0,0.0,0.0,0.0,0.0,0.0,0.0,0.0,0.0,0.0,0.0,0.0,0.0
app.maispromos.online,Phishing,phishtank,21.0,0.0,0.09523809523809523,0.0,0.0,0.0,0.0,1.0,0.0,17.0,0.0,1.0,0.0,0.3333333333333333,0.0,0.0,0.0,0.0,6.0,3.3680424225727155,0.0,0.0,0.0,0.0,0.0,0.0,0.0,0.0,0.0,0.0,0.0,0.0,0.0
app.biapontosmax.pro,Phishing,phishtank,20.0,0.0,0.1,0.0,0.0,0.0,0.0,1.0,0.0,16.0,0.0,0.0,0.0,0.6666666666666666,0.0,0.0,0.0,0.0,3.0,3.3464393446710154,0.0,0.0,0.0,0.0,0.0,0.0,0.0,0.0,0.0,0.0,0.0,0.0,0.0
newcrystoprbjmanagementindia.com,Phishing,phishtank,32.0,0.0,0.03125,0.0,0.0,0.0,0.0,0.0,0.0,32.0,0.0,0.0,0.0,0.6666666666666666,0.0,0.0,0.0,1.0,3.0,3.9917292966721747,0.0,0.0,0.0,0.0,0.0,0.0,0.0,0.0,0.0,0.0,0.0,0.0,0.0
pronicardevserv.webcindario.com,Phishing,phishtank,31.0,0.0,0.06451612903225806,0.0,0.0,0.0,0.0,1.0,2.0,15.0,1.0,0.0,0.2,0.6666666666666666,0.0,0.0,0.0,1.0,3.0,3.7600172778496526,0.0,0.0,0.0,0.0,0.0,0.0,0.0,0.0,0.0,0.0,0.0,0.0,0.0
is.gd,Phishing,phishtank,5.0,0.0,0.2,0.0,0.0,0.0,0.0,0.0,0.0,5.0,0.0,0.0,0.0,99.0,0.0,0.0,0.0,0.0,2.0,2.321928094887362,0.0,0.0,0.0,0.0,0.0,0.0,0.0,0.0,0.0,0.0,0.0,0.0,0.0
seg-social.at,Phishing,phishtank,13.0,0.0,0.07692307692307693,1.0,0.07692307692307693,0.0,0.0,0.0,0.0,13.0,0.0,0.0,0.0,0.6666666666666666,0.0,0.0,0.0,0.0,2.0,3.3927474104487847,0.0,0.0,0.0,0.0,0.0,0.0,0.0,0.0,0.0,0.0,0.0,0.0,0.0
portaldeinicio.webcindario.com,Phishing,phishtank,30.0,0.0,0.06666666666666667,0.0,0.0,0.0,0.0,1.0,2.0,15.0,1.0,0.0,0.2,0.6666666666666666,0.0,0.0,0.0,1.0,3.0,3.694739663055176,0.0,0.0,0.0,0.0,0.0,0.0,0.0,0.0,0.0,0.0,0.0,0.0,0.0
15253055.solarmonkey.sk,Phishing,phishtank,23.0,0.34782608695652173,0.08695652173913043,0.0,0.0,0.0,0.0,1.0,0.0,14.0,0.0,0.0,0.0,99.0,0.0,0.0,0.0,0.0,2.0,3.82790978214397,0.0,0.0,0.0,0.0,0.0,0.0,0.0,0.0,0.0,0.0,0.0,0.0,0.0
canal-digital-web.vercel.app,Phishing,phishtank,28.0,0.0,0.07142857142857142,2.0,0.07142857142857142,0.0,0.0,1.0,0.0,10.0,0.0,0.0,0.0,0.5,0.0,0.0,0.0,0.0,3.0,3.8248629576173565,0.0,0.0,0.0,0.0,0.0,0.0,0.0,0.0,0.0,0.0,0.0,0.0,0.0
fqyuanmo.com,Phishing,phishtank,12.0,0.0,0.08333333333333333,0.0,0.0,0.0,0.0,0.0,0.0,12.0,0.0,0.0,0.0,0.6666666666666666,0.0,0.0,0.0,1.0,3.0,3.2516291673878226,0.0,0.0,0.0,0.0,0.0,0.0,0.0,0.0,0.0,0.0,0.0,0.0,0.0
a-comunicacion.com,Phishing,phishtank,18.0,0.0,0.05555555555555555,1.0,0.05555555555555555,0.0,0.0,0.0,1.0,18.0,0.0,0.0,0.16666666666666666,0.6666666666666666,0.0,0.0,0.0,1.0,3.0,3.016875695766564,0.0,0.0,0.0,0.0,0.0,0.0,0.0,0.0,0.0,0.0,0.0,0.0,0.0
loteriascaixaonlline-gov-l1.vercel.app,Phishing,phishtank,38.0,0.02631578947368421,0.05263157894736842,2.0,0.05263157894736842,0.0,0.0,1.0,0.0,10.0,0.0,0.0,0.0,0.5,0.0,0.0,0.0,0.0,3.0,3.9026797376866442,0.0,0.0,0.0,0.0,0.0,0.0,0.0,0.0,0.0,0.0,0.0,0.0,0.0
bnicrflre.com,Phishing,phishtank,13.0,0.0,0.07692307692307693,0.0,0.0,0.0,0.0,0.0,1.0,13.0,0.0,0.0,0.23076923076923078,0.6666666666666666,0.0,0.0,0.0,1.0,3.0,3.3927474104487847,0.0,0.0,0.0,0.0,0.0,0.0,0.0,0.0,0.0,0.0,0.0,0.0,0.0
iniciio-pr0duban.webcindario.com,Phishing,phishtank,32.0,0.03125,0.0625,1.0,0.03125,0.0,0.0,1.0,2.0,15.0,1.0,0.0,0.2,0.6,0.0,0.0,0.0,1.0,3.0,3.757048827786958,0.0,0.0,0.0,0.0,0.0,0.0,0.0,0.0,0.0,0.0,0.0,0.0,0.0
peeldsb-rnicrosoft-login.work.gd,Phishing,phishtank,32.0,0.0,0.0625,2.0,0.0625,0.0,0.0,1.0,2.0,7.0,1.0,0.0,0.42857142857142855,0.5,0.0,0.0,0.0,0.0,2.0,4.038909765557392,1.0,0.0,0.0,0.0,0.0,0.0,0.0,0.0,0.0,0.0,0.0,0.0,0.0
statsf-tm.everesttech.net,Phishing,phishtank,25.0,0.0,0.08,1.0,0.04,0.0,0.0,1.0,0.0,15.0,0.0,0.0,0.0,0.6666666666666666,0.0,0.0,0.0,1.0,3.0,3.288884070537635,0.0,0.0,0.0,0.0,0.0,0.0,0.0,0.0,0.0,0.0,0.0,0.0,0.0
produ-inici0.webcindario.com,Phishing,phishtank,28.0,0.03571428571428571,0.07142857142857142,1.0,0.03571428571428571,0.0,0.0,1.0,2.0,15.0,1.0,0.0,0.2,0.4,0.0,0.0,0.0,1.0,3.0,3.7673757978160416,0.0,0.0,0.0,0.0,0.0,0.0,0.0,0.0,0.0,0.0,0.0,0.0,0.0
inicio-pr0du.webcindario.com,Phishing,phishtank,28.0,0.03571428571428571,0.07142857142857142,1.0,0.03571428571428571,0.0,0.0,1.0,2.0,15.0,1.0,0.0,0.2,0.4,0.0,0.0,0.0,1.0,3.0,3.7673757978160416,0.0,0.0,0.0,0.0,0.0,0.0,0.0,0.0,0.0,0.0,0.0,0.0,0.0
produinicio.webcindario.com,Phishing,phishtank,27.0,0.0,0.07407407407407407,0.0,0.0,0.0,0.0,1.0,2.0,15.0,1.0,0.0,0.2,0.6666666666666666,0.0,0.0,0.0,1.0,3.0,3.5562012808079033,0.0,0.0,0.0,0.0,0.0,0.0,0.0,0.0,0.0,0.0,0.0,0.0,0.0
nickmacdonald111.wixsite.com,Phishing,phishtank,28.0,0.10714285714285714,0.07142857142857142,0.0,0.0,0.0,0.0,1.0,2.0,11.0,1.0,0.0,0.2727272727272727,0.6666666666666666,0.0,0.0,1.0,1.0,3.0,3.869331261111518,0.0,0.0,0.0,0.0,0.0,0.0,0.0,0.0,0.0,0.0,0.0,0.0,0.0
nickrushbrooke2.wixsite.com,Phishing,phishtank,27.0,0.037037037037037035,0.07407407407407407,0.0,0.0,0.0,0.0,1.0,2.0,11.0,1.0,0.0,0.2727272727272727,0.6666666666666666,0.0,0.0,0.0,1.0,3.0,3.958229168669879,0.0,0.0,0.0,0.0,0.0,0.0,0.0,0.0,0.0,0.0,0.0,0.0,0.0
ecuadordainicio.webcindario.com,Phishing,phishtank,31.0,0.0,0.06451612903225806,0.0,0.0,0.0,0.0,1.0,2.0,15.0,1.0,0.0,0.2,0.6666666666666666,0.0,0.0,0.0,1.0,3.0,3.498731294942883,0.0,0.0,0.0,0.0,0.0,0.0,0.0,0.0,0.0,0.0,0.0,0.0,0.0
finichdeliv.wpenginepowered.com,Phishing,phishtank,31.0,0.0,0.06451612903225806,0.0,0.0,0.0,0.0,1.0,2.0,19.0,1.0,0.0,0.15789473684210525,0.6666666666666666,0.0,0.0,0.0,1.0,3.0,3.7811470208191236,0.0,0.0,0.0,0.0,0.0,0.0,0.0,0.0,0.0,0.0,0.0,0.0,0.0
inicioprodu.webcindario.com,Phishing,phishtank,27.0,0.0,0.07407407407407407,0.0,0.0,0.0,0.0,1.0,2.0,15.0,1.0,0.0,0.2,0.6666666666666666,0.0,0.0,0.0,1.0,3.0,3.5562012808079033,0.0,0.0,0.0,0.0,0.0,0.0,0.0,0.0,0.0,0.0,0.0,0.0,0.0
alimentiumconnectwebapi.azurewebsites.net,Phishing,phishtank,41.0,0.0,0.04878048780487805,0.0,0.0,0.0,0.0,1.0,0.0,17.0,0.0,0.0,0.0,0.6666666666666666,0.0,0.0,0.0,1.0,3.0,3.8354453715310917,0.0,0.0,0.0,0.0,0.0,0.0,0.0,0.0,0.0,0.0,0.0,0.0,0.0
www.musical.gr,Phishing,phishtank,14.0,0.0,0.14285714285714285,0.0,0.0,0.0,0.0,1.0,0.0,10.0,0.0,0.0,0.0,1.0,0.0,0.0,0.0,0.0,2.0,3.3248629576173565,0.0,0.0,0.0,0.0,0.0,0.0,0.0,0.0,0.0,0.0,0.0,0.0,0.0
tbaytelcommunications.weebly.com,Phishing,phishtank,32.0,0.0,0.0625,0.0,0.0,0.0,0.0,1.0,2.0,10.0,1.0,0.0,0.3,0.6666666666666666,0.0,0.0,0.0,1.0,3.0,3.819548827786958,0.0,0.0,0.0,0.0,0.0,0.0,0.0,0.0,0.0,0.0,0.0,0.0,0.0
isonic.weebly.com,Phishing,phishtank,17.0,0.0,0.11764705882352941,0.0,0.0,0.0,0.0,1.0,2.0,10.0,1.0,0.0,0.3,0.6666666666666666,0.0,0.0,0.0,1.0,3.0,3.4992275471326932,0.0,0.0,0.0,0.0,0.0,0.0,0.0,0.0,0.0,0.0,0.0,0.0,0.0
nichole-martins-074jk45-access-now.weebly.com,Phishing,phishtank,45.0,0.1111111111111111,0.044444444444444446,4.0,0.08888888888888889,0.0,0.0,1.0,2.0,10.0,1.0,0.0,0.3,0.6666666666666666,0.0,0.0,0.0,1.0,3.0,4.330416151741,0.0,0.0,0.0,0.0,0.0,0.0,0.0,0.0,0.0,0.0,0.0,0.0,0.0
united-internet-d.openx.net,Phishing,phishtank,27.0,0.0,0.07407407407407407,2.0,0.07407407407407407,0.0,0.0,1.0,0.0,9.0,0.0,0.0,0.0,0.6666666666666666,0.0,0.0,0.0,1.0,3.0,3.3023215410940754,0.0,0.0,0.0,0.0,0.0,0.0,0.0,0.0,0.0,0.0,0.0,0.0,0.0
iniciobienvenido.webcindario.com,Phishing,phishtank,32.0,0.0,0.0625,0.0,0.0,0.0,0.0,1.0,2.0,15.0,1.0,0.0,0.2,0.6666666666666666,0.0,0.0,0.0,1.0,3.0,3.401210641914682,0.0,0.0,0.0,0.0,0.0,0.0,0.0,0.0,0.0,0.0,0.0,0.0,0.0
csbim-connect.web.app,Phishing,phishtank,21.0,0.0,0.09523809523809523,1.0,0.047619047619047616,0.0,0.0,1.0,2.0,7.0,1.0,0.0,0.42857142857142855,0.6666666666666666,0.0,0.0,0.0,0.0,3.0,3.6897037321995474,0.0,0.0,0.0,0.0,0.0,0.0,0.0,0.0,0.0,0.0,0.0,0.0,0.0
csbim-connect.firebaseapp.com,Phishing,phishtank,29.0,0.0,0.06896551724137931,1.0,0.034482758620689655,0.0,0.0,1.0,2.0,15.0,1.0,0.0,0.2,0.6666666666666666,0.0,0.0,0.0,1.0,3.0,3.7974676329840045,0.0,0.0,0.0,0.0,0.0,0.0,0.0,0.0,0.0,0.0,0.0,0.0,0.0
dagroupindia.com,Phishing,phishtank,16.0,0.0,0.0625,0.0,0.0,0.0,0.0,0.0,0.0,16.0,0.0,0.0,0.0,0.6666666666666666,0.0,0.0,0.0,1.0,3.0,3.5,0.0,0.0,0.0,0.0,0.0,0.0,0.0,0.0,0.0,0.0,0.0,0.0,0.0
www.dropbox.com,Phishing,phishtank,15.0,0.0,0.13333333333333333,0.0,0.0,0.0,0.0,1.0,0.0,11.0,0.0,0.0,0.0,0.6666666666666666,0.0,0.0,0.0,1.0,3.0,3.1395722619867232,0.0,0.0,0.0,0.0,0.0,0.0,0.0,0.0,0.0,0.0,0.0,0.0,0.0
pt.seg-social.at,Phishing,phishtank,16.0,0.0,0.125,1.0,0.0625,0.0,0.0,1.0,0.0,13.0,0.0,0.0,0.0,0.6666666666666666,0.0,0.0,0.0,0.0,2.0,3.5,0.0,0.0,0.0,0.0,0.0,0.0,0.0,0.0,0.0,0.0,0.0,0.0,0.0
iniciar-credito.webcindario.com,Phishing,phishtank,31.0,0.0,0.06451612903225806,1.0,0.03225806451612903,0.0,0.0,1.0,2.0,15.0,1.0,0.0,0.2,0.6,0.0,0.0,0.0,1.0,3.0,3.566468890752879,0.0,0.0,0.0,0.0,0.0,0.0,0.0,0.0,0.0,0.0,0.0,0.0,0.0
2fkcz7.share-eu1.hsforms.com,Phishing,phishtank,28.0,0.10714285714285714,0.10714285714285714,1.0,0.03571428571428571,0.0,0.0,2.0,0.0,11.0,0.0,0.0,0.0,0.6666666666666666,0.0,0.0,0.0,1.0,3.0,3.9677201004744993,0.0,0.0,0.0,0.0,0.0,0.0,0.0,0.0,0.0,0.0,0.0,0.0,0.0
1my65.trk.elasticemail.com,Phishing,phishtank,26.0,0.11538461538461539,0.11538461538461539,0.0,0.0,0.0,0.0,2.0,0.0,16.0,0.0,0.0,0.0,0.6666666666666666,0.0,0.0,0.0,1.0,3.0,3.8731406795131327,0.0,0.0,0.0,0.0,0.0,0.0,0.0,0.0,0.0,0.0,0.0,0.0,0.0
nonenforceable976.cyltra.onl,Phishing,phishtank,28.0,0.10714285714285714,0.07142857142857142,0.0,0.0,0.0,0.0,1.0,0.0,10.0,0.0,0.0,0.0,0.5,0.0,0.0,0.0,0.0,3.0,3.726474118254375,0.0,0.0,0.0,0.0,0.0,0.0,0.0,0.0,0.0,0.0,0.0,0.0,0.0
incometaxrefund.wixstudio.com,Phishing,phishtank,29.0,0.0,0.06896551724137931,0.0,0.0,0.0,0.0,1.0,0.0,13.0,0.0,0.0,0.0,0.6666666666666666,0.0,0.0,0.0,1.0,3.0,3.9093680639438846,0.0,0.0,0.0,0.0,0.0,0.0,0.0,0.0,0.0,0.0,0.0,0.0,0.0
nickygile330.mvt.so,Phishing,phishtank,19.0,0.15789473684210525,0.10526315789473684,0.0,0.0,0.0,0.0,1.0,2.0,6.0,1.0,0.0,0.5,1.0,0.0,0.0,0.0,0.0,2.0,3.9321380397593733,0.0,0.0,0.0,0.0,0.0,0.0,0.0,0.0,0.0,0.0,0.0,0.0,0.0
s-cas-unicaen-fr.weebly.com,Phishing,phishtank,27.0,0.0,0.07407407407407407,3.0,0.1111111111111111,0.0,0.0,1.0,2.0,10.0,1.0,0.0,0.3,0.6666666666666666,0.0,0.0,0.0,1.0,3.0,3.9302703722934544,0.0,0.0,0.0,0.0,0.0,0.0,0.0,0.0,0.0,0.0,0.0,0.0,0.0
whitepinecl.com,Phishing,phishtank,15.0,0.0,0.06666666666666667,0.0,0.0,0.0,0.0,0.0,0.0,15.0,0.0,0.0,0.0,0.6666666666666666,0.0,0.0,0.0,1.0,3.0,3.5068905956085183,0.0,0.0,0.0,0.0,0.0,0.0,0.0,0.0,0.0,0.0,0.0,0.0,0.0
usbitt.weebly.com,Phishing,phishtank,17.0,0.0,0.11764705882352941,0.0,0.0,0.0,0.0,1.0,2.0,10.0,1.0,0.0,0.3,0.6666666666666666,0.0,0.0,0.0,1.0,3.0,3.6168746059562227,0.0,0.0,0.0,0.0,0.0,0.0,0.0,0.0,0.0,0.0,0.0,0.0,0.0
itsbio.link,Phishing,phishtank,11.0,0.0,0.09090909090909091,0.0,0.0,0.0,0.0,0.0,1.0,11.0,0.0,0.0,0.2727272727272727,1.0,0.0,0.0,0.0,0.0,4.0,3.027169118440619,0.0,0.0,0.0,0.0,0.0,0.0,0.0,0.0,0.0,0.0,0.0,0.0,0.0
flagcollection.com,Phishing,phishtank,18.0,0.0,0.05555555555555555,0.0,0.0,0.0,0.0,0.0,0.0,18.0,0.0,0.0,0.0,0.6666666666666666,0.0,0.0,0.0,1.0,3.0,3.377443751081734,0.0,0.0,0.0,0.0,0.0,0.0,0.0,0.0,0.0,0.0,0.0,0.0,0.0
osm.hlidskjalf.is,Phishing,phishtank,17.0,0.0,0.11764705882352941,0.0,0.0,0.0,0.0,1.0,0.0,13.0,0.0,0.0,0.0,0.75,0.0,0.0,0.0,0.0,2.0,3.4548223999466066,0.0,0.0,0.0,0.0,0.0,0.0,0.0,0.0,0.0,0.0,0.0,0.0,0.0
www.flagcollection.com,Phishing,phishtank,22.0,0.0,0.09090909090909091,0.0,0.0,0.0,0.0,1.0,0.0,18.0,0.0,0.0,0.0,0.6666666666666666,0.0,0.0,0.0,1.0,3.0,3.5039975273348483,0.0,0.0,0.0,0.0,0.0,0.0,0.0,0.0,0.0,0.0,0.0,0.0,0.0
en.schlosshotel-zdikov.de,Phishing,phishtank,25.0,0.0,0.08,1.0,0.04,0.0,0.0,1.0,0.0,22.0,0.0,0.0,0.0,99.0,0.0,0.0,0.0,0.0,2.0,3.7532696895151085,0.0,0.0,0.0,0.0,0.0,0.0,0.0,0.0,0.0,0.0,0.0,0.0,0.0
www.amiga68k.de,Phishing,phishtank,15.0,0.13333333333333333,0.13333333333333333,0.0,0.0,0.0,0.0,1.0,0.0,11.0,0.0,0.0,0.0,1.0,0.0,0.0,0.0,0.0,2.0,3.3232314287976212,0.0,0.0,0.0,0.0,0.0,0.0,0.0,0.0,0.0,0.0,0.0,0.0,0.0
aplitaworld.com,Phishing,phishtank,15.0,0.0,0.06666666666666667,0.0,0.0,0.0,0.0,0.0,0.0,15.0,0.0,0.0,0.0,0.6666666666666666,0.0,0.0,0.0,1.0,3.0,3.5068905956085192,0.0,0.0,0.0,0.0,0.0,0.0,0.0,0.0,0.0,0.0,0.0,0.0,0.0
amiga68k.de,Phishing,phishtank,11.0,0.18181818181818182,0.09090909090909091,0.0,0.0,0.0,0.0,0.0,0.0,11.0,0.0,0.0,0.0,99.0,0.0,0.0,0.0,0.0,2.0,3.277613436819116,0.0,0.0,0.0,0.0,0.0,0.0,0.0,0.0,0.0,0.0,0.0,0.0,0.0
app.cronogramaresgate.click,Phishing,phishtank,27.0,0.0,0.07407407407407407,0.0,0.0,0.0,0.0,1.0,0.0,23.0,0.0,1.0,0.0,0.6,0.0,0.0,0.0,0.0,5.0,3.7360069464476564,0.0,0.0,0.0,0.0,0.0,0.0,0.0,0.0,0.0,0.0,0.0,0.0,0.0
indiapost-in-govin.click,Phishing,phishtank,24.0,0.0,0.041666666666666664,2.0,0.08333333333333333,0.0,0.0,0.0,0.0,24.0,0.0,1.0,0.0,0.16666666666666666,0.0,0.0,0.0,0.0,5.0,3.6531071683628116,0.0,0.0,0.0,0.0,0.0,0.0,0.0,0.0,0.0,0.0,0.0,0.0,0.0
bafkreicjbo6ztthldlxtmc4sd4hmtqyjt7gysfknij5qtobvxe3wllrsbi.ipfs.dweb.link,Phishing,phishtank,74.0,0.08108108108108109,0.04054054054054054,0.0,0.0,0.0,0.0,2.0,2.0,9.0,1.0,0.0,0.3333333333333333,0.75,0.0,0.0,0.0,0.0,4.0,4.738263886701677,0.0,0.0,0.0,0.0,0.0,0.0,0.0,0.0,0.0,0.0,0.0,0.0,0.0
inicio-promerica.webcindario.com,Phishing,phishtank,32.0,0.0,0.0625,1.0,0.03125,0.0,0.0,1.0,2.0,15.0,1.0,0.0,0.2,0.4,0.0,0.0,0.0,1.0,3.0,3.5542292966721747,0.0,0.0,0.0,0.0,0.0,0.0,0.0,0.0,0.0,0.0,0.0,0.0,0.0
bafkreidrnxoveikateiqzhnpnb5fzdegpjpspbm3htagn3574amwuzzjkq.ipfs.dweb.link,Phishing,phishtank,74.0,0.08108108108108109,0.04054054054054054,0.0,0.0,0.0,0.0,2.0,2.0,9.0,1.0,0.0,0.3333333333333333,0.75,0.0,0.0,0.0,0.0,4.0,4.659409792598711,0.0,0.0,0.0,0.0,0.0,0.0,0.0,0.0,0.0,0.0,0.0,0.0,0.0
bafkreibc53h7prboy5niccdnegrk54tj37bo3dnv4qywissdth7t5cv2qa.ipfs.dweb.link,Phishing,phishtank,74.0,0.17567567567567569,0.04054054054054054,0.0,0.0,0.0,0.0,2.0,2.0,9.0,1.0,0.0,0.3333333333333333,0.75,0.0,0.0,0.0,0.0,4.0,4.6789347039237965,0.0,0.0,0.0,0.0,0.0,0.0,0.0,0.0,0.0,0.0,0.0,0.0,0.0
bafkreic5d4mm5f3gg4qzvy3jezgwmgo2qzc7wyfy7iunicqyuxvgg5kmje.ipfs.dweb.link,Phishing,phishtank,74.0,0.13513513513513514,0.04054054054054054,0.0,0.0,0.0,0.0,2.0,2.0,9.0,1.0,0.0,0.3333333333333333,0.75,0.0,0.0,0.0,0.0,4.0,4.717512446792354,0.0,0.0,0.0,0.0,0.0,0.0,0.0,0.0,0.0,0.0,0.0,0.0,0.0
bafkreibffjyduvy7m3v6x7bkfxgtyl6xrrx7zzfexamxhuhxmnic4g6llu.ipfs.dweb.link,Phishing,phishtank,74.0,0.10810810810810811,0.04054054054054054,0.0,0.0,0.0,0.0,2.0,2.0,9.0,1.0,0.0,0.3333333333333333,0.75,0.0,0.0,0.0,0.0,4.0,4.642490568626228,0.0,0.0,0.0,0.0,0.0,0.0,0.0,0.0,0.0,0.0,0.0,0.0,0.0
bafkreifr6zy62mctuccuqfxrhi5suueyhza35h44qqpm6oq7r3pnb7iur4.ipfs.dweb.link,Phishing,phishtank,74.0,0.17567567567567569,0.04054054054054054,0.0,0.0,0.0,0.0,2.0,2.0,9.0,1.0,0.0,0.3333333333333333,0.75,0.0,0.0,0.0,0.0,4.0,4.738263886701676,0.0,0.0,0.0,0.0,0.0,0.0,0.0,0.0,0.0,0.0,0.0,0.0,0.0
bafkreif5txdxel3kelxzpnbjeg4pdp5exkwi2ciwgbeed53pwqsoykj2qm.ipfs.dweb.link,Phishing,phishtank,74.0,0.10810810810810811,0.04054054054054054,0.0,0.0,0.0,0.0,2.0,2.0,9.0,1.0,0.0,0.3333333333333333,0.75,0.0,0.0,0.0,0.0,4.0,4.535825373305108,0.0,0.0,0.0,0.0,0.0,0.0,0.0,0.0,0.0,0.0,0.0,0.0,0.0
href.li,Phishing,phishtank,7.0,0.0,0.14285714285714285,0.0,0.0,0.0,0.0,0.0,0.0,7.0,0.0,0.0,0.0,0.75,0.0,0.0,0.0,0.0,2.0,2.807354922057604,0.0,0.0,0.0,0.0,0.0,0.0,0.0,0.0,0.0,0.0,0.0,0.0,0.0
notifyingtelekommunications.weebly.com,Phishing,phishtank,38.0,0.0,0.05263157894736842,0.0,0.0,0.0,0.0,1.0,2.0,10.0,1.0,0.0,0.3,0.6666666666666666,0.0,0.0,0.0,1.0,3.0,3.9450386975402445,0.0,0.0,0.0,0.0,0.0,0.0,0.0,0.0,0.0,0.0,0.0,0.0,0.0
iniciar-sesion12.webcindario.com,Phishing,phishtank,32.0,0.0625,0.0625,1.0,0.03125,0.0,0.0,1.0,2.0,15.0,1.0,0.0,0.2,0.6,0.0,0.0,0.0,1.0,3.0,3.757048827786958,0.0,0.0,0.0,0.0,0.0,0.0,0.0,0.0,0.0,0.0,0.0,0.0,0.0
iniciar-authbn.webcindario.com,Phishing,phishtank,30.0,0.0,0.06666666666666667,1.0,0.03333333333333333,0.0,0.0,1.0,2.0,15.0,1.0,0.0,0.2,0.6,0.0,0.0,0.0,1.0,3.0,3.7777471629109445,0.0,0.0,0.0,0.0,0.0,0.0,0.0,0.0,0.0,1.0,0.0,0.0,0.0
1meqo.trk.elasticemail.com,Phishing,phishtank,26.0,0.038461538461538464,0.11538461538461539,0.0,0.0,0.0,0.0,2.0,0.0,16.0,0.0,0.0,0.0,0.6666666666666666,0.0,0.0,0.0,1.0,3.0,3.690260390968384,0.0,0.0,0.0,0.0,0.0,0.0,0.0,0.0,0.0,0.0,0.0,0.0,0.0
sbisec-jp.games258.com,Phishing,phishtank,22.0,0.13636363636363635,0.09090909090909091,1.0,0.045454545454545456,0.0,0.0,1.0,2.0,12.0,1.0,0.0,0.25,0.6666666666666666,0.0,0.0,0.0,1.0,3.0,3.8796640049025934,0.0,0.0,0.0,0.0,0.0,0.0,0.0,0.0,0.0,0.0,0.0,0.0,0.0
verificacfdi.facturaelectronica.sat.gob.mx.sisems.es.validaciondelicencia.com,Phishing,phishtank,77.0,0.0,0.1038961038961039,0.0,0.0,0.0,0.0,7.0,2.0,24.0,1.0,0.0,0.125,0.3333333333333333,0.0,0.0,0.0,1.0,3.0,3.9342672229033955,0.0,0.0,0.0,0.0,0.0,0.0,0.0,0.0,0.0,0.0,0.0,0.0,0.0
unicaen0.weebly.com,Phishing,phishtank,19.0,0.05263157894736842,0.10526315789473684,0.0,0.0,0.0,0.0,1.0,2.0,10.0,1.0,0.0,0.3,0.6666666666666666,0.0,0.0,0.0,1.0,3.0,3.6818808028034016,0.0,0.0,0.0,0.0,0.0,0.0,0.0,0.0,0.0,0.0,0.0,0.0,0.0
kutt.it,Phishing,phishtank,7.0,0.0,0.14285714285714285,0.0,0.0,0.0,0.0,0.0,0.0,7.0,0.0,0.0,0.0,99.0,0.0,0.0,0.0,0.0,2.0,2.1280852788913944,0.0,0.0,0.0,0.0,0.0,0.0,0.0,0.0,0.0,0.0,0.0,0.0,0.0
mailchoiceindia.weebly.com,Phishing,phishtank,26.0,0.0,0.07692307692307693,0.0,0.0,0.0,0.0,1.0,0.0,10.0,0.0,0.0,0.0,0.6666666666666666,0.0,0.0,0.0,1.0,3.0,3.6423714487439023,0.0,0.0,0.0,0.0,0.0,0.0,0.0,0.0,0.0,0.0,0.0,0.0,0.0
networkingtelekomunication.weebly.com,Phishing,phishtank,37.0,0.0,0.05405405405405406,0.0,0.0,0.0,0.0,1.0,2.0,10.0,1.0,0.0,0.3,0.6666666666666666,0.0,0.0,0.0,1.0,3.0,3.881901595932633,0.0,0.0,0.0,0.0,0.0,0.0,0.0,0.0,0.0,0.0,0.0,0.0,0.0
autocommunication.weebly.com,Phishing,phishtank,28.0,0.0,0.07142857142857142,0.0,0.0,0.0,0.0,1.0,2.0,10.0,1.0,0.0,0.3,0.6666666666666666,0.0,0.0,0.0,1.0,3.0,3.6820058147602137,0.0,0.0,0.0,0.0,0.0,0.0,0.0,0.0,0.0,0.0,0.0,0.0,0.0
xn--actualitzacidecorreuelectrnicdegencatweb-k3d1a.weebly.com,Phishing,phishtank,61.0,0.03278688524590164,0.03278688524590164,3.0,0.04918032786885246,0.0,0.0,1.0,2.0,10.0,1.0,0.0,0.3,0.6666666666666666,0.0,0.0,0.0,1.0,3.0,4.187790207156301,0.0,0.0,0.0,0.0,0.0,0.0,0.0,0.0,0.0,0.0,0.0,0.0,0.0
rainbowcommunication.com.bd,Phishing,phishtank,27.0,0.0,0.07407407407407407,0.0,0.0,0.0,0.0,1.0,2.0,6.0,1.0,0.0,0.5,0.6666666666666666,0.0,0.0,0.0,0.0,2.0,3.5319412055466586,0.0,0.0,0.0,0.0,0.0,0.0,0.0,0.0,0.0,0.0,0.0,0.0,0.0
mypnbkewane.weebly.com,Phishing,phishtank,22.0,0.0,0.09090909090909091,0.0,0.0,0.0,0.0,1.0,2.0,10.0,1.0,0.0,0.3,0.6666666666666666,0.0,0.0,0.0,1.0,3.0,3.5503407095463873,0.0,0.0,0.0,0.0,0.0,0.0,0.0,0.0,0.0,0.0,0.0,0.0,0.0
tienda.reduxclinica.com.ec,Phishing,phishtank,26.0,0.0,0.11538461538461539,0.0,0.0,0.0,0.0,2.0,2.0,6.0,1.0,0.0,0.5,0.6666666666666666,0.0,0.0,0.0,0.0,2.0,3.613337314045307,0.0,0.0,0.0,0.0,0.0,0.0,0.0,0.0,0.0,0.0,0.0,0.0,0.0
hrbt1e6567m8-pages-dev.translate.goog,Phishing,phishtank,37.0,0.16216216216216217,0.05405405405405406,2.0,0.05405405405405406,0.0,0.0,1.0,0.0,14.0,0.0,0.0,0.0,0.75,0.0,0.0,0.0,0.0,4.0,4.283381405994075,0.0,0.0,0.0,0.0,0.0,0.0,0.0,0.0,0.0,0.0,0.0,0.0,0.0
qa0sb4mjucd7-pages-dev.translate.goog,Phishing,phishtank,37.0,0.08108108108108109,0.05405405405405406,2.0,0.05405405405405406,0.0,0.0,1.0,0.0,14.0,0.0,0.0,0.0,0.75,0.0,0.0,0.0,0.0,4.0,4.3374354600481295,0.0,0.0,0.0,0.0,0.0,0.0,0.0,0.0,0.0,0.0,0.0,0.0,0.0
l2xh2ov6ux3un-pages-dev.translate.goog,Phishing,phishtank,38.0,0.10526315789473684,0.05263157894736842,2.0,0.05263157894736842,0.0,0.0,1.0,0.0,14.0,0.0,0.0,0.0,0.75,0.0,0.0,0.0,0.0,4.0,4.221097250057956,0.0,0.0,0.0,0.0,0.0,0.0,0.0,0.0,0.0,0.0,0.0,0.0,0.0
540qkoz4qdqpx-pages-dev.translate.goog,Phishing,phishtank,38.0,0.10526315789473684,0.05263157894736842,2.0,0.05263157894736842,0.0,0.0,1.0,0.0,14.0,0.0,0.0,0.0,0.75,0.0,0.0,0.0,0.0,4.0,4.253863368422077,0.0,0.0,0.0,0.0,0.0,0.0,0.0,0.0,0.0,0.0,0.0,0.0,0.0
o505lyw4d0okd-pages-dev.translate.goog,Phishing,phishtank,38.0,0.13157894736842105,0.05263157894736842,2.0,0.05263157894736842,0.0,0.0,1.0,0.0,14.0,0.0,0.0,0.0,0.75,0.0,0.0,0.0,0.0,4.0,4.168465671110589,0.0,0.0,0.0,0.0,0.0,0.0,0.0,0.0,0.0,0.0,0.0,0.0,0.0
vdlvz5eh08yw1-pages-dev.translate.goog,Phishing,phishtank,38.0,0.10526315789473684,0.05263157894736842,2.0,0.05263157894736842,0.0,0.0,1.0,0.0,14.0,0.0,0.0,0.0,0.75,0.0,0.0,0.0,0.0,4.0,4.293594289588575,0.0,0.0,0.0,0.0,0.0,0.0,0.0,0.0,0.0,0.0,0.0,0.0,0.0
kxgs92v9o27q8-pages-dev.translate.goog,Phishing,phishtank,38.0,0.15789473684210525,0.05263157894736842,2.0,0.05263157894736842,0.0,0.0,1.0,0.0,14.0,0.0,0.0,0.0,0.75,0.0,0.0,0.0,0.0,4.0,4.221097250057957,0.0,0.0,0.0,0.0,0.0,0.0,0.0,0.0,0.0,0.0,0.0,0.0,0.0
bp3458eyjeik3h-pages-dev.translate.goog,Phishing,phishtank,39.0,0.1282051282051282,0.05128205128205128,2.0,0.05128205128205128,0.0,0.0,1.0,0.0,14.0,0.0,0.0,0.0,0.75,0.0,0.0,0.0,0.0,4.0,4.384904386073433,0.0,0.0,0.0,0.0,0.0,0.0,0.0,0.0,0.0,0.0,0.0,0.0,0.0
nn5dd0yfca0os-pages-dev.translate.goog,Phishing,phishtank,38.0,0.07894736842105263,0.05263157894736842,2.0,0.05263157894736842,0.0,0.0,1.0,0.0,14.0,0.0,0.0,0.0,0.75,0.0,0.0,0.0,0.0,4.0,4.0761031709967215,0.0,0.0,0.0,0.0,0.0,0.0,0.0,0.0,0.0,0.0,0.0,0.0,0.0
ema4jz0bkzvsj-pages-dev.translate.goog,Phishing,phishtank,38.0,0.05263157894736842,0.05263157894736842,2.0,0.05263157894736842,0.0,0.0,1.0,0.0,14.0,0.0,0.0,0.0,0.75,0.0,0.0,0.0,0.0,4.0,4.208196592277087,0.0,0.0,0.0,0.0,0.0,0.0,0.0,0.0,0.0,0.0,0.0,0.0,0.0
gn31mm483m8eu-pages-dev.translate.goog,Phishing,phishtank,38.0,0.15789473684210525,0.05263157894736842,2.0,0.05263157894736842,0.0,0.0,1.0,0.0,14.0,0.0,0.0,0.0,0.75,0.0,0.0,0.0,0.0,4.0,4.155565013329718,0.0,0.0,0.0,0.0,0.0,0.0,0.0,0.0,0.0,0.0,0.0,0.0,0.0
h1cfjr47pth218.pages.dev,Phishing,phishtank,24.0,0.25,0.08333333333333333,0.0,0.0,0.0,0.0,1.0,0.0,9.0,0.0,0.0,0.0,0.75,0.0,0.0,0.0,0.0,3.0,4.16829583405449,0.0,0.0,0.0,0.0,0.0,0.0,0.0,0.0,0.0,0.0,0.0,0.0,0.0
ek7n2cbxnbvngz-pages-dev.translate.goog,Phishing,phishtank,39.0,0.05128205128205128,0.05128205128205128,2.0,0.05128205128205128,0.0,0.0,1.0,0.0,14.0,0.0,0.0,0.0,0.75,0.0,0.0,0.0,0.0,4.0,4.189123052140108,0.0,0.0,0.0,0.0,0.0,0.0,0.0,0.0,0.0,0.0,0.0,0.0,0.0
dcg7wx0jdvlnn-pages-dev.translate.goog,Phishing,phishtank,38.0,0.05263157894736842,0.05263157894736842,2.0,0.05263157894736842,0.0,0.0,1.0,0.0,14.0,0.0,0.0,0.0,0.75,0.0,0.0,0.0,0.0,4.0,4.168465671110589,0.0,0.0,0.0,0.0,0.0,0.0,0.0,0.0,0.0,0.0,0.0,0.0,0.0
pqzhgfx8qww11g-pages-dev.translate.goog,Phishing,phishtank,39.0,0.07692307692307693,0.05128205128205128,2.0,0.05128205128205128,0.0,0.0,1.0,0.0,14.0,0.0,0.0,0.0,0.75,0.0,0.0,0.0,0.0,4.0,4.282340283509331,0.0,0.0,0.0,0.0,0.0,0.0,0.0,0.0,0.0,0.0,0.0,0.0,0.0
zjda2nhrhy8mrf-pages-dev.translate.goog,Phishing,phishtank,39.0,0.05128205128205128,0.05128205128205128,2.0,0.05128205128205128,0.0,0.0,1.0,0.0,14.0,0.0,0.0,0.0,0.75,0.0,0.0,0.0,0.0,4.0,4.304257026388136,0.0,0.0,0.0,0.0,0.0,0.0,0.0,0.0,0.0,0.0,0.0,0.0,0.0
bs6lum61rjw5co-pages-dev.translate.goog,Phishing,phishtank,39.0,0.10256410256410256,0.05128205128205128,2.0,0.05128205128205128,0.0,0.0,1.0,0.0,14.0,0.0,0.0,0.0,0.75,0.0,0.0,0.0,0.0,4.0,4.368108949354111,0.0,0.0,0.0,0.0,0.0,0.0,0.0,0.0,0.0,0.0,0.0,0.0,0.0
h1cfjr47pth218-pages-dev.translate.goog,Phishing,phishtank,39.0,0.15384615384615385,0.05128205128205128,2.0,0.05128205128205128,0.0,0.0,1.0,0.0,14.0,0.0,0.0,0.0,0.75,0.0,0.0,0.0,0.0,4.0,4.387465039153175,0.0,0.0,0.0,0.0,0.0,0.0,0.0,0.0,0.0,0.0,0.0,0.0,0.0
iszmzjsildwe.blogspot.com,Phishing,phishtank,25.0,0.0,0.08,0.0,0.0,0.0,0.0,1.0,0.0,12.0,0.0,0.0,0.0,0.6666666666666666,0.0,0.0,0.0,1.0,3.0,3.8634651896016465,0.0,0.0,0.0,0.0,0.0,0.0,0.0,0.0,0.0,0.0,0.0,0.0,0.0
vevqfe243-pages-dev.translate.goog,Phishing,phishtank,34.0,0.08823529411764706,0.058823529411764705,2.0,0.058823529411764705,0.0,0.0,1.0,0.0,14.0,0.0,0.0,0.0,0.75,0.0,0.0,0.0,0.0,4.0,4.0323362829877745,0.0,0.0,0.0,0.0,0.0,0.0,0.0,0.0,0.0,0.0,0.0,0.0,0.0
wvv2v224-pages-dev.translate.goog,Phishing,phishtank,33.0,0.12121212121212122,0.06060606060606061,2.0,0.06060606060606061,0.0,0.0,1.0,0.0,14.0,0.0,0.0,0.0,0.75,0.0,0.0,0.0,0.0,4.0,3.9225895736416696,0.0,0.0,0.0,0.0,0.0,0.0,0.0,0.0,0.0,0.0,0.0,0.0,0.0
9h3evw7i1f6d-pages-dev.translate.goog,Phishing,phishtank,37.0,0.13513513513513514,0.05405405405405406,2.0,0.05405405405405406,0.0,0.0,1.0,0.0,14.0,0.0,0.0,0.0,0.75,0.0,0.0,0.0,0.0,4.0,4.357837824971466,0.0,0.0,0.0,0.0,0.0,0.0,0.0,0.0,0.0,0.0,0.0,0.0,0.0
xdl82h0t2swf-pages-dev.translate.goog,Phishing,phishtank,37.0,0.10810810810810811,0.05405405405405406,2.0,0.05405405405405406,0.0,0.0,1.0,0.0,14.0,0.0,0.0,0.0,0.75,0.0,0.0,0.0,0.0,4.0,4.242576676147401,0.0,0.0,0.0,0.0,0.0,0.0,0.0,0.0,0.0,0.0,0.0,0.0,0.0
wtx0v4wp17yh-pages-dev.translate.goog,Phishing,phishtank,37.0,0.10810810810810811,0.05405405405405406,2.0,0.05405405405405406,0.0,0.0,1.0,0.0,14.0,0.0,0.0,0.0,0.75,0.0,0.0,0.0,0.0,4.0,4.317033095124791,0.0,0.0,0.0,0.0,0.0,0.0,0.0,0.0,0.0,0.0,0.0,0.0,0.0
yj728x7pu3o4-pages-dev.translate.goog,Phishing,phishtank,37.0,0.16216216216216217,0.05405405405405406,2.0,0.05405405405405406,0.0,0.0,1.0,0.0,14.0,0.0,0.0,0.0,0.75,0.0,0.0,0.0,0.0,4.0,4.371087149178845,0.0,0.0,0.0,0.0,0.0,0.0,0.0,0.0,0.0,0.0,0.0,0.0,0.0
sonicalerexzm.weebly.com,Phishing,phishtank,24.0,0.0,0.08333333333333333,0.0,0.0,0.0,0.0,1.0,2.0,10.0,1.0,0.0,0.3,0.6666666666666666,0.0,0.0,0.0,1.0,3.0,3.8349625007211565,0.0,0.0,0.0,0.0,0.0,0.0,0.0,0.0,0.0,0.0,0.0,0.0,0.0
sonic-secure1.weebly.com,Phishing,phishtank,24.0,0.041666666666666664,0.08333333333333333,1.0,0.041666666666666664,0.0,0.0,1.0,2.0,10.0,1.0,0.0,0.3,0.6666666666666666,0.0,0.0,0.0,1.0,3.0,3.8035088547976788,0.0,0.0,1.0,0.0,0.0,0.0,0.0,0.0,0.0,0.0,0.0,0.0,0.0
xn--soporteporcorreoelectrnicodelauniversidaduct0909-wve.weebly.com,Phishing,phishtank,67.0,0.05970149253731343,0.029850746268656716,3.0,0.04477611940298507,0.0,0.0,1.0,2.0,10.0,1.0,0.0,0.3,0.6666666666666666,0.0,0.0,0.0,1.0,3.0,4.2477376985304796,0.0,0.0,0.0,0.0,0.0,0.0,0.0,0.0,0.0,0.0,0.0,0.0,0.0
ant.com.vn,Phishing,phishtank,10.0,0.0,0.2,0.0,0.0,0.0,0.0,1.0,0.0,6.0,0.0,0.0,0.0,0.6666666666666666,0.0,0.0,0.0,0.0,2.0,2.9219280948873623,0.0,0.0,0.0,0.0,0.0,0.0,0.0,0.0,0.0,0.0,0.0,0.0,0.0
netzerolinkwebcommunicationservice.weebly.com,Phishing,phishtank,45.0,0.0,0.044444444444444446,0.0,0.0,0.0,0.0,1.0,2.0,10.0,1.0,0.0,0.3,0.6666666666666666,0.0,0.0,0.0,1.0,3.0,3.9717114972948595,0.0,0.0,0.0,0.0,0.0,0.0,0.0,0.0,0.0,0.0,0.0,0.0,0.0
sonic999.weebly.com,Phishing,phishtank,19.0,0.15789473684210525,0.10526315789473684,0.0,0.0,0.0,0.0,1.0,2.0,10.0,1.0,0.0,0.3,0.6666666666666666,0.0,0.0,1.0,1.0,3.0,3.5766176449086657,0.0,0.0,0.0,0.0,0.0,0.0,0.0,0.0,0.0,0.0,0.0,0.0,0.0
imagemcisp.com.br,Phishing,phishtank,17.0,0.0,0.11764705882352941,0.0,0.0,0.0,0.0,1.0,0.0,6.0,0.0,0.0,0.0,0.6666666666666666,0.0,0.0,0.0,0.0,2.0,3.4548223999466066,0.0,0.0,0.0,0.0,0.0,0.0,0.0,0.0,0.0,0.0,0.0,0.0,0.0
shentelcommunicatiionsserverupgrade.weebly.com,Phishing,phishtank,46.0,0.0,0.043478260869565216,0.0,0.0,0.0,0.0,1.0,2.0,10.0,1.0,0.0,0.3,0.6666666666666666,0.0,0.0,0.0,1.0,3.0,4.155394630632067,0.0,0.0,0.0,0.0,0.0,0.0,0.0,0.0,0.0,0.0,0.0,0.0,0.0
l0ginsecion.webcindario.com,Phishing,phishtank,27.0,0.037037037037037035,0.07407407407407407,0.0,0.0,0.0,0.0,1.0,0.0,15.0,0.0,0.0,0.0,0.6666666666666666,0.0,0.0,0.0,1.0,3.0,3.782122224145306,0.0,0.0,0.0,0.0,0.0,0.0,0.0,0.0,0.0,0.0,0.0,0.0,0.0
attcomunicationsupport.weebly.com,Phishing,phishtank,33.0,0.0,0.06060606060606061,0.0,0.0,0.0,0.0,1.0,2.0,10.0,1.0,0.0,0.3,0.6666666666666666,0.0,0.0,0.0,1.0,3.0,3.930609649595924,0.0,0.0,0.0,0.0,0.0,0.0,1.0,0.0,0.0,0.0,0.0,0.0,0.0
l.wl.co,Phishing,phishtank,7.0,0.0,0.2857142857142857,0.0,0.0,0.0,0.0,1.0,0.0,5.0,0.0,0.0,0.0,99.0,0.0,0.0,0.0,0.0,2.0,2.2359263506290326,0.0,0.0,0.0,0.0,0.0,0.0,0.0,0.0,0.0,0.0,0.0,0.0,0.0
iniciar-correo-web.weebly.com,Phishing,phishtank,29.0,0.0,0.06896551724137931,2.0,0.06896551724137931,0.0,0.0,1.0,2.0,10.0,1.0,0.0,0.3,0.6,0.0,0.0,0.0,1.0,3.0,3.6504103051739905,0.0,0.0,0.0,0.0,0.0,0.0,0.0,0.0,0.0,0.0,0.0,0.0,0.0
nicoleclark332144.github.io,Phishing,phishtank,27.0,0.2222222222222222,0.07407407407407407,0.0,0.0,0.0,0.0,1.0,2.0,9.0,1.0,0.0,0.3333333333333333,99.0,0.0,0.0,0.0,0.0,2.0,4.134336113194452,0.0,0.0,0.0,0.0,0.0,0.0,0.0,0.0,0.0,0.0,0.0,0.0,0.0
hasgoodtools.com,Phishing,phishtank,16.0,0.0,0.0625,0.0,0.0,0.0,0.0,0.0,0.0,16.0,0.0,0.0,0.0,0.6666666666666666,0.0,0.0,0.0,1.0,3.0,3.149397470347699,0.0,0.0,0.0,0.0,0.0,0.0,0.0,0.0,0.0,0.0,0.0,0.0,0.0
forcarorbike.com,Phishing,phishtank,16.0,0.0,0.0625,0.0,0.0,0.0,0.0,0.0,0.0,16.0,0.0,0.0,0.0,0.6666666666666666,0.0,0.0,0.0,1.0,3.0,3.2806390622295662,0.0,0.0,0.0,0.0,0.0,0.0,0.0,0.0,0.0,0.0,0.0,0.0,0.0
iniciosecurity1.webcindario.com,Phishing,phishtank,31.0,0.03225806451612903,0.06451612903225806,0.0,0.0,0.0,0.0,1.0,2.0,15.0,1.0,0.0,0.2,0.6666666666666666,0.0,0.0,0.0,1.0,3.0,3.7843684875968617,0.0,0.0,0.0,0.0,0.0,0.0,0.0,0.0,0.0,0.0,1.0,0.0,0.0
url.emailprotection.link,Phishing,phishtank,24.0,0.0,0.08333333333333333,0.0,0.0,0.0,0.0,1.0,0.0,20.0,0.0,0.0,0.0,0.75,0.0,0.0,0.0,0.0,4.0,3.6887218755408675,0.0,0.0,0.0,0.0,0.0,0.0,0.0,0.0,0.0,0.0,0.0,0.0,0.0
bellrushhoursbills.weebly.com,Phishing,phishtank,29.0,0.0,0.06896551724137931,0.0,0.0,0.0,0.0,1.0,2.0,10.0,1.0,0.0,0.3,0.6666666666666666,0.0,0.0,0.0,1.0,3.0,3.620936064750772,0.0,0.0,0.0,0.0,0.0,0.0,0.0,0.0,0.0,0.0,0.0,0.0,0.0
marketplace-item-details-87452610.zya.me,Phishing,phishtank,40.0,0.2,0.05,3.0,0.075,0.0,0.0,1.0,0.0,6.0,0.0,0.0,0.0,0.5,0.0,0.0,0.0,0.0,2.0,4.325070520364181,0.0,0.0,0.0,0.0,0.0,0.0,0.0,0.0,0.0,0.0,0.0,0.0,0.0
niconbvmvvnmx.weebly.com,Phishing,phishtank,24.0,0.0,0.08333333333333333,0.0,0.0,0.0,0.0,1.0,2.0,10.0,1.0,0.0,0.3,0.6666666666666666,0.0,0.0,0.0,1.0,3.0,3.5739348962840563,0.0,0.0,0.0,0.0,0.0,0.0,0.0,0.0,0.0,0.0,0.0,0.0,0.0
auburn-unicu-acc-sc.weebly.com,Phishing,phishtank,30.0,0.0,0.06666666666666667,3.0,0.1,0.0,0.0,1.0,2.0,10.0,1.0,0.0,0.3,0.6,0.0,0.0,0.0,1.0,3.0,3.7614063297218427,0.0,0.0,0.0,0.0,0.0,0.0,0.0,0.0,0.0,0.0,0.0,0.0,0.0
tbaytellcommunication.weebly.com,Phishing,phishtank,32.0,0.0,0.0625,0.0,0.0,0.0,0.0,1.0,2.0,10.0,1.0,0.0,0.3,0.6666666666666666,0.0,0.0,0.0,1.0,3.0,3.7334585933443494,0.0,0.0,0.0,0.0,0.0,0.0,0.0,0.0,0.0,0.0,0.0,0.0,0.0
qrco.de,Phishing,phishtank,7.0,0.0,0.14285714285714285,0.0,0.0,0.0,0.0,0.0,0.0,7.0,0.0,0.0,0.0,0.6,0.0,0.0,0.0,0.0,2.0,2.807354922057604,0.0,0.0,0.0,0.0,0.0,0.0,0.0,0.0,0.0,0.0,0.0,0.0,0.0
bizasvanicar.webcindario.com,Phishing,phishtank,28.0,0.0,0.07142857142857142,0.0,0.0,0.0,0.0,1.0,2.0,15.0,1.0,0.0,0.2,0.6666666666666666,0.0,0.0,0.0,1.0,3.0,3.708966082694623,0.0,0.0,0.0,0.0,0.0,0.0,0.0,0.0,0.0,0.0,0.0,0.0,0.0
vm02.viptronica.com,Phishing,phishtank,19.0,0.10526315789473684,0.10526315789473684,0.0,0.0,0.0,0.0,1.0,1.0,14.0,0.0,0.0,0.21428571428571427,0.6666666666666666,0.0,0.0,0.0,1.0,3.0,3.616348566075164,0.0,0.0,0.0,0.0,0.0,0.0,0.0,0.0,0.0,0.0,0.0,0.0,0.0
scientific-calculator-canicomp.web.app,Phishing,phishtank,38.0,0.0,0.05263157894736842,2.0,0.05263157894736842,0.0,0.0,1.0,2.0,7.0,1.0,0.0,0.42857142857142855,0.6666666666666666,0.0,0.0,0.0,0.0,3.0,3.925173236956995,0.0,0.0,0.0,0.0,0.0,0.0,0.0,0.0,0.0,0.0,0.0,0.0,0.0
scientific-calculator-canicomp.firebaseapp.com,Phishing,phishtank,46.0,0.0,0.043478260869565216,2.0,0.043478260869565216,0.0,0.0,1.0,2.0,15.0,1.0,0.0,0.2,0.6666666666666666,0.0,0.0,0.0,1.0,3.0,3.890183088453377,0.0,0.0,0.0,0.0,0.0,0.0,0.0,0.0,0.0,0.0,0.0,0.0,0.0
bttelecomunication.w3spaces.com,Phishing,phishtank,31.0,0.03225806451612903,0.06451612903225806,0.0,0.0,0.0,0.0,1.0,2.0,12.0,1.0,0.0,0.25,0.6666666666666666,0.0,0.0,0.0,1.0,3.0,3.8488846166291197,0.0,0.0,0.0,0.0,0.0,0.0,0.0,0.0,0.0,0.0,0.0,0.0,0.0
spikenow.com,Phishing,phishtank,12.0,0.0,0.08333333333333333,0.0,0.0,0.0,0.0,0.0,0.0,12.0,0.0,0.0,0.0,0.6666666666666666,0.0,0.0,0.0,1.0,3.0,3.4182958340544896,0.0,0.0,0.0,0.0,0.0,0.0,0.0,0.0,0.0,0.0,0.0,0.0,0.0
thecapitalindian.co.uk,Phishing,phishtank,22.0,0.0,0.09090909090909091,0.0,0.0,0.0,0.0,1.0,0.0,5.0,0.0,0.0,0.0,99.0,0.0,0.0,0.0,0.0,2.0,3.6635327548042538,0.0,0.0,0.0,0.0,0.0,0.0,0.0,0.0,0.0,0.0,0.0,0.0,0.0
britishtelecommunicationbil.w3spaces.com,Phishing,phishtank,40.0,0.025,0.05,0.0,0.0,0.0,0.0,1.0,2.0,12.0,1.0,0.0,0.25,0.6666666666666666,0.0,0.0,0.0,1.0,3.0,3.9873261452560076,0.0,0.0,0.0,0.0,0.0,0.0,0.0,0.0,0.0,0.0,0.0,0.0,0.0
britishtelecommunicationbill.w3spaces.com,Phishing,phishtank,41.0,0.024390243902439025,0.04878048780487805,0.0,0.0,0.0,0.0,1.0,2.0,12.0,1.0,0.0,0.25,0.6666666666666666,0.0,0.0,0.0,1.0,3.0,3.988308943949361,0.0,0.0,0.0,0.0,0.0,0.0,0.0,0.0,0.0,0.0,0.0,0.0,0.0
sunpasstollsbill.com,Phishing,phishtank,20.0,0.0,0.05,0.0,0.0,0.0,0.0,0.0,1.0,20.0,0.0,0.0,0.15,0.6666666666666666,0.0,0.0,0.0,1.0,3.0,3.4219280948873623,0.0,0.0,0.0,0.0,0.0,0.0,0.0,0.0,0.0,0.0,0.0,0.0,0.0
b-t-coomunicationspage.w3spaces.com,Phishing,phishtank,35.0,0.02857142857142857,0.05714285714285714,2.0,0.05714285714285714,0.0,0.0,1.0,2.0,12.0,1.0,0.0,0.25,0.6666666666666666,0.0,0.0,0.0,1.0,3.0,3.943289445392767,0.0,0.0,0.0,0.0,0.0,0.0,0.0,0.0,0.0,0.0,0.0,0.0,0.0
website6275565.nicepage.io,Phishing,phishtank,26.0,0.2692307692307692,0.07692307692307693,0.0,0.0,0.0,0.0,1.0,1.0,11.0,0.0,0.0,0.2727272727272727,99.0,0.0,0.0,0.0,0.0,2.0,3.8731406795131322,0.0,0.0,0.0,0.0,0.0,0.0,0.0,0.0,0.0,0.0,0.0,0.0,0.0
connecticuttechnicalupdate4422.ukit.me,Phishing,phishtank,38.0,0.10526315789473684,0.05263157894736842,0.0,0.0,0.0,0.0,1.0,2.0,7.0,1.0,0.0,0.42857142857142855,0.75,0.0,0.0,0.0,0.0,2.0,3.840455317249795,0.0,0.0,0.0,0.0,0.0,1.0,0.0,0.0,0.0,0.0,0.0,0.0,0.0
www.dakshcommunication.in,Phishing,phishtank,25.0,0.0,0.08,0.0,0.0,0.0,0.0,1.0,1.0,21.0,0.0,0.0,0.14285714285714285,1.0,0.0,0.0,0.0,0.0,2.0,3.673269689515108,0.0,0.0,0.0,0.0,0.0,0.0,0.0,0.0,0.0,0.0,0.0,0.0,0.0
notedefraisbist.web.app,Phishing,phishtank,23.0,0.0,0.08695652173913043,0.0,0.0,0.0,0.0,1.0,2.0,7.0,1.0,0.0,0.42857142857142855,0.6666666666666666,0.0,0.0,0.0,0.0,3.0,3.708132064658602,0.0,0.0,0.0,0.0,0.0,0.0,0.0,0.0,0.0,0.0,0.0,0.0,0.0
notedefraisbist.firebaseapp.com,Phishing,phishtank,31.0,0.0,0.06451612903225806,0.0,0.0,0.0,0.0,1.0,2.0,15.0,1.0,0.0,0.2,0.6666666666666666,0.0,0.0,0.0,1.0,3.0,3.7843684875968617,0.0,0.0,0.0,0.0,0.0,0.0,0.0,0.0,0.0,0.0,0.0,0.0,0.0
usebiolink.com,Phishing,phishtank,14.0,0.0,0.07142857142857142,0.0,0.0,0.0,0.0,0.0,0.0,14.0,0.0,0.0,0.0,0.6666666666666666,0.0,0.0,0.0,1.0,3.0,3.521640636343319,0.0,0.0,0.0,0.0,0.0,0.0,0.0,0.0,0.0,0.0,0.0,0.0,0.0
gatewaytechnicalcollege.ukit.me,Phishing,phishtank,31.0,0.0,0.06451612903225806,0.0,0.0,0.0,0.0,1.0,2.0,7.0,1.0,0.0,0.42857142857142855,0.75,0.0,0.0,0.0,0.0,2.0,3.7726095206097554,0.0,0.0,0.0,0.0,0.0,0.0,0.0,0.0,0.0,0.0,0.0,0.0,0.0
nicheuniversal.ukit.me,Phishing,phishtank,22.0,0.0,0.09090909090909091,0.0,0.0,0.0,0.0,1.0,2.0,7.0,1.0,0.0,0.42857142857142855,0.75,0.0,0.0,0.0,0.0,2.0,3.754441845713345,0.0,0.0,0.0,0.0,0.0,0.0,0.0,0.0,0.0,0.0,0.0,0.0,0.0
linknbio.com,Phishing,phishtank,12.0,0.0,0.08333333333333333,0.0,0.0,0.0,0.0,0.0,0.0,12.0,0.0,0.0,0.0,0.6666666666666666,0.0,0.0,0.0,1.0,3.0,3.084962500721156,0.0,0.0,0.0,0.0,0.0,0.0,0.0,0.0,0.0,0.0,0.0,0.0,0.0
inicio-decompras.webcindario.com,Phishing,phishtank,32.0,0.0,0.0625,1.0,0.03125,0.0,0.0,1.0,2.0,15.0,1.0,0.0,0.2,0.4,0.0,0.0,0.0,1.0,3.0,3.6996987351738495,0.0,0.0,0.0,0.0,0.0,0.0,0.0,0.0,0.0,0.0,0.0,0.0,0.0
anular-ahora.webcindario.com,Phishing,phishtank,28.0,0.0,0.07142857142857142,1.0,0.03571428571428571,0.0,0.0,1.0,0.0,15.0,0.0,0.0,0.0,0.6666666666666666,0.0,0.0,0.0,1.0,3.0,3.7673757978160416,0.0,0.0,0.0,0.0,0.0,0.0,0.0,0.0,0.0,0.0,0.0,0.0,0.0
provicomprascom.webcindario.com,Phishing,phishtank,31.0,0.0,0.06451612903225806,0.0,0.0,0.0,0.0,1.0,0.0,15.0,0.0,0.0,0.0,0.6666666666666666,0.0,0.0,0.0,1.0,3.0,3.6679284722924486,0.0,0.0,0.0,0.0,0.0,0.0,0.0,0.0,0.0,0.0,0.0,0.0,0.0
provicomprass.webcindario.com,Phishing,phishtank,29.0,0.0,0.06896551724137931,0.0,0.0,0.0,0.0,1.0,0.0,15.0,0.0,0.0,0.0,0.6666666666666666,0.0,0.0,0.0,1.0,3.0,3.7454064259382482,0.0,0.0,0.0,0.0,0.0,0.0,0.0,0.0,0.0,0.0,0.0,0.0,0.0
cancelaciones-ar.webcindario.com,Phishing,phishtank,32.0,0.0,0.0625,1.0,0.03125,0.0,0.0,1.0,0.0,15.0,0.0,0.0,0.0,0.6666666666666666,0.0,0.0,0.0,1.0,3.0,3.6678377974034158,0.0,0.0,0.0,0.0,0.0,0.0,0.0,0.0,0.0,0.0,0.0,0.0,0.0
inicio-inicio.webcindario.com,Phishing,phishtank,29.0,0.0,0.06896551724137931,1.0,0.034482758620689655,0.0,0.0,1.0,2.0,15.0,1.0,0.0,0.2,0.4,0.0,0.0,0.0,1.0,3.0,3.24574349505297,0.0,0.0,0.0,0.0,0.0,0.0,0.0,0.0,0.0,0.0,0.0,0.0,0.0
provinciatoken24.webcindario.com,Phishing,phishtank,32.0,0.0625,0.0625,0.0,0.0,0.0,0.0,1.0,0.0,15.0,0.0,0.0,0.0,0.6666666666666666,0.0,0.0,0.0,1.0,3.0,3.952819531114783,0.0,0.0,0.0,0.0,0.0,0.0,0.0,0.0,0.0,0.0,0.0,0.0,0.0
bipcompras-ar.webcindario.com,Phishing,phishtank,29.0,0.0,0.06896551724137931,1.0,0.034482758620689655,0.0,0.0,1.0,0.0,15.0,0.0,0.0,0.0,0.6666666666666666,0.0,0.0,0.0,1.0,3.0,3.7623107361338706,0.0,0.0,0.0,0.0,0.0,0.0,0.0,0.0,0.0,0.0,0.0,0.0,0.0
anular-compras.webcindario.com,Phishing,phishtank,30.0,0.0,0.06666666666666667,1.0,0.03333333333333333,0.0,0.0,1.0,0.0,15.0,0.0,0.0,0.0,0.6666666666666666,0.0,0.0,0.0,1.0,3.0,3.8980685120588388,0.0,0.0,0.0,0.0,0.0,0.0,0.0,0.0,0.0,0.0,0.0,0.0,0.0
ply-cfbindiana.web.app,Phishing,phishtank,22.0,0.0,0.09090909090909091,1.0,0.045454545454545456,0.0,0.0,1.0,0.0,7.0,0.0,0.0,0.0,0.6666666666666666,0.0,0.0,0.0,0.0,3.0,3.663532754804254,0.0,0.0,0.0,0.0,0.0,0.0,0.0,0.0,0.0,0.0,0.0,0.0,0.0
ply-cfbindiana.firebaseapp.com,Phishing,phishtank,30.0,0.0,0.06666666666666667,1.0,0.03333333333333333,0.0,0.0,1.0,0.0,15.0,0.0,0.0,0.0,0.6666666666666666,0.0,0.0,0.0,1.0,3.0,3.923231428797621,0.0,0.0,0.0,0.0,0.0,0.0,0.0,0.0,0.0,0.0,0.0,0.0,0.0
iniciarcuscatlan.webcindario.com,Phishing,phishtank,32.0,0.0,0.0625,0.0,0.0,0.0,0.0,1.0,2.0,15.0,1.0,0.0,0.2,0.6666666666666666,0.0,0.0,0.0,1.0,3.0,3.688307235905091,0.0,0.0,0.0,0.0,0.0,0.0,0.0,0.0,0.0,0.0,0.0,0.0,0.0
indianastateuniverityaccountupdate.ukit.me,Phishing,phishtank,42.0,0.0,0.047619047619047616,0.0,0.0,0.0,0.0,1.0,0.0,7.0,0.0,0.0,0.0,0.75,0.0,0.0,0.0,0.0,2.0,3.7559113286549373,0.0,0.0,0.0,1.0,0.0,1.0,0.0,0.0,0.0,0.0,0.0,0.0,0.0
comprastokenar.webcindario.com,Phishing,phishtank,30.0,0.0,0.06666666666666667,0.0,0.0,0.0,0.0,1.0,0.0,15.0,0.0,0.0,0.0,0.6666666666666666,0.0,0.0,0.0,1.0,3.0,3.831401845392172,0.0,0.0,0.0,0.0,0.0,0.0,0.0,0.0,0.0,0.0,0.0,0.0,0.0
comprastokenbip.webcindario.com,Phishing,phishtank,31.0,0.0,0.06451612903225806,0.0,0.0,0.0,0.0,1.0,0.0,15.0,0.0,0.0,0.0,0.6666666666666666,0.0,0.0,0.0,1.0,3.0,3.8732358263763285,0.0,0.0,0.0,0.0,0.0,0.0,0.0,0.0,0.0,0.0,0.0,0.0,0.0
bipcancelarnett.webcindario.com,Phishing,phishtank,31.0,0.0,0.06451612903225806,0.0,0.0,0.0,0.0,1.0,0.0,15.0,0.0,0.0,0.0,0.6666666666666666,0.0,0.0,0.0,1.0,3.0,3.760017277849653,0.0,0.0,0.0,0.0,0.0,0.0,0.0,0.0,0.0,0.0,0.0,0.0,0.0
biptokencompra.webcindario.com,Phishing,phishtank,30.0,0.0,0.06666666666666667,0.0,0.0,0.0,0.0,1.0,0.0,15.0,0.0,0.0,0.0,0.6666666666666666,0.0,0.0,0.0,1.0,3.0,3.789898095464287,0.0,0.0,0.0,0.0,0.0,0.0,0.0,0.0,0.0,0.0,0.0,0.0,0.0
bipcancelarnet.webcindario.com,Phishing,phishtank,30.0,0.0,0.06666666666666667,0.0,0.0,0.0,0.0,1.0,0.0,15.0,0.0,0.0,0.0,0.6666666666666666,0.0,0.0,0.0,1.0,3.0,3.7395722619867224,0.0,0.0,0.0,0.0,0.0,0.0,0.0,0.0,0.0,0.0,0.0,0.0,0.0
bipcancelarr.webcindario.com,Phishing,phishtank,28.0,0.0,0.07142857142857142,0.0,0.0,0.0,0.0,1.0,0.0,15.0,0.0,0.0,0.0,0.6666666666666666,0.0,0.0,0.0,1.0,3.0,3.655045546825804,0.0,0.0,0.0,0.0,0.0,0.0,0.0,0.0,0.0,0.0,0.0,0.0,0.0
ingresa-inicio.webcindario.com,Phishing,phishtank,30.0,0.0,0.06666666666666667,1.0,0.03333333333333333,0.0,0.0,1.0,2.0,15.0,1.0,0.0,0.2,0.4,0.0,0.0,0.0,1.0,3.0,3.6477426785812734,0.0,0.0,0.0,0.0,0.0,0.0,0.0,0.0,0.0,0.0,0.0,0.0,0.0
provincia-compra.webcindario.com,Phishing,phishtank,32.0,0.0,0.0625,1.0,0.03125,0.0,0.0,1.0,0.0,15.0,0.0,0.0,0.0,0.6666666666666666,0.0,0.0,0.0,1.0,3.0,3.702819531114783,0.0,0.0,0.0,0.0,0.0,0.0,0.0,0.0,0.0,0.0,0.0,0.0,0.0
luxurytechnical.com,Phishing,phishtank,19.0,0.0,0.05263157894736842,0.0,0.0,0.0,0.0,0.0,1.0,19.0,0.0,0.0,0.15789473684210525,0.6666666666666666,0.0,0.0,0.0,1.0,3.0,3.7871439606981387,0.0,0.0,0.0,0.0,0.0,0.0,0.0,0.0,0.0,0.0,0.0,0.0,0.0
bancoprovinciaar.webcindario.com,Phishing,phishtank,32.0,0.0,0.0625,0.0,0.0,0.0,0.0,1.0,0.0,15.0,0.0,0.0,0.0,0.6666666666666666,0.0,0.0,0.0,1.0,3.0,3.577819531114783,0.0,0.0,0.0,0.0,0.0,0.0,0.0,0.0,0.0,0.0,0.0,0.0,0.0
www.flowcode.com,Phishing,phishtank,16.0,0.0,0.125,0.0,0.0,0.0,0.0,1.0,0.0,12.0,0.0,0.0,0.0,0.6666666666666666,0.0,0.0,0.0,1.0,3.0,2.952819531114783,0.0,0.0,0.0,0.0,0.0,0.0,0.0,0.0,0.0,0.0,0.0,0.0,0.0
pub-c7b916d0f569445e8ba4fd1d8b062375.r2.dev,Phishing,phishtank,43.0,0.5116279069767442,0.046511627906976744,1.0,0.023255813953488372,0.0,0.0,1.0,0.0,6.0,0.0,0.0,0.0,0.3333333333333333,0.0,0.0,0.0,0.0,3.0,4.3038307429232505,0.0,0.0,0.0,0.0,0.0,0.0,0.0,0.0,0.0,0.0,0.0,0.0,0.0
viuonicoiscienic.web.app,Phishing,phishtank,24.0,0.0,0.08333333333333333,0.0,0.0,0.0,0.0,1.0,2.0,7.0,1.0,0.0,0.42857142857142855,0.6666666666666666,0.0,0.0,0.0,0.0,3.0,3.4864405016961446,0.0,0.0,0.0,0.0,0.0,0.0,0.0,0.0,0.0,0.0,0.0,0.0,0.0
viuonicoiscienic.firebaseapp.com,Phishing,phishtank,32.0,0.0,0.0625,0.0,0.0,0.0,0.0,1.0,2.0,15.0,1.0,0.0,0.2,0.6666666666666666,0.0,0.0,0.0,1.0,3.0,3.6556390622295662,0.0,0.0,0.0,0.0,0.0,0.0,0.0,0.0,0.0,0.0,0.0,0.0,0.0
comunicadto0.webcindario.com,Phishing,phishtank,28.0,0.03571428571428571,0.07142857142857142,0.0,0.0,0.0,0.0,1.0,2.0,15.0,1.0,0.0,0.2,0.6666666666666666,0.0,0.0,0.0,1.0,3.0,3.708966082694623,0.0,0.0,0.0,0.0,0.0,0.0,0.0,0.0,0.0,0.0,0.0,0.0,0.0
rpovmxxbh.webcindario.com,Phishing,phishtank,25.0,0.0,0.08,0.0,0.0,0.0,0.0,1.0,0.0,15.0,0.0,0.0,0.0,0.6666666666666666,0.0,0.0,0.0,1.0,3.0,3.893660689688185,0.0,0.0,0.0,0.0,0.0,0.0,0.0,0.0,0.0,0.0,0.0,0.0,0.0
sibecotechnics.ru,Phishing,phishtank,17.0,0.0,0.058823529411764705,0.0,0.0,0.0,0.0,0.0,1.0,17.0,0.0,0.0,0.17647058823529413,99.0,0.0,0.0,0.0,0.0,2.0,3.4548223999466066,0.0,0.0,0.0,0.0,0.0,0.0,0.0,0.0,0.0,0.0,0.0,0.0,0.0
provomsdl.webcindario.com,Phishing,phishtank,25.0,0.0,0.08,0.0,0.0,0.0,0.0,1.0,0.0,15.0,0.0,0.0,0.0,0.6666666666666666,0.0,0.0,0.0,1.0,3.0,3.843856189774724,0.0,0.0,0.0,0.0,0.0,0.0,0.0,0.0,0.0,0.0,0.0,0.0,0.0
web-lnicio-rural.biz.site,Phishing,phishtank,25.0,0.0,0.08,2.0,0.08,0.0,0.0,1.0,2.0,8.0,1.0,1.0,0.375,0.5,0.0,0.0,0.0,0.0,4.0,3.8438561897747237,0.0,0.0,0.0,0.0,0.0,0.0,0.0,0.0,0.0,0.0,0.0,0.0,0.0
provinclasbip.webcindario.com,Phishing,phishtank,29.0,0.0,0.06896551724137931,0.0,0.0,0.0,0.0,1.0,2.0,15.0,1.0,0.0,0.2,0.6666666666666666,0.0,0.0,0.0,1.0,3.0,3.8404025467025056,0.0,0.0,0.0,0.0,0.0,0.0,0.0,0.0,0.0,0.0,0.0,0.0,0.0
provindkj.webcindario.com,Phishing,phishtank,25.0,0.0,0.08,0.0,0.0,0.0,0.0,1.0,0.0,15.0,0.0,0.0,0.0,0.6666666666666666,0.0,0.0,0.0,1.0,3.0,3.863465189601646,0.0,0.0,0.0,0.0,0.0,0.0,0.0,0.0,0.0,0.0,0.0,0.0,0.0
provincml.webcindario.com,Phishing,phishtank,25.0,0.0,0.08,0.0,0.0,0.0,0.0,1.0,0.0,15.0,0.0,0.0,0.0,0.6666666666666666,0.0,0.0,0.0,1.0,3.0,3.7532696895151076,0.0,0.0,0.0,0.0,0.0,0.0,0.0,0.0,0.0,0.0,0.0,0.0,0.0
imusicantibavaresi.de,Phishing,phishtank,21.0,0.0,0.047619047619047616,0.0,0.0,0.0,0.0,0.0,0.0,21.0,0.0,0.0,0.0,99.0,0.0,0.0,0.0,0.0,2.0,3.5944656369614516,0.0,0.0,0.0,0.0,0.0,0.0,0.0,0.0,0.0,0.0,0.0,0.0,0.0
iniciobrural.webcindario.com,Phishing,phishtank,28.0,0.0,0.07142857142857142,0.0,0.0,0.0,0.0,1.0,2.0,15.0,1.0,0.0,0.2,0.6666666666666666,0.0,0.0,0.0,1.0,3.0,3.5975583870244887,0.0,0.0,0.0,0.0,0.0,0.0,0.0,0.0,0.0,0.0,0.0,0.0,0.0
authjgxszcloxpnassocl.web.app,Phishing,phishtank,29.0,0.0,0.06896551724137931,0.0,0.0,0.0,0.0,1.0,0.0,7.0,0.0,0.0,0.0,0.6666666666666666,0.0,0.0,0.0,0.0,3.0,4.021268494903765,0.0,0.0,0.0,0.0,0.0,0.0,0.0,0.0,0.0,1.0,0.0,0.0,0.0
authjgxszcloxpnassocl.firebaseapp.com,Phishing,phishtank,37.0,0.0,0.05405405405405406,0.0,0.0,0.0,0.0,1.0,0.0,15.0,0.0,0.0,0.0,0.6666666666666666,0.0,0.0,0.0,1.0,3.0,4.175273297885967,0.0,0.0,0.0,0.0,0.0,0.0,0.0,0.0,0.0,1.0,0.0,0.0,0.0
jauniceverattisbannars.web.app,Phishing,phishtank,30.0,0.0,0.06666666666666667,0.0,0.0,0.0,0.0,1.0,2.0,7.0,1.0,0.0,0.42857142857142855,0.6666666666666666,0.0,0.0,0.0,0.0,3.0,3.7362434129830606,0.0,0.0,0.0,0.0,0.0,0.0,0.0,0.0,0.0,0.0,0.0,0.0,0.0
jauniceverattisbannars.firebaseapp.com,Phishing,phishtank,38.0,0.0,0.05263157894736842,0.0,0.0,0.0,0.0,1.0,2.0,15.0,1.0,0.0,0.2,0.6666666666666666,0.0,0.0,0.0,1.0,3.0,3.865576855207248,0.0,0.0,0.0,0.0,0.0,0.0,0.0,0.0,0.0,0.0,0.0,0.0,0.0
provinciashjk.webcindario.com,Phishing,phishtank,29.0,0.0,0.06896551724137931,0.0,0.0,0.0,0.0,1.0,0.0,15.0,0.0,0.0,0.0,0.6666666666666666,0.0,0.0,0.0,1.0,3.0,3.978333581185264,0.0,0.0,0.0,0.0,0.0,0.0,0.0,0.0,0.0,0.0,0.0,0.0,0.0
inicidaaavihn.webcindario.com,Phishing,phishtank,29.0,0.0,0.06896551724137931,0.0,0.0,0.0,0.0,1.0,2.0,15.0,1.0,0.0,0.2,0.6666666666666666,0.0,0.0,0.0,1.0,3.0,3.512479270691232,0.0,0.0,0.0,0.0,0.0,0.0,0.0,0.0,0.0,0.0,0.0,0.0,0.0
vanicadaranebanistercaris.web.app,Phishing,phishtank,33.0,0.0,0.06060606060606061,0.0,0.0,0.0,0.0,1.0,2.0,7.0,1.0,0.0,0.42857142857142855,0.6666666666666666,0.0,0.0,0.0,0.0,3.0,3.569514287144602,0.0,0.0,0.0,0.0,0.0,0.0,0.0,0.0,0.0,0.0,0.0,0.0,0.0
vanicadaranebanistercaris.firebaseapp.com,Phishing,phishtank,41.0,0.0,0.04878048780487805,0.0,0.0,0.0,0.0,1.0,2.0,15.0,1.0,0.0,0.2,0.6666666666666666,0.0,0.0,0.0,1.0,3.0,3.6925602361670986,0.0,0.0,0.0,0.0,0.0,0.0,0.0,0.0,0.0,0.0,0.0,0.0,0.0
provincikhome.webcindario.com,Phishing,phishtank,29.0,0.0,0.06896551724137931,0.0,0.0,0.0,0.0,1.0,0.0,15.0,0.0,0.0,0.0,0.6666666666666666,0.0,0.0,0.0,1.0,3.0,3.7974676329840045,0.0,0.0,0.0,0.0,0.0,0.0,0.0,0.0,0.0,0.0,0.0,0.0,0.0
biprovinciahex.webcindario.com,Phishing,phishtank,30.0,0.0,0.06666666666666667,0.0,0.0,0.0,0.0,1.0,0.0,15.0,0.0,0.0,0.0,0.6666666666666666,0.0,0.0,0.0,1.0,3.0,3.8029100796497266,0.0,0.0,0.0,0.0,0.0,0.0,0.0,0.0,0.0,0.0,0.0,0.0,0.0
yandex.ru,Phishing,phishtank,9.0,0.0,0.1111111111111111,0.0,0.0,0.0,0.0,0.0,0.0,9.0,0.0,0.0,0.0,99.0,0.0,0.0,0.0,0.0,2.0,3.169925001442312,0.0,0.0,0.0,0.0,0.0,0.0,0.0,0.0,0.0,0.0,0.0,0.0,0.0
msbistorage.com,Phishing,phishtank,15.0,0.0,0.06666666666666667,0.0,0.0,0.0,0.0,0.0,1.0,15.0,0.0,0.0,0.2,0.6666666666666666,0.0,0.0,0.0,1.0,3.0,3.5068905956085183,0.0,0.0,0.0,0.0,0.0,0.0,0.0,0.0,0.0,0.0,0.0,0.0,0.0
bietdoipokemonicefr.firebaseapp.com,Phishing,phishtank,35.0,0.0,0.05714285714285714,0.0,0.0,0.0,0.0,1.0,2.0,15.0,1.0,0.0,0.2,0.6666666666666666,0.0,0.0,0.0,1.0,3.0,3.8045822176135298,0.0,0.0,0.0,0.0,0.0,0.0,0.0,0.0,0.0,0.0,0.0,0.0,0.0
allianceswisspass.live.itonicsit.de,Phishing,phishtank,35.0,0.0,0.08571428571428572,0.0,0.0,0.0,0.0,2.0,1.0,12.0,0.0,0.0,0.25,1.0,0.0,0.0,0.0,0.0,2.0,3.528165873593316,0.0,0.0,0.0,0.0,0.0,0.0,0.0,0.0,0.0,0.0,0.0,0.0,0.0
karresults-nic-in.in,Phishing,phishtank,20.0,0.0,0.05,2.0,0.1,0.0,0.0,0.0,1.0,20.0,0.0,0.0,0.15,0.6,0.0,0.0,0.0,0.0,2.0,3.546439344671015,0.0,0.0,0.0,0.0,0.0,0.0,0.0,0.0,0.0,0.0,0.0,0.0,0.0
micronicsolutions.com,Phishing,phishtank,21.0,0.0,0.047619047619047616,0.0,0.0,0.0,0.0,0.0,1.0,21.0,0.0,0.0,0.14285714285714285,0.6666666666666666,0.0,0.0,0.0,1.0,3.0,3.27280432733462,0.0,0.0,0.0,0.0,0.0,0.0,0.0,0.0,0.0,0.0,0.0,0.0,0.0
loyaltygateway.com,Phishing,phishtank,18.0,0.0,0.05555555555555555,0.0,0.0,0.0,0.0,0.0,0.0,18.0,0.0,0.0,0.0,0.6666666666666666,0.0,0.0,0.0,1.0,3.0,3.3082708345352603,0.0,0.0,0.0,0.0,0.0,0.0,0.0,0.0,0.0,0.0,0.0,0.0,0.0
43.156.0.130,Phishing,phishtank,12.0,0.75,0.25,0.0,0.0,0.0,0.0,2.0,0.0,5.0,0.0,0.0,0.0,1.0,0.0,1.0,0.0,0.0,3.0,2.688721875540867,0.0,0.0,0.0,0.0,0.0,0.0,0.0,0.0,0.0,0.0,0.0,0.0,0.0
www.bookmarkindia.in,Phishing,phishtank,20.0,0.0,0.1,0.0,0.0,0.0,0.0,1.0,0.0,16.0,0.0,0.0,0.0,1.0,0.0,0.0,0.0,0.0,2.0,3.346439344671015,0.0,0.0,0.0,0.0,0.0,0.0,0.0,0.0,0.0,0.0,0.0,0.0,0.0
brounicaro.web.app,Phishing,phishtank,18.0,0.0,0.1111111111111111,0.0,0.0,0.0,0.0,1.0,2.0,7.0,1.0,0.0,0.42857142857142855,0.6666666666666666,0.0,0.0,0.0,0.0,3.0,3.503258334775645,0.0,0.0,0.0,0.0,0.0,0.0,0.0,0.0,0.0,0.0,0.0,0.0,0.0
brounicaro.firebaseapp.com,Phishing,phishtank,26.0,0.0,0.07692307692307693,0.0,0.0,0.0,0.0,1.0,2.0,15.0,1.0,0.0,0.2,0.6666666666666666,0.0,0.0,0.0,1.0,3.0,3.690260390968384,0.0,0.0,0.0,0.0,0.0,0.0,0.0,0.0,0.0,0.0,0.0,0.0,0.0
salonandspaindia.com,Phishing,phishtank,20.0,0.0,0.05,0.0,0.0,0.0,0.0,0.0,0.0,20.0,0.0,0.0,0.0,0.6666666666666666,0.0,0.0,0.0,1.0,3.0,3.2841837197791888,0.0,0.0,0.0,0.0,0.0,0.0,0.0,0.0,0.0,0.0,0.0,0.0,0.0
engineersclubindia.com,Phishing,phishtank,22.0,0.0,0.045454545454545456,0.0,0.0,0.0,0.0,0.0,0.0,22.0,0.0,0.0,0.0,0.6666666666666666,0.0,0.0,0.0,1.0,3.0,3.7201287774331866,0.0,0.0,0.0,0.0,0.0,0.0,0.0,0.0,0.0,0.0,0.0,0.0,0.0
samsunmechanical.myportfolio.com,Phishing,phishtank,32.0,0.0,0.0625,0.0,0.0,0.0,0.0,1.0,2.0,15.0,1.0,0.0,0.2,0.6666666666666666,0.0,0.0,0.0,1.0,3.0,3.890319531114783,0.0,0.0,0.0,0.0,0.0,0.0,0.0,0.0,0.0,0.0,0.0,0.0,0.0
iniciobanesconline.web.app,Phishing,phishtank,26.0,0.0,0.07692307692307693,0.0,0.0,0.0,0.0,1.0,2.0,7.0,1.0,0.0,0.42857142857142855,0.6666666666666666,0.0,0.0,0.0,0.0,3.0,3.4406363526732666,0.0,0.0,0.0,0.0,0.0,0.0,0.0,0.0,0.0,0.0,0.0,0.0,0.0
iniciobanesconline.firebaseapp.com,Phishing,phishtank,34.0,0.0,0.058823529411764705,0.0,0.0,0.0,0.0,1.0,2.0,15.0,1.0,0.0,0.2,0.6666666666666666,0.0,0.0,0.0,1.0,3.0,3.620571577105421,0.0,0.0,0.0,0.0,0.0,0.0,0.0,0.0,0.0,0.0,0.0,0.0,0.0
indianna-uplink.web.app,Phishing,phishtank,23.0,0.0,0.08695652173913043,1.0,0.043478260869565216,0.0,0.0,1.0,0.0,7.0,0.0,0.0,0.0,0.6666666666666666,0.0,0.0,0.0,0.0,3.0,3.4685766296878655,0.0,0.0,0.0,0.0,0.0,0.0,0.0,0.0,0.0,0.0,0.0,0.0,0.0
indianna-uplink.firebaseapp.com,Phishing,phishtank,31.0,0.0,0.06451612903225806,1.0,0.03225806451612903,0.0,0.0,1.0,0.0,15.0,0.0,0.0,0.0,0.6666666666666666,0.0,0.0,0.0,1.0,3.0,3.8975870361235367,0.0,0.0,0.0,0.0,0.0,0.0,0.0,0.0,0.0,0.0,0.0,0.0,0.0
apoyosbienestar.com,Phishing,phishtank,19.0,0.0,0.05263157894736842,0.0,0.0,0.0,0.0,0.0,1.0,19.0,0.0,0.0,0.15789473684210525,0.6666666666666666,0.0,0.0,0.0,1.0,3.0,3.6818808028034025,0.0,0.0,0.0,0.0,0.0,0.0,0.0,0.0,0.0,0.0,0.0,0.0,0.0
districtchronicles.com,Phishing,phishtank,22.0,0.0,0.045454545454545456,0.0,0.0,0.0,0.0,0.0,1.0,22.0,0.0,0.0,0.13636363636363635,0.6666666666666666,0.0,0.0,0.0,1.0,3.0,3.5160276412662297,0.0,0.0,0.0,0.0,0.0,0.0,0.0,0.0,0.0,0.0,0.0,0.0,0.0
servertechnicalnoticeimmestae-reconecting.pages.dev,Phishing,phishtank,51.0,0.0,0.0392156862745098,1.0,0.0196078431372549,0.0,0.0,1.0,2.0,9.0,1.0,0.0,0.3333333333333333,0.75,0.0,0.0,0.0,0.0,3.0,3.8470609511910876,0.0,0.0,0.0,0.0,0.0,0.0,0.0,0.0,0.0,0.0,0.0,0.0,0.0
ersfilter-my.sharepoint.com,Phishing,phishtank,27.0,0.0,0.07407407407407407,1.0,0.037037037037037035,0.0,0.0,1.0,0.0,14.0,0.0,0.0,0.0,0.6666666666666666,0.0,0.0,0.0,1.0,3.0,3.9582291686698796,0.0,0.0,0.0,0.0,0.0,0.0,0.0,0.0,0.0,0.0,0.0,0.0,0.0
