domain,label,source
airtel-merchants.in,Phishing,training_set
airtelrecharge.co.in,Phishing,training_set
airtelmerchant.in,Phishing,training_set
airtelinternetserviceprovider.co.in,Phishing,training_set
airtelpoint.top,Phishing,training_set
airtela.sbs,Phishing,training_set
airtelairfiberkarnataka.xyz,Phishing,training_set
airtelbroadbandbangalore.xyz,Phishing,training_set
airteldthconnectionbengaluru.xyz,Phishing,training_set
airtelwificonnectiontumakuru.xyz,Phishing,training_set
airtel365.com,Suspected,training_set
airtel-merchants.site,Suspected,training_set
airtelmerchnat.in,Suspected,training_set
airtel.club,Suspected,training_set
airtel121co.in,Suspected,training_set
airtelfin.in,Suspected,training_set
airtelmerchants.in,Suspected,training_set
airtelwifi.in,Suspected,training_set
airtel-5g.top,Suspected,training_set
airtele.xyz,Suspected,training_set
airtelericsson.in,Suspected,training_set
airtelrechargeplan.com,Suspected,training_set
airtelspacex.in,Suspected,training_set
airtel.cloud,Suspected,training_set
airtelrdc.shop,Suspected,training_set
airtelhd.biz,Suspected,training_set
airtelmerchnats.net,Suspected,training_set
airteldataloan.in,Suspected,training_set
airtel-merchants.shop,Suspected,training_set
airtelpay.world,Phishing,training_set
airtel-quickrecharge.world,Phishing,training_set
airtelstream.in,Suspected,training_set
bhartiairtelnet.in,Suspected,training_set
airtel121.in,Suspected,training_set
airtel-merchant.co.in,Suspected,training_set
airtel-5g.net,Suspected,training_set
airtel-ug.info,Suspected,training_set
airteliqalerts.in,Suspected,training_set
airteliqmail.in,Suspected,training_set
airtelinfotel.in,Suspected,training_set
airtelretailer.in,Suspected,training_set
airtel.org.in,Suspected,training_set
bhartiairtel.live,Suspected,training_set
bhartiairtel.online,Suspected,training_set
airtelconnect.com,Suspected,training_set
airtelstore.co.in,Suspected,training_set
airteldtd.in,Suspected,training_set
airtel.website,Suspected,training_set
airtelprize.in,Suspected,training_set
airtelapp.xyz,Suspected,training_set
airtelcare.net,Suspected,training_set
airtel-merchants.net,Suspected,training_set
postpaidairtel.in,Suspected,training_set
airtel.exchange,Suspected,training_set
airtelpayment.online,Suspected,training_set
airtel-5gg.top,Suspected,training_set
airtelmerchnat.co.in,Suspected,training_set
airtel-ericsson.com,Suspected,training_set
airtel-broadband-plans.today,Suspected,training_set
airtel-broadband-plans-near-you.sbs,Suspected,training_set
airtelstarlink.org,Suspected,training_set
airtelstarlinks.in,Suspected,training_set
airtellink.com,Suspected,training_set
airtel.firm.in,Suspected,training_set
airtelfiber.in,Suspected,training_set
airtelxtream.co.in,Suspected,training_set
bhartairtel.co.in,Suspected,training_set
airtelairfiber.in,Suspected,training_set
airtelxtreamonline.in,Suspected,training_set
bhartiairtelfoundation.co.in,Suspected,training_set
airtelvb.top,Suspected,training_set
airtelonebroadband.top,Suspected,training_set
airtel-merchants.services,Suspected,training_set
bankofbarodabank.in,Suspected,training_set
bankofbarodafin.in,Suspected,training_set
bankofbarodaworld.co.in,Suspected,training_set
1bankofbaroda.co.in,Suspected,training_set
thebankofbaroda.in,Suspected,training_set
bankofbarodaa.co.in,Suspected,training_set
bankofbaroda0.co.in,Suspected,training_set
bankofbarodarewa.co.in,Suspected,training_set
dc-crsorgi-gov.site,Phishing,training_set
crsverifycertificate.in,Phishing,training_set
dc.crsorge.in,Phishing,training_set
dc.crsorgi.gov.in.crs.vievvcert.info,Phishing,training_set
crsor-go.shop,Phishing,training_set
crsorgi-gov.xyz,Phishing,training_set
janma-mrityutathya.shop,Phishing,training_set
csrorgi-gov.shop,Phishing,training_set
www.dc.crsorgi.gov.in.verifycertificate.shop,Phishing,training_set
www.dc.crsorgi.gov.in.web.index.php.apnaqafila.shop,Phishing,training_set
www.acadmey.mange.project.indaxs.in,Phishing,training_set
birth.giantechnical.in,Phishing,training_set
verificagovv.xyz,Phishing,training_set
www.service.findapi.info,Phishing,training_set
error404.remgoerrocount.xyz,Phishing,training_set
dc.crsorgi.gov.in.verifyc.xyz,Phishing,training_set
onlineservice.shop,Phishing,training_set
dc.crsorgi.govi.ltd,Phishing,training_set
my.babaprint1.xyz,Phishing,training_set
dc.crsorgi.gov.in.webi.ltd,Phishing,training_set
dc.crsorgi.gov.in.index-view.shop,Phishing,training_set
dc.crsorgi.gov.in.tech-site.info,Phishing,training_set
dc.pgoneindia.shop,Phishing,training_set
crsorgi.gov.in.verifycertificate.shop,Phishing,training_set
dc.crsorgi.gov.in.adverify.in,Phishing,training_set
dcrsorgi.store,Phishing,training_set
dc.birth.dccrsorgi-govv.live,Phishing,training_set
dc.crsorgi.gov.in.viewcard.in,Phishing,training_set
verifycertificate.cloud,Phishing,training_set
crsorginewindex.store,Suspected,training_set
adharprint.dccrsorgi-govv.live,Suspected,training_set
crsorgi.gov.in.viewcard.in,Suspected,training_set
crsorgi.gov.in.w.viewcard.in,Suspected,training_set
crsorgi.gov.in.web.index.php.viewcard.in,Suspected,training_set
dc.crsorgi.gov.in.crovimng.online,Suspected,training_set
passportt.dccrsorgi-govv.live,Suspected,training_set
rtps.dccrsorgi-govv.live,Suspected,training_set
ucl.dccrsorgi-govv.live,Suspected,training_set
crsgov.click,Suspected,training_set
crsorgigob.xyz,Suspected,training_set
crsorgigovbirth.info,Suspected,training_set
dccrsorgigov-in.in,Suspected,training_set
crsgovbirth.xyz,Suspected,training_set
crsorgiportal.com,Suspected,training_set
dc.crs-orgi.com,Suspected,training_set
dc.crsorgi.gov.logln.in,Suspected,training_set
www.birth.ypuclportala.xyz,Suspected,training_set
www.dc.crsorgi.gov.in.index.viewscrit.org,Suspected,training_set
yashcrsportal.site,Suspected,training_set
crsorg.xyz,Suspected,training_set
dc-crs-org-gov.xyz,Suspected,training_set
dc-crsorgi-gov.shop,Suspected,training_set
dc-crsorgive-gov.xyz,Suspected,training_set
dccrsorgi.shop,Suspected,training_set
crsorgi-gov-in.store,Suspected,training_set
dc-crsorgi-gov.xyz,Suspected,training_set
dc-crsorgi.co.in,Suspected,training_set
dccrsorgigovinverficrs.in,Suspected,training_set
dc.crsorgi-gov.xyz,Suspected,training_set
www.dc.crsorgi.gov.in.verifyinfo.xyz,Suspected,training_set
www.dc.crsorgi.gov.in.web.dc-crsorgi.shop,Suspected,training_set
dccrsorgi-govv.live,Suspected,training_set
crs.verifycertificatecrs.live,Suspected,training_set
dcinfinityorg.site,Suspected,training_set
crsorg-dccertificate.sbs,Suspected,training_set
crsorgi-gout.in,Suspected,training_set
dccrsorgionline.in,Suspected,training_set
dccrsorgigovin.website,Suspected,training_set
crsorgi-birh.in,Suspected,training_set
dc-verifycertificate.org.in,Suspected,training_set
dc.crsorgi-gov.live,Suspected,training_set
dc.crsorgi.gov.in.verifycertificate.fun,Suspected,training_set
dc.crsorgi.gov.in.crs.verifycertificate.org,Suspected,training_set
dc.crsorgi.gov.in.techdc.shop,Suspected,training_set
deluxonlineservice.shop,Suspected,training_set
crsorgi.gov.in.govi.ltd,Suspected,training_set
dc.crsorgi.gov.in.pgoneindia.shop,Suspected,training_set
dc.crsorgi.gov.in.web.lndax.xyz,Suspected,training_set
dc.crsorgi.gov.in.web.php.lndax.xyz,Suspected,training_set
dc.crsorgi.gov.in.web.phpii.site,Suspected,training_set
dcc.crsorgi.gov.in.viewall.in,Suspected,training_set
www.dc.crsorgi.gov.in.crs.xpsdigi.solutions,Suspected,training_set
www.dc.crsorgi.gov.in.indxn.xyz,Suspected,training_set
crsorgi.net,Suspected,training_set
dccrsorgi-gov-in.shop,Phishing,training_set
dccrsorgi-gov-in.today,Phishing,training_set
dccrsorgi.in,Phishing,training_set
dccrsorg.xyz,Phishing,training_set
crsorgigovdc.shop,Phishing,training_set
crsorgin.fun,Phishing,training_set
crsorgigov.xyz,Phishing,training_set
crsorgi-gvo.tech,Phishing,training_set
dc-crsorg.in,Phishing,training_set
crsorgibirth.shop,Phishing,training_set
crsapi.cloud,Suspected,training_set
crs-api.com,Suspected,training_set
crsapi.vip,Suspected,training_set
crsapi.xyz,Suspected,training_set
crsorggi.xyz,Suspected,training_set
crsorgigov.cloud,Suspected,training_set
crsorgigove.fun,Suspected,training_set
crsorgigove.shop,Suspected,training_set
crsorgi-goverment.online,Suspected,training_set
crsorgigovi.shop,Suspected,training_set
crsorgi-gov-in.digital,Suspected,training_set
crs-orgi-govment.online,Suspected,training_set
crsorgi-in.org,Suspected,training_set
crsorgov.com,Suspected,training_set
crsroigov.online,Suspected,training_set
crcorgi-gov.online,Suspected,training_set
crseoigov.online,Suspected,training_set
crsergov.online,Suspected,training_set
crsgovgov.online,Suspected,training_set
crsgovi.tech,Suspected,training_set
crsgoviiorg.site,Suspected,training_set
crsgovlive.xyz,Suspected,training_set
crsorg.space,Suspected,training_set
crsorg-gov.life,Suspected,training_set
crsorggov.tech,Suspected,training_set
crsorgib-gov.xyz,Suspected,training_set
crsorgiclick.cloud,Suspected,training_set
crsorgiegov.com,Suspected,training_set
crsorgi--gov.live,Suspected,training_set
crsorgigov.org,Suspected,training_set
crsorgigovein.website,Suspected,training_set
crsorgigovi.store,Suspected,training_set
crsorgigovin.online,Suspected,training_set
crsorgii.online,Suspected,training_set
crsorginet.site,Suspected,training_set
crsorgovin.org,Suspected,training_set
dc-crsorgi-gov-in.info,Suspected,training_set
dc-crsorgi.online,Suspected,training_set
dccrsorggov.xyz,Suspected,training_set
dccrsorggovin.xyz,Suspected,training_set
dccrsorgi-gov-in.live,Suspected,training_set
crsorgi.info,Suspected,training_set
crsorgi.org.in,Suspected,training_set
crsorgi-gov1.in,Suspected,training_set
crsorgii.in,Suspected,training_set
crsorgiisite.co.in,Suspected,training_set
crsorgs.in,Suspected,training_set
csrogir-gov.online,Suspected,training_set
dc-crsorg.co.in,Suspected,training_set
dccrsorgg.in,Suspected,training_set
crsorgigoovi.live,Suspected,training_set
crsorgi-gov-in.buzz,Suspected,training_set
crsorgi-gov-in-web.online,Suspected,training_set
crsorgigovt.xyz,Suspected,training_set
crsorgio.online,Suspected,training_set
dccrsorgi.live,Suspected,training_set
rgdccrsorgi.xyz,Suspected,training_set
crsgov-in.shop,Suspected,training_set
crsorgigoov.info,Suspected,training_set
crsorgi-gov-in-index-web.shop,Suspected,training_set
crsorgi-gov-in-viawcert.site,Suspected,training_set
acscrsorgi.in,Suspected,training_set
crsgov-co.in,Suspected,training_set
crsorgigovs.co.in,Suspected,training_set
crsorgovs.in,Suspected,training_set
dccrsorgi.co.in,Suspected,training_set
crsorggi.co.in,Suspected,training_set
crsorgi-gov-in-index.online,Suspected,training_set
crsgovorg.in,Suspected,training_set
auths.info,Suspected,training_set
dcindex.xyz,Suspected,training_set
inbex.info,Suspected,training_set
workfast.in,Suspected,training_set
verifycertificatecrs.live,Suspected,training_set
crsorgi-gov-in.live,Suspected,training_set
crsorgigov-in.online,Suspected,training_set
dc-crsorgii-gov.online,Suspected,training_set
dc-crsorgii-goiv.in,Suspected,training_set
dccrsorgigoov.in,Suspected,training_set
crsorgi-gov-in-index.site,Suspected,training_set
crsorg.fun,Suspected,training_set
crsorgigo.site,Suspected,training_set
csrorgi.info,Suspected,training_set
crsorgiio.store,Suspected,training_set
crsorgonlinebirthdeth.in,Suspected,training_set
crsorgi-gove.shop,Suspected,training_set
dccrsorggovrk.xyz,Suspected,training_set
dccrsorgigov.shop,Suspected,training_set
crsorgigovv.xyz,Suspected,training_set
crsorg.buzz,Suspected,training_set
crsorgigov-certificate.xyz,Suspected,training_set
crsorgonline.xyz,Suspected,training_set
dc-crsorgi-gov.online,Suspected,training_set
crsorgi-gov-xyz.in,Suspected,training_set
crsorgie.org.in,Suspected,training_set
crsorgi-gov.online,Suspected,training_set
crsorgig.org.in,Suspected,training_set
dc-crsorgi-in.site,Suspected,training_set
crsgovernment.tech,Suspected,training_set
crsorgii.store,Suspected,training_set
dc-crsorgie-gov.xyz,Suspected,training_set
dc-crsorgii-gov.xyz,Suspected,training_set
crsogi-gov-in.website,Suspected,training_set
acadmey.mange.project.indaxs.in,Suspected,training_set
dc-crsorgi-gov-in.ja-ai.shop,Suspected,training_set
dc.crsorgi.gov-in.live,Suspected,training_set
dc.crsorgi.gov.in.lndex.pl,Suspected,training_set
mail.dc.crsorgi.gov.in.web.phpii.site,Suspected,training_set
ww25.cpanel.crsorgi.gov.in.index.php.recidenceup.xyz,Suspected,training_set
ww25.crsorgi.gov.in.bdvr.co,Suspected,training_set
www.dc.crsorgi.gov.in.sevamaster.shop,Suspected,training_set
www.dcr.crsorgi.gov.in.viewall.in,Suspected,training_set
crsorgi-govs.in,Suspected,training_set
crsorgidc.co.in,Suspected,training_set
crsorgigoov.co.in,Suspected,training_set
crsorgii-govi.in,Suspected,training_set
hdfcl.in,Suspected,training_set
hdfcbanklogin.com,Phishing,training_set
myhdfccard.com,Phishing,training_set
hdfcardcare.com,Phishing,training_set
hdrewardcard.com,Phishing,training_set
hdfcbank.red,Suspected,training_set
hdfcbank.city,Suspected,training_set
hdfcbanks.live,Suspected,training_set
hdfcbd.com,Suspected,training_set
hdfcrewardz.in,Suspected,training_set
myhdfc.in,Suspected,training_set
hdfc-home-loan-538066002.today,Suspected,training_set
hdfcvg.com,Suspected,training_set
hdfcsec.co.in,Suspected,training_set
hdfcbank.services,Suspected,training_set
hdfccredilaloan.net,Suspected,training_set
hdfc-home-253888985.click,Suspected,training_set
hdfc-home-336577138.click,Suspected,training_set
hdfcsupport.info,Suspected,training_set
hdfc-bank-internet-banking.cfd,Suspected,training_set
hdfc-sif.in,Suspected,training_set
hdfcsif.in,Suspected,training_set
hdfc-bank.cfd,Suspected,training_set
hd23-df3.firebaseapp.com,Phishing,training_set
hd09-fc98.firebaseapp.com,Phishing,training_set
hd5h-mk5.firebaseapp.com,Phishing,training_set
ewew-b4d13.firebaseapp.com,Phishing,training_set
hd15-nmh1.firebaseapp.com,Phishing,training_set
h-11av.firebaseapp.com,Phishing,training_set
hdiy-3a.firebaseapp.com,Phishing,training_set
bfse-5378c.firebaseapp.com,Phishing,training_set
hd-1fa.firebaseapp.com,Phishing,training_set
hd2-fy.firebaseapp.com,Phishing,training_set
hdfccapital.net,Phishing,training_set
hdfcbankvyapar.com,Phishing,training_set
hdfcbankdinersclub.in,Suspected,training_set
hdfcmutualfund.co.in,Suspected,training_set
hdfcmutualfunds.co.in,Suspected,training_set
hdfcbankabslitraining.in,Suspected,training_set
hdfcalerts.in,Suspected,training_set
hdfcpay.in,Suspected,training_set
hdfcmfsipsaheli.in,Suspected,training_set
ahdfcy.com,Suspected,training_set
hdfc-bank.in,Suspected,training_set
hdfcbank.app,Suspected,training_set
hdfcbank.ninja,Suspected,training_set
hdfcbank.pink,Suspected,training_set
hdfcbank.science,Suspected,training_set
hdfcbank.sale,Suspected,training_set
hdfcbank.bet,Suspected,training_set
hdfcbank.bingo,Suspected,training_set
hdfcbank.black,Suspected,training_set
hdfcbank.business,Suspected,training_set
hdfcbank.buzz,Suspected,training_set
hdfcbank.cash,Suspected,training_set
hdfcbank.chat,Suspected,training_set
hdfcbank.cheap,Suspected,training_set
hdfcbank.construction,Suspected,training_set
hdfcbank.directory,Suspected,training_set
hdfcbank.florist,Suspected,training_set
hdfcbank.furniture,Suspected,training_set
hdfcbank.gifts,Suspected,training_set
hdfcbank.golf,Suspected,training_set
hdfcbank.industries,Suspected,training_set
hdfcbank.institute,Suspected,training_set
hdfcbank.marketing,Suspected,training_set
hdfcbank.news,Suspected,training_set
hdfcbank.camp,Suspected,training_set
hdfcbank.careers,Suspected,training_set
hdfcbank.contact,Suspected,training_set
hdfcbank.engineer,Suspected,training_set
hdfcbank.live,Suspected,training_set
hdfcbank.coach,Suspected,training_set
hdfcbank.computer,Suspected,training_set
hdfcbank.events,Suspected,training_set
hdfcbank.clinic,Suspected,training_set
hdfcbank.delivery,Suspected,training_set
hdfcbank.faith,Suspected,training_set
hdfcbank.football,Suspected,training_set
hdfcbank.fund,Suspected,training_set
hdfcbank.irish,Suspected,training_set
hdfcbank.kaufen,Suspected,training_set
hdfcbank.markets,Suspected,training_set
hdfcbank.media,Suspected,training_set
hdfcbank.solar,Suspected,training_set
hdfcbank.singles,Suspected,training_set
hdfcbank.party,Suspected,training_set
hdfcbank.pizza,Suspected,training_set
hdfcbank.school,Suspected,training_set
hdfcbank-ypb.in,Suspected,training_set
hdfcbankfinance.net,Suspected,training_set
hdfcsecurities.in,Suspected,training_set
hdfcorg.co.in,Suspected,training_set
yyhdfcci.shop,Suspected,training_set
hdfcai.net,Suspected,training_set
hdfcbank.today,Suspected,training_set
hdfconline.co.in,Suspected,training_set
hdfc-story.xyz,Suspected,training_set
hdfcbankinfo.co.in,Suspected,training_set
hdfc-banking.co.in,Suspected,training_set
hdfcco.co.in,Suspected,training_set
hdfc-loans.in,Suspected,training_set
hdfcbank.store,Suspected,training_set
hdfc.net.in,Suspected,training_set
hdfcm.com,Suspected,training_set
alerts-hdfcbank.net,Suspected,training_set
thehdfc.co.in,Suspected,training_set
thehdfc.net.in,Suspected,training_set
thehdfc.in,Suspected,training_set
hffcbank.com,Suspected,training_set
hdfcbank.poker,Suspected,training_set
hdfcbanknet.info,Suspected,training_set
hdfcpolicy.in,Suspected,training_set
dchdfcbank.com,Suspected,training_set
hdfcbank.games,Suspected,training_set
hdfcbank.support,Suspected,training_set
hdfbank.com,Suspected,training_set
hdfcbak.com,Suspected,training_set
hdfcbani.com,Suspected,training_set
hdfcbank.ltd,Suspected,training_set
hdfcbank.uk,Suspected,training_set
hdfcbanki.com,Suspected,training_set
hdfcbanl.com,Suspected,training_set
hdfcbsnk.com,Suspected,training_set
hdfcbwnk.com,Suspected,training_set
hdfcnank.com,Suspected,training_set
hdfcergopolicyrenewalinsurances.in,Suspected,training_set
hdfcbankonline.in,Suspected,training_set
hdfc.ind.in,Suspected,training_set
hdfcbankltd.in,Suspected,training_set
hdfcsa1es.co.in,Suspected,training_set
loginhdfc.in,Suspected,training_set
mycardhdfc.in,Suspected,training_set
hdfcodes.site,Suspected,training_set
hdfcretail.in,Suspected,training_set
hdfcsales.info,Suspected,training_set
hdfchousingfinance.com,Suspected,training_set
hdfcbank.netportall.com,Suspected,training_set
hdfccareer.in,Suspected,training_set
hdfc.com.in,Suspected,training_set
hdfcergorenewal.in,Suspected,training_set
hdfcsecurities.co.in,Suspected,training_set
myaccounthdfclife.co.in,Suspected,training_set
hdfcbankloan.in,Suspected,training_set
hdfcbankcreditcard.in,Suspected,training_set
hdfcincrase.today,Suspected,training_set
hdfcbanking.org,Suspected,training_set
hdfcergoinsurancerenewal.in,Suspected,training_set
workonlinehdfcbank.com,Suspected,training_set
xhdfc.com,Suspected,training_set
hdfc-bonus.cfd,Suspected,training_set
hd94-fc67.firebaseapp.com,Phishing,training_set
whsh01-ksj18.firebaseapp.com,Phishing,training_set
hcfc-b6a51.firebaseapp.com,Phishing,training_set
sks08-akwo22.firebaseapp.com,Phishing,training_set
hdx6-hdr6.firebaseapp.com,Phishing,training_set
hdsxd1.firebaseapp.com,Phishing,training_set
hda18-ms1.firebaseapp.com,Phishing,training_set
hd31-md1.firebaseapp.com,Phishing,training_set
hd22-mu2x.firebaseapp.com,Phishing,training_set
hd21-mkw1.firebaseapp.com,Phishing,training_set
hd4s-kp4d.firebaseapp.com,Phishing,training_set
hd3s-kour4.firebaseapp.com,Phishing,training_set
hdec-f13ed.firebaseapp.com,Phishing,training_set
jsjjs09-d097e.firebaseapp.com,Phishing,training_set
hd1-mka1.firebaseapp.com,Phishing,training_set
hd2a-mkae2.firebaseapp.com,Phishing,training_set
hd1-mkd1.firebaseapp.com,Phishing,training_set
hbcd-f016c.firebaseapp.com,Phishing,training_set
hd-mkf24.firebaseapp.com,Phishing,training_set
hd4w-kfd4.firebaseapp.com,Phishing,training_set
hd8r-mkfd8s.firebaseapp.com,Phishing,training_set
hd6-ms6d.firebaseapp.com,Phishing,training_set
hd4-mfh4d.firebaseapp.com,Phishing,training_set
hd3-md3x.firebaseapp.com,Phishing,training_set
hxz-55yt.firebaseapp.com,Phishing,training_set
trde-bef50.firebaseapp.com,Phishing,training_set
aaaqq-89cae.firebaseapp.com,Phishing,training_set
hd-1wi.firebaseapp.com,Phishing,training_set
hdasw-44086.firebaseapp.com,Phishing,training_set
hyt-1fa.firebaseapp.com,Phishing,training_set
yuhh-b49cd.firebaseapp.com,Phishing,training_set
awsz-81822.firebaseapp.com,Phishing,training_set
ljhy-128fd.firebaseapp.com,Phishing,training_set
nmcv-5cc34.firebaseapp.com,Phishing,training_set
dfkjd-b7601.firebaseapp.com,Phishing,training_set
hgjk-7354f.firebaseapp.com,Phishing,training_set
kilik-eb4d5.firebaseapp.com,Phishing,training_set
dfjf-b29b1.firebaseapp.com,Phishing,training_set
mnjde-b2973.firebaseapp.com,Phishing,training_set
fekjre-df4e4.firebaseapp.com,Phishing,training_set
fyyu-3f1de.firebaseapp.com,Phishing,training_set
ewkw-a4ef1.firebaseapp.com,Phishing,training_set
erwe-3b3d0.firebaseapp.com,Phishing,training_set
dfkdd-b3641.firebaseapp.com,Phishing,training_set
jai-amma.firebaseapp.com,Phishing,training_set
radhe--jai.firebaseapp.com,Phishing,training_set
ukfr-c5da9.firebaseapp.com,Phishing,training_set
shya-pjt9.firebaseapp.com,Phishing,training_set
hd-ujfc1.firebaseapp.com,Phishing,training_set
dfg-kmn.firebaseapp.com,Phishing,training_set
rane-1d1ee.firebaseapp.com,Phishing,training_set
hdfcergoinsurancerenewpolicy.in,Suspected,training_set
hdfcergorenewhealthinsurancepolicy.in,Suspected,training_set
hdfcergohealthinsurancerenewyourpolicyhere.in,Suspected,training_set
hdfcergogeneralhealthinsurance.in,Suspected,training_set
hdfcergopolicyrenewhere.in,Suspected,training_set
hdfcergopolicyrenewinsurances.in,Suspected,training_set
hdfcergorenewinsurancehere.in,Suspected,training_set
hdfcergorenewalpolicy.in,Suspected,training_set
hdfcergopolicyrenewalinsurance.in,Phishing,training_set
el-hdfclife.in,Suspected,training_set
hdfclife-el.in,Suspected,training_set
el-hdfclife.co.in,Suspected,training_set
loginicici.com,Phishing,training_set
icici-india.com,Phishing,training_set
icicilogin.com,Phishing,training_set
country3.icicibank.adobecqms.net,Phishing,training_set
icicibctk.icu,Phishing,training_set
icicibank-coin.buzz,Phishing,training_set
icicibank-coin.top,Phishing,training_set
icicincion.top,Phishing,training_set
icicibank-nwnb.top,Phishing,training_set
icici-paypoint.cfd,Phishing,training_set
icici-paypoint.sbs,Phishing,training_set
icici-paypoint.top,Phishing,training_set
icici-paypoints.cfd,Phishing,training_set
icici-paypoints.sbs,Phishing,training_set
icici-paylink.cfd,Phishing,training_set
icici-paylink.xyz,Phishing,training_set
imobileservices.online,Phishing,training_set
country1.icicibank.adobecqms.net,Phishing,training_set
icicibahnk.com,Suspected,training_set
icicibajnk.com,Suspected,training_set
icicibanc.com,Suspected,training_set
icicibasnk.com,Suspected,training_set
icicibamnk.com,Suspected,training_set
iciciappstore.in,Suspected,training_set
icicicardapp.co.in,Suspected,training_set
icicidirectfin.in,Suspected,training_set
icicifin.in,Suspected,training_set
icicibank.tech,Suspected,training_set
iciciinfor.website,Suspected,training_set
icicicoins.sbs,Suspected,training_set
icici-game.in,Suspected,training_set
icicichest.in,Suspected,training_set
icicicarloans.in,Suspected,training_set
icici-paylink.sbs,Suspected,training_set
icicib.co.in,Suspected,training_set
iciciback.top,Suspected,training_set
icicibank.online,Suspected,training_set
icicibank.website,Suspected,training_set
icicibazk.top,Suspected,training_set
icicibxek.shop,Suspected,training_set
icicibxsak.shop,Suspected,training_set
icicibxsek.shop,Suspected,training_set
icicibxsrk.shop,Suspected,training_set
iciciibank.top,Suspected,training_set
icici.homes,Suspected,training_set
icicibankcareer.xyz,Suspected,training_set
icicibankpersonalloan.xyz,Suspected,training_set
points-icici.cfd,Suspected,training_set
points-icici.click,Suspected,training_set
points-icici.top,Suspected,training_set
points-icici.xyz,Suspected,training_set
icici.xyz,Suspected,training_set
icicimua520.xyz,Suspected,training_set
imobile.services,Suspected,training_set
icicilbank.vip,Suspected,training_set
icicillbank.vip,Suspected,training_set
iciciibank.vip,Suspected,training_set
icicibanka.sbs,Suspected,training_set
icicirewardspro.in,Phishing,training_set
icicibak.com,Phishing,training_set
icicirewardstore.in,Suspected,training_set
icicipruamc.co.in,Suspected,training_set
icicicreditcards.in,Suspected,training_set
mycardicici.in,Suspected,training_set
icicipruamc.in,Suspected,training_set
icicicard.xyz,Suspected,training_set
iciciapp.in,Suspected,training_set
mycardicici.co.in,Suspected,training_set
icici-bank.org.in,Suspected,training_set
icicibankstatement.co.in,Suspected,training_set
iciciapp.co.in,Suspected,training_set
iciciicard.in,Suspected,training_set
cardiciciapply.co.in,Suspected,training_set
icicibankcarrers.in,Suspected,training_set
icicimyrewards.net,Suspected,training_set
icicisavingsreward.net,Suspected,training_set
icicibank.auction,Suspected,training_set
icicibank.boutique,Suspected,training_set
icicibank.buzz,Suspected,training_set
icici.direct,Suspected,training_set
icicibank.chat,Suspected,training_set
icicibank.florist,Suspected,training_set
infoicicibank.xyz,Suspected,training_set
icicidemafinance.in,Suspected,training_set
icicico.in,Suspected,training_set
icicidemat.co.in,Suspected,training_set
icici-demat-168169687.click,Suspected,training_set
theicici.co.in,Suspected,training_set
icicibank.bingo,Suspected,training_set
icicibank.bond,Suspected,training_set
icicibank.college,Suspected,training_set
icicibank.download,Suspected,training_set
icicibank.engineer,Suspected,training_set
icicibank.events,Suspected,training_set
icicibank.football,Suspected,training_set
icicibank.furniture,Suspected,training_set
icicibank.gifts,Suspected,training_set
icicibank.global,Suspected,training_set
icicibank.golf,Suspected,training_set
icicibank.group,Suspected,training_set
icicibank.hockey,Suspected,training_set
icicibank.homes,Suspected,training_set
icicibank.industries,Suspected,training_set
icicibank.institute,Suspected,training_set
icicibank.kaufen,Suspected,training_set
icicibank.mba,Suspected,training_set
icicibank.plumbing,Suspected,training_set
icicibank.sbs,Suspected,training_set
icicibank.singles,Suspected,training_set
icicibank.media,Suspected,training_set
icicibank.men,Suspected,training_set
icicibank.rentals,Suspected,training_set
icicibank.run,Suspected,training_set
icicibank.sale,Suspected,training_set
icicibank.solar,Suspected,training_set
icicibank.studio,Suspected,training_set
icicibank.taxi,Suspected,training_set
icicibank.team,Suspected,training_set
icicibank.tools,Suspected,training_set
icicibank.vin,Suspected,training_set
icicibank.voyage,Suspected,training_set
icicibank.works,Suspected,training_set
icicibank.zone,Suspected,training_set
icicibamk.com,Suspected,training_set
icici.today,Suspected,training_set
icicbank.com,Suspected,training_set
icicibanj.com,Suspected,training_set
icicibank.live,Suspected,training_set
icicibannk.com,Suspected,training_set
icicipank.com,Suspected,training_set
iicicibank.com,Suspected,training_set
icicibank.poker,Suspected,training_set
icici.cash,Suspected,training_set
icicidirect.shop,Suspected,training_set
icicidirect.website,Suspected,training_set
iciciamc.in,Suspected,training_set
iciciloan.ltd,Suspected,training_set
icicinetbanking.in,Suspected,training_set
rewardicicimobile.in,Suspected,training_set
icicistoreapp.in,Suspected,training_set
icici-services.co.in,Suspected,training_set
icicibvank.com,Suspected,training_set
icicibwnk.com,Suspected,training_set
icicikbank.com,Suspected,training_set
iciciubank.com,Suspected,training_set
licicibank.com,Suspected,training_set
iciciprolife.com,Suspected,training_set
icicispor.in,Suspected,training_set
icicibank.ind.in,Suspected,training_set
icicicreditcard.com,Suspected,training_set
icicifastag.co.in,Suspected,training_set
icicifastag.in,Suspected,training_set
theicicirwd.co.in,Suspected,training_set
icici.online,Suspected,training_set
icicistoreapp.co.in,Suspected,training_set
icici-direct.info,Suspected,training_set
icicipru.in,Suspected,training_set
icicipru-amc.in,Suspected,training_set
icici-bank.sbs,Suspected,training_set
icici-direct.in,Suspected,training_set
icicisecurities.org.in,Suspected,training_set
icicibank-coin.cfd,Suspected,training_set
icicibank-in.homes,Suspected,training_set
icicibzak.shop,Suspected,training_set
icici-linkpoint.cfd,Suspected,training_set
icici-linkpoint.click,Suspected,training_set
icici-linkpoint.lol,Suspected,training_set
icici-linkpoint.top,Suspected,training_set
icici-linkpoint.xyz,Suspected,training_set
iciciinbank.cfd,Suspected,training_set
0613iconnect.online,Suspected,training_set
icicibankbg.cfd,Suspected,training_set
icicibankbg.sbs,Suspected,training_set
icicilbank.cfd,Suspected,training_set
icicibank.xyz,Suspected,training_set
icicilombard.xxx,Suspected,training_set
iciciprulife-online.co.in,Suspected,training_set
ioclinfo.in,Suspected,training_set
tpilpgiocl.in,Suspected,training_set
indianiocl.top,Suspected,training_set
ioclsja.icu,Suspected,training_set
iocl.app,Suspected,training_set
iocllpg.in,Suspected,training_set
ioclghfd.top,Phishing,training_set
iocllinp.top,Phishing,training_set
ioclpwts.top,Phishing,training_set
ioclshwe.top,Phishing,training_set
ioclshwg.top,Phishing,training_set
ioclshwhx.top,Phishing,training_set
ioclshwsg.top,Phishing,training_set
ioclsiuy.top,Phishing,training_set
ioclsptrwa.top,Phishing,training_set
ioclxgsw.top,Phishing,training_set
ioclywts.top,Phishing,training_set
ioclsgwfg.top,Phishing,training_set
iocllumding.co.in,Phishing,training_set
ioclsywt.top,Phishing,training_set
ioclgwag.top,Phishing,training_set
ioclshywtas.top,Phishing,training_set
indianioclpts.top,Phishing,training_set
ioclapply.co.in,Suspected,training_set
ioclhgtx.top,Suspected,training_set
ioclindn.icu,Suspected,training_set
iocliurz.fun,Suspected,training_set
i8cl.com,Suspected,training_set
iiocl.com,Suspected,training_set
ioclapply.net,Suspected,training_set
irctc.corover.ai,Phishing,training_set
irctc.ind.in,Suspected,training_set
aeludi.cyou,Phishing,training_set
inludi.cyou,Phishing,training_set
kavachsafety.in,Suspected,training_set
kavachrail.in,Suspected,training_set
kavach-ai.in,Suspected,training_set
rudrakavach.in,Suspected,training_set
kavachonline.in,Suspected,training_set
email-govs.click,Phishing,training_set
twilight-glade-76955.pktriot.net,Phishing,training_set
email.gov.in.drdosurvey.info,Suspected,training_set
zohidsindia.com,Phishing,training_set
email.gov.in.avtzyu.store,Suspected,training_set
email.gov.in.briefcases.email,Suspected,training_set
email.gov.in.defenceindia.ltd,Suspected,training_set
email.gov.in.departmentofdefence.de,Suspected,training_set
email.gov.in.departmentofspace.info,Suspected,training_set
email.gov.in.indiangov.site,Suspected,training_set
email.gov.in.modindia.link,Suspected,training_set
emailindia.in,Suspected,training_set
kavach360.in,Suspected,training_set
kavach.biz,Suspected,training_set
accounts.mgovcloud.in.cloudshare.digital,Suspected,training_set
accounts.mgovcloud.in.virtualeoffice.cloud,Suspected,training_set
email.gov.in.gov.in.ihws.co.in,Suspected,training_set
email.gov.in.ihws.co.in,Suspected,training_set
email.gov.in.leadadmin.in,Suspected,training_set
email.gov.in.mygov.pw,Suspected,training_set
email-info.dev,Suspected,training_set
email-info.xyz,Suspected,training_set
nic-in.net,Suspected,training_set
email-govs.in,Suspected,training_set
nicemail.in,Suspected,training_set
nic-mails.in,Suspected,training_set
gov-email.com,Suspected,training_set
kavachh.co.in,Suspected,training_set
nic-tech.top,Suspected,training_set
nicmail.top,Suspected,training_set
red-surf-08881.pktriot.net,Suspected,training_set
email.gov.in.ministryofdefenceindia.org,Suspected,training_set
email-gov.icu,Suspected,training_set
mail.e-gov.in.ua,Suspected,training_set
gov-nicz.cfd,Suspected,training_set
nicemail.xyz,Suspected,training_set
helppnbindia.in,Suspected,training_set
pnbmail.co.in,Suspected,training_set
loginsbicard.in,Suspected,training_set
onlinesbicard.in,Suspected,training_set
onlineplanssbilife.co.in,Suspected,training_set
onlinesbilifeinsurance.co.in,Suspected,training_set
sbilifefinance.in,Suspected,training_set
sbilifeinsurancequote.co.in,Suspected,training_set
sbilifeinsurancequote.in,Suspected,training_set
sbilifeinsurancequote.net,Suspected,training_set
sbilifeinsuranceservices.co.in,Suspected,training_set
sbilifeinsuranceservices.in,Suspected,training_set
sbilifeinsuranceservices.net,Suspected,training_set
sbilifeonlineplans.co.in,Suspected,training_set
sbilifeonlineplans.in,Suspected,training_set
sbilifeonlineplans.net,Suspected,training_set
sbilifeplans.co.in,Suspected,training_set
sbilifeplans.in,Suspected,training_set
sbilifeplans.live,Suspected,training_set
sbilifeplans.net,Suspected,training_set
sbilifepolicy.co.in,Suspected,training_set
onlinesbilifeinsurance.in,Suspected,training_set
onlinesbilifeinsurance.net,Suspected,training_set
sbiinsurance.in,Suspected,training_set
sbiinsurance.net,Suspected,training_set
sbilifefinance.net,Suspected,training_set
sbilifeinsurance.co.in,Suspected,training_set
sbilifeinsurance.net,Suspected,training_set
sbilifeinsuranceonline.co.in,Suspected,training_set
sbilifeinsuranceonline.in,Suspected,training_set
sbilifeinsuranceonline.net,Suspected,training_set
sbilifepolicy.in,Suspected,training_set
sbibankcorp.co.in,Phishing,training_set
mysbibank.co.in,Suspected,training_set
alert-sbi.co.in,Suspected,training_set
sbistatement.co.in,Suspected,training_set
loginsbi.in,Suspected,training_set
sbicardshr.in,Suspected,training_set
updatessbi.co.in,Suspected,training_set
sbifm.in,Suspected,training_set
sbicardlogin.in,Suspected,training_set
sbifashascholarship.in,Suspected,training_set
sbifashascholarship.co.in,Suspected,training_set
sbigrahaksevakendranet.co.in,Suspected,training_set
sbi01-bank.co.in,Suspected,training_set
wbsbi.co.in,Suspected,training_set
sbionlinehelp.in,Suspected,training_set
sbibroker.in,Suspected,training_set
noeticsbiotech.co.in,Suspected,training_set
alerts-sbi.net,Suspected,training_set
esbi.in,Suspected,training_set
esbi-informer.info,Suspected,training_set
loanfinancesbi.co.in,Suspected,training_set
onlinesbi.digital,Suspected,training_set
sbibank.ind.in,Suspected,training_set
sbiloanapply.in,Suspected,training_set
sbirewardcard.in,Suspected,training_set
csb1.lat,Suspected,training_set
00674sbi.co.in,Suspected,training_set
msbi.in,Suspected,training_set
sbi13355cbs.co.in,Suspected,training_set
sbifin.in,Suspected,training_set
sbinbank.in,Suspected,training_set
sbicard.website,Suspected,training_set
sbilife.website,Suspected,training_set
18sbip04.shop,Suspected,training_set
sbiin.in,Suspected,training_set
cybersupportsbi.co.in,Suspected,training_set
sbi-alerts.co.in,Suspected,training_set
sbicardservice.in,Suspected,training_set
sbiindia.in,Suspected,training_set
sbindustries.org.in,Suspected,training_set
sbinps.org,Suspected,training_set
usbi.top,Suspected,training_set
accounts-sbi.co.in,Suspected,training_set
esbi.co.in,Suspected,training_set
transactions-sbi.co.in,Suspected,training_set
sbicmsbanglore.in,Suspected,training_set
zonalsbi.co.in,Suspected,training_set
sbico.net,Suspected,training_set
noreplysbi.in,Suspected,training_set
mysbi-co.net,Suspected,training_set
sbi-updatb.xyz,Suspected,training_set
sbi-update.cfd,Suspected,training_set
sbi-update.top,Suspected,training_set
sbi-update.xyz,Suspected,training_set
sbi-updats.top,Suspected,training_set
sbi-updats.xyz,Suspected,training_set
sbi-updaty.top,Suspected,training_set
sbi-updaty.xyz,Suspected,training_set
sbiverify-jp.cfd,Suspected,training_set
moli-bai.pages.dev,Phishing,training_set
ogf.pages.dev,Phishing,training_set
erftgj.pages.dev,Phishing,training_set
jhctth.pages.dev,Phishing,training_set
bee4.pages.dev,Phishing,training_set
pqvoy.pages.dev,Phishing,training_set
lkvgt.pages.dev,Phishing,training_set
wqoy.pages.dev,Phishing,training_set
sbikyc-5g4.pages.dev,Phishing,training_set
jkfnlk.pages.dev,Phishing,training_set
sav1h4da.vercel.app,Phishing,training_set
bczxx.vercel.app,Phishing,training_set
czsei.vercel.app,Phishing,training_set
sahc1d1yta.vercel.app,Phishing,training_set
lkjbb.vercel.app,Phishing,training_set
sagv1ctd.vercel.app,Phishing,training_set
rdcvb.vercel.app,Phishing,training_set
kloii.vercel.app,Phishing,training_set
satydh7va.vercel.app,Phishing,training_set
satysv5aj.vercel.app,Phishing,training_set
rsbi.online,Suspected,training_set
sbibilisim.online,Suspected,training_set
sbii.co.in,Suspected,training_set
sbi-oiddasdeq.cfd,Suspected,training_set
sbi-oiderweq.cfd,Suspected,training_set
sbi-help.top,Suspected,training_set
sbi-help.xyz,Suspected,training_set
sun1-3pr.pages.dev,Phishing,training_set
gtcgl.pages.dev,Phishing,training_set
tgw8t54r.pages.dev,Phishing,training_set
ciyk.pages.dev,Phishing,training_set
djal.pages.dev,Phishing,training_set
rewardsbi.pages.dev,Phishing,training_set
dcvtd.pages.dev,Phishing,training_set
ktfju-21n.pages.dev,Phishing,training_set
quxe.pages.dev,Phishing,training_set
zirvjj.pages.dev,Phishing,training_set
zoebo.pages.dev,Phishing,training_set
vfhtlk.pages.dev,Phishing,training_set
qotgj.pages.dev,Phishing,training_set
yehiv.pages.dev,Phishing,training_set
fri9-4v8.pages.dev,Phishing,training_set
fri7.pages.dev,Phishing,training_set
fri2.pages.dev,Phishing,training_set
jazgy.pages.dev,Phishing,training_set
qpmz.pages.dev,Phishing,training_set
rew-czs.pages.dev,Phishing,training_set
qausb.pages.dev,Phishing,training_set
aqgcyj.pages.dev,Phishing,training_set
iskvno.pages.dev,Phishing,training_set
aurji.pages.dev,Phishing,training_set
payebm.pages.dev,Phishing,training_set
sx2.pages.dev,Phishing,training_set
yuiii.pages.dev,Phishing,training_set
tg765rftf.pages.dev,Phishing,training_set
ifsjab.pages.dev,Phishing,training_set
jtdubb.pages.dev,Phishing,training_set
zieviv.pages.dev,Phishing,training_set
prip.pages.dev,Phishing,training_set
gttt.pages.dev,Phishing,training_set
pevox.pages.dev,Phishing,training_set
sbikyc-4g.pages.dev,Phishing,training_set
sbi-kyc.pages.dev,Phishing,training_set
a-2-6ua.pages.dev,Phishing,training_set
sbikyc-dy1.pages.dev,Phishing,training_set
biyuthj.pages.dev,Phishing,training_set
pqgib.pages.dev,Phishing,training_set
aklp.pages.dev,Phishing,training_set
prcobl.pages.dev,Phishing,training_set
zzraz.pages.dev,Phishing,training_set
ump11.pages.dev,Phishing,training_set
ump3.pages.dev,Phishing,training_set
qhuvp.pages.dev,Phishing,training_set
tripal-a.pages.dev,Phishing,training_set
yaegcu.pages.dev,Phishing,training_set
orvkb.pages.dev,Phishing,training_set
tyftrk.pages.dev,Phishing,training_set
prcibn.pages.dev,Phishing,training_set
apk5.pages.dev,Phishing,training_set
kilpzcmk.pages.dev,Phishing,training_set
kop-3b3.pages.dev,Phishing,training_set
sdf-89v.pages.dev,Phishing,training_set
gooa.pages.dev,Phishing,training_set
ierbk.pages.dev,Phishing,training_set
usehcs.pages.dev,Phishing,training_set
ifbib.pages.dev,Phishing,training_set
irhvj.pages.dev,Phishing,training_set
usjbo.pages.dev,Phishing,training_set
idobog.pages.dev,Phishing,training_set
yvys.pages.dev,Phishing,training_set
edho.pages.dev,Phishing,training_set
iehjjj.pages.dev,Phishing,training_set
udyhji.pages.dev,Phishing,training_set
itjibj.pages.dev,Phishing,training_set
ysibih.pages.dev,Phishing,training_set
vmk.pages.dev,Phishing,training_set
usijop.pages.dev,Phishing,training_set
yshhvk.pages.dev,Phishing,training_set
rewarsdsbi.pages.dev,Phishing,training_set
sah1v1bt.vercel.app,Phishing,training_set
mals.vercel.app,Phishing,training_set
savchg8d.vercel.app,Phishing,training_set
sacdyu3a.vercel.app,Phishing,training_set
savc4hdty.vercel.app,Phishing,training_set
sagcd8af.vercel.app,Phishing,training_set
youn-delta.vercel.app,Phishing,training_set
sah5dyva.vercel.app,Phishing,training_set
sagdy6tcv.vercel.app,Phishing,training_set
sa3adtyv.vercel.app,Phishing,training_set
sahcd1j3a.vercel.app,Phishing,training_set
saays5dvty.vercel.app,Phishing,training_set
sacd1otyac.vercel.app,Phishing,training_set
sahd6jat.vercel.app,Phishing,training_set
sahcd7ya.vercel.app,Phishing,training_set
sah1vd2nty.vercel.app,Phishing,training_set
say1uvga.vercel.app,Phishing,training_set
shaidty8dv.vercel.app,Phishing,training_set
vndns.vercel.app,Phishing,training_set
sav6ftyuj.vercel.app,Phishing,training_set
syeh2vfty.vercel.app,Phishing,training_set
kldss.vercel.app,Phishing,training_set
shab3vta.vercel.app,Phishing,training_set
syertv2aj.vercel.app,Phishing,training_set
shaty7dv.vercel.app,Phishing,training_set
shgav5ya.vercel.app,Phishing,training_set
svaswer1.vercel.app,Phishing,training_set
shay1ucv.vercel.app,Phishing,training_set
syajd1ga.vercel.app,Phishing,training_set
shaj3dy.vercel.app,Phishing,training_set
sha2yeva.vercel.app,Phishing,training_set
sahjj3vdy.vercel.app,Phishing,training_set
sjab7vdt.vercel.app,Phishing,training_set
styvsais.vercel.app,Phishing,training_set
sakd3yvha.vercel.app,Phishing,training_set
sua4ydha.vercel.app,Phishing,training_set
ssft2yb.vercel.app,Phishing,training_set
shay9ua.vercel.app,Phishing,training_set
sajv3dny.vercel.app,Phishing,training_set
syuc1ia.vercel.app,Phishing,training_set
sja2bvr.vercel.app,Phishing,training_set
fresh-self-chi.vercel.app,Phishing,training_set
ahsh.vercel.app,Phishing,training_set
sdzxxs.vercel.app,Phishing,training_set
vssa-silk.vercel.app,Phishing,training_set
s1srahb.vercel.app,Phishing,training_set
lioou.vercel.app,Phishing,training_set
thiol.vercel.app,Phishing,training_set
new-contact.vercel.app,Phishing,training_set
new-contect-del.vercel.app,Phishing,training_set
um-ten.vercel.app,Phishing,training_set
devdm.vercel.app,Phishing,training_set
nxms.vercel.app,Phishing,training_set
sahj5dvty.vercel.app,Phishing,training_set
mkloi.vercel.app,Phishing,training_set
hgfhjk-khfx.vercel.app,Phishing,training_set
bvcdm.vercel.app,Phishing,training_set
hgfhjk-wour.vercel.app,Phishing,training_set
dagsa.vercel.app,Phishing,training_set
srthgjh-6576.vercel.app,Phishing,training_set
ndjs-lovat.vercel.app,Phishing,training_set
vbhg.vercel.app,Phishing,training_set
sbveel-tyr6798i.vercel.app,Phishing,training_set
sbitu-87uyt.vercel.app,Phishing,training_set
sbl-re56.vercel.app,Phishing,training_set
egahs.vercel.app,Phishing,training_set
ashqd.vercel.app,Phishing,training_set
sbbi-nctg.vercel.app,Phishing,training_set
mjikl.vercel.app,Phishing,training_set
okiut.vercel.app,Phishing,training_set
sbbi.vercel.app,Phishing,training_set
vcxd.vercel.app,Phishing,training_set
nvcdf.vercel.app,Phishing,training_set
yjau.vercel.app,Phishing,training_set
aswrt.vercel.app,Phishing,training_set
yhaga.vercel.app,Phishing,training_set
aswrr.vercel.app,Phishing,training_set
bnaqq.vercel.app,Phishing,training_set
nndaq.vercel.app,Phishing,training_set
hgaqw.vercel.app,Phishing,training_set
thhg.vercel.app,Phishing,training_set
my-next-app-silk-gamma.vercel.app,Phishing,training_set
agsw.vercel.app,Phishing,training_set
cahq.vercel.app,Phishing,training_set
nminv.vercel.app,Phishing,training_set
eiol.vercel.app,Phishing,training_set
niooi.vercel.app,Phishing,training_set
sbik3.vercel.app,Phishing,training_set
sbei.vercel.app,Phishing,training_set
australianvisainfo.com,Phishing,mock_Mock_Data_01_08_2025.xlsx
sparkpostmail.com,Phishing,mock_Mock_Data_01_08_2025.xlsx
wetransfer.com,Phishing,mock_Mock_Data_01_08_2025.xlsx
empresas.icicicbank.com,Phishing,mock_Mock_Data_01_08_2025.xlsx
mycardreward.in,Phishing,mock_Mock_Data_01_08_2025.xlsx
hrzkmo.icicicbank.com,Phishing,mock_Mock_Data_01_08_2025.xlsx
v.icicibank.in,Phishing,mock_Mock_Data_01_08_2025.xlsx
db2.icicicbank.com,Phishing,mock_Mock_Data_01_08_2025.xlsx
iccifund.com,Phishing,mock_Mock_Data_01_08_2025.xlsx
icicpsomtng.top,Phishing,mock_Mock_Data_01_08_2025.xlsx
icicadisfurnishseveries.monster,Phishing,mock_Mock_Data_01_08_2025.xlsx
niloonline.shop,Phishing,mock_Mock_Data_01_08_2025.xlsx
savingsaccount.store,Phishing,mock_Mock_Data_01_08_2025.xlsx
icicmm.com,Phishing,mock_Mock_Data_01_08_2025.xlsx
iciciworkflow1.com,Phishing,mock_Mock_Data_01_08_2025.xlsx
icicinc.top,Phishing,mock_Mock_Data_01_08_2025.xlsx
onesource.run,Phishing,mock_Mock_Data_01_08_2025.xlsx
gpvpn.icicibanbk.com,Phishing,mock_Mock_Data_01_08_2025.xlsx
mta-sts.smtp3.iciciprulife.co,Phishing,mock_Mock_Data_01_08_2025.xlsx
mta-sts.salescrm.icicibamk.com,Phishing,mock_Mock_Data_01_08_2025.xlsx
theholw6.icicibamk.com,Phishing,mock_Mock_Data_01_08_2025.xlsx
9d9a28c3-ca42-43e2-b578-78b49bf03843.random.iciciprulife.co,Phishing,mock_Mock_Data_01_08_2025.xlsx
7fb3673b-ec46-430b-8f68-880513a8294e.random.iciciprulife.co,Phishing,mock_Mock_Data_01_08_2025.xlsx
ww7.icicicareer.com,Phishing,mock_Mock_Data_01_08_2025.xlsx
resolver1.icicibamnk.com,Phishing,mock_Mock_Data_01_08_2025.xlsx
mta-sts.test.icicibamk.com,Phishing,mock_Mock_Data_01_08_2025.xlsx
doh.icicibamnk.com,Phishing,mock_Mock_Data_01_08_2025.xlsx
mta-sts.notexistsicicibank.carreer.com,Phishing,mock_Mock_Data_01_08_2025.xlsx
omwzeriyadww25.beta.icicibamk.com,Phishing,mock_Mock_Data_01_08_2025.xlsx
icicicardonline.info,Phishing,mock_Mock_Data_01_08_2025.xlsx
icici-inr.top,Phishing,mock_Mock_Data_01_08_2025.xlsx
icicio.top,Phishing,mock_Mock_Data_01_08_2025.xlsx
mta-sts.docs.iciciprulife.co,Phishing,mock_Mock_Data_01_08_2025.xlsx
mta-sts.vpn.iciciproperties.com,Phishing,mock_Mock_Data_01_08_2025.xlsx
dienstleistungsrichtlinie.icicicbank.com,Phishing,mock_Mock_Data_01_08_2025.xlsx
988a3cf0-88de-435e-90fe-ef14229bee3b.random.iciciprulife.co,Phishing,mock_Mock_Data_01_08_2025.xlsx
members.icicicbank.com,Phishing,mock_Mock_Data_01_08_2025.xlsx
mta-sts.forums.icicibamk.com,Phishing,mock_Mock_Data_01_08_2025.xlsx
ww38.secure.iciciditect.com,Phishing,mock_Mock_Data_01_08_2025.xlsx
ere-nova.icicicbank.com,Phishing,mock_Mock_Data_01_08_2025.xlsx
iciciv.com,Phishing,mock_Mock_Data_01_08_2025.xlsx
icicicc.com,Phishing,mock_Mock_Data_01_08_2025.xlsx
imobile.icicibasnk.com,Phishing,mock_Mock_Data_01_08_2025.xlsx
ww38.infinitynxt.icicibank.site,Phishing,mock_Mock_Data_01_08_2025.xlsx
icicibank.msy169.xyz,Phishing,mock_Mock_Data_01_08_2025.xlsx
mta-sts.icicibank-staging.alardah.com,Phishing,mock_Mock_Data_01_08_2025.xlsx
server.icicibannk.com,Phishing,mock_Mock_Data_01_08_2025.xlsx
ww38.store.iciciprulifeinsurance.com,Phishing,mock_Mock_Data_01_08_2025.xlsx
store.acqweb.icicicbank.com,Phishing,mock_Mock_Data_01_08_2025.xlsx
www.buy.icicibanlk.com,Phishing,mock_Mock_Data_01_08_2025.xlsx
www.store.icicicdirect.com,Phishing,mock_Mock_Data_01_08_2025.xlsx
fortivpn.iciciprulife.co,Phishing,mock_Mock_Data_01_08_2025.xlsx
zafpshvx.icici.app,Phishing,mock_Mock_Data_01_08_2025.xlsx
www.uat.icici.app,Phishing,mock_Mock_Data_01_08_2025.xlsx
aic1c1.vip,Phishing,mock_Mock_Data_01_08_2025.xlsx
iccici.com,Phishing,mock_Mock_Data_01_08_2025.xlsx
iciinsurance.online,Phishing,mock_Mock_Data_01_08_2025.xlsx
l2n2uhji85.icicibasnk.com,Phishing,mock_Mock_Data_01_08_2025.xlsx
icicle1.com,Phishing,mock_Mock_Data_01_08_2025.xlsx
icici.care.co.in,Phishing,mock_Mock_Data_01_08_2025.xlsx
test.icicibank.live,Phishing,mock_Mock_Data_01_08_2025.xlsx
viyionline.com,Phishing,mock_Mock_Data_01_08_2025.xlsx
imenonline.com,Phishing,mock_Mock_Data_01_08_2025.xlsx
stg.icici.app,Phishing,mock_Mock_Data_01_08_2025.xlsx
email.icicicbank.com,Phishing,mock_Mock_Data_01_08_2025.xlsx
www.job-in-bank-icici.today,Phishing,mock_Mock_Data_01_08_2025.xlsx
icicci.top,Phishing,mock_Mock_Data_01_08_2025.xlsx
ficicilarnesine.xyz,Phishing,mock_Mock_Data_01_08_2025.xlsx
icicbgroups.online,Phishing,mock_Mock_Data_01_08_2025.xlsx
www.icicihomel.oan.com,Phishing,mock_Mock_Data_01_08_2025.xlsx
icicn.top,Phishing,mock_Mock_Data_01_08_2025.xlsx
icicin.top,Phishing,mock_Mock_Data_01_08_2025.xlsx
icicibankpersonalloaninchennai.in,Phishing,mock_Mock_Data_01_08_2025.xlsx
icicibankcreditcards.in,Phishing,mock_Mock_Data_01_08_2025.xlsx
cicicici.cn,Phishing,mock_Mock_Data_01_08_2025.xlsx
cicici.cc,Phishing,mock_Mock_Data_01_08_2025.xlsx
icici.nanorep.co,Phishing,mock_Mock_Data_01_08_2025.xlsx
jicici.cn,Phishing,mock_Mock_Data_01_08_2025.xlsx
xcicicicici.com,Phishing,mock_Mock_Data_01_08_2025.xlsx
picici.tk,Phishing,mock_Mock_Data_01_08_2025.xlsx
lilicici.cn,Phishing,mock_Mock_Data_01_08_2025.xlsx
icicimagos.tk,Phishing,mock_Mock_Data_01_08_2025.xlsx
okicici.com,Phishing,mock_Mock_Data_01_08_2025.xlsx
wicici.com,Phishing,mock_Mock_Data_01_08_2025.xlsx
cicici.wang,Phishing,mock_Mock_Data_01_08_2025.xlsx
cicici.it,Phishing,mock_Mock_Data_01_08_2025.xlsx
icici-learningmatrix.co.uk,Phishing,mock_Mock_Data_01_08_2025.xlsx
cicicici.ml,Phishing,mock_Mock_Data_01_08_2025.xlsx
iconicicing.com.au,Phishing,mock_Mock_Data_01_08_2025.xlsx
komuzicici.ga,Phishing,mock_Mock_Data_01_08_2025.xlsx
picicizylu.cf,Phishing,mock_Mock_Data_01_08_2025.xlsx
icicic.me,Phishing,mock_Mock_Data_01_08_2025.xlsx
idicici.com,Phishing,mock_Mock_Data_01_08_2025.xlsx
icicim.com,Phishing,mock_Mock_Data_01_08_2025.xlsx
cicicitv.xyz,Phishing,mock_Mock_Data_01_08_2025.xlsx
icicinps.com,Phishing,mock_Mock_Data_01_08_2025.xlsx
bicicionline.net,Phishing,mock_Mock_Data_01_08_2025.xlsx
belicicil.com,Phishing,mock_Mock_Data_01_08_2025.xlsx
bificiciriqi.cf,Phishing,mock_Mock_Data_01_08_2025.xlsx
qibimicici.cf,Phishing,mock_Mock_Data_01_08_2025.xlsx
cicici.se,Phishing,mock_Mock_Data_01_08_2025.xlsx
wicicixusa.tk,Phishing,mock_Mock_Data_01_08_2025.xlsx
yicicibuxiangh.top,Phishing,mock_Mock_Data_01_08_2025.xlsx
uriciciposuz.tk,Phishing,mock_Mock_Data_01_08_2025.xlsx
cicici.fun,Phishing,mock_Mock_Data_01_08_2025.xlsx
modicici.com,Phishing,mock_Mock_Data_01_08_2025.xlsx
yvicicid.tk,Phishing,mock_Mock_Data_01_08_2025.xlsx
vicicimuxy.tk,Phishing,mock_Mock_Data_01_08_2025.xlsx
ricicioterpu.cf,Phishing,mock_Mock_Data_01_08_2025.xlsx
kobicici.ga,Phishing,mock_Mock_Data_01_08_2025.xlsx
weicici.com,Phishing,mock_Mock_Data_01_08_2025.xlsx
icicinev.gq,Phishing,mock_Mock_Data_01_08_2025.xlsx
icicinabk.com,Phishing,mock_Mock_Data_01_08_2025.xlsx
citcibank.com,Phishing,mock_Mock_Data_01_08_2025.xlsx
icicivil.net.au,Phishing,mock_Mock_Data_01_08_2025.xlsx
cicicicekcilik.com,Phishing,mock_Mock_Data_01_08_2025.xlsx
ulicicibop.cf,Phishing,mock_Mock_Data_01_08_2025.xlsx
bicici.ml,Phishing,mock_Mock_Data_01_08_2025.xlsx
dicicip.com,Phishing,mock_Mock_Data_01_08_2025.xlsx
iturcicici.ml,Phishing,mock_Mock_Data_01_08_2025.xlsx
micici.cn,Phishing,mock_Mock_Data_01_08_2025.xlsx
avicicirean.com,Phishing,mock_Mock_Data_01_08_2025.xlsx
icicivcs.co.in,Phishing,mock_Mock_Data_01_08_2025.xlsx
icici.banklocationmaps.com,Phishing,mock_Mock_Data_01_08_2025.xlsx
clicicililmardi.tk,Phishing,mock_Mock_Data_01_08_2025.xlsx
kirazbicici.com,Phishing,mock_Mock_Data_01_08_2025.xlsx
antitoxicicity.com,Phishing,mock_Mock_Data_01_08_2025.xlsx
tricicidsi.cf,Phishing,mock_Mock_Data_01_08_2025.xlsx
cicici.cz,Phishing,mock_Mock_Data_01_08_2025.xlsx
didicici.com,Phishing,mock_Mock_Data_01_08_2025.xlsx
biciciti.es,Phishing,mock_Mock_Data_01_08_2025.xlsx
lechicicingcookie.com,Phishing,mock_Mock_Data_01_08_2025.xlsx
icicinstitute.in,Phishing,mock_Mock_Data_01_08_2025.xlsx
apps.cicink.com,Phishing,mock_Mock_Data_01_08_2025.xlsx
icicicareers.co.ca,Phishing,mock_Mock_Data_01_08_2025.xlsx
cicicicici.com,Phishing,mock_Mock_Data_01_08_2025.xlsx
ipartnerext.cicilombard.com,Phishing,mock_Mock_Data_01_08_2025.xlsx
icicibank.com.mcas-gov.ms,Phishing,mock_Mock_Data_01_08_2025.xlsx
icicibankltd.com.admin-mcas-gov.ms,Phishing,mock_Mock_Data_01_08_2025.xlsx
icicibankltd.com.mcas-gov.ms,Phishing,mock_Mock_Data_01_08_2025.xlsx
icicidirect.com.admin-mcas-gov.ms,Phishing,mock_Mock_Data_01_08_2025.xlsx
icicidirect.com.mcas-gov.ms,Phishing,mock_Mock_Data_01_08_2025.xlsx
icicifoundation-connect.org,Phishing,mock_Mock_Data_01_08_2025.xlsx
icici.autonetic.com,Phishing,mock_Mock_Data_01_08_2025.xlsx
icici.sreeannaijewels.in,Phishing,mock_Mock_Data_01_08_2025.xlsx
icici.trademantri.in,Phishing,mock_Mock_Data_01_08_2025.xlsx
bk.icicibank.top,Phishing,mock_Mock_Data_01_08_2025.xlsx
es.icicibank.cn,Phishing,mock_Mock_Data_01_08_2025.xlsx
icicilombardhealthcare.com,Phishing,mock_Mock_Data_01_08_2025.xlsx
app.icicibank.top,Phishing,mock_Mock_Data_01_08_2025.xlsx
icici.ezcred.in,Phishing,mock_Mock_Data_01_08_2025.xlsx
icicibank.customlinks.appsflyer.com,Phishing,mock_Mock_Data_01_08_2025.xlsx
icicibank.ru,Phishing,mock_Mock_Data_01_08_2025.xlsx
icicihfc.ph,Phishing,mock_Mock_Data_01_08_2025.xlsx
icicihfc.vg,Phishing,mock_Mock_Data_01_08_2025.xlsx
icicihfc.watches,Phishing,mock_Mock_Data_01_08_2025.xlsx
icicici.in,Phishing,mock_Mock_Data_01_08_2025.xlsx
cicici.co,Phishing,mock_Mock_Data_01_08_2025.xlsx
cicici.site,Phishing,mock_Mock_Data_01_08_2025.xlsx
chicicity.co.uk,Phishing,mock_Mock_Data_01_08_2025.xlsx
tricicinexpo.tk,Phishing,mock_Mock_Data_01_08_2025.xlsx
ww1.cictbank.com,Phishing,mock_Mock_Data_01_08_2025.xlsx
iciciland.com,Phishing,mock_Mock_Data_01_08_2025.xlsx
yicici.space,Phishing,mock_Mock_Data_01_08_2025.xlsx
wiicicir.gq,Phishing,mock_Mock_Data_01_08_2025.xlsx
ucicicillf.ga,Phishing,mock_Mock_Data_01_08_2025.xlsx
ricici.cn,Phishing,mock_Mock_Data_01_08_2025.xlsx
cicici.com,Phishing,mock_Mock_Data_01_08_2025.xlsx
viciciv.com,Phishing,mock_Mock_Data_01_08_2025.xlsx
icici.ru,Phishing,mock_Mock_Data_01_08_2025.xlsx
icicihizins.de,Phishing,mock_Mock_Data_01_08_2025.xlsx
dodicicicli.it,Phishing,mock_Mock_Data_01_08_2025.xlsx
icicine.cm,Phishing,mock_Mock_Data_01_08_2025.xlsx
uzdrowiciciel.pl,Phishing,mock_Mock_Data_01_08_2025.xlsx
apiicici.com,Phishing,mock_Mock_Data_01_08_2025.xlsx
bibicici.it,Phishing,mock_Mock_Data_01_08_2025.xlsx
icicisapawixa.gq,Phishing,mock_Mock_Data_01_08_2025.xlsx
ixacicicig.ga,Phishing,mock_Mock_Data_01_08_2025.xlsx
lelicicisi.tk,Phishing,mock_Mock_Data_01_08_2025.xlsx
lycicicimivi.cf,Phishing,mock_Mock_Data_01_08_2025.xlsx
micicixasilaje.cf,Phishing,mock_Mock_Data_01_08_2025.xlsx
bicici.eu,Phishing,mock_Mock_Data_01_08_2025.xlsx
picici.ro,Phishing,mock_Mock_Data_01_08_2025.xlsx
adicicisig.gq,Phishing,mock_Mock_Data_01_08_2025.xlsx
chicicitira.monster,Phishing,mock_Mock_Data_01_08_2025.xlsx
cicicircular.eu,Phishing,mock_Mock_Data_01_08_2025.xlsx
dicici.ml,Phishing,mock_Mock_Data_01_08_2025.xlsx
ficicilar.com.tr,Phishing,mock_Mock_Data_01_08_2025.xlsx
kikicici.com,Phishing,mock_Mock_Data_01_08_2025.xlsx
itumicicitnan.cf,Phishing,mock_Mock_Data_01_08_2025.xlsx
riciciu.ml,Phishing,mock_Mock_Data_01_08_2025.xlsx
jicicidu.cf,Phishing,mock_Mock_Data_01_08_2025.xlsx
apiliciviciciki.cf,Phishing,mock_Mock_Data_01_08_2025.xlsx
ijicicipylid.ga,Phishing,mock_Mock_Data_01_08_2025.xlsx
sicicilsym.gq,Phishing,mock_Mock_Data_01_08_2025.xlsx
zicici.ml,Phishing,mock_Mock_Data_01_08_2025.xlsx
bybiciciniqa.ga,Phishing,mock_Mock_Data_01_08_2025.xlsx
quicicisoun.tk,Phishing,mock_Mock_Data_01_08_2025.xlsx
geltticicilwi.tk,Phishing,mock_Mock_Data_01_08_2025.xlsx
clicicictan.ml,Phishing,mock_Mock_Data_01_08_2025.xlsx
zekicici.com,Phishing,mock_Mock_Data_01_08_2025.xlsx
medicicircle.com,Phishing,mock_Mock_Data_01_08_2025.xlsx
bilalbicici.com.tr,Phishing,mock_Mock_Data_01_08_2025.xlsx
clicici.ca,Phishing,mock_Mock_Data_01_08_2025.xlsx
bicicleta-lujo.com,Phishing,mock_Mock_Data_01_08_2025.xlsx
bicicletas.xyz,Phishing,mock_Mock_Data_01_08_2025.xlsx
ns1.ciclope.net,Phishing,mock_Mock_Data_01_08_2025.xlsx
ilciciftligi.com.tr,Phishing,mock_Mock_Data_01_08_2025.xlsx
minicici.cn,Phishing,mock_Mock_Data_01_08_2025.xlsx
icicin.gq,Phishing,mock_Mock_Data_01_08_2025.xlsx
atproficicicna.tk,Phishing,mock_Mock_Data_01_08_2025.xlsx
ticici.cf,Phishing,mock_Mock_Data_01_08_2025.xlsx
ciccciciciccicicccii.ga,Phishing,mock_Mock_Data_01_08_2025.xlsx
cicicicicici.com,Phishing,mock_Mock_Data_01_08_2025.xlsx
icicledid.com,Phishing,mock_Mock_Data_01_08_2025.xlsx
miciclo.com,Phishing,mock_Mock_Data_01_08_2025.xlsx
tipici.club,Phishing,mock_Mock_Data_01_08_2025.xlsx
i-cicle.com,Phishing,mock_Mock_Data_01_08_2025.xlsx
ns01.bicicletasuperprestigio.com,Phishing,mock_Mock_Data_01_08_2025.xlsx
ns02.bicicletesportocolom.com,Phishing,mock_Mock_Data_01_08_2025.xlsx
ns01.ciclosteo.com,Phishing,mock_Mock_Data_01_08_2025.xlsx
bicicletasushuaia.com,Phishing,mock_Mock_Data_01_08_2025.xlsx
ns01.bicicletastribiker.com,Phishing,mock_Mock_Data_01_08_2025.xlsx
ns01.bicicletasmundopedal.com,Phishing,mock_Mock_Data_01_08_2025.xlsx
biciclasificados.com,Phishing,mock_Mock_Data_01_08_2025.xlsx
ns01.bicicletastope.com,Phishing,mock_Mock_Data_01_08_2025.xlsx
bicicletachopper.com,Phishing,mock_Mock_Data_01_08_2025.xlsx
lcicllc.com,Phishing,mock_Mock_Data_01_08_2025.xlsx
bicicletasbosqueysalud.com,Phishing,mock_Mock_Data_01_08_2025.xlsx
aicici.cn,Phishing,mock_Mock_Data_01_08_2025.xlsx
uicici.com,Phishing,mock_Mock_Data_01_08_2025.xlsx
labicicleta.co.uk,Phishing,mock_Mock_Data_01_08_2025.xlsx
bicicleta-electrica-usada.store,Phishing,mock_Mock_Data_01_08_2025.xlsx
bicicletas-electricas.online,Phishing,mock_Mock_Data_01_08_2025.xlsx
bicicleta-electrica-segunda-mano.online,Phishing,mock_Mock_Data_01_08_2025.xlsx
bicicims.com,Phishing,mock_Mock_Data_01_08_2025.xlsx
riciclidea.org,Phishing,mock_Mock_Data_01_08_2025.xlsx
cixibank.cn,Phishing,mock_Mock_Data_01_08_2025.xlsx
cicicici.org,Phishing,mock_Mock_Data_01_08_2025.xlsx
cicici.org,Phishing,mock_Mock_Data_01_08_2025.xlsx
ezgificici.com,Phishing,mock_Mock_Data_01_08_2025.xlsx
bicici.gen.tr,Phishing,mock_Mock_Data_01_08_2025.xlsx
ciciba.info,Phishing,mock_Mock_Data_01_08_2025.xlsx
cicifosilcici.shop,Phishing,mock_Mock_Data_01_08_2025.xlsx
ciibank.pl,Phishing,mock_Mock_Data_01_08_2025.xlsx
jicici.com,Phishing,mock_Mock_Data_01_08_2025.xlsx
micici.fr,Phishing,mock_Mock_Data_01_08_2025.xlsx
dicici.com,Phishing,mock_Mock_Data_01_08_2025.xlsx
cicici.store,Phishing,mock_Mock_Data_01_08_2025.xlsx
micicipi.com,Phishing,mock_Mock_Data_01_08_2025.xlsx
micicipii.com,Phishing,mock_Mock_Data_01_08_2025.xlsx
yenigibicici.com,Phishing,mock_Mock_Data_01_08_2025.xlsx
kiciciap.shop,Phishing,mock_Mock_Data_01_08_2025.xlsx
yenigibicici.xyz,Phishing,mock_Mock_Data_01_08_2025.xlsx
bnpparibasbicici.com,Phishing,mock_Mock_Data_01_08_2025.xlsx
icicipi.top,Phishing,mock_Mock_Data_01_08_2025.xlsx
makasicici.com,Phishing,mock_Mock_Data_01_08_2025.xlsx
cicici.id,Phishing,mock_Mock_Data_01_08_2025.xlsx
mimicicicaketng.com,Phishing,mock_Mock_Data_01_08_2025.xlsx
tistdetelicici.tk,Phishing,mock_Mock_Data_01_08_2025.xlsx
falicici.online,Phishing,mock_Mock_Data_01_08_2025.xlsx
undiciclo.com,Phishing,mock_Mock_Data_01_08_2025.xlsx
iciclestraw.com,Phishing,mock_Mock_Data_01_08_2025.xlsx
riciclamente.com,Phishing,mock_Mock_Data_01_08_2025.xlsx
gokcebicici.com,Phishing,mock_Mock_Data_01_08_2025.xlsx
iciciea.com,Phishing,mock_Mock_Data_01_08_2025.xlsx
bicici.online,Phishing,mock_Mock_Data_01_08_2025.xlsx
bicici.net,Phishing,mock_Mock_Data_01_08_2025.xlsx
aicicia.se,Phishing,mock_Mock_Data_01_08_2025.xlsx
aicicia.com,Phishing,mock_Mock_Data_01_08_2025.xlsx
aicicia.art,Phishing,mock_Mock_Data_01_08_2025.xlsx
juicici.campsite.bio,Phishing,mock_Mock_Data_01_08_2025.xlsx
uwicicis.myhostpoint.ch,Phishing,mock_Mock_Data_01_08_2025.xlsx
aicicicici.repl.co,Phishing,mock_Mock_Data_01_08_2025.xlsx
citicicifulworl.tk,Phishing,mock_Mock_Data_01_08_2025.xlsx
hepsicici.com.polkaconnect.com,Phishing,mock_Mock_Data_01_08_2025.xlsx
spiciciden.ga,Phishing,mock_Mock_Data_01_08_2025.xlsx
otticicio.com,Phishing,mock_Mock_Data_01_08_2025.xlsx
icbank.net,Phishing,mock_Mock_Data_01_08_2025.xlsx
cibcbank.net,Phishing,mock_Mock_Data_01_08_2025.xlsx
artebicicitytours.com,Phishing,mock_Mock_Data_01_08_2025.xlsx
versdicici.gq,Phishing,mock_Mock_Data_01_08_2025.xlsx
simplicicity.de,Phishing,mock_Mock_Data_01_08_2025.xlsx
arcticicicles.com,Phishing,mock_Mock_Data_01_08_2025.xlsx
juicici.store,Phishing,mock_Mock_Data_01_08_2025.xlsx
tunaicicilan.com,Phishing,mock_Mock_Data_01_08_2025.xlsx
nesibebicici.com,Phishing,mock_Mock_Data_01_08_2025.xlsx
prodottitipiciciociari.it,Phishing,mock_Mock_Data_01_08_2025.xlsx
ticicity.com,Phishing,mock_Mock_Data_01_08_2025.xlsx
omicicintufar.tk,Phishing,mock_Mock_Data_01_08_2025.xlsx
dicic.link,Phishing,mock_Mock_Data_01_08_2025.xlsx
bicicletaspara.info,Phishing,mock_Mock_Data_01_08_2025.xlsx
lokvicici.hippocamp.eu,Phishing,mock_Mock_Data_01_08_2025.xlsx
tranaficicil.tk,Phishing,mock_Mock_Data_01_08_2025.xlsx
8maysite2-ozficici.me,Phishing,mock_Mock_Data_01_08_2025.xlsx
mimicicicake.com,Phishing,mock_Mock_Data_01_08_2025.xlsx
mimicicicake.com.kueulangtahunbogor.com,Phishing,mock_Mock_Data_01_08_2025.xlsx
cicicircular.com,Phishing,mock_Mock_Data_01_08_2025.xlsx
licicis.com,Phishing,mock_Mock_Data_01_08_2025.xlsx
onariciciftci.com,Phishing,mock_Mock_Data_01_08_2025.xlsx
meokicicit.tk,Phishing,mock_Mock_Data_01_08_2025.xlsx
quicicidi.cf,Phishing,mock_Mock_Data_01_08_2025.xlsx
iciciconverse.byteprophecy.accenture.com,Phishing,mock_Mock_Data_01_08_2025.xlsx
ww01.citibank.com.in,Phishing,mock_Mock_Data_01_08_2025.xlsx
micicipi.ir,Phishing,mock_Mock_Data_01_08_2025.xlsx
custmail.icicibank.com.mcas.ms,Phishing,mock_Mock_Data_01_08_2025.xlsx
cvicicizralok.com,Phishing,mock_Mock_Data_01_08_2025.xlsx
iciciacs.com,Phishing,mock_Mock_Data_01_08_2025.xlsx
autoconfig.ciciprulife.com,Phishing,mock_Mock_Data_01_08_2025.xlsx
cicicity.com,Phishing,mock_Mock_Data_01_08_2025.xlsx
firstdataicici.magecomp.org,Phishing,mock_Mock_Data_01_08_2025.xlsx
bankicici.wuaze.com,Phishing,mock_Mock_Data_01_08_2025.xlsx
blicicil.app,Phishing,mock_Mock_Data_01_08_2025.xlsx
yurticicicekcilik.online,Phishing,mock_Mock_Data_01_08_2025.xlsx
drvelicicimen.com,Phishing,mock_Mock_Data_01_08_2025.xlsx
argold-icici.aerele.in,Phishing,mock_Mock_Data_01_08_2025.xlsx
icicibudgeting.magitt.com,Phishing,mock_Mock_Data_01_08_2025.xlsx
nesibebiciciart.com,Phishing,mock_Mock_Data_01_08_2025.xlsx
icici-lombardhelpdocs.cogdam.com,Phishing,mock_Mock_Data_01_08_2025.xlsx
yurticicicekcilik.com,Phishing,mock_Mock_Data_01_08_2025.xlsx
icbank.cc,Phishing,mock_Mock_Data_01_08_2025.xlsx
themusicicityaccball.org,Phishing,mock_Mock_Data_01_08_2025.xlsx
ww01.cidibank.com,Phishing,mock_Mock_Data_01_08_2025.xlsx
uaticici.aalroot.com,Phishing,mock_Mock_Data_01_08_2025.xlsx
umanerficicin.tk,Phishing,mock_Mock_Data_01_08_2025.xlsx
dicici.net,Phishing,mock_Mock_Data_01_08_2025.xlsx
cicici.vip,Phishing,mock_Mock_Data_01_08_2025.xlsx
ccbank.online,Phishing,mock_Mock_Data_01_08_2025.xlsx
vaicicigroup.net,Phishing,mock_Mock_Data_01_08_2025.xlsx
centriacusticicisento.it,Phishing,mock_Mock_Data_01_08_2025.xlsx
dev-icici.pantheonsite.io,Phishing,mock_Mock_Data_01_08_2025.xlsx
infinity.icicibank.com.mcas.ms,Phishing,mock_Mock_Data_01_08_2025.xlsx
biciciotomotivkonya.com,Phishing,mock_Mock_Data_01_08_2025.xlsx
icici.creditmonitor.info,Phishing,mock_Mock_Data_01_08_2025.xlsx
icici.bank.co.in,Phishing,mock_Mock_Data_01_08_2025.xlsx
ricici.com,Phishing,mock_Mock_Data_01_08_2025.xlsx
janicici.com,Phishing,mock_Mock_Data_01_08_2025.xlsx
dodicicilindri.com,Phishing,mock_Mock_Data_01_08_2025.xlsx
idicicihe.shop,Phishing,mock_Mock_Data_01_08_2025.xlsx
jidicicicixidiiddi.one,Phishing,mock_Mock_Data_01_08_2025.xlsx
quizsilver.com,Phishing,mock_Mock_Data_01_08_2025.xlsx
uicicifmre.ewefvo.homes,Phishing,mock_Mock_Data_01_08_2025.xlsx
icici.sworks.co.in,Phishing,mock_Mock_Data_01_08_2025.xlsx
weicicizhuan.com,Phishing,mock_Mock_Data_01_08_2025.xlsx
pipicici.com,Phishing,mock_Mock_Data_01_08_2025.xlsx
oembrand.com,Phishing,mock_Mock_Data_01_08_2025.xlsx
icicis.cis.asu.edu.eg,Phishing,mock_Mock_Data_01_08_2025.xlsx
dicicilaja.info,Phishing,mock_Mock_Data_01_08_2025.xlsx
cicici.altervista.org,Phishing,mock_Mock_Data_01_08_2025.xlsx
mimicici-qc.direct.quickconnect.to,Phishing,mock_Mock_Data_01_08_2025.xlsx
lvicicira.shop,Phishing,mock_Mock_Data_01_08_2025.xlsx
shicici.com,Phishing,mock_Mock_Data_01_08_2025.xlsx
bodhicici.com,Phishing,mock_Mock_Data_01_08_2025.xlsx
aicicill.com,Phishing,mock_Mock_Data_01_08_2025.xlsx
xicici.cn,Phishing,mock_Mock_Data_01_08_2025.xlsx
klicici.com,Phishing,mock_Mock_Data_01_08_2025.xlsx
bicicihukuk.com,Phishing,mock_Mock_Data_01_08_2025.xlsx
eticicibebe.com,Phishing,mock_Mock_Data_01_08_2025.xlsx
cicicil.sbs,Phishing,mock_Mock_Data_01_08_2025.xlsx
iciciyvao.shop,Phishing,mock_Mock_Data_01_08_2025.xlsx
mybicici.com,Phishing,mock_Mock_Data_01_08_2025.xlsx
apartmenticici.com,Phishing,mock_Mock_Data_01_08_2025.xlsx
leoagarbatti.icicirud.com,Phishing,mock_Mock_Data_01_08_2025.xlsx
micicipi.ruk.eug.store.mx0.edushophk.com,Phishing,mock_Mock_Data_01_08_2025.xlsx
ficicioglu.de,Phishing,mock_Mock_Data_01_08_2025.xlsx
denicici.direct.quickconnect.to,Phishing,mock_Mock_Data_01_08_2025.xlsx
dramaiciciari.com,Phishing,mock_Mock_Data_01_08_2025.xlsx
credit-auto-bicici.com,Phishing,mock_Mock_Data_01_08_2025.xlsx
lokvicici.iptvsmart.eu,Phishing,mock_Mock_Data_01_08_2025.xlsx
micicipi.top,Phishing,mock_Mock_Data_01_08_2025.xlsx
de.xixizizicici.store,Phishing,mock_Mock_Data_01_08_2025.xlsx
chickibank.au,Phishing,mock_Mock_Data_01_08_2025.xlsx
democraticicivici.it,Phishing,mock_Mock_Data_01_08_2025.xlsx
nam.simntit.nicici.adata.in,Phishing,mock_Mock_Data_01_08_2025.xlsx
polatbicici.com,Phishing,mock_Mock_Data_01_08_2025.xlsx
polatbicici.online,Phishing,mock_Mock_Data_01_08_2025.xlsx
polatbicici.xyz,Phishing,mock_Mock_Data_01_08_2025.xlsx
kwikid.kyc.priv.icici.getkwikid.com,Phishing,mock_Mock_Data_01_08_2025.xlsx
ycfguneskiricicit.com,Phishing,mock_Mock_Data_01_08_2025.xlsx
cicicici.direct.quickconnect.to,Phishing,mock_Mock_Data_01_08_2025.xlsx
bicici.croatia.topdestination.it,Phishing,mock_Mock_Data_01_08_2025.xlsx
icicrts.in,Phishing,mock_Mock_Data_01_08_2025.xlsx
geciktiricici.palgat.com,Phishing,mock_Mock_Data_01_08_2025.xlsx
daodaocicicishang2866.top,Phishing,mock_Mock_Data_01_08_2025.xlsx
gameicicie.com,Phishing,mock_Mock_Data_01_08_2025.xlsx
iddia-bicici-be.arolitec.com,Phishing,mock_Mock_Data_01_08_2025.xlsx
wicicio1.pro,Phishing,mock_Mock_Data_01_08_2025.xlsx
icbcbank.ru,Phishing,mock_Mock_Data_01_08_2025.xlsx
cacibank.com,Phishing,mock_Mock_Data_01_08_2025.xlsx
bicicimum.com.tr,Phishing,mock_Mock_Data_01_08_2025.xlsx
zicicip-157-89.df.gov.br,Phishing,mock_Mock_Data_01_08_2025.xlsx
lokvicici.travellove.eu,Phishing,mock_Mock_Data_01_08_2025.xlsx
bicici.croatia.topdestination.de,Phishing,mock_Mock_Data_01_08_2025.xlsx
suryaticici32.erwinnila123.my.id,Phishing,mock_Mock_Data_01_08_2025.xlsx
optifiiicicidev.betadelivery.com,Phishing,mock_Mock_Data_01_08_2025.xlsx
kiciciuchy.pl,Phishing,mock_Mock_Data_01_08_2025.xlsx
cibcbank.me,Phishing,mock_Mock_Data_01_08_2025.xlsx
icbcbank.top,Phishing,mock_Mock_Data_01_08_2025.xlsx
icicity.com,Phishing,mock_Mock_Data_01_08_2025.xlsx
my.micicipi.ru,Phishing,mock_Mock_Data_01_08_2025.xlsx
ciciciciciic.altervista.org,Phishing,mock_Mock_Data_01_08_2025.xlsx
imap.egicici.com,Phishing,mock_Mock_Data_01_08_2025.xlsx
bicicita.bitlen.com,Phishing,mock_Mock_Data_01_08_2025.xlsx
www.icichfc.com,Phishing,mock_Mock_Data_01_08_2025.xlsx
ww16.pujicicixu.suplikasro.cz,Phishing,mock_Mock_Data_01_08_2025.xlsx
labicicicletta.ch,Phishing,mock_Mock_Data_01_08_2025.xlsx
articicial-grass.click,Phishing,mock_Mock_Data_01_08_2025.xlsx
milicicity.forumh.net,Phishing,mock_Mock_Data_01_08_2025.xlsx
icicibankbizcircle.raovat9s.com,Phishing,mock_Mock_Data_01_08_2025.xlsx
delicici.com,Phishing,mock_Mock_Data_01_08_2025.xlsx
epicicious.com,Phishing,mock_Mock_Data_01_08_2025.xlsx
closdevicici.crm8.dynaics.com,Phishing,mock_Mock_Data_01_08_2025.xlsx
icicib.com.mintvalley.com,Phishing,mock_Mock_Data_01_08_2025.xlsx
licici.cn,Phishing,mock_Mock_Data_01_08_2025.xlsx
portal.cicidirect.com,Phishing,mock_Mock_Data_01_08_2025.xlsx
icbcbank.com.cn,Phishing,mock_Mock_Data_01_08_2025.xlsx
bicicita.greenhub.es,Phishing,mock_Mock_Data_01_08_2025.xlsx
ilicicimpiesnertz.online,Phishing,mock_Mock_Data_01_08_2025.xlsx
ecanivicici.arab-spam.com,Phishing,mock_Mock_Data_01_08_2025.xlsx
mimicici-qc.direct.quickconnect.cn,Phishing,mock_Mock_Data_01_08_2025.xlsx
la.dicicion.mia.es,Phishing,mock_Mock_Data_01_08_2025.xlsx
mengzhicici.5ddd.com,Phishing,mock_Mock_Data_01_08_2025.xlsx
a.mx.icicibank.in,Phishing,mock_Mock_Data_01_08_2025.xlsx
uaticicifadminapi.mgrant.in,Phishing,mock_Mock_Data_01_08_2025.xlsx
miglioribicicitta.altervista.org,Phishing,mock_Mock_Data_01_08_2025.xlsx
caricicijitu.store,Phishing,mock_Mock_Data_01_08_2025.xlsx
caricicijitu.xyz,Phishing,mock_Mock_Data_01_08_2025.xlsx
spicicisma.com,Phishing,mock_Mock_Data_01_08_2025.xlsx
icici-tourism.com,Phishing,mock_Mock_Data_01_08_2025.xlsx
crmapi.icicirise.com,Phishing,mock_Mock_Data_01_08_2025.xlsx
dodicicinque.com,Phishing,mock_Mock_Data_01_08_2025.xlsx
pejuangjpgacor.vip.prediksicici.xyz,Phishing,mock_Mock_Data_01_08_2025.xlsx
icici-ecollect-prod.flamingotravels.co.in,Phishing,mock_Mock_Data_01_08_2025.xlsx
lokvicici.hr,Phishing,mock_Mock_Data_01_08_2025.xlsx
cicici.ggff.net,Phishing,mock_Mock_Data_01_08_2025.xlsx
bogazicicimento.com,Phishing,mock_Mock_Data_01_08_2025.xlsx
plasticicicles.com,Phishing,mock_Mock_Data_01_08_2025.xlsx
ld-icici.toss4u.com,Phishing,mock_Mock_Data_01_08_2025.xlsx
ficicilar.com,Phishing,mock_Mock_Data_01_08_2025.xlsx
icicipointin.sbs,Phishing,mock_Mock_Data_01_08_2025.xlsx
alicici.cn,Phishing,mock_Mock_Data_01_08_2025.xlsx
biciciclismo.com,Phishing,mock_Mock_Data_01_08_2025.xlsx
icicirtgsbcob.bhagyodayabank.com,Phishing,mock_Mock_Data_01_08_2025.xlsx
pinarficici.xyz,Phishing,mock_Mock_Data_01_08_2025.xlsx
iciciapi.lyra-network.in,Phishing,mock_Mock_Data_01_08_2025.xlsx
pinarficici.com.tr,Phishing,mock_Mock_Data_01_08_2025.xlsx
chuaicici.cn,Phishing,mock_Mock_Data_01_08_2025.xlsx
bogaziciciftlik.com,Phishing,mock_Mock_Data_01_08_2025.xlsx
onicici.info,Phishing,mock_Mock_Data_01_08_2025.xlsx
viveplata.com.huicicilagold.com,Phishing,mock_Mock_Data_01_08_2025.xlsx
cicicici.synology.me,Phishing,mock_Mock_Data_01_08_2025.xlsx
icicic.carreers.com,Phishing,mock_Mock_Data_01_08_2025.xlsx
poshn-icici-uat-stage.poshn.app,Phishing,mock_Mock_Data_01_08_2025.xlsx
icicivd.xyzb.netww.22fd810e.nip.io,Phishing,mock_Mock_Data_01_08_2025.xlsx
bicicinet.gslb-off.wealthmanagement.cz,Phishing,mock_Mock_Data_01_08_2025.xlsx
testicicipg.store,Phishing,mock_Mock_Data_01_08_2025.xlsx
bicici.bmm.in,Phishing,mock_Mock_Data_01_08_2025.xlsx
icicimov.rents.ws,Phishing,mock_Mock_Data_01_08_2025.xlsx
ww25.icici.myclassbord.com,Phishing,mock_Mock_Data_01_08_2025.xlsx
cicici.dpdns.org,Phishing,mock_Mock_Data_01_08_2025.xlsx
ozficici.com,Phishing,mock_Mock_Data_01_08_2025.xlsx
picicipo.hu,Phishing,mock_Mock_Data_01_08_2025.xlsx
jogroun-0.weicici.net,Phishing,mock_Mock_Data_01_08_2025.xlsx
aricicichi.direct.quickconnect.to,Phishing,mock_Mock_Data_01_08_2025.xlsx
aricicichi.synology.me,Phishing,mock_Mock_Data_01_08_2025.xlsx
bmwicici.de,Phishing,mock_Mock_Data_01_08_2025.xlsx
icicic.jp,Phishing,mock_Mock_Data_01_08_2025.xlsx
lericicittacreativa.it,Phishing,mock_Mock_Data_01_08_2025.xlsx
gjergjicici.johndoegroup.de,Phishing,mock_Mock_Data_01_08_2025.xlsx
cicici.vskkl.com,Phishing,mock_Mock_Data_01_08_2025.xlsx
cicicilento.de,Phishing,mock_Mock_Data_01_08_2025.xlsx
ivanlovricici.us1.hostry.host,Phishing,mock_Mock_Data_01_08_2025.xlsx
www.iciuser.co.in,Phishing,mock_Mock_Data_01_08_2025.xlsx
kikicici.cn,Phishing,mock_Mock_Data_01_08_2025.xlsx
notexistsicici.careeers.com,Phishing,mock_Mock_Data_01_08_2025.xlsx
omerbicici.direct.quickconnect.to,Phishing,mock_Mock_Data_01_08_2025.xlsx
rusticiciclecows.mylearndash.com,Phishing,mock_Mock_Data_01_08_2025.xlsx
isidicici.store,Phishing,mock_Mock_Data_01_08_2025.xlsx
aicicinnovative.com,Phishing,mock_Mock_Data_01_08_2025.xlsx
ww1.ciitbank.com,Phishing,mock_Mock_Data_01_08_2025.xlsx
picicicik.startporno.hu,Phishing,mock_Mock_Data_01_08_2025.xlsx
giavicici.asia,Phishing,mock_Mock_Data_01_08_2025.xlsx
lfotpicicibank.coj.me,Phishing,mock_Mock_Data_01_08_2025.xlsx
ww1.ciitbank.co.in,Phishing,mock_Mock_Data_01_08_2025.xlsx
nicicita.ch,Phishing,mock_Mock_Data_01_08_2025.xlsx
pinfo.icici.grop.com,Phishing,mock_Mock_Data_01_08_2025.xlsx
uang-pangkal-bisa-dicicil.depressiond.com,Phishing,mock_Mock_Data_01_08_2025.xlsx
ticici.direct.quickconnect.to,Phishing,mock_Mock_Data_01_08_2025.xlsx
panificicialoni.it,Phishing,mock_Mock_Data_01_08_2025.xlsx
clicici.chateauduvice.com,Phishing,mock_Mock_Data_01_08_2025.xlsx
batuhanficici.com,Phishing,mock_Mock_Data_01_08_2025.xlsx
dicicipua.cdnapp.net,Phishing,mock_Mock_Data_01_08_2025.xlsx
console.icici.buildint.co,Phishing,mock_Mock_Data_01_08_2025.xlsx
levgreen.com.ua,Phishing,mock_Mock_Data_01_08_2025.xlsx
icicibanktitaniumcard.in,Phishing,mock_Mock_Data_01_08_2025.xlsx
myicicibank.in,Phishing,mock_Mock_Data_01_08_2025.xlsx
icicibankhomeloan.in,Phishing,mock_Mock_Data_01_08_2025.xlsx
hicicie.com,Phishing,mock_Mock_Data_01_08_2025.xlsx
icicibanksip.in,Phishing,mock_Mock_Data_01_08_2025.xlsx
icicicardoffer.info,Phishing,mock_Mock_Data_01_08_2025.xlsx
iciinnovations.org,Phishing,mock_Mock_Data_01_08_2025.xlsx
hvkn4feaq6ic1cihhbg80ncmghh58116.com,Phishing,mock_Mock_Data_01_08_2025.xlsx
icicta.com,Phishing,mock_Mock_Data_01_08_2025.xlsx
onicici.com,Phishing,mock_Mock_Data_01_08_2025.xlsx
icicibanking.org,Phishing,mock_Mock_Data_01_08_2025.xlsx
lclclbank.ng,Phishing,mock_Mock_Data_01_08_2025.xlsx
icicapitalllc.com,Phishing,mock_Mock_Data_01_08_2025.xlsx
icic.bet,Phishing,mock_Mock_Data_01_08_2025.xlsx
www.sandbox-superset.iciciprulife.co,Phishing,mock_Mock_Data_01_08_2025.xlsx
icicic.org,Phishing,mock_Mock_Data_01_08_2025.xlsx
icici-world.com,Phishing,mock_Mock_Data_01_08_2025.xlsx
icicipersonalloan.doodlekit.com,Phishing,mock_Mock_Data_01_08_2025.xlsx
safimoneytransfer.com,Phishing,mock_Mock_Data_01_08_2025.xlsx
57e0d8d2686c.mail.iciciprulife.co,Phishing,mock_Mock_Data_01_08_2025.xlsx
iciciloans.com,Phishing,mock_Mock_Data_01_08_2025.xlsx
iciciconcepts.com,Phishing,mock_Mock_Data_01_08_2025.xlsx
icicbet.com,Phishing,mock_Mock_Data_01_08_2025.xlsx
icicisecurities.vip,Phishing,mock_Mock_Data_01_08_2025.xlsx
icici-investment.com,Phishing,mock_Mock_Data_01_08_2025.xlsx
selma-bicici.net,Phishing,mock_Mock_Data_01_08_2025.xlsx
selma-bicici.com,Phishing,mock_Mock_Data_01_08_2025.xlsx
dolmetscher-bicici.com,Phishing,mock_Mock_Data_01_08_2025.xlsx
ccicicilod.com,Phishing,mock_Mock_Data_01_08_2025.xlsx
cicicicicici.cn,Phishing,mock_Mock_Data_01_08_2025.xlsx
icicilbank.sbs,Phishing,mock_Mock_Data_01_08_2025.xlsx
icicillbank.cc,Phishing,mock_Mock_Data_01_08_2025.xlsx
icicibanlk.com,Phishing,mock_Mock_Data_01_08_2025.xlsx
aaadvantage.io,Phishing,mock_Mock_Data_01_08_2025.xlsx
scifidubai.com,Phishing,mock_Mock_Data_01_08_2025.xlsx
iiainfotech.com,Phishing,mock_Mock_Data_01_08_2025.xlsx
rcipromotions.com,Phishing,mock_Mock_Data_01_08_2025.xlsx
dmpromotion.com,Phishing,mock_Mock_Data_01_08_2025.xlsx
lalpuricicibank.com,Phishing,mock_Mock_Data_01_08_2025.xlsx
icici.crediwatch.org,Phishing,mock_Mock_Data_01_08_2025.xlsx
icicibanksales.in,Phishing,mock_Mock_Data_01_08_2025.xlsx
800e3e8e5b30.ngrok.io,Phishing,mock_Mock_Data_01_08_2025.xlsx
ici.cibank.com,Phishing,mock_Mock_Data_01_08_2025.xlsx
icic.ibank.com,Phishing,mock_Mock_Data_01_08_2025.xlsx
icici.bank.com,Phishing,mock_Mock_Data_01_08_2025.xlsx
iciciba.nk.com,Phishing,mock_Mock_Data_01_08_2025.xlsx
icicimoney2india.com,Phishing,mock_Mock_Data_01_08_2025.xlsx
bank-icici.cyou,Phishing,mock_Mock_Data_01_08_2025.xlsx
cicbank.finance,Phishing,mock_Mock_Data_01_08_2025.xlsx
mx7.icicibanklogin.com,Phishing,mock_Mock_Data_01_08_2025.xlsx
videokyc.icicibsnk.com,Phishing,mock_Mock_Data_01_08_2025.xlsx
icicin.net,Phishing,mock_Mock_Data_01_08_2025.xlsx
icicin.ch,Phishing,mock_Mock_Data_01_08_2025.xlsx
iciclo.com,Phishing,mock_Mock_Data_01_08_2025.xlsx
cicici.xin,Phishing,mock_Mock_Data_01_08_2025.xlsx
4ward25.com,Phishing,mock_Mock_Data_01_08_2025.xlsx
zicici.com,Phishing,mock_Mock_Data_01_08_2025.xlsx
www.moviez.ml,Phishing,mock_Mock_Data_01_08_2025.xlsx
iciciaccount.com,Phishing,mock_Mock_Data_01_08_2025.xlsx
icicibankestatement.com,Phishing,mock_Mock_Data_01_08_2025.xlsx
icicibankmerchant.com,Phishing,mock_Mock_Data_01_08_2025.xlsx
icicibanknriservices.com,Phishing,mock_Mock_Data_01_08_2025.xlsx
icicihfcfd.com,Phishing,mock_Mock_Data_01_08_2025.xlsx
onlineicicibank.com,Phishing,mock_Mock_Data_01_08_2025.xlsx
icico.xyz,Phishing,mock_Mock_Data_01_08_2025.xlsx
icicin.org,Phishing,mock_Mock_Data_01_08_2025.xlsx
icicin.biz,Phishing,mock_Mock_Data_01_08_2025.xlsx
bit.ly,Phishing,mock_Mock_Data_01_08_2025.xlsx
icici.candlesrider.com,Phishing,mock_Mock_Data_01_08_2025.xlsx
icicin.eu,Phishing,mock_Mock_Data_01_08_2025.xlsx
icici.figo.in,Phishing,mock_Mock_Data_01_08_2025.xlsx
icicingenieria.com,Phishing,mock_Mock_Data_01_08_2025.xlsx
cicici.cn,Phishing,mock_Mock_Data_01_08_2025.xlsx
icicicarrier.com,Phishing,mock_Mock_Data_01_08_2025.xlsx
icici.securehostdns.com,Phishing,mock_Mock_Data_01_08_2025.xlsx
cicici.ci,Phishing,mock_Mock_Data_01_08_2025.xlsx
icicic.cn,Phishing,mock_Mock_Data_01_08_2025.xlsx
icici.sbi.au,Phishing,mock_Mock_Data_01_08_2025.xlsx
xn--ccbank-2vabb.com,Phishing,mock_Mock_Data_01_08_2025.xlsx
xn--ccbank-h8abb.com,Phishing,mock_Mock_Data_01_08_2025.xlsx
xn--ccbank-vvabb.com,Phishing,mock_Mock_Data_01_08_2025.xlsx
loginindusinds.com,Phishing,mock_Mock_Data_01_08_2025.xlsx
indusindslogin.com,Phishing,mock_Mock_Data_01_08_2025.xlsx
icicidirect.finux.com,Phishing,mock_Mock_Data_01_08_2025.xlsx
spocto360-icici.smartcollect.digital,Phishing,mock_Mock_Data_01_08_2025.xlsx
icici.carriers.in,Phishing,mock_Mock_Data_01_08_2025.xlsx
icici.billpro.online,Phishing,mock_Mock_Data_01_08_2025.xlsx
icicirewardspro.in.ultimacare.in,Phishing,mock_Mock_Data_01_08_2025.xlsx
icici.toll.cust.it,Phishing,mock_Mock_Data_01_08_2025.xlsx
kyc-icicimpocket3385-f6f3ab.online,Phishing,mock_Mock_Data_01_08_2025.xlsx
apps.iciciprupms.com,Phishing,mock_Mock_Data_01_08_2025.xlsx
apicici.com,Phishing,mock_Mock_Data_01_08_2025.xlsx
icicibank.reliablegroupindia.com,Phishing,mock_Mock_Data_01_08_2025.xlsx
icicibank.inifinity.com,Phishing,mock_Mock_Data_01_08_2025.xlsx
iciciservices.fasteasy.in,Phishing,mock_Mock_Data_01_08_2025.xlsx
icici.wrms.com,Phishing,mock_Mock_Data_01_08_2025.xlsx
icici.fastage.com,Phishing,mock_Mock_Data_01_08_2025.xlsx
managecredit.in,Phishing,mock_Mock_Data_01_08_2025.xlsx
icicibank.comvanguard.com,Phishing,mock_Mock_Data_01_08_2025.xlsx
icici-preprod-analytics.thewitslab.com,Phishing,mock_Mock_Data_01_08_2025.xlsx
sklep-detal.elgon.pl,Phishing,mock_Mock_Data_01_08_2025.xlsx
icicin.online,Phishing,mock_Mock_Data_01_08_2025.xlsx
icicin.info,Phishing,mock_Mock_Data_01_08_2025.xlsx
iciclo.com.br,Phishing,mock_Mock_Data_01_08_2025.xlsx
pop.icicbank.com,Phishing,mock_Mock_Data_01_08_2025.xlsx
ilmds.icicilombard.com.us.cas.ms,Phishing,mock_Mock_Data_01_08_2025.xlsx
ilmds.icicilombard.com.mcas.ms,Phishing,mock_Mock_Data_01_08_2025.xlsx
mailout.ext.icicbank.com,Phishing,mock_Mock_Data_01_08_2025.xlsx
posta.ext.icicbank.com,Phishing,mock_Mock_Data_01_08_2025.xlsx
icici.hmi-tech.in,Phishing,mock_Mock_Data_01_08_2025.xlsx
gpvpn.icicicbank.com,Phishing,mock_Mock_Data_01_08_2025.xlsx
ww25.eazypayicicibank.com,Phishing,mock_Mock_Data_01_08_2025.xlsx
icici.pertsol.com,Phishing,mock_Mock_Data_01_08_2025.xlsx
icici.nexusi.in,Phishing,mock_Mock_Data_01_08_2025.xlsx
icicibank.rf.gd,Phishing,mock_Mock_Data_01_08_2025.xlsx
bicicimimarlik.com,Phishing,mock_Mock_Data_01_08_2025.xlsx
biciciyapi.com,Phishing,mock_Mock_Data_01_08_2025.xlsx
icicibanklimitedindia.com,Phishing,mock_Mock_Data_01_08_2025.xlsx
iccebank.com,Phishing,mock_Mock_Data_01_08_2025.xlsx
icicicustomercare.in,Phishing,mock_Mock_Data_01_08_2025.xlsx
gpvpn.icicibannk.com,Phishing,mock_Mock_Data_01_08_2025.xlsx
www.icicibank-personalloan-bangalore.digiloan.in,Phishing,mock_Mock_Data_01_08_2025.xlsx
acqweb.iciciank.com,Phishing,mock_Mock_Data_01_08_2025.xlsx
ww25.icici.myclassboard.co,Phishing,mock_Mock_Data_01_08_2025.xlsx
icici.flg.in,Phishing,mock_Mock_Data_01_08_2025.xlsx
tw.icicbank.com,Phishing,mock_Mock_Data_01_08_2025.xlsx
alumni.icicbank.com,Phishing,mock_Mock_Data_01_08_2025.xlsx
icici.five.in,Phishing,mock_Mock_Data_01_08_2025.xlsx
mail.comune.icici-bank.com,Phishing,mock_Mock_Data_01_08_2025.xlsx
ww35.icicibannk.com,Phishing,mock_Mock_Data_01_08_2025.xlsx
com.ext.icicbank.com,Phishing,mock_Mock_Data_01_08_2025.xlsx
icicibank.co.in.familytiessc.com,Phishing,mock_Mock_Data_01_08_2025.xlsx
icicibankaccounts.com,Phishing,mock_Mock_Data_01_08_2025.xlsx
bk.icicibanklogin.com,Phishing,mock_Mock_Data_01_08_2025.xlsx
bnk-en.icicibanklogin.com,Phishing,mock_Mock_Data_01_08_2025.xlsx
dgw.icicibanklogin.com,Phishing,mock_Mock_Data_01_08_2025.xlsx
ww17.w.icicibanklogin.com,Phishing,mock_Mock_Data_01_08_2025.xlsx
ww25.autodiscover.icicibank.co,Phishing,mock_Mock_Data_01_08_2025.xlsx
www.icicibankpersonalloanbangalore.digitloan.in,Phishing,mock_Mock_Data_01_08_2025.xlsx
iccank.net,Phishing,mock_Mock_Data_01_08_2025.xlsx
icici.dev.sharajman.com,Phishing,mock_Mock_Data_01_08_2025.xlsx
icicicic.cn,Phishing,mock_Mock_Data_01_08_2025.xlsx
icici.kudosfinance.in,Phishing,mock_Mock_Data_01_08_2025.xlsx
icici.cdotbihar.org,Phishing,mock_Mock_Data_01_08_2025.xlsx
icicibank.nu,Phishing,mock_Mock_Data_01_08_2025.xlsx
cici.city,Phishing,mock_Mock_Data_01_08_2025.xlsx
cicici.net,Phishing,mock_Mock_Data_01_08_2025.xlsx
icicibankltd.ph,Phishing,mock_Mock_Data_01_08_2025.xlsx
demo.icicihfc.gravithy.com,Phishing,mock_Mock_Data_01_08_2025.xlsx
foreveryoung.vip,Phishing,mock_Mock_Data_01_08_2025.xlsx
advantage.finance,Phishing,mock_Mock_Data_01_08_2025.xlsx
icicibank-data.pilotlogistics.com,Phishing,mock_Mock_Data_01_08_2025.xlsx
nlnlkicicibank-staging.kaluga24.tv,Phishing,mock_Mock_Data_01_08_2025.xlsx
icicci.com,Phishing,mock_Mock_Data_01_08_2025.xlsx
iciclient.com,Phishing,mock_Mock_Data_01_08_2025.xlsx
icicibnk.ae,Phishing,mock_Mock_Data_01_08_2025.xlsx
icic.r.top,Phishing,mock_Mock_Data_01_08_2025.xlsx
icici-lombard.fm,Phishing,mock_Mock_Data_01_08_2025.xlsx
icici-lombard.la,Phishing,mock_Mock_Data_01_08_2025.xlsx
icicudirect.co,Phishing,mock_Mock_Data_01_08_2025.xlsx
icicidirect.me,Phishing,mock_Mock_Data_01_08_2025.xlsx
icividirect.com,Phishing,mock_Mock_Data_01_08_2025.xlsx
icicldirect.co,Phishing,mock_Mock_Data_01_08_2025.xlsx
iclcidirect.co,Phishing,mock_Mock_Data_01_08_2025.xlsx
ivicidirect.com,Phishing,mock_Mock_Data_01_08_2025.xlsx
icicidireft.co,Phishing,mock_Mock_Data_01_08_2025.xlsx
dsaicicibank.com,Phishing,mock_Mock_Data_01_08_2025.xlsx
foreveryoung.recipes,Phishing,mock_Mock_Data_01_08_2025.xlsx
qkns-icici-prod1-centralindia-01.regional.azure-api.net,Phishing,mock_Mock_Data_01_08_2025.xlsx
qkns-icici-prod1.configuration.azure-api.net,Phishing,mock_Mock_Data_01_08_2025.xlsx
icicilombardgeneral.com,Phishing,mock_Mock_Data_01_08_2025.xlsx
qkns-icici-prod1.management.azure-api.net,Phishing,mock_Mock_Data_01_08_2025.xlsx
qkns-icici-prod1.portal.azure-api.net,Phishing,mock_Mock_Data_01_08_2025.xlsx
qkns-icici-prod1.scm.azure-api.net,Phishing,mock_Mock_Data_01_08_2025.xlsx
qkns-icici-prod1.unique.azure-api.net,Phishing,mock_Mock_Data_01_08_2025.xlsx
qkns-icici-prod1.unique.developer.azure-api.net,Phishing,mock_Mock_Data_01_08_2025.xlsx
eiciciportal.loginsupport.in,Phishing,mock_Mock_Data_01_08_2025.xlsx
universal-api-dot-icicibank-c4m.appspot.com,Phishing,mock_Mock_Data_01_08_2025.xlsx
icicibankconnect.co,Phishing,mock_Mock_Data_01_08_2025.xlsx
icicilombardoverseastravelinsurance.ooo,Phishing,mock_Mock_Data_01_08_2025.xlsx
icicilombard24x7.ooo,Phishing,mock_Mock_Data_01_08_2025.xlsx
icicibankonnect.in,Phishing,mock_Mock_Data_01_08_2025.xlsx
icici.cc,Phishing,mock_Mock_Data_01_08_2025.xlsx
icici.manjusree.com,Phishing,mock_Mock_Data_01_08_2025.xlsx
icicibanksales.com,Phishing,mock_Mock_Data_01_08_2025.xlsx
icicihfc.foxboxrewards.com,Phishing,mock_Mock_Data_01_08_2025.xlsx
icicibanknet.com,Phishing,mock_Mock_Data_01_08_2025.xlsx
icicibankpaytm.com,Phishing,mock_Mock_Data_01_08_2025.xlsx
icicibank.bo,Phishing,mock_Mock_Data_01_08_2025.xlsx
hussam22icici.website,Phishing,mock_Mock_Data_01_08_2025.xlsx
icicicorporatebanking.co.in,Phishing,mock_Mock_Data_01_08_2025.xlsx
encryption-icicibank.snnhbdwfk.ru,Phishing,mock_Mock_Data_01_08_2025.xlsx
icicimaster.kittybloger.strutlearning.com,Phishing,mock_Mock_Data_01_08_2025.xlsx
icicibank.cardservice.in,Phishing,mock_Mock_Data_01_08_2025.xlsx
cicibnk.online,Phishing,mock_Mock_Data_01_08_2025.xlsx
icicilombardtravel.com,Phishing,mock_Mock_Data_01_08_2025.xlsx
icici.git.gitlab.git.git.winetrove.co.uk,Phishing,mock_Mock_Data_01_08_2025.xlsx
icici.platinum.cc,Phishing,mock_Mock_Data_01_08_2025.xlsx
icici.indiafilings.com,Phishing,mock_Mock_Data_01_08_2025.xlsx
accounts.icici.eximfiles.io,Phishing,mock_Mock_Data_01_08_2025.xlsx
icici.bankifsccode.finance,Phishing,mock_Mock_Data_01_08_2025.xlsx
assets.icicibank.com.mcas.ms,Phishing,mock_Mock_Data_01_08_2025.xlsx
assets.icicibank.com.admin-mcas.ms,Phishing,mock_Mock_Data_01_08_2025.xlsx
icici-icici-stagingproxy.cloud.sitefinity.com,Phishing,mock_Mock_Data_01_08_2025.xlsx
iciciservices.dspfastrecharge.com,Phishing,mock_Mock_Data_01_08_2025.xlsx
bk.ciibank.de,Phishing,mock_Mock_Data_01_08_2025.xlsx
icici.luxindustries.com,Phishing,mock_Mock_Data_01_08_2025.xlsx
icici.fanz.in,Phishing,mock_Mock_Data_01_08_2025.xlsx
icicibank-staging.kinokong.cc,Phishing,mock_Mock_Data_01_08_2025.xlsx
howtoredeemicicicreditcardrewardpointsonline.ml,Phishing,mock_Mock_Data_01_08_2025.xlsx
eest.in,Phishing,mock_Mock_Data_01_08_2025.xlsx
www.surcation.com,Phishing,mock_Mock_Data_01_08_2025.xlsx
icicit.cn,Phishing,mock_Mock_Data_01_08_2025.xlsx
oticicith.ml,Phishing,mock_Mock_Data_01_08_2025.xlsx
iscconline.com,Phishing,mock_Mock_Data_01_08_2025.xlsx
mobileicicibank.com,Phishing,mock_Mock_Data_01_08_2025.xlsx
comicicidirect.com,Phishing,mock_Mock_Data_01_08_2025.xlsx
iciciauction.com,Phishing,mock_Mock_Data_01_08_2025.xlsx
icicit.net,Phishing,mock_Mock_Data_01_08_2025.xlsx
icicivehichleinsurance.com,Phishing,mock_Mock_Data_01_08_2025.xlsx
icicibankhyd.com,Phishing,mock_Mock_Data_01_08_2025.xlsx
icibank.org,Phishing,mock_Mock_Data_01_08_2025.xlsx
2icicibank.com,Phishing,mock_Mock_Data_01_08_2025.xlsx
clicici.net,Phishing,mock_Mock_Data_01_08_2025.xlsx
icicibank-vip.top,Phishing,mock_Mock_Data_01_08_2025.xlsx
icici.cn,Phishing,mock_Mock_Data_01_08_2025.xlsx
icicigroup.com.cn,Phishing,mock_Mock_Data_01_08_2025.xlsx
icicigroup.cn,Phishing,mock_Mock_Data_01_08_2025.xlsx
aicici.org,Phishing,mock_Mock_Data_01_08_2025.xlsx
icicilombardmails.com,Phishing,mock_Mock_Data_01_08_2025.xlsx
icici3a.xyz,Phishing,mock_Mock_Data_01_08_2025.xlsx
icicismartcard.com,Phishing,mock_Mock_Data_01_08_2025.xlsx
icicibankstatements.in,Phishing,mock_Mock_Data_01_08_2025.xlsx
icicibank.infonity.com,Phishing,mock_Mock_Data_01_08_2025.xlsx
iciciba.comk.com,Phishing,mock_Mock_Data_01_08_2025.xlsx
icici.evolvewebinfo.in,Phishing,mock_Mock_Data_01_08_2025.xlsx
icicibank.razorpa.com,Phishing,mock_Mock_Data_01_08_2025.xlsx
icici.squareoffbots.com,Phishing,mock_Mock_Data_01_08_2025.xlsx
icici.masterpay.pro,Phishing,mock_Mock_Data_01_08_2025.xlsx
icici.gatisofttech.com,Phishing,mock_Mock_Data_01_08_2025.xlsx
icicibank.dev.test4wd.com,Phishing,mock_Mock_Data_01_08_2025.xlsx
icici.infomedha.in,Phishing,mock_Mock_Data_01_08_2025.xlsx
icicibank.infomedha.in,Phishing,mock_Mock_Data_01_08_2025.xlsx
icici.ariticapp.com,Phishing,mock_Mock_Data_01_08_2025.xlsx
icici.nom.za,Phishing,mock_Mock_Data_01_08_2025.xlsx
iciciadcampagin.dhanyogis.com,Phishing,mock_Mock_Data_01_08_2025.xlsx
visiticici.com,Phishing,mock_Mock_Data_01_08_2025.xlsx
nearshopicici.nearshopping.org,Phishing,mock_Mock_Data_01_08_2025.xlsx
customercareicicibank.in,Phishing,mock_Mock_Data_01_08_2025.xlsx
icicilombard.tw,Phishing,mock_Mock_Data_01_08_2025.xlsx
cic-bank.com,Phishing,mock_Mock_Data_01_08_2025.xlsx
mail-icicibank.co.in,Phishing,mock_Mock_Data_01_08_2025.xlsx
cicicim.com,Phishing,mock_Mock_Data_01_08_2025.xlsx
iciciloan.ubona.com,Phishing,mock_Mock_Data_01_08_2025.xlsx
www.icicibank-staging.la2-univer.ru,Phishing,mock_Mock_Data_01_08_2025.xlsx
icicibank.mytruebank.com,Phishing,mock_Mock_Data_01_08_2025.xlsx
icicibankhome.in,Phishing,mock_Mock_Data_01_08_2025.xlsx
icicibankindia.co.in,Phishing,mock_Mock_Data_01_08_2025.xlsx
icici.pro,Phishing,mock_Mock_Data_01_08_2025.xlsx
campaign-icicibanksmartech-54938-583899-16329857-raghavendra.dm,Phishing,mock_Mock_Data_01_08_2025.xlsx
icicibankfinance.co.in,Phishing,mock_Mock_Data_01_08_2025.xlsx
icicibank.solutions,Phishing,mock_Mock_Data_01_08_2025.xlsx
vultrtechnologies.com,Phishing,mock_Mock_Data_01_08_2025.xlsx
cappicicipi.my.id,Phishing,mock_Mock_Data_01_08_2025.xlsx
gohighlevel.blog,Phishing,mock_Mock_Data_01_08_2025.xlsx
staging.cicd.iciciprulife.co,Phishing,mock_Mock_Data_01_08_2025.xlsx
m.api.icicicdirect.com,Phishing,mock_Mock_Data_01_08_2025.xlsx
ilmuse.icicilombard.co,Phishing,mock_Mock_Data_01_08_2025.xlsx
test.ams.iciciprulife.co,Phishing,mock_Mock_Data_01_08_2025.xlsx
diciciy.com,Phishing,mock_Mock_Data_01_08_2025.xlsx
icici.banklocationmaps.fr,Phishing,mock_Mock_Data_01_08_2025.xlsx
ccbank.xyz,Phishing,mock_Mock_Data_01_08_2025.xlsx
icici20241104.nbupaymentsvendorcerts.com,Phishing,mock_Mock_Data_01_08_2025.xlsx
myicicilombard.zapto.xyz,Phishing,mock_Mock_Data_01_08_2025.xlsx
obuk-api-iciciuk.macroiglobal.co.uk,Phishing,mock_Mock_Data_01_08_2025.xlsx
icicibank.com.co,Phishing,mock_Mock_Data_01_08_2025.xlsx
icibank.in,Phishing,mock_Mock_Data_01_08_2025.xlsx
icicilombard-smr.in.anandvanresidency.com,Phishing,mock_Mock_Data_01_08_2025.xlsx
findresultsonline.com,Phishing,mock_Mock_Data_01_08_2025.xlsx
icici.ttus.co.in,Phishing,mock_Mock_Data_01_08_2025.xlsx
iyfbodn.com,Phishing,mock_Mock_Data_01_08_2025.xlsx
icicipg.ms,Phishing,mock_Mock_Data_01_08_2025.xlsx
payicici.royalstarglobaltrust.com,Phishing,mock_Mock_Data_01_08_2025.xlsx
cicicici.direct.quickconnect.cn,Phishing,mock_Mock_Data_01_08_2025.xlsx
ww25.careericici.com,Phishing,mock_Mock_Data_01_08_2025.xlsx
www.myrewardscredit.in,Phishing,mock_Mock_Data_01_08_2025.xlsx
icici.next.co.in,Phishing,mock_Mock_Data_01_08_2025.xlsx
cicici.us.kg,Phishing,mock_Mock_Data_01_08_2025.xlsx
icici-retail.hod.life,Phishing,mock_Mock_Data_01_08_2025.xlsx
test.app.icicibamk.com,Phishing,mock_Mock_Data_01_08_2025.xlsx
ww17.api.icicibamk.com,Phishing,mock_Mock_Data_01_08_2025.xlsx
dev.admin.iciciproperties.com,Phishing,mock_Mock_Data_01_08_2025.xlsx
gisinfotech.net,Phishing,mock_Mock_Data_01_08_2025.xlsx
cicici.autocode.gg,Phishing,mock_Mock_Data_01_08_2025.xlsx
cicicicicici.direct.quickconnect.to,Phishing,mock_Mock_Data_01_08_2025.xlsx
icici.dsi.dev,Phishing,mock_Mock_Data_01_08_2025.xlsx
fficici.payuat.com,Phishing,mock_Mock_Data_01_08_2025.xlsx
returnicici.qtechsoftware.com,Phishing,mock_Mock_Data_01_08_2025.xlsx
tmcicici.com,Phishing,mock_Mock_Data_01_08_2025.xlsx
beicicimagto.ml,Phishing,mock_Mock_Data_01_08_2025.xlsx
rewardsclaim.in,Phishing,mock_Mock_Data_01_08_2025.xlsx
icicidirect.blogspot.tw,Phishing,mock_Mock_Data_01_08_2025.xlsx
icici-upi.1automations.com,Phishing,mock_Mock_Data_01_08_2025.xlsx
icicibank.career.ca,Phishing,mock_Mock_Data_01_08_2025.xlsx
icici.billingbooster.com,Phishing,mock_Mock_Data_01_08_2025.xlsx
icici.storyloyalty.com,Phishing,mock_Mock_Data_01_08_2025.xlsx
icicihealth.com,Phishing,mock_Mock_Data_01_08_2025.xlsx
hostmaster.icicicareer.com,Phishing,mock_Mock_Data_01_08_2025.xlsx
icici.digitify.app,Phishing,mock_Mock_Data_01_08_2025.xlsx
ucjdficicibank3820.molly.gpinfo.eu,Phishing,mock_Mock_Data_01_08_2025.xlsx
icicibankltd.masterjp-thebest.shop,Phishing,mock_Mock_Data_01_08_2025.xlsx
icici.banklocationmaps.in,Phishing,mock_Mock_Data_01_08_2025.xlsx
icici.bank.cariar.com,Phishing,mock_Mock_Data_01_08_2025.xlsx
icici-share-login.loginiiportal.com,Phishing,mock_Mock_Data_01_08_2025.xlsx
ww11.icicibankbizcircle.taolu.lol,Phishing,mock_Mock_Data_01_08_2025.xlsx
icici.foudation.org,Phishing,mock_Mock_Data_01_08_2025.xlsx
icici.com.es,Phishing,mock_Mock_Data_01_08_2025.xlsx
icici-uat.goldbee.in,Phishing,mock_Mock_Data_01_08_2025.xlsx
icici.carer.com,Phishing,mock_Mock_Data_01_08_2025.xlsx
icici.exam.org,Phishing,mock_Mock_Data_01_08_2025.xlsx
icicibankk.cc,Phishing,mock_Mock_Data_01_08_2025.xlsx
icicibankclaimreward-icicibank.eservicemoi-govkw.com,Phishing,mock_Mock_Data_01_08_2025.xlsx
icicisecurities.in-com.org,Phishing,mock_Mock_Data_01_08_2025.xlsx
icicibankltd-my.sharepoint.com,Phishing,mock_Mock_Data_01_08_2025.xlsx
icicibankltd.sharepoint.com,Phishing,mock_Mock_Data_01_08_2025.xlsx
campaign-icicibanksmartech-54938-581889-53729628-dayanand.th,Phishing,mock_Mock_Data_01_08_2025.xlsx
campaign-icicibanksmartech-54938-581889-16329857-raghavendra.dm,Phishing,mock_Mock_Data_01_08_2025.xlsx
icicibank.om,Phishing,mock_Mock_Data_01_08_2025.xlsx
api.abha.iciciprulife.co,Phishing,mock_Mock_Data_01_08_2025.xlsx
icicibank-staging.govjobfinder.com,Phishing,mock_Mock_Data_01_08_2025.xlsx
icicibank.c1neon.com,Phishing,mock_Mock_Data_01_08_2025.xlsx
icicilifeinsurance.com,Phishing,mock_Mock_Data_01_08_2025.xlsx
icici-api.complyment.com,Phishing,mock_Mock_Data_01_08_2025.xlsx
iciciapi.omnistrate.com,Phishing,mock_Mock_Data_01_08_2025.xlsx
iciciservices.shristype.com,Phishing,mock_Mock_Data_01_08_2025.xlsx
iciciservices.takeitec.in,Phishing,mock_Mock_Data_01_08_2025.xlsx
iciciservices.extraincome.org.in,Phishing,mock_Mock_Data_01_08_2025.xlsx
iciciservices.trusteasy.in,Phishing,mock_Mock_Data_01_08_2025.xlsx
icicidirects.co,Phishing,mock_Mock_Data_01_08_2025.xlsx
icicitrading.co,Phishing,mock_Mock_Data_01_08_2025.xlsx
icici.qdegrees.com,Phishing,mock_Mock_Data_01_08_2025.xlsx
iciciservices.otavamnr.co,Phishing,mock_Mock_Data_01_08_2025.xlsx
icicinri.com,Phishing,mock_Mock_Data_01_08_2025.xlsx
icicitoken.ledgers.cloud,Phishing,mock_Mock_Data_01_08_2025.xlsx
icici.carrer.in,Phishing,mock_Mock_Data_01_08_2025.xlsx
icicibank.fbmlive.com,Phishing,mock_Mock_Data_01_08_2025.xlsx
icici.woho.in,Phishing,mock_Mock_Data_01_08_2025.xlsx
icicibank.carreer.com,Phishing,mock_Mock_Data_01_08_2025.xlsx
icicifake.000webhostapp.com,Phishing,mock_Mock_Data_01_08_2025.xlsx
icicipru.amc.in,Phishing,mock_Mock_Data_01_08_2025.xlsx
iciciint.cubehighways.com,Phishing,mock_Mock_Data_01_08_2025.xlsx
icicicj.shop,Phishing,mock_Mock_Data_01_08_2025.xlsx
api-admin-icici-bap-preprod.bharatvyapaar.com,Phishing,mock_Mock_Data_01_08_2025.xlsx
iciciprulife-evl.onignio.com,Phishing,mock_Mock_Data_01_08_2025.xlsx
it.icici.asset.com,Phishing,mock_Mock_Data_01_08_2025.xlsx
icicipru.co,Phishing,mock_Mock_Data_01_08_2025.xlsx
icici.birect.com,Phishing,mock_Mock_Data_01_08_2025.xlsx
icicibank.giftz.ai,Phishing,mock_Mock_Data_01_08_2025.xlsx
icicihdfc.com,Phishing,mock_Mock_Data_01_08_2025.xlsx
foreveryoung.enterprises,Phishing,mock_Mock_Data_01_08_2025.xlsx
foreveryoung.luxury,Phishing,mock_Mock_Data_01_08_2025.xlsx
foreveryoungrp.com,Phishing,mock_Mock_Data_01_08_2025.xlsx
cs-iciciprulife.com,Phishing,mock_Mock_Data_01_08_2025.xlsx
www.my.bicici.com,Phishing,mock_Mock_Data_01_08_2025.xlsx
ww51.icicicibank.com,Phishing,mock_Mock_Data_01_08_2025.xlsx
add.icicici.com,Phishing,mock_Mock_Data_01_08_2025.xlsx
www.ww.icicidirct.com,Phishing,mock_Mock_Data_01_08_2025.xlsx
content.icicidirect.co,Phishing,mock_Mock_Data_01_08_2025.xlsx
kaanficici.com,Phishing,mock_Mock_Data_01_08_2025.xlsx
ww38.icicibankcareer.xyz,Phishing,mock_Mock_Data_01_08_2025.xlsx
ww38.icicibankpersonalloan.xyz,Phishing,mock_Mock_Data_01_08_2025.xlsx
www.app.icicibankcreditcard.com,Phishing,mock_Mock_Data_01_08_2025.xlsx
hostmaster.www.icicibankcreditcard.com,Phishing,mock_Mock_Data_01_08_2025.xlsx
www.in.icicibankcreditcard.com,Phishing,mock_Mock_Data_01_08_2025.xlsx
www.old.icicibankcreditcard.com,Phishing,mock_Mock_Data_01_08_2025.xlsx
www.www.metric.icicibankcreditcard.com,Phishing,mock_Mock_Data_01_08_2025.xlsx
www.icicibank.icicilombart.com,Phishing,mock_Mock_Data_01_08_2025.xlsx
forums.icicibankcreditcard.com,Phishing,mock_Mock_Data_01_08_2025.xlsx
reports.icicibankcreditcard.com,Phishing,mock_Mock_Data_01_08_2025.xlsx
mail.icicibankco.com,Phishing,mock_Mock_Data_01_08_2025.xlsx
catalog.eazypayicicibank.com,Phishing,mock_Mock_Data_01_08_2025.xlsx
checkmypersonalloanstatusicicibank.com.cialisonla.com,Phishing,mock_Mock_Data_01_08_2025.xlsx
ebrubicici.com,Phishing,mock_Mock_Data_01_08_2025.xlsx
admin.wwwicicibank.com,Phishing,mock_Mock_Data_01_08_2025.xlsx
icicibank.comndeed.com,Phishing,mock_Mock_Data_01_08_2025.xlsx
acqweb.icicicibank.com,Phishing,mock_Mock_Data_01_08_2025.xlsx
eazypayapp.icicibnk.com,Phishing,mock_Mock_Data_01_08_2025.xlsx
icicidirectn.co,Phishing,mock_Mock_Data_01_08_2025.xlsx
icicibankonnect.co,Phishing,mock_Mock_Data_01_08_2025.xlsx
icicibank.newsfeedsmartapps.com,Phishing,mock_Mock_Data_01_08_2025.xlsx
icicibankkonnect.co,Phishing,mock_Mock_Data_01_08_2025.xlsx
icicibankbizcircle.rawranked.com,Phishing,mock_Mock_Data_01_08_2025.xlsx
ns.icicidirectlogin.com,Phishing,mock_Mock_Data_01_08_2025.xlsx
eazypay.icicibak.com,Phishing,mock_Mock_Data_01_08_2025.xlsx
yoginicici.com,Phishing,mock_Mock_Data_01_08_2025.xlsx
ww16.dns1.icicibank.sbs,Phishing,mock_Mock_Data_01_08_2025.xlsx
icicibank.flatworldrewards.com,Phishing,mock_Mock_Data_01_08_2025.xlsx
www.icicibank.comflowise.symptomsoflowoxygen.site,Phishing,mock_Mock_Data_01_08_2025.xlsx
aiadvantage.info,Phishing,mock_Mock_Data_01_08_2025.xlsx
moneyworld.top,Phishing,mock_Mock_Data_01_08_2025.xlsx
icicenter.org,Phishing,mock_Mock_Data_01_08_2025.xlsx
cclcinvestments.com,Phishing,mock_Mock_Data_01_08_2025.xlsx
rewardsicici.com,Phishing,mock_Mock_Data_01_08_2025.xlsx
icicibank.io,Phishing,mock_Mock_Data_01_08_2025.xlsx
clclcl.cloud,Phishing,mock_Mock_Data_01_08_2025.xlsx
lclcldd.org,Phishing,mock_Mock_Data_01_08_2025.xlsx
icicl.icu,Phishing,mock_Mock_Data_01_08_2025.xlsx
moneymeals.app,Phishing,mock_Mock_Data_01_08_2025.xlsx
icicnsg.com,Phishing,mock_Mock_Data_01_08_2025.xlsx
cicifinance.com,Phishing,mock_Mock_Data_01_08_2025.xlsx
seconline.com,Phishing,mock_Mock_Data_01_08_2025.xlsx
ecicsinsurance.com,Phishing,mock_Mock_Data_01_08_2025.xlsx
iciciservices.online,Phishing,mock_Mock_Data_01_08_2025.xlsx
icicicareers.cloud,Phishing,mock_Mock_Data_01_08_2025.xlsx
foreveryong.lat,Phishing,mock_Mock_Data_01_08_2025.xlsx
lclclcklc.xyz,Phishing,mock_Mock_Data_01_08_2025.xlsx
beattheheat.asia,Phishing,mock_Mock_Data_01_08_2025.xlsx
mekicici.fun,Phishing,mock_Mock_Data_01_08_2025.xlsx
sotericicients.shop,Phishing,mock_Mock_Data_01_08_2025.xlsx
moneyworld.money,Phishing,mock_Mock_Data_01_08_2025.xlsx
ww17.dashboards.icicicdirect.com,Phishing,mock_Mock_Data_01_08_2025.xlsx
icici.icicilombart.com,Phishing,mock_Mock_Data_01_08_2025.xlsx
icicibankgames.byethost.com,Phishing,mock_Mock_Data_01_08_2025.xlsx
icicibanklearn.byethost.com,Phishing,mock_Mock_Data_01_08_2025.xlsx
banklearn.blogspot.com,Phishing,mock_Mock_Data_01_08_2025.xlsx
banklearn.byethost.com,Phishing,mock_Mock_Data_01_08_2025.xlsx
57e0d8d2686c.dms.iciciprulife.co,Phishing,mock_Mock_Data_01_08_2025.xlsx
57e0d8d2686c.healthclaims.iciciprulife.co,Phishing,mock_Mock_Data_01_08_2025.xlsx
57e0d8d2686c.shikhileexed.iciciprulife.co,Phishing,mock_Mock_Data_01_08_2025.xlsx
icicinribanking.byethost.com,Phishing,mock_Mock_Data_01_08_2025.xlsx
icicibankfinancial.byethost.com,Phishing,mock_Mock_Data_01_08_2025.xlsx
icicifinancial.byethost.com,Phishing,mock_Mock_Data_01_08_2025.xlsx
iciciinsure.byethost.com,Phishing,mock_Mock_Data_01_08_2025.xlsx
icicibankinsure.byethost.com,Phishing,mock_Mock_Data_01_08_2025.xlsx
lclc1bank.byethost.com,Phishing,mock_Mock_Data_01_08_2025.xlsx
lclcibank.byethost.com,Phishing,mock_Mock_Data_01_08_2025.xlsx
icicitwowheelerloans.byethost.com,Phishing,mock_Mock_Data_01_08_2025.xlsx
icicifunding.byethost.com,Phishing,mock_Mock_Data_01_08_2025.xlsx
iciciassets.byethost.com,Phishing,mock_Mock_Data_01_08_2025.xlsx
icicifund.byethost.com,Phishing,mock_Mock_Data_01_08_2025.xlsx
icicistocks.byethost.com,Phishing,mock_Mock_Data_01_08_2025.xlsx
icicibankstocks.byethost.com,Phishing,mock_Mock_Data_01_08_2025.xlsx
icicibankcarinsurance.byethost.com,Phishing,mock_Mock_Data_01_08_2025.xlsx
icicibankconsumerfinance.byethost.com,Phishing,mock_Mock_Data_01_08_2025.xlsx
icicismartloans.byethost.com,Phishing,mock_Mock_Data_01_08_2025.xlsx
icicibankcapitalmarkets.byethost.com,Phishing,mock_Mock_Data_01_08_2025.xlsx
icicibankiplay.byethost.com,Phishing,mock_Mock_Data_01_08_2025.xlsx
icicibankinstantgoldloan.byethost.com,Phishing,mock_Mock_Data_01_08_2025.xlsx
icicibankflexicash.byethost.com,Phishing,mock_Mock_Data_01_08_2025.xlsx
icicibankfdi.byethost.com,Phishing,mock_Mock_Data_01_08_2025.xlsx
iciciholdinglimited.byethost.com,Phishing,mock_Mock_Data_01_08_2025.xlsx
iciciholdingslimited.byethost.com,Phishing,mock_Mock_Data_01_08_2025.xlsx
iciciholdingsltd.byethost.com,Phishing,mock_Mock_Data_01_08_2025.xlsx
icicibankholding.byethost.com,Phishing,mock_Mock_Data_01_08_2025.xlsx
icicibankholdings.byethost.com,Phishing,mock_Mock_Data_01_08_2025.xlsx
iciciholdings.byethost.com,Phishing,mock_Mock_Data_01_08_2025.xlsx
icicitrust.byethost.com,Phishing,mock_Mock_Data_01_08_2025.xlsx
icicbnk.byethost.com,Phishing,mock_Mock_Data_01_08_2025.xlsx
icicibnk.byethost.com,Phishing,mock_Mock_Data_01_08_2025.xlsx
icicifundings.byethost.com,Phishing,mock_Mock_Data_01_08_2025.xlsx
icicigroupcompanies.byethost.com,Phishing,mock_Mock_Data_01_08_2025.xlsx
pruicicilife.byethost.com,Phishing,mock_Mock_Data_01_08_2025.xlsx
icicibank.byethost.com,Phishing,mock_Mock_Data_01_08_2025.xlsx
icicilbank.cc,Phishing,mock_Mock_Data_01_08_2025.xlsx
icicisky.com,Phishing,mock_Mock_Data_01_08_2025.xlsx
simplexins.com,Phishing,mock_Mock_Data_01_08_2025.xlsx
icicibcsk.blog,Phishing,mock_Mock_Data_01_08_2025.xlsx
electrica-bicicileta-br11.sbs,Phishing,mock_Mock_Data_01_08_2025.xlsx
isliciciea.shop,Phishing,mock_Mock_Data_01_08_2025.xlsx
icicibonka.sbs,Phishing,mock_Mock_Data_01_08_2025.xlsx
radicicircolari.org,Phishing,mock_Mock_Data_01_08_2025.xlsx
radicicircolari.bio,Phishing,mock_Mock_Data_01_08_2025.xlsx
iciciibank.cc,Phishing,mock_Mock_Data_01_08_2025.xlsx
ffsandusr0vcarduaticicibank.ngo.za,Phishing,mock_Mock_Data_01_08_2025.xlsx
icicilbank.bond,Phishing,mock_Mock_Data_01_08_2025.xlsx
icicibankltd.karimnagarlive.in,Phishing,mock_Mock_Data_01_08_2025.xlsx
icicibankbg.help.org,Phishing,mock_Mock_Data_01_08_2025.xlsx
icicilibank.cc,Phishing,mock_Mock_Data_01_08_2025.xlsx
icbc-support.com,Phishing,mock_Mock_Data_01_08_2025.xlsx
ext.icicibnk.com,Phishing,mock_Mock_Data_01_08_2025.xlsx
buy.icicibamk.com,Phishing,mock_Mock_Data_01_08_2025.xlsx
crm.icicibamk.com,Phishing,mock_Mock_Data_01_08_2025.xlsx
edbabhappy.icicibank.live,Phishing,mock_Mock_Data_01_08_2025.xlsx
user.icici.de,Phishing,mock_Mock_Data_01_08_2025.xlsx
icici-account.top,Phishing,mock_Mock_Data_01_08_2025.xlsx
iccisupport.com,Phishing,mock_Mock_Data_01_08_2025.xlsx
icicibankbg.help,Phishing,mock_Mock_Data_01_08_2025.xlsx
icicibankbg.top,Phishing,mock_Mock_Data_01_08_2025.xlsx
ww38.icici.blog,Phishing,mock_Mock_Data_01_08_2025.xlsx
iciciiibank.cc,Phishing,mock_Mock_Data_01_08_2025.xlsx
rd.icicibannk.com,Phishing,mock_Mock_Data_01_08_2025.xlsx
iccgroup.partners,Phishing,mock_Mock_Data_01_08_2025.xlsx
iciciinbank.sbs,Phishing,mock_Mock_Data_01_08_2025.xlsx
icicu.icu,Phishing,mock_Mock_Data_01_08_2025.xlsx
icic-gift.sbs,Phishing,mock_Mock_Data_01_08_2025.xlsx
clclcls.site,Phishing,mock_Mock_Data_01_08_2025.xlsx
ww38.random.iciciamc.com,Phishing,mock_Mock_Data_01_08_2025.xlsx
licici.com,Phishing,mock_Mock_Data_01_08_2025.xlsx
icic-gift.cfd,Phishing,mock_Mock_Data_01_08_2025.xlsx
icicisupport.services,Phishing,mock_Mock_Data_01_08_2025.xlsx
mx7.iciciprulife.co,Phishing,mock_Mock_Data_01_08_2025.xlsx
icicibankiv.sbs,Phishing,mock_Mock_Data_01_08_2025.xlsx
icicibankue.sbs,Phishing,mock_Mock_Data_01_08_2025.xlsx
ww25.inzqdoapnext.icicibamk.com,Phishing,mock_Mock_Data_01_08_2025.xlsx
money-world.online,Phishing,mock_Mock_Data_01_08_2025.xlsx
ww38.inprepaid.icicilogin.com,Phishing,mock_Mock_Data_01_08_2025.xlsx
57e0d8d2686c.correo.iciciprulife.co,Phishing,mock_Mock_Data_01_08_2025.xlsx
icici.carrers.com,Phishing,mock_Mock_Data_01_08_2025.xlsx
57e0d8d2686c.remote.iciciprulife.co,Phishing,mock_Mock_Data_01_08_2025.xlsx
oficicinati.it.com,Phishing,mock_Mock_Data_01_08_2025.xlsx
icicestvrai.fr,Phishing,mock_Mock_Data_01_08_2025.xlsx
icicarecrute.fr,Phishing,mock_Mock_Data_01_08_2025.xlsx
icicaplante.fr,Phishing,mock_Mock_Data_01_08_2025.xlsx
icicciaio.it,Phishing,mock_Mock_Data_01_08_2025.xlsx
eticicibebe.xxx,Phishing,mock_Mock_Data_01_08_2025.xlsx
foreveryoung.cc,Phishing,mock_Mock_Data_01_08_2025.xlsx
foreveryoung.bio,Phishing,mock_Mock_Data_01_08_2025.xlsx
icicibsnk.buzz,Phishing,mock_Mock_Data_01_08_2025.xlsx
iciciaccount.top,Phishing,mock_Mock_Data_01_08_2025.xlsx
icicibsnk.cfd,Phishing,mock_Mock_Data_01_08_2025.xlsx
iciciaccount.cfd,Phishing,mock_Mock_Data_01_08_2025.xlsx
icicibsnk.sbs,Phishing,mock_Mock_Data_01_08_2025.xlsx
vpicicibank.com,Phishing,mock_Mock_Data_01_08_2025.xlsx
team-icicibank.com,Phishing,mock_Mock_Data_01_08_2025.xlsx
icicibankservices.com,Phishing,mock_Mock_Data_01_08_2025.xlsx
m.icici-bank.com,Phishing,mock_Mock_Data_01_08_2025.xlsx
lclclc.lc,Phishing,mock_Mock_Data_01_08_2025.xlsx
icici.autopay.co,Phishing,mock_Mock_Data_01_08_2025.xlsx
icicbe.com,Phishing,mock_Mock_Data_01_08_2025.xlsx
iciholdings.com,Phishing,mock_Mock_Data_01_08_2025.xlsx
moneyworld.it.com,Phishing,mock_Mock_Data_01_08_2025.xlsx
icbank-points.cfd,Phishing,mock_Mock_Data_01_08_2025.xlsx
iciholdings.online,Phishing,mock_Mock_Data_01_08_2025.xlsx
icici-prudential-mutualfund-dev.conspire.app,Phishing,mock_Mock_Data_01_08_2025.xlsx
scsignatureliving.com,Phishing,mock_Mock_Data_01_08_2025.xlsx
8394bcb5-9c53-4215-b9c3-2c70b159ccfa.icici.de,Phishing,mock_Mock_Data_01_08_2025.xlsx
iciciqiv.pages.dev,Phishing,mock_Mock_Data_01_08_2025.xlsx
ww1.icicidierct.com,Phishing,mock_Mock_Data_01_08_2025.xlsx
2084b156-25b2-4493-8565-c3a93c6a21ab.icicibank.live,Phishing,mock_Mock_Data_01_08_2025.xlsx
cardsprotection.in,Phishing,mock_Mock_Data_01_08_2025.xlsx
points-icici.sbs,Phishing,mock_Mock_Data_01_08_2025.xlsx
icici-linkpoint.sbs,Phishing,mock_Mock_Data_01_08_2025.xlsx
ww17.int.icicibamk.com,Phishing,mock_Mock_Data_01_08_2025.xlsx
int.icicibamk.com,Phishing,mock_Mock_Data_01_08_2025.xlsx
foreveryoung.click,Phishing,mock_Mock_Data_01_08_2025.xlsx
ww17.inrprepaid.icicibamk.com,Phishing,mock_Mock_Data_01_08_2025.xlsx
ww25.bigdata.icicibamk.com,Phishing,mock_Mock_Data_01_08_2025.xlsx
sitemap.secureicicidirect.com,Phishing,mock_Mock_Data_01_08_2025.xlsx
ww25.service.icicibamk.com,Phishing,mock_Mock_Data_01_08_2025.xlsx
ww25.fastagalogin.icicibamk.com,Phishing,mock_Mock_Data_01_08_2025.xlsx
ww38.iihc.icicilomboard.com,Phishing,mock_Mock_Data_01_08_2025.xlsx
account.icicisecurity.com,Phishing,mock_Mock_Data_01_08_2025.xlsx
california.icicicdirect.com,Phishing,mock_Mock_Data_01_08_2025.xlsx
ww38.i.icicilomboard.com,Phishing,mock_Mock_Data_01_08_2025.xlsx
ww38.crm.icicilomboard.com,Phishing,mock_Mock_Data_01_08_2025.xlsx
ww16.help.icicibamk.com,Phishing,mock_Mock_Data_01_08_2025.xlsx
ww38.support.icicilomboard.com,Phishing,mock_Mock_Data_01_08_2025.xlsx
ww38.demo.icicilomboard.com,Phishing,mock_Mock_Data_01_08_2025.xlsx
ww38.dev.icicilomboard.com,Phishing,mock_Mock_Data_01_08_2025.xlsx
ww25.staging.icicicdirect.com,Phishing,mock_Mock_Data_01_08_2025.xlsx
ww38.sitemap.icicilomboard.com,Phishing,mock_Mock_Data_01_08_2025.xlsx
ww38.administration.icicilomboard.com,Phishing,mock_Mock_Data_01_08_2025.xlsx
ww38.user.icicilomboard.com,Phishing,mock_Mock_Data_01_08_2025.xlsx
inrprepaid.icicibsnk.com,Phishing,mock_Mock_Data_01_08_2025.xlsx
ww25.mobile.icicibamk.com,Phishing,mock_Mock_Data_01_08_2025.xlsx
www.forum.icicicdirect.com,Phishing,mock_Mock_Data_01_08_2025.xlsx
ww38.api.icicilomboard.com,Phishing,mock_Mock_Data_01_08_2025.xlsx
ww38.icicilomboard.com,Phishing,mock_Mock_Data_01_08_2025.xlsx
ww38.securesmtp.icicilomboard.com,Phishing,mock_Mock_Data_01_08_2025.xlsx
ww38.smtp.icicilomboard.com,Phishing,mock_Mock_Data_01_08_2025.xlsx
ww38.partner.icicilomboard.com,Phishing,mock_Mock_Data_01_08_2025.xlsx
ww38.fastrack.icicilomboard.com,Phishing,mock_Mock_Data_01_08_2025.xlsx
ww38.tickets.icicilomboard.com,Phishing,mock_Mock_Data_01_08_2025.xlsx
ww25.collectionsapp.icicibamk.com,Phishing,mock_Mock_Data_01_08_2025.xlsx
ww38.edison.icicilomboard.com,Phishing,mock_Mock_Data_01_08_2025.xlsx
ww38.bi.icicilomboard.com,Phishing,mock_Mock_Data_01_08_2025.xlsx
ww25.forum.icicicdirect.com,Phishing,mock_Mock_Data_01_08_2025.xlsx
ww38.staging.icicilomboard.com,Phishing,mock_Mock_Data_01_08_2025.xlsx
arcosdr.iciciprulife.co,Phishing,mock_Mock_Data_01_08_2025.xlsx
ww25.autodiscover.icicilombard.co,Phishing,mock_Mock_Data_01_08_2025.xlsx
ww17.fastaglogin.icicibamk.com,Phishing,mock_Mock_Data_01_08_2025.xlsx
ww25.ww5.icicibamk.com,Phishing,mock_Mock_Data_01_08_2025.xlsx
www.ilens.icicibamk.com,Phishing,mock_Mock_Data_01_08_2025.xlsx
ww38.workflow.icicilomboard.com,Phishing,mock_Mock_Data_01_08_2025.xlsx
ww25.notexistscollectionsapp.icicibamk.com,Phishing,mock_Mock_Data_01_08_2025.xlsx
ww16.directlink.icicicdirect.com,Phishing,mock_Mock_Data_01_08_2025.xlsx
ww17.help.icicibamk.com,Phishing,mock_Mock_Data_01_08_2025.xlsx
ww25.backup.icicicdirect.com,Phishing,mock_Mock_Data_01_08_2025.xlsx
ww25.log.icicibamk.com,Phishing,mock_Mock_Data_01_08_2025.xlsx
ww38.nysa.iciciclombard.com,Phishing,mock_Mock_Data_01_08_2025.xlsx
ww25.itasktrailportal.icicprulife.com,Phishing,mock_Mock_Data_01_08_2025.xlsx
ww25.cmart.icicibamk.com,Phishing,mock_Mock_Data_01_08_2025.xlsx
ww25.notexistsautodiscover.icicibamk.com,Phishing,mock_Mock_Data_01_08_2025.xlsx
ww17.site1.icicibamk.com,Phishing,mock_Mock_Data_01_08_2025.xlsx
ww16.shop.icicicdirect.com,Phishing,mock_Mock_Data_01_08_2025.xlsx
ww38.uat.iciciclombard.com,Phishing,mock_Mock_Data_01_08_2025.xlsx
vmsweb.icicibsnk.com,Phishing,mock_Mock_Data_01_08_2025.xlsx
ww25.105e7afe-d35c-4f34-9773-887704acf9d1.icicibamk.com,Phishing,mock_Mock_Data_01_08_2025.xlsx
vkyc.icicibannk.com,Phishing,mock_Mock_Data_01_08_2025.xlsx
ww25.vpn.icicibamk.com,Phishing,mock_Mock_Data_01_08_2025.xlsx
acqweb.icicibamk.com,Phishing,mock_Mock_Data_01_08_2025.xlsx
ww16.help.icicicdirect.com,Phishing,mock_Mock_Data_01_08_2025.xlsx
ww25.in.icicicdirect.com,Phishing,mock_Mock_Data_01_08_2025.xlsx
ww25.forums.icicicdirect.com,Phishing,mock_Mock_Data_01_08_2025.xlsx
ww17.demo.icicicdirect.com,Phishing,mock_Mock_Data_01_08_2025.xlsx
ww25.temp.icicibamk.com,Phishing,mock_Mock_Data_01_08_2025.xlsx
ww25.help.icicicdirect.com,Phishing,mock_Mock_Data_01_08_2025.xlsx
ww17.wiki.icicibamk.com,Phishing,mock_Mock_Data_01_08_2025.xlsx
ww17.icici.icicibamk.com,Phishing,mock_Mock_Data_01_08_2025.xlsx
infinity.icicibbank.com,Phishing,mock_Mock_Data_01_08_2025.xlsx
icicixltops.com,Phishing,mock_Mock_Data_01_08_2025.xlsx
www.safeicici.com.elite-investcapital.com,Phishing,mock_Mock_Data_01_08_2025.xlsx
homeclub.shop,Phishing,mock_Mock_Data_01_08_2025.xlsx
simplizi.fr,Phishing,mock_Mock_Data_01_08_2025.xlsx
icc-online.com,Phishing,mock_Mock_Data_01_08_2025.xlsx
foreveryoung.online,Phishing,mock_Mock_Data_01_08_2025.xlsx
icici-paylink.click,Phishing,mock_Mock_Data_01_08_2025.xlsx
icici-paylink.asia,Phishing,mock_Mock_Data_01_08_2025.xlsx
bkicici.com,Phishing,mock_Mock_Data_01_08_2025.xlsx
nclcinvestments.xyz,Phishing,mock_Mock_Data_01_08_2025.xlsx
icicibcxk.sbs,Phishing,mock_Mock_Data_01_08_2025.xlsx
icic-oc.org,Phishing,mock_Mock_Data_01_08_2025.xlsx
iciiinsurance.com,Phishing,mock_Mock_Data_01_08_2025.xlsx
icici.lat,Phishing,mock_Mock_Data_01_08_2025.xlsx
rnydaappdynamics.iciciprulife.co,Phishing,mock_Mock_Data_01_08_2025.xlsx
imap2.iciciprulife.co,Phishing,mock_Mock_Data_01_08_2025.xlsx
grsqlwebdisk.iciciprulife.co,Phishing,mock_Mock_Data_01_08_2025.xlsx
57e0d8d2686c.mail10.iciciprulife.co,Phishing,mock_Mock_Data_01_08_2025.xlsx
2df626a5-1a89-4150-92dd-eeaf90838345.random.iciciprulife.co,Phishing,mock_Mock_Data_01_08_2025.xlsx
57e0d8d2686c.smx2.iciciprulife.co,Phishing,mock_Mock_Data_01_08_2025.xlsx
57e0d8d2686c.notexistsrds1.iciciprulife.co,Phishing,mock_Mock_Data_01_08_2025.xlsx
57e0d8d2686c.whatsapp.iciciprulife.co,Phishing,mock_Mock_Data_01_08_2025.xlsx
4a17ec06-0f3f-4f59-b221-aa4f44d14059.random.iciciprulife.co,Phishing,mock_Mock_Data_01_08_2025.xlsx
shop.icicibannk.com,Phishing,mock_Mock_Data_01_08_2025.xlsx
ww25.3.icicibamk.com,Phishing,mock_Mock_Data_01_08_2025.xlsx
ww25.dash.icicibamk.com,Phishing,mock_Mock_Data_01_08_2025.xlsx
1c1c1c1c.xyz,Phishing,mock_Mock_Data_01_08_2025.xlsx
fasttaglogin.icicibannk.com,Phishing,mock_Mock_Data_01_08_2025.xlsx
ww17.buy.icicibamk.com,Phishing,mock_Mock_Data_01_08_2025.xlsx
www.icicigroup.shaerepoint.com,Phishing,mock_Mock_Data_01_08_2025.xlsx
cemalcici.com,Phishing,mock_Mock_Data_01_08_2025.xlsx
janficici.com,Phishing,mock_Mock_Data_01_08_2025.xlsx
cicbankfinance.com,Phishing,mock_Mock_Data_01_08_2025.xlsx
ww17.iviewnlbs.icicibamk.com,Phishing,mock_Mock_Data_01_08_2025.xlsx
ww25.indtantforex.icicibamk.com,Phishing,mock_Mock_Data_01_08_2025.xlsx
bentkkgntzww25.lead.icicibamk.com,Phishing,mock_Mock_Data_01_08_2025.xlsx
ww25.easypaycollect.icicibamk.com,Phishing,mock_Mock_Data_01_08_2025.xlsx
ww38.ext.icicibnk.com,Phishing,mock_Mock_Data_01_08_2025.xlsx
icic-in.sbs,Phishing,mock_Mock_Data_01_08_2025.xlsx
www.bk-inc-1.xyz,Phishing,mock_Mock_Data_01_08_2025.xlsx
bkinc1i.xyz,Phishing,mock_Mock_Data_01_08_2025.xlsx
brkinc1s.xyz,Phishing,mock_Mock_Data_01_08_2025.xlsx
icici-lms.gvmtechnologies.net,Phishing,mock_Mock_Data_01_08_2025.xlsx
icici-securitiesgo.vip,Phishing,mock_Mock_Data_01_08_2025.xlsx
13.232.20.241,Phishing,mock_Mock_Data_01_08_2025.xlsx
indiapoinr.top,Phishing,mock_Mock_Data_01_08_2025.xlsx
icpoinr.top,Phishing,mock_Mock_Data_01_08_2025.xlsx
icic-in.icu,Phishing,mock_Mock_Data_01_08_2025.xlsx
getyourgift.cfd,Phishing,mock_Mock_Data_01_08_2025.xlsx
iciciinsede.com,Phishing,mock_Mock_Data_01_08_2025.xlsx
visagemstonecreditcards.attoinfotech.com,Phishing,mock_Mock_Data_01_08_2025.xlsx
bkinc1y.xyz,Phishing,mock_Mock_Data_01_08_2025.xlsx
bkinc1conline.xyz,Phishing,mock_Mock_Data_01_08_2025.xlsx
inseebk1.xyz,Phishing,mock_Mock_Data_01_08_2025.xlsx
inseebk.xyz,Phishing,mock_Mock_Data_01_08_2025.xlsx
bkinseed1.xyz,Phishing,mock_Mock_Data_01_08_2025.xlsx
bkinseed.xyz,Phishing,mock_Mock_Data_01_08_2025.xlsx
iciciinseded.com,Phishing,mock_Mock_Data_01_08_2025.xlsx
iciciinsedef.com,Phishing,mock_Mock_Data_01_08_2025.xlsx
iciciinsedeb.com,Phishing,mock_Mock_Data_01_08_2025.xlsx
iciciinsedes.com,Phishing,mock_Mock_Data_01_08_2025.xlsx
iciciinsedee.com,Phishing,mock_Mock_Data_01_08_2025.xlsx
icici-securitiesit.vip,Phishing,mock_Mock_Data_01_08_2025.xlsx
icici-securitiesup.vip,Phishing,mock_Mock_Data_01_08_2025.xlsx
icicistore.co.in,Phishing,mock_Mock_Data_01_08_2025.xlsx
icici-securitiesin.com,Phishing,mock_Mock_Data_01_08_2025.xlsx
icici-securitiesit.com,Phishing,mock_Mock_Data_01_08_2025.xlsx
icici-securitiesin.vip,Phishing,mock_Mock_Data_01_08_2025.xlsx
icicibanksite.web.app,Phishing,mock_Mock_Data_01_08_2025.xlsx
icicisecuritiesex.com,Phishing,mock_Mock_Data_01_08_2025.xlsx
cardnetwork.in,Phishing,mock_Mock_Data_01_08_2025.xlsx
icicisecuritiesin.com,Phishing,mock_Mock_Data_01_08_2025.xlsx
icicisecuritiesindia.com,Phishing,mock_Mock_Data_01_08_2025.xlsx
managemycardicici.in,Phishing,mock_Mock_Data_01_08_2025.xlsx
icicistorepoint.in,Phishing,mock_Mock_Data_01_08_2025.xlsx
icici-securities.vip,Phishing,mock_Mock_Data_01_08_2025.xlsx
icicservice.site,Phishing,mock_Mock_Data_01_08_2025.xlsx
rewardspointicicibank.com,Phishing,mock_Mock_Data_01_08_2025.xlsx
icicilombard2024.samaaro.com,Phishing,mock_Mock_Data_01_08_2025.xlsx
shopscnw77.github.io,Phishing,mock_Mock_Data_01_08_2025.xlsx
icicilombard.nworx.app,Phishing,mock_Mock_Data_01_08_2025.xlsx
icicloanservice.com,Phishing,mock_Mock_Data_01_08_2025.xlsx
redeemmyclaim.in,Phishing,mock_Mock_Data_01_08_2025.xlsx
icicibank-9020.zendesk.com,Phishing,mock_Mock_Data_01_08_2025.xlsx
rewardsmyclaim.in,Phishing,mock_Mock_Data_01_08_2025.xlsx
icicidirect.willjini.com,Phishing,mock_Mock_Data_01_08_2025.xlsx
servicescard.online,Phishing,mock_Mock_Data_01_08_2025.xlsx
cardprotections.info,Phishing,mock_Mock_Data_01_08_2025.xlsx
redeemspoints.in,Phishing,mock_Mock_Data_01_08_2025.xlsx
icici.mycardcare.in,Phishing,mock_Mock_Data_01_08_2025.xlsx
cpservice.online,Phishing,mock_Mock_Data_01_08_2025.xlsx
icireward.com,Phishing,mock_Mock_Data_01_08_2025.xlsx
redeemsclaims.in,Phishing,mock_Mock_Data_01_08_2025.xlsx
redeemclaims.in,Phishing,mock_Mock_Data_01_08_2025.xlsx
rewardclaimapp.com,Phishing,mock_Mock_Data_01_08_2025.xlsx
www.pysdru.com,Phishing,mock_Mock_Data_01_08_2025.xlsx
mycardbenifit.in,Phishing,mock_Mock_Data_01_08_2025.xlsx
cppcard.online,Phishing,mock_Mock_Data_01_08_2025.xlsx
icicirewardstore.com,Phishing,mock_Mock_Data_01_08_2025.xlsx
3e92692b-1692-43e1-a5a6-35313752fa49-00-wrefxn3i7fuk.pike.replit.dev,Phishing,mock_Mock_Data_01_08_2025.xlsx
7ddccc4d-f6cb-4b23-ba8f-804627443bbf-00-3jlytvolrbk4u.pike.replit.dev,Phishing,mock_Mock_Data_01_08_2025.xlsx
mycardsapp.in,Phishing,mock_Mock_Data_01_08_2025.xlsx
icicirewardonline.com,Phishing,mock_Mock_Data_01_08_2025.xlsx
www.krtdsr.com,Phishing,mock_Mock_Data_01_08_2025.xlsx
81a8e64d-58d2-4d79-aff3-19ac624b530b-00-1nhchjvgh7knk.sisko.replit.dev,Phishing,mock_Mock_Data_01_08_2025.xlsx
rewardicici.com,Phishing,mock_Mock_Data_01_08_2025.xlsx
applyonline-sarvise.online,Phishing,mock_Mock_Data_01_08_2025.xlsx
icicireward.com,Phishing,mock_Mock_Data_01_08_2025.xlsx
iciccbevk.shop,Phishing,mock_Mock_Data_01_08_2025.xlsx
airtel8k.xyz,Suspected,mock_Mock_Data_01_08_2025.xlsx
airtelconnect.in,Suspected,mock_Mock_Data_01_08_2025.xlsx
hrteam@airtelcareer.in,Phishing,mock_Mock_Data_03_09_2025.xlsx
no-reply@ezweb.ne.jp,Phishing,mock_Mock_Data_03_09_2025.xlsx
jaimemartin@eprosima.com,Phishing,mock_Mock_Data_03_09_2025.xlsx
hr_general_announcement_kftb4tsvoqznmgs=mgomez@intelnt.com,Phishing,mock_Mock_Data_03_09_2025.xlsx
noreply@elatihsupport.hrdcorp.gov.my,Phishing,mock_Mock_Data_03_09_2025.xlsx
mateo.alandia@presidencia.gob.bo,Phishing,mock_Mock_Data_03_09_2025.xlsx
joliver@ofgpr.com,Phishing,mock_Mock_Data_03_09_2025.xlsx
ghendry1@wbhsi.net,Phishing,mock_Mock_Data_03_09_2025.xlsx
billing@kh1-solutions.net,Phishing,mock_Mock_Data_03_09_2025.xlsx
ricardo@timcoconstructioninc.com,Phishing,mock_Mock_Data_03_09_2025.xlsx
copterdrummer@virginmedia.com,Phishing,mock_Mock_Data_03_09_2025.xlsx
police.com.in.gov33@officereportcrime.org,Phishing,mock_Mock_Data_03_09_2025.xlsx
jade-kuester81@carpetcleaningbirmingham.biz,Phishing,mock_Mock_Data_03_09_2025.xlsx
mrityunjoy.sarkar@peregrine-security.com,Phishing,mock_Mock_Data_03_09_2025.xlsx
j27558472@gmail.com,Phishing,mock_Mock_Data_03_09_2025.xlsx
sandrakate10033@gmail.com,Phishing,mock_Mock_Data_03_09_2025.xlsx
www.facebook.com,Phishing,mock_Mock_Data_03_09_2025.xlsx
x.com,Phishing,mock_Mock_Data_03_09_2025.xlsx
t.me,Phishing,mock_Mock_Data_03_09_2025.xlsx
www.instagram.com,Phishing,mock_Mock_Data_03_09_2025.xlsx
apkrabi.com,Phishing,mock_Mock_Data_03_09_2025.xlsx
d6fe0c069739d00222f181d0889b613a.serveo.net,Suspected,mock_Mock_Data_03_09_2025.xlsx
b8f277738070d157a98d353037639c04.serveo.net,Suspected,mock_Mock_Data_03_09_2025.xlsx
6c420d4c1db95737fab2efc94a340afd.serveo.net,Suspected,mock_Mock_Data_03_09_2025.xlsx
dc.crsorgi.gov.in.crs.vlewcert.info,Suspected,mock_Mock_Data_03_09_2025.xlsx
dc.crsorgi.gov.in.web.verfy.in,Suspected,mock_Mock_Data_03_09_2025.xlsx
bestportal.solutions,Phishing,mock_Mock_Data_03_09_2025.xlsx
www.dc.crsorgi.web.index.govien.shop,Suspected,mock_Mock_Data_03_09_2025.xlsx
www.d.ve-vr.xyz,Suspected,mock_Mock_Data_03_09_2025.xlsx
www.dc.crsorgi.gov.in.verfi.co.in,Suspected,mock_Mock_Data_03_09_2025.xlsx
cashkhelo.xyz,Phishing,mock_Mock_Data_03_09_2025.xlsx
sbi-front.vercel.app,Suspected,mock_Mock_Data_04_08_2025.xlsx
sbi-site.vercel.app,Suspected,mock_Mock_Data_04_08_2025.xlsx
hdfc-beige.vercel.app,Suspected,mock_Mock_Data_04_08_2025.xlsx
sbi-yono.pages.dev,Suspected,mock_Mock_Data_04_08_2025.xlsx
sbicreditcard4.pages.dev,Suspected,mock_Mock_Data_04_08_2025.xlsx
sbicreditcard6.pages.dev,Suspected,mock_Mock_Data_04_08_2025.xlsx
hdfc.pages.dev,Suspected,mock_Mock_Data_04_08_2025.xlsx
hdfcbank.pages.dev,Suspected,mock_Mock_Data_04_08_2025.xlsx
hdfcbankregalia.pages.dev,Suspected,mock_Mock_Data_04_08_2025.xlsx
hdfrewards.pages.dev,Suspected,mock_Mock_Data_04_08_2025.xlsx
rewardshdfc.pages.dev,Suspected,mock_Mock_Data_04_08_2025.xlsx
online-hdfc-card.pages.dev,Suspected,mock_Mock_Data_04_08_2025.xlsx
online-hdfckyc.pages.dev,Suspected,mock_Mock_Data_04_08_2025.xlsx
rewardshdfcapk.pages.dev,Suspected,mock_Mock_Data_04_08_2025.xlsx
cicici.pages.dev,Suspected,mock_Mock_Data_04_08_2025.xlsx
icicibank-netbanking.pages.dev,Suspected,mock_Mock_Data_04_08_2025.xlsx
icicilombard.pages.dev,Suspected,mock_Mock_Data_04_08_2025.xlsx
online-icici-net.pages.dev,Suspected,mock_Mock_Data_04_08_2025.xlsx
online-icicikyc.pages.dev,Suspected,mock_Mock_Data_04_08_2025.xlsx
onlinicicikyc.pages.dev,Suspected,mock_Mock_Data_04_08_2025.xlsx
bobfinancials.in,Phishing,mock_Mock_Data_04_08_2025.xlsx
ww16.bankofbarodashare.life,Phishing,mock_Mock_Data_04_08_2025.xlsx
bobcrd.online,Phishing,mock_Mock_Data_04_08_2025.xlsx
bankofbaroda.prod.paymentstogo.net,Phishing,mock_Mock_Data_04_08_2025.xlsx
bankofbaroda.shop,Phishing,mock_Mock_Data_04_08_2025.xlsx
bankofbaroda-gs.uat.paymentstogo.net,Phishing,mock_Mock_Data_04_08_2025.xlsx
bankofbaroda.uat.paymentstogo.net,Phishing,mock_Mock_Data_04_08_2025.xlsx
www.wildcard.bankofbarodauae.org,Phishing,mock_Mock_Data_04_08_2025.xlsx
bankofbaroda.carrer.com,Phishing,mock_Mock_Data_04_08_2025.xlsx
banikofbaroda.com,Phishing,mock_Mock_Data_05_08_2025.xlsx
bobb.com.cn,Phishing,mock_Mock_Data_07_08_2025.xlsx
bobank.org,Phishing,mock_Mock_Data_07_08_2025.xlsx
bobank.cn,Phishing,mock_Mock_Data_07_08_2025.xlsx
bobank.com,Phishing,mock_Mock_Data_07_08_2025.xlsx
bobank.net,Phishing,mock_Mock_Data_07_08_2025.xlsx
bobank.de,Phishing,mock_Mock_Data_07_08_2025.xlsx
bankofbaroda.dev,Phishing,mock_Mock_Data_12_08_2025.xlsx
bob-services.com,Phishing,mock_Mock_Data_12_08_2025.xlsx
hdfc3.mobi,Suspected,mock_Mock_Data_12_08_2025.xlsx
icicibankltd.asia,Suspected,mock_Mock_Data_12_08_2025.xlsx
icicibankltd.net,Suspected,mock_Mock_Data_12_08_2025.xlsx
icicicbank.top,Suspected,mock_Mock_Data_12_08_2025.xlsx
icicii.top,Suspected,mock_Mock_Data_12_08_2025.xlsx
hxxps://ifsc[.]bankifsccode[.]com,Phishing,mock_Mock_Data_12_09_2025.xlsx
hxxps://ifsc[.]bankifsccode[.]com/sbin0040524,Phishing,mock_Mock_Data_12_09_2025.xlsx
//rebrand[.]ly/yad,Phishing,mock_Mock_Data_12_09_2025.xlsx
hxxps://sbicreditcardenqui62[.]wixsite[.]com/my-site-1,Phishing,mock_Mock_Data_12_09_2025.xlsx
hdfcc.cfd,Phishing,mock_Mock_Data_12_09_2025.xlsx
demo.goyattrading.shop,Phishing,mock_Mock_Data_12_09_2025.xlsx
card.wingclaimrewards.com,Phishing,mock_Mock_Data_12_09_2025.xlsx
teamrecruitmentteam.in,Phishing,mock_Mock_Data_12_09_2025.xlsx
m2.emallcart.online,Phishing,mock_Mock_Data_12_09_2025.xlsx
hdfccampaign.credithorse.in,Phishing,mock_Mock_Data_12_09_2025.xlsx
hdfc.ramgopal.in,Phishing,mock_Mock_Data_12_09_2025.xlsx
supportcc.co.in,Phishing,mock_Mock_Data_12_09_2025.xlsx
gamweb.in,Phishing,mock_Mock_Data_12_09_2025.xlsx
m2.dc7.live,Phishing,mock_Mock_Data_12_09_2025.xlsx
upgradelimitapplication.in,Phishing,mock_Mock_Data_12_09_2025.xlsx
a2.dc2.live,Phishing,mock_Mock_Data_12_09_2025.xlsx
myrewardcredit.co.in,Phishing,mock_Mock_Data_12_09_2025.xlsx
prodv2.devhdfcbank.com,Phishing,mock_Mock_Data_12_09_2025.xlsx
online.wingoffercards.com,Phishing,mock_Mock_Data_12_09_2025.xlsx
www.a2.dcwo.live,Phishing,mock_Mock_Data_12_09_2025.xlsx
supportcreditcard.com,Phishing,mock_Mock_Data_12_09_2025.xlsx
payments.rbtv.workers.dev,Phishing,mock_Mock_Data_12_09_2025.xlsx
prod.devhdfcbank.com,Phishing,mock_Mock_Data_12_09_2025.xlsx
www.hdfcredeempoint.in,Phishing,mock_Mock_Data_12_09_2025.xlsx
mail.hdfcredeempoint.in,Phishing,mock_Mock_Data_12_09_2025.xlsx
staging.devhdfcbank.com,Phishing,mock_Mock_Data_12_09_2025.xlsx
tooter.in,Phishing,mock_Mock_Data_12_09_2025.xlsx
www.hdfcmoneymarket.in,Phishing,mock_Mock_Data_12_09_2025.xlsx
unlockfreedom.in,Phishing,mock_Mock_Data_12_09_2025.xlsx
click2fingage.com,Phishing,mock_Mock_Data_12_09_2025.xlsx
hdfcdebitc.wixsite.com,Phishing,mock_Mock_Data_12_09_2025.xlsx
hdfc-neu-4-six.vercel.app,Phishing,mock_Mock_Data_12_09_2025.xlsx
hdfc-31394.zendesk.com,Phishing,mock_Mock_Data_12_09_2025.xlsx
hdfc-43827.zendesk.com,Phishing,mock_Mock_Data_12_09_2025.xlsx
hdfc-93839.zendesk.com,Phishing,mock_Mock_Data_12_09_2025.xlsx
hdfc-17906.zendesk.com,Phishing,mock_Mock_Data_12_09_2025.xlsx
hdfc-56319.zendesk.com,Phishing,mock_Mock_Data_12_09_2025.xlsx
hdfc-53453.zendesk.com,Phishing,mock_Mock_Data_12_09_2025.xlsx
hdfc-91046.zendesk.com,Phishing,mock_Mock_Data_12_09_2025.xlsx
hdfc-37820.zendesk.com,Phishing,mock_Mock_Data_12_09_2025.xlsx
hdfc-27586.zendesk.com,Phishing,mock_Mock_Data_12_09_2025.xlsx
youtube.220913.xyz,Phishing,mock_Mock_Data_12_09_2025.xlsx
hdfcbank.speedynet.in,Phishing,mock_Mock_Data_12_09_2025.xlsx
www.hdfcbank.speedynet.in,Phishing,mock_Mock_Data_12_09_2025.xlsx
reward.wingiftscards.com,Phishing,mock_Mock_Data_12_09_2025.xlsx
hdfcapp.intch.xyz,Phishing,mock_Mock_Data_12_09_2025.xlsx
hdfc-56790.zendesk.com,Phishing,mock_Mock_Data_12_09_2025.xlsx
hdfc.i-on.store,Phishing,mock_Mock_Data_12_09_2025.xlsx
www.kosecbf.icu,Phishing,mock_Mock_Data_12_09_2025.xlsx
154.201.93.62,Phishing,mock_Mock_Data_12_09_2025.xlsx
h5.kosecbf.icu,Phishing,mock_Mock_Data_12_09_2025.xlsx
www.hdfc.balajigames.org,Phishing,mock_Mock_Data_12_09_2025.xlsx
get.myclaimoffercards.com,Phishing,mock_Mock_Data_12_09_2025.xlsx
get.onlinecardmyrewards.com,Phishing,mock_Mock_Data_12_09_2025.xlsx
hdcarehelp.com,Phishing,mock_Mock_Data_12_09_2025.xlsx
ww.hhdfcbank.com,Phishing,mock_Mock_Data_12_09_2025.xlsx
www.res61.hdfccbank.com,Phishing,mock_Mock_Data_12_09_2025.xlsx
claim.mygetrewards.com,Phishing,mock_Mock_Data_12_09_2025.xlsx
mygetrewards.com,Phishing,mock_Mock_Data_12_09_2025.xlsx
cardgage.com,Phishing,mock_Mock_Data_12_09_2025.xlsx
35.154.33.8,Phishing,mock_Mock_Data_12_09_2025.xlsx
hdfcbank.vercel.app,Phishing,mock_Mock_Data_12_09_2025.xlsx
priyanshu.hdfc.app,Phishing,mock_Mock_Data_12_09_2025.xlsx
hdfcuat.bank.in,Phishing,mock_Mock_Data_12_09_2025.xlsx
t3.sms-api.xyz,Phishing,mock_Mock_Data_12_09_2025.xlsx
t2.sms-api.xyz,Phishing,mock_Mock_Data_12_09_2025.xlsx
t1.sms-api.xyz,Phishing,mock_Mock_Data_12_09_2025.xlsx
hdrewardcards.com,Phishing,mock_Mock_Data_12_09_2025.xlsx
tf5edq7h.pages.dev,Phishing,mock_Mock_Data_12_09_2025.xlsx
mycardupgrades.com,Phishing,mock_Mock_Data_12_09_2025.xlsx
pan-update-online1.web.app,Phishing,mock_Mock_Data_12_09_2025.xlsx
t1.tkpooja.cloud,Phishing,mock_Mock_Data_12_09_2025.xlsx
t3.tkpooja.cloud,Phishing,mock_Mock_Data_12_09_2025.xlsx
t6.tkpooja.cloud,Phishing,mock_Mock_Data_12_09_2025.xlsx
www.mycardlimit.online,Phishing,mock_Mock_Data_12_09_2025.xlsx
t2.tkpooja.cloud,Phishing,mock_Mock_Data_12_09_2025.xlsx
mycardhelps.com,Phishing,mock_Mock_Data_12_09_2025.xlsx
my.claimofferreward.com,Phishing,mock_Mock_Data_12_09_2025.xlsx
getclaimofferhdfc.com,Phishing,mock_Mock_Data_12_09_2025.xlsx
hdfastco.icu,Phishing,mock_Mock_Data_12_09_2025.xlsx
hdfastcome.icu,Phishing,mock_Mock_Data_12_09_2025.xlsx
hdfc-neu-3-mlz5.vercel.app,Phishing,mock_Mock_Data_12_09_2025.xlsx
www.redeemmycards.in,Phishing,mock_Mock_Data_12_09_2025.xlsx
hdfc-76212.zendesk.com,Phishing,mock_Mock_Data_12_09_2025.xlsx
hdfc-neu-5.vercel.app,Phishing,mock_Mock_Data_12_09_2025.xlsx
hdfc-bankonline.com,Phishing,mock_Mock_Data_12_09_2025.xlsx
hdfc-update-pan.web.app,Phishing,mock_Mock_Data_12_09_2025.xlsx
hdfc-32-pan-update.web.app,Phishing,mock_Mock_Data_12_09_2025.xlsx
hdfc.osprocure-test.in,Phishing,mock_Mock_Data_12_09_2025.xlsx
hdfc.biz,Phishing,mock_Mock_Data_12_09_2025.xlsx
arithmeticpro.netlify.app,Phishing,mock_Mock_Data_12_09_2025.xlsx
hdfcperksholidayoffer.rewardzpromo.com,Phishing,mock_Mock_Data_12_09_2025.xlsx
www.applyonlinehdfcbank.com,Phishing,mock_Mock_Data_12_09_2025.xlsx
hdfc-hdfc-xi.vercel.app,Phishing,mock_Mock_Data_12_09_2025.xlsx
hdfcba.zendesk.com,Phishing,mock_Mock_Data_12_09_2025.xlsx
hdfc-41891.zendesk.com,Phishing,mock_Mock_Data_12_09_2025.xlsx
hdfcbank-90690.zendesk.com,Phishing,mock_Mock_Data_12_09_2025.xlsx
hdfcbank-41511.zendesk.com,Phishing,mock_Mock_Data_12_09_2025.xlsx
www.netbankingshdfc.com,Phishing,mock_Mock_Data_12_09_2025.xlsx
hdfcbank-27065.zendesk.com,Phishing,mock_Mock_Data_12_09_2025.xlsx
13.127.221.31,Phishing,mock_Mock_Data_12_09_2025.xlsx
myclaimspoint.com,Phishing,mock_Mock_Data_12_09_2025.xlsx
15.206.192.241,Phishing,mock_Mock_Data_12_09_2025.xlsx
38.165.19.200,Phishing,mock_Mock_Data_12_09_2025.xlsx
app.hdfcstockmarket.cc,Phishing,mock_Mock_Data_12_09_2025.xlsx
www-hdfcbank-com.translate.goog,Phishing,mock_Mock_Data_12_09_2025.xlsx
hdfc8671.zendesk.com,Phishing,mock_Mock_Data_12_09_2025.xlsx
h5.drhhfcvipxz.top,Phishing,mock_Mock_Data_12_09_2025.xlsx
hdfc-neu-3-henna.vercel.app,Phishing,mock_Mock_Data_12_09_2025.xlsx
hdfcreward.cyou,Phishing,mock_Mock_Data_12_09_2025.xlsx
hdfc4810.zendesk.com,Phishing,mock_Mock_Data_12_09_2025.xlsx
h5.drhhfccxz.top,Phishing,mock_Mock_Data_12_09_2025.xlsx
nhaifastag.info,Phishing,mock_Mock_Data_12_09_2025.xlsx
i09.muletisunnyxx-g21.cloud,Phishing,mock_Mock_Data_12_09_2025.xlsx
159.65.157.110,Phishing,mock_Mock_Data_12_09_2025.xlsx
3.6.82.17,Phishing,mock_Mock_Data_12_09_2025.xlsx
160.187.54.235,Phishing,mock_Mock_Data_12_09_2025.xlsx
maxtn.bigcityexperience.com,Phishing,mock_Mock_Data_12_09_2025.xlsx
dev-offshore.wealthfy.com,Phishing,mock_Mock_Data_12_09_2025.xlsx
apidocs.apibanking.com,Phishing,mock_Mock_Data_12_09_2025.xlsx
hdfcltdhelp.zendesk.com,Phishing,mock_Mock_Data_12_09_2025.xlsx
hkjhkhkhkhkhkhkhkhkhkh.pages.dev,Phishing,mock_Mock_Data_12_09_2025.xlsx
hdfc-bank-app.vercel.app,Phishing,mock_Mock_Data_12_09_2025.xlsx
hdfcbank-35747.zendesk.com,Phishing,mock_Mock_Data_12_09_2025.xlsx
webhdfc-810ce.firebaseapp.com,Phishing,mock_Mock_Data_12_09_2025.xlsx
hdfpts.firebaseapp.com,Phishing,mock_Mock_Data_12_09_2025.xlsx
hdfc-99121.zendesk.com,Phishing,mock_Mock_Data_12_09_2025.xlsx
hdfc-57378.zendesk.com,Phishing,mock_Mock_Data_12_09_2025.xlsx
hdfc.managecard.co.in,Phishing,mock_Mock_Data_12_09_2025.xlsx
in.appurse.com,Phishing,mock_Mock_Data_12_09_2025.xlsx
hdfcbank-48709.zendesk.com,Phishing,mock_Mock_Data_12_09_2025.xlsx
hdfc-49762.zendesk.com,Phishing,mock_Mock_Data_12_09_2025.xlsx
hdfc-neu-3.vercel.app,Phishing,mock_Mock_Data_12_09_2025.xlsx
hdfc-neu-2.vercel.app,Phishing,mock_Mock_Data_12_09_2025.xlsx
hdfc-jdhjfdg.vercel.app,Phishing,mock_Mock_Data_12_09_2025.xlsx
13.126.51.54,Phishing,mock_Mock_Data_12_09_2025.xlsx
hdfc-95999.zendesk.com,Phishing,mock_Mock_Data_12_09_2025.xlsx
mygetclaimpoints.com,Phishing,mock_Mock_Data_12_09_2025.xlsx
hdfc.managecard.in,Phishing,mock_Mock_Data_12_09_2025.xlsx
vktnkl.vercel.app,Phishing,mock_Mock_Data_12_09_2025.xlsx
15.206.113.1,Phishing,mock_Mock_Data_12_09_2025.xlsx
nhaifastag.com,Phishing,mock_Mock_Data_12_09_2025.xlsx
hdfcbankinzhb.zendesk.com,Phishing,mock_Mock_Data_12_09_2025.xlsx
hdfc347.zendesk.com,Phishing,mock_Mock_Data_12_09_2025.xlsx
hdfc-4538.zendesk.com,Phishing,mock_Mock_Data_12_09_2025.xlsx
krishna.justchillstore.shop,Phishing,mock_Mock_Data_12_09_2025.xlsx
drhhfc.com,Phishing,mock_Mock_Data_12_09_2025.xlsx
newfasthdfcvip.com,Phishing,mock_Mock_Data_12_09_2025.xlsx
fastnetpro.com,Phishing,mock_Mock_Data_12_09_2025.xlsx
newfasthdfc.com,Phishing,mock_Mock_Data_12_09_2025.xlsx
randomnewhc.com,Phishing,mock_Mock_Data_12_09_2025.xlsx
13.127.91.63,Phishing,mock_Mock_Data_12_09_2025.xlsx
hdfc-nine.vercel.app,Phishing,mock_Mock_Data_12_09_2025.xlsx
hdfc-15481.zendesk.com,Phishing,mock_Mock_Data_12_09_2025.xlsx
hdfc-75391.zendesk.com,Phishing,mock_Mock_Data_12_09_2025.xlsx
hdfcbank-84186.zendesk.com,Phishing,mock_Mock_Data_12_09_2025.xlsx
hdfcbank4992.zendesk.com,Phishing,mock_Mock_Data_12_09_2025.xlsx
www.hdfc.manageuserapp.com,Phishing,mock_Mock_Data_12_09_2025.xlsx
182.79.233.118,Phishing,mock_Mock_Data_12_09_2025.xlsx
hdfc6e.zendesk.com,Phishing,mock_Mock_Data_12_09_2025.xlsx
hdfc-75745.zendesk.com,Phishing,mock_Mock_Data_12_09_2025.xlsx
hdfc.thewimpyswrath.com,Phishing,mock_Mock_Data_12_09_2025.xlsx
cardshdfc.com,Phishing,mock_Mock_Data_12_09_2025.xlsx
vite-react-tczo.vercel.app,Phishing,mock_Mock_Data_12_09_2025.xlsx
radeempoints.com,Phishing,mock_Mock_Data_12_09_2025.xlsx
www.myhdfccards.com,Phishing,mock_Mock_Data_12_09_2025.xlsx
sites.google.com,Phishing,mock_Mock_Data_12_09_2025.xlsx
arunwb.github.io,Phishing,mock_Mock_Data_12_09_2025.xlsx
hi-1qrs.web.app,Phishing,mock_Mock_Data_12_09_2025.xlsx
hi-1qrs.firebaseapp.com,Phishing,mock_Mock_Data_12_09_2025.xlsx
khushalk21.github.io,Phishing,mock_Mock_Data_12_09_2025.xlsx
hdfc4956.zendesk.com,Phishing,mock_Mock_Data_12_09_2025.xlsx
hd.dc8.live,Phishing,mock_Mock_Data_12_09_2025.xlsx
hdfc9113.zendesk.com,Phishing,mock_Mock_Data_12_09_2025.xlsx
hdfcbank4754.zendesk.com,Phishing,mock_Mock_Data_12_09_2025.xlsx
h-dfcp-0-int.vercel.app,Phishing,mock_Mock_Data_12_09_2025.xlsx
hdfcbank3180.zendesk.com,Phishing,mock_Mock_Data_12_09_2025.xlsx
www.hdfcinsurance.online,Phishing,mock_Mock_Data_12_09_2025.xlsx
vite-t-85sc.vercel.app,Phishing,mock_Mock_Data_12_09_2025.xlsx
220.225.104.139,Phishing,mock_Mock_Data_12_09_2025.xlsx
mygetrewardsclaim.com,Phishing,mock_Mock_Data_12_09_2025.xlsx
hdfcbank3846.zendesk.com,Phishing,mock_Mock_Data_12_09_2025.xlsx
45-1em.pages.dev,Phishing,mock_Mock_Data_12_09_2025.xlsx
dtrymn.vercel.app,Phishing,mock_Mock_Data_12_09_2025.xlsx
gamer0124.github.io,Phishing,mock_Mock_Data_12_09_2025.xlsx
hdfcinsurance.help,Phishing,mock_Mock_Data_12_09_2025.xlsx
hdfc-dil.vercel.app,Phishing,mock_Mock_Data_12_09_2025.xlsx
free-office.xyz,Phishing,mock_Mock_Data_12_09_2025.xlsx
hdfc.creditcardlogin.in,Phishing,mock_Mock_Data_12_09_2025.xlsx
lmkdrt.vercel.app,Phishing,mock_Mock_Data_12_09_2025.xlsx
hdfccredit.in,Phishing,mock_Mock_Data_12_09_2025.xlsx
www.hdfccredit.in,Phishing,mock_Mock_Data_12_09_2025.xlsx
getrewardspoints.com,Phishing,mock_Mock_Data_12_09_2025.xlsx
online-hd.pages.dev,Phishing,mock_Mock_Data_12_09_2025.xlsx
www.supportsmycards.in,Phishing,mock_Mock_Data_12_09_2025.xlsx
hdfczerox-news-projects-30bc6bd4.vercel.app,Phishing,mock_Mock_Data_12_09_2025.xlsx
claimvouchers.in,Phishing,mock_Mock_Data_12_09_2025.xlsx
tsrbjhk.vercel.app,Phishing,mock_Mock_Data_12_09_2025.xlsx
da.gd,Phishing,mock_Mock_Data_12_09_2025.xlsx
twdsa.bizinfotools.com,Phishing,mock_Mock_Data_12_09_2025.xlsx
bizinfotools.com,Phishing,mock_Mock_Data_12_09_2025.xlsx
hdfc-cpp.site,Phishing,mock_Mock_Data_12_09_2025.xlsx
mypointsrewards.com,Phishing,mock_Mock_Data_12_09_2025.xlsx
fileasis.com,Phishing,mock_Mock_Data_12_09_2025.xlsx
cpp-support.help,Phishing,mock_Mock_Data_12_09_2025.xlsx
www.hdfcreward.com,Phishing,mock_Mock_Data_12_09_2025.xlsx
hdfc.cppio.info,Phishing,mock_Mock_Data_12_09_2025.xlsx
hdfc-cpp.shop,Phishing,mock_Mock_Data_12_09_2025.xlsx
www.mycardloginhdfc.in,Phishing,mock_Mock_Data_12_09_2025.xlsx
hdfc-bank-new-opal.vercel.app,Phishing,mock_Mock_Data_12_09_2025.xlsx
hdfcbank.begenuin.com,Phishing,mock_Mock_Data_12_09_2025.xlsx
hdfc-cpp.life,Phishing,mock_Mock_Data_12_09_2025.xlsx
vjhdtry.vercel.app,Phishing,mock_Mock_Data_12_09_2025.xlsx
mycardhdf.in,Phishing,mock_Mock_Data_12_09_2025.xlsx
plancppproo.com,Phishing,mock_Mock_Data_12_09_2025.xlsx
cppsupport.help,Phishing,mock_Mock_Data_12_09_2025.xlsx
www.hdfc.mymanageapp.com,Phishing,mock_Mock_Data_12_09_2025.xlsx
hdfc-bank-mpower-learning-app.onlinehackz.com,Phishing,mock_Mock_Data_12_09_2025.xlsx
hdfc8630.zendesk.com,Phishing,mock_Mock_Data_12_09_2025.xlsx
hdfc-preview.vishalb.dev,Phishing,mock_Mock_Data_12_09_2025.xlsx
mail.myhelpcards.in,Phishing,mock_Mock_Data_12_09_2025.xlsx
test.esafgoldloan.site,Phishing,mock_Mock_Data_12_09_2025.xlsx
hdfcbank8491.zendesk.com,Phishing,mock_Mock_Data_12_09_2025.xlsx
www.myhelpcards.in,Phishing,mock_Mock_Data_12_09_2025.xlsx
www.cardhelp.in,Phishing,mock_Mock_Data_12_09_2025.xlsx
hdfcbankfastag.in,Phishing,mock_Mock_Data_12_09_2025.xlsx
www.hdfcbanks.site,Phishing,mock_Mock_Data_12_09_2025.xlsx
test73.besthr.in,Phishing,mock_Mock_Data_12_09_2025.xlsx
ppplanprotection.com,Phishing,mock_Mock_Data_12_09_2025.xlsx
myhdfclogin.com,Phishing,mock_Mock_Data_12_09_2025.xlsx
online-kychd.pages.dev,Phishing,mock_Mock_Data_12_09_2025.xlsx
ahmedtamim19050.github.io,Phishing,mock_Mock_Data_12_09_2025.xlsx
hdfc.samcostocks.cc,Phishing,mock_Mock_Data_12_09_2025.xlsx
learnemp.github.io,Phishing,mock_Mock_Data_12_09_2025.xlsx
hcdonline.site,Phishing,mock_Mock_Data_12_09_2025.xlsx
hdconline.site,Phishing,mock_Mock_Data_12_09_2025.xlsx
hdfcrecruitment.in,Phishing,mock_Mock_Data_12_09_2025.xlsx
play.hdfcincrase.today,Phishing,mock_Mock_Data_12_09_2025.xlsx
abcdlive.onedataentrysolution.in,Phishing,mock_Mock_Data_12_09_2025.xlsx
eventh-demo.upgrade2linux.com,Phishing,mock_Mock_Data_12_09_2025.xlsx
hdfclimit.site,Phishing,mock_Mock_Data_12_09_2025.xlsx
hdfcards.com,Phishing,mock_Mock_Data_12_09_2025.xlsx
loginmyhdfc.com,Phishing,mock_Mock_Data_12_09_2025.xlsx
rewardsmycards.com,Phishing,mock_Mock_Data_12_09_2025.xlsx
myclaimsreward.com,Phishing,mock_Mock_Data_12_09_2025.xlsx
askcchelp.in,Phishing,mock_Mock_Data_12_09_2025.xlsx
fac-unions.com,Phishing,mock_Mock_Data_12_09_2025.xlsx
mehrahdf.wvrgh.cloud,Phishing,mock_Mock_Data_12_09_2025.xlsx
onlinehdfccapitals.com,Phishing,mock_Mock_Data_12_09_2025.xlsx
hdfccardrewards.com,Phishing,mock_Mock_Data_12_09_2025.xlsx
www.hdfclive.onedataentrysolution.in,Phishing,mock_Mock_Data_12_09_2025.xlsx
capitalmorph.com,Phishing,mock_Mock_Data_12_09_2025.xlsx
hdfc-new-sv.vercel.app,Phishing,mock_Mock_Data_12_09_2025.xlsx
hdfc-sec-kohl-newoip.vercel.app,Phishing,mock_Mock_Data_12_09_2025.xlsx
netportall.com,Phishing,mock_Mock_Data_12_09_2025.xlsx
mycredit.cardlimit.live,Phishing,mock_Mock_Data_12_09_2025.xlsx
hdfccardbank.com,Phishing,mock_Mock_Data_12_09_2025.xlsx
online-hd4c.pages.dev,Phishing,mock_Mock_Data_12_09_2025.xlsx
hdfc.zoutons.com,Phishing,mock_Mock_Data_12_09_2025.xlsx
loginhdcfc.buzz,Phishing,mock_Mock_Data_12_09_2025.xlsx
hd-azq.pages.dev,Phishing,mock_Mock_Data_12_09_2025.xlsx
pl.bizinfotools.com,Phishing,mock_Mock_Data_12_09_2025.xlsx
instantconfirmation.site,Phishing,mock_Mock_Data_12_09_2025.xlsx
ww38.feda.bobibank.com,Phishing,mock_Mock_Data_14_08_2025.xlsx
airtel-merchants.co.in,Suspected,mock_Mock_Data_19_08_2025.xlsx
airtelmusic.in,Suspected,mock_Mock_Data_19_08_2025.xlsx
airtel-topup.in,Suspected,mock_Mock_Data_19_08_2025.xlsx
airtelcareer.in,Phishing,mock_Mock_Data_19_08_2025.xlsx
airtel-in.click,Suspected,mock_Mock_Data_19_08_2025.xlsx
dccrsorgigov.xyz,Suspected,mock_Mock_Data_19_08_2025.xlsx
crsorgii.xyz,Suspected,mock_Mock_Data_19_08_2025.xlsx
campicicin.pro,Suspected,mock_Mock_Data_19_08_2025.xlsx
icicira.top,Suspected,mock_Mock_Data_19_08_2025.xlsx
hdfcbank.men,Suspected,mock_Mock_Data_19_08_2025.xlsx
hdfcbank.stream,Suspected,mock_Mock_Data_19_08_2025.xlsx
hdfcghj.top,Suspected,mock_Mock_Data_19_08_2025.xlsx
hdfcsecpr.net,Suspected,mock_Mock_Data_19_08_2025.xlsx
iocl.ind.in,Suspected,mock_Mock_Data_19_08_2025.xlsx
bankofbaroda.co,Phishing,mock_Mock_Data_21_08_2025.xlsx
bzhzsbi.icu,Suspected,mock_Mock_Data_21_08_2025.xlsx
eqidsbi.icu,Suspected,mock_Mock_Data_21_08_2025.xlsx
sbi-group.net,Suspected,mock_Mock_Data_21_08_2025.xlsx
airtelxtreamfiber.in,Phishing,mock_Mock_Data_22_08_2025.xlsx
airtelcareers.in,Suspected,mock_Mock_Data_22_08_2025.xlsx
airtelmh.in,Suspected,mock_Mock_Data_22_08_2025.xlsx
airtelwifi.co.in,Suspected,mock_Mock_Data_22_08_2025.xlsx
airtel-wifi.in,Suspected,mock_Mock_Data_22_08_2025.xlsx
bhartiairtel.ind.in,Suspected,mock_Mock_Data_22_08_2025.xlsx
banksofbarodaa.com,Phishing,mock_Mock_Data_25_08_2025.xlsx
aegisbi.app,Suspected,mock_Mock_Data_25_08_2025.xlsx
icicicardprotection.in,Suspected,mock_Mock_Data_25_08_2025.xlsx
iciciloan.in,Suspected,mock_Mock_Data_25_08_2025.xlsx
icicirewardsstore.in,Suspected,mock_Mock_Data_25_08_2025.xlsx
mycardsicici.in,Suspected,mock_Mock_Data_25_08_2025.xlsx
myrewardhdfc.in,Suspected,mock_Mock_Data_25_08_2025.xlsx
nosbi.pro,Suspected,mock_Mock_Data_28_08_2025.xlsx
creditcardservicehdfc.in,Suspected,mock_Mock_Data_28_08_2025.xlsx
bhdfc11.top,Suspected,mock_Mock_Data_28_08_2025.xlsx
bankofbaroada.com,Phishing,mock_Mock_Data_29_08_2025.xlsx
pruicici.co.in,Suspected,mock_Mock_Data_29_08_2025.xlsx
fitsbi.in,Suspected,mock_Mock_Data_29_08_2025.xlsx
helpdesksbi.in,Suspected,mock_Mock_Data_29_08_2025.xlsx
hrdsbi.co.in,Suspected,mock_Mock_Data_29_08_2025.xlsx
hrsbi.co.in,Suspected,mock_Mock_Data_29_08_2025.xlsx
hr-sbi.co.in,Suspected,mock_Mock_Data_29_08_2025.xlsx
sbicardplan.in,Suspected,mock_Mock_Data_29_08_2025.xlsx
sbihr.co.in,Suspected,mock_Mock_Data_29_08_2025.xlsx
sbi-hr.co.in,Suspected,mock_Mock_Data_29_08_2025.xlsx
crsorgdc.in,Suspected,mock_Mock_Data_29_08_2025.xlsx
crsorgigoovi.in,Suspected,mock_Mock_Data_29_08_2025.xlsx
agvb-digital.com,Phishing,mock_Mock_Data_31_07_2025.xlsx
sbzsaee.replit.app,Phishing,mock_Mock_Data_31_07_2025.xlsx
sbi.adminlogin.in,Phishing,mock_Mock_Data_31_07_2025.xlsx
parvez-2001.github.io,Phishing,mock_Mock_Data_31_07_2025.xlsx
lzesa.replit.app,Phishing,mock_Mock_Data_31_07_2025.xlsx
sii8uyth.web.app,Phishing,mock_Mock_Data_31_07_2025.xlsx
p1-nr4d.vercel.app,Phishing,mock_Mock_Data_31_07_2025.xlsx
lcswq.replit.app,Phishing,mock_Mock_Data_31_07_2025.xlsx
edvfb.pages.dev,Phishing,mock_Mock_Data_31_07_2025.xlsx
activenetbanking.co.in,Phishing,mock_Mock_Data_31_07_2025.xlsx
cardcaresapplication.in,Phishing,mock_Mock_Data_31_07_2025.xlsx
yonomyapp.com,Phishing,mock_Mock_Data_31_07_2025.xlsx
bnkrewrdzs-s.replit.app,Phishing,mock_Mock_Data_31_07_2025.xlsx
sblankt.vercel.app,Phishing,mock_Mock_Data_31_07_2025.xlsx
applyonlinesolution.site,Phishing,mock_Mock_Data_31_07_2025.xlsx
cgfy89dtfy.vercel.app,Phishing,mock_Mock_Data_31_07_2025.xlsx
cardworldsbi.in,Phishing,mock_Mock_Data_31_07_2025.xlsx
fastcardssolutions.online,Phishing,mock_Mock_Data_31_07_2025.xlsx
nsbl.replit.app,Phishing,mock_Mock_Data_31_07_2025.xlsx
rsewe.replit.app,Phishing,mock_Mock_Data_31_07_2025.xlsx
rebrand.ly,Phishing,mock_Mock_Data_31_07_2025.xlsx
msfy.in,Phishing,mock_Mock_Data_31_07_2025.xlsx
26a52502-c868-4d8e-ac2f-b0ea64abaf2a-00-27xss7mit6q1a.sisko.replit.dev,Phishing,mock_Mock_Data_31_07_2025.xlsx
hrmssbi.com,Phishing,mock_Mock_Data_31_07_2025.xlsx
clone-for-educational-purpose.vercel.app,Phishing,mock_Mock_Data_31_07_2025.xlsx
sbicreditcardw.wixsite.com,Phishing,mock_Mock_Data_31_07_2025.xlsx
5d16a33e-8d20-46d4-be2b-af5cfdb73cfc-00-2kidm7qld9lho.pike.replit.dev,Phishing,mock_Mock_Data_31_07_2025.xlsx
iamankit19.github.io,Phishing,mock_Mock_Data_31_07_2025.xlsx
sb-p-tbjh.vercel.app,Phishing,mock_Mock_Data_31_07_2025.xlsx
87a5f526-970a-4945-92c1-c9a1f1d6f28e-00-2y8umi17mu65w.sisko.replit.dev,Phishing,mock_Mock_Data_31_07_2025.xlsx
779fbf59-c116-475e-9fa8-8feae4f38333-00-nypqd7g26a7.sisko.replit.dev,Phishing,mock_Mock_Data_31_07_2025.xlsx
sb-murex-alpha.vercel.app,Phishing,mock_Mock_Data_31_07_2025.xlsx
ysupdateverfyall.wixsite.com,Phishing,mock_Mock_Data_31_07_2025.xlsx
24e2705d-933e-4e13-a722-9a5d9a7f80c3-00-1hkqh38jos5xo.sisko.replit.dev,Phishing,mock_Mock_Data_31_07_2025.xlsx
sbicardonlineuse.wixsite.com,Phishing,mock_Mock_Data_31_07_2025.xlsx
updateverifying66.wixsite.com,Phishing,mock_Mock_Data_31_07_2025.xlsx
customer-cares.site,Phishing,mock_Mock_Data_31_07_2025.xlsx
raju.vercel.app,Phishing,mock_Mock_Data_31_07_2025.xlsx
sblk.replit.app,Phishing,mock_Mock_Data_31_07_2025.xlsx
rewdzpoint.replit.app,Phishing,mock_Mock_Data_31_07_2025.xlsx
messein.pages.dev,Phishing,mock_Mock_Data_31_07_2025.xlsx
sbi.profileapps.in,Phishing,mock_Mock_Data_31_07_2025.xlsx
cute-choux-a0064b.netlify.app,Phishing,mock_Mock_Data_31_07_2025.xlsx
claim-s.replit.app,Phishing,mock_Mock_Data_31_07_2025.xlsx
sywyqe-s.replit.app,Phishing,mock_Mock_Data_31_07_2025.xlsx
kali-beta.vercel.app,Phishing,mock_Mock_Data_31_07_2025.xlsx
01a-five.vercel.app,Phishing,mock_Mock_Data_31_07_2025.xlsx
011-two.vercel.app,Phishing,mock_Mock_Data_31_07_2025.xlsx
08c97d5d-2445-4cd3-a308-8a55c32167a9-00-21ng9b1eqafu3.sisko.replit.dev,Phishing,mock_Mock_Data_31_07_2025.xlsx
cardsactivateed.online,Phishing,mock_Mock_Data_31_07_2025.xlsx
sbi.loginprofile.in,Phishing,mock_Mock_Data_31_07_2025.xlsx
trained.replit.app,Phishing,mock_Mock_Data_31_07_2025.xlsx
13.61.0.81,Phishing,mock_Mock_Data_31_07_2025.xlsx
54.163.52.162,Phishing,mock_Mock_Data_31_07_2025.xlsx
onlyoffer.replit.app,Phishing,mock_Mock_Data_31_07_2025.xlsx
sbifinanceonline.com,Phishing,mock_Mock_Data_31_07_2025.xlsx
sb-p-2avb.vercel.app,Phishing,mock_Mock_Data_31_07_2025.xlsx
sb-p-19of.vercel.app,Phishing,mock_Mock_Data_31_07_2025.xlsx
sb-uaj7.vercel.app,Phishing,mock_Mock_Data_31_07_2025.xlsx
sb-p-dlhp.vercel.app,Phishing,mock_Mock_Data_31_07_2025.xlsx
08398f34-7924-403b-822d-d88939f70d88-00-3elv7abqdc5bx.sisko.replit.dev,Phishing,mock_Mock_Data_31_07_2025.xlsx
hots.wmtreviewssales.com,Phishing,mock_Mock_Data_31_07_2025.xlsx
sb-p-53rh.vercel.app,Phishing,mock_Mock_Data_31_07_2025.xlsx
sb-sggm.vercel.app,Phishing,mock_Mock_Data_31_07_2025.xlsx
updatesc.com,Phishing,mock_Mock_Data_31_07_2025.xlsx
s-yn146.pages.dev,Phishing,mock_Mock_Data_31_07_2025.xlsx
sb-p-23yp.vercel.app,Phishing,mock_Mock_Data_31_07_2025.xlsx
www.onlinesbicredits.com,Phishing,mock_Mock_Data_31_07_2025.xlsx
sb-bysf.vercel.app,Phishing,mock_Mock_Data_31_07_2025.xlsx
sink.livik.cloud,Phishing,mock_Mock_Data_31_07_2025.xlsx
sbi-finance.icu,Phishing,mock_Mock_Data_31_07_2025.xlsx
sb-jrxx.vercel.app,Phishing,mock_Mock_Data_31_07_2025.xlsx
invizible84.github.io,Phishing,mock_Mock_Data_31_07_2025.xlsx
lgy1uhb.vercel.app,Phishing,mock_Mock_Data_31_07_2025.xlsx
sb-8hfj.vercel.app,Phishing,mock_Mock_Data_31_07_2025.xlsx
s7tgqx4wd.pages.dev,Phishing,mock_Mock_Data_31_07_2025.xlsx
kupsn-m.replit.app,Phishing,mock_Mock_Data_31_07_2025.xlsx
onlinepayment.sbs,Phishing,mock_Mock_Data_31_07_2025.xlsx
peppery-e.replit.app,Phishing,mock_Mock_Data_31_07_2025.xlsx
clahy-m.replit.app,Phishing,mock_Mock_Data_31_07_2025.xlsx
stetabankcreditcar.wixsite.com,Phishing,mock_Mock_Data_31_07_2025.xlsx
secest.replit.app,Phishing,mock_Mock_Data_31_07_2025.xlsx
sb-3lqx.vercel.app,Phishing,mock_Mock_Data_31_07_2025.xlsx
sb-eldf.vercel.app,Phishing,mock_Mock_Data_31_07_2025.xlsx
farof.replit.app,Phishing,mock_Mock_Data_31_07_2025.xlsx
klyj1tfy.vercel.app,Phishing,mock_Mock_Data_31_07_2025.xlsx
sb-sigma-orpin.vercel.app,Phishing,mock_Mock_Data_31_07_2025.xlsx
sbpfpro-8jky.vercel.app,Phishing,mock_Mock_Data_31_07_2025.xlsx
clickredeem.replit.app,Phishing,mock_Mock_Data_31_07_2025.xlsx
sb-66oe.vercel.app,Phishing,mock_Mock_Data_31_07_2025.xlsx
lumse.replit.app,Phishing,mock_Mock_Data_31_07_2025.xlsx
sb-nxon.vercel.app,Phishing,mock_Mock_Data_31_07_2025.xlsx
sb-r2v8.vercel.app,Phishing,mock_Mock_Data_31_07_2025.xlsx
cok197-16.pages.dev,Phishing,mock_Mock_Data_31_07_2025.xlsx
gugj1-576.pages.dev,Phishing,mock_Mock_Data_31_07_2025.xlsx
hydhc1-36a.pages.dev,Phishing,mock_Mock_Data_31_07_2025.xlsx
ajol1-78a.pages.dev,Phishing,mock_Mock_Data_31_07_2025.xlsx
jis1-868.pages.dev,Phishing,mock_Mock_Data_31_07_2025.xlsx
sb-8bl1.vercel.app,Phishing,mock_Mock_Data_31_07_2025.xlsx
axkj.pages.dev,Phishing,mock_Mock_Data_31_07_2025.xlsx
axgh-123az.pages.dev,Phishing,mock_Mock_Data_31_07_2025.xlsx
545646546464646464646464646.pages.dev,Phishing,mock_Mock_Data_31_07_2025.xlsx
sbi-yono-online.vercel.app,Phishing,mock_Mock_Data_31_07_2025.xlsx
rewdz.replit.app,Phishing,mock_Mock_Data_31_07_2025.xlsx
wrieai.replit.app,Phishing,mock_Mock_Data_31_07_2025.xlsx
fodhj70.replit.app,Phishing,mock_Mock_Data_31_07_2025.xlsx
sb-rcs5.vercel.app,Phishing,mock_Mock_Data_31_07_2025.xlsx
hbjdtyf.netlify.app,Phishing,mock_Mock_Data_31_07_2025.xlsx
kurdigitmrr.replit.app,Phishing,mock_Mock_Data_31_07_2025.xlsx
promosbi.site,Phishing,mock_Mock_Data_31_07_2025.xlsx
sxzb18-13.pages.dev,Phishing,mock_Mock_Data_31_07_2025.xlsx
testsbcoll-76.pages.dev,Phishing,mock_Mock_Data_31_07_2025.xlsx
dtybjk.vercel.app,Phishing,mock_Mock_Data_31_07_2025.xlsx
collectrewards.pages.dev,Phishing,mock_Mock_Data_31_07_2025.xlsx
sb-p7fk.vercel.app,Phishing,mock_Mock_Data_31_07_2025.xlsx
upateredeems.replit.app,Phishing,mock_Mock_Data_31_07_2025.xlsx
transversals.replit.app,Phishing,mock_Mock_Data_31_07_2025.xlsx
yonobank.replit.app,Phishing,mock_Mock_Data_31_07_2025.xlsx
yonosbi.replit.app,Phishing,mock_Mock_Data_31_07_2025.xlsx
ytmnkl.vercel.app,Phishing,mock_Mock_Data_31_07_2025.xlsx
sbirewardzrs14453.replit.app,Phishing,mock_Mock_Data_31_07_2025.xlsx
sblrewd.vercel.app,Phishing,mock_Mock_Data_31_07_2025.xlsx
efootball-ooss.github.io,Phishing,mock_Mock_Data_31_07_2025.xlsx
spoortika.github.io,Phishing,mock_Mock_Data_31_07_2025.xlsx
cc2415c0-c363-4426-a790-81caf3ef30be-00-1l3l0y76g9jyh.pike.replit.dev,Phishing,mock_Mock_Data_31_07_2025.xlsx
14453rewardsbi7i.replit.app,Phishing,mock_Mock_Data_31_07_2025.xlsx
volcano-rewardsbi7i.replit.app,Phishing,mock_Mock_Data_31_07_2025.xlsx
dfcfcherewared.buzz,Phishing,mock_Mock_Data_31_07_2025.xlsx
profitable-moral-collaborativesoftware-rewardsbi7i.replit.app,Phishing,mock_Mock_Data_31_07_2025.xlsx
sbisecurities.github.io,Phishing,mock_Mock_Data_31_07_2025.xlsx
state-bank-of-india-create.github.io,Phishing,mock_Mock_Data_31_07_2025.xlsx
4f2fd8dd-a799-42c5-9059-c803e0ddabf6-00-2ylwfgr9ah90z.pike.replit.dev,Phishing,mock_Mock_Data_31_07_2025.xlsx
8a121b59-4664-4e2a-a147-2d51c56ab09a-00-1pdzkw4q7d4lp.pike.replit.dev,Phishing,mock_Mock_Data_31_07_2025.xlsx
472aa9fe-6011-4a3c-9789-f426e2de5c6e-00-5h038kihilpi.pike.replit.dev,Phishing,mock_Mock_Data_31_07_2025.xlsx
50a996f6-9a43-4da2-9c18-3df64f51dc66-00-3v3js32ara3td.pike.replit.dev,Phishing,mock_Mock_Data_31_07_2025.xlsx
6bb19781-7387-4344-99f4-e4b562259207-00-2wovn0sfhxbr6.pike.replit.dev,Phishing,mock_Mock_Data_31_07_2025.xlsx
ravisachincodinglife.github.io,Phishing,mock_Mock_Data_31_07_2025.xlsx
sb-beln.vercel.app,Phishing,mock_Mock_Data_31_07_2025.xlsx
0d7c3e87-dd87-4b81-b978-3e86245c24bf-00-dw7jzme31kjl.sisko.replit.dev,Phishing,mock_Mock_Data_31_07_2025.xlsx
a49cbc09-0bfb-4a0c-a888-d0002ccdfdfa-00-17xtgxjufsiia.sisko.replit.dev,Phishing,mock_Mock_Data_31_07_2025.xlsx
adba5ec6-0ee4-4f6c-b940-6b8dd0d04e03-00-2ijw4f6qf0rkw.sisko.replit.dev,Phishing,mock_Mock_Data_31_07_2025.xlsx
a9f87840-a97f-4ffe-89b4-dded53f1be3b-00-3744y4tt03a1b.pike.replit.dev,Phishing,mock_Mock_Data_31_07_2025.xlsx
4d842edf-e711-482d-817e-fa0040cd26e9-00-2a8xatnstylyu.pike.replit.dev,Phishing,mock_Mock_Data_31_07_2025.xlsx
sb-ad21.vercel.app,Phishing,mock_Mock_Data_31_07_2025.xlsx
sbisony.blogspot.com,Phishing,mock_Mock_Data_31_07_2025.xlsx
sb-174a.pages.dev,Phishing,mock_Mock_Data_31_07_2025.xlsx
87589d5c-3319-4d9b-b4b7-75ce0d9a9202-00-2gpov9d2zvdrx.sisko.replit.dev,Phishing,mock_Mock_Data_31_07_2025.xlsx
98.70.54.147,Phishing,mock_Mock_Data_31_07_2025.xlsx
thnrgj.vercel.app,Phishing,mock_Mock_Data_31_07_2025.xlsx
log.chankepar.cfd,Phishing,mock_Mock_Data_31_07_2025.xlsx
wqhyk.vercel.app,Phishing,mock_Mock_Data_31_07_2025.xlsx
ab525792-0d59-4b1c-bdf0-c130ef6fbd5f-00-1r7ebzxilka2q.pike.replit.dev,Phishing,mock_Mock_Data_31_07_2025.xlsx
sbibankingonline.rf.gd,Phishing,mock_Mock_Data_31_07_2025.xlsx
sbirewadserfd.vercel.app,Phishing,mock_Mock_Data_31_07_2025.xlsx
sb-7615.vercel.app,Phishing,mock_Mock_Data_31_07_2025.xlsx
sbpfpr-e9lf.vercel.app,Phishing,mock_Mock_Data_31_07_2025.xlsx
ztgnjk.vercel.app,Phishing,mock_Mock_Data_31_07_2025.xlsx
sb-fdmz.vercel.app,Phishing,mock_Mock_Data_31_07_2025.xlsx
nuiii8uu.pages.dev,Phishing,mock_Mock_Data_31_07_2025.xlsx
hgfvd.vercel.app,Phishing,mock_Mock_Data_31_07_2025.xlsx
sb-q4n7.vercel.app,Phishing,mock_Mock_Data_31_07_2025.xlsx
jdhfgtr.vercel.app,Phishing,mock_Mock_Data_31_07_2025.xlsx
sbpfpr-neon.vercel.app,Phishing,mock_Mock_Data_31_07_2025.xlsx
4285556c-66a7-45a3-a905-7652c91bf325-00-3gyn9n9ro02ez.sisko.replit.dev,Phishing,mock_Mock_Data_31_07_2025.xlsx
bdtrh.vercel.app,Phishing,mock_Mock_Data_31_07_2025.xlsx
sb-rduf.vercel.app,Phishing,mock_Mock_Data_31_07_2025.xlsx
sb-xzfc.vercel.app,Phishing,mock_Mock_Data_31_07_2025.xlsx
sb-6xuz.vercel.app,Phishing,mock_Mock_Data_31_07_2025.xlsx
86553513-7ebc-4f96-944d-959eb4194ae6-00-v7w6qt1a87vc.pike.replit.dev,Phishing,mock_Mock_Data_31_07_2025.xlsx
sb-b4g9.vercel.app,Phishing,mock_Mock_Data_31_07_2025.xlsx
zbc-58t.pages.dev,Phishing,mock_Mock_Data_31_07_2025.xlsx
bvccc.vercel.app,Phishing,mock_Mock_Data_31_07_2025.xlsx
sb-n5wq.vercel.app,Phishing,mock_Mock_Data_31_07_2025.xlsx
sb-zg4v.vercel.app,Phishing,mock_Mock_Data_31_07_2025.xlsx
lakshmy08.github.io,Phishing,mock_Mock_Data_31_07_2025.xlsx
qtzltnm.netlify.app,Phishing,mock_Mock_Data_31_07_2025.xlsx
sbn-55b7.vercel.app,Phishing,mock_Mock_Data_31_07_2025.xlsx
jhur8ui.pages.dev,Phishing,mock_Mock_Data_31_07_2025.xlsx
tmkocj-264.pages.dev,Phishing,mock_Mock_Data_31_07_2025.xlsx
sbd01-mauve.vercel.app,Phishing,mock_Mock_Data_31_07_2025.xlsx
mudraloanfinance.online,Phishing,mock_Mock_Data_31_07_2025.xlsx
sbn-c196.vercel.app,Phishing,mock_Mock_Data_31_07_2025.xlsx
ae006b7e-8b41-40f9-92e7-b26296df62db-00-11fbnh0u0srpl.pike.replit.dev,Phishing,mock_Mock_Data_31_07_2025.xlsx
www.chandkebparchaloji.buzz,Phishing,mock_Mock_Data_31_07_2025.xlsx
sb-wvo2.vercel.app,Phishing,mock_Mock_Data_31_07_2025.xlsx
rdpnlsrmkrilxwe2adfadf.buzz,Phishing,mock_Mock_Data_31_07_2025.xlsx
sb-zbjo.vercel.app,Phishing,mock_Mock_Data_31_07_2025.xlsx
sb-7943.vercel.app,Phishing,mock_Mock_Data_31_07_2025.xlsx
qvt7dws8tw.pages.dev,Phishing,mock_Mock_Data_31_07_2025.xlsx
retailonlinesbisbi.vercel.app,Phishing,mock_Mock_Data_31_07_2025.xlsx
sbn-main-walp.vercel.app,Phishing,mock_Mock_Data_31_07_2025.xlsx
chandkeparchalo.buzz,Phishing,mock_Mock_Data_31_07_2025.xlsx
sbpfpro-zeta.vercel.app,Phishing,mock_Mock_Data_31_07_2025.xlsx
35dfb100-b427-476c-af2b-0221248bec61-00-1dzuk3p5gu8wv.sisko.replit.dev,Phishing,mock_Mock_Data_31_07_2025.xlsx
ramlakhankihelloresourse.buzz,Phishing,mock_Mock_Data_31_07_2025.xlsx
x2-puce.vercel.app,Phishing,mock_Mock_Data_31_07_2025.xlsx
sb-qgis.vercel.app,Phishing,mock_Mock_Data_31_07_2025.xlsx
peru-boring-automaticparallelization-raja2456in.replit.app,Phishing,mock_Mock_Data_31_07_2025.xlsx
df478903-9d72-4a81-9b5a-dc8e74085111-00-3aqviv7kz7vjn.sisko.replit.dev,Phishing,mock_Mock_Data_31_07_2025.xlsx
chartreuse-demanding-match-raja2456in.replit.app,Phishing,mock_Mock_Data_31_07_2025.xlsx
zdfkyt.netlify.app,Phishing,mock_Mock_Data_31_07_2025.xlsx
hidden-fumbling-properties-raja2456in.replit.app,Phishing,mock_Mock_Data_31_07_2025.xlsx
agonizing-transparent-background-raja2456in.replit.app,Phishing,mock_Mock_Data_31_07_2025.xlsx
50311d0e-25c7-403d-99ac-26753f9689e1-00-e9v1twgygg22.sisko.replit.dev,Phishing,mock_Mock_Data_31_07_2025.xlsx
sbn-main-vxnf.vercel.app,Phishing,mock_Mock_Data_31_07_2025.xlsx
open-offensive-driverwrapper-redmmblack.replit.app,Phishing,mock_Mock_Data_31_07_2025.xlsx
sbloihg.vercel.app,Phishing,mock_Mock_Data_31_07_2025.xlsx
royalblue-clearcut-resources-redmmblack.replit.app,Phishing,mock_Mock_Data_31_07_2025.xlsx
sbn-main-wjjx.vercel.app,Phishing,mock_Mock_Data_31_07_2025.xlsx
sb-nh1l.vercel.app,Phishing,mock_Mock_Data_31_07_2025.xlsx
kiuuyht.pages.dev,Phishing,mock_Mock_Data_31_07_2025.xlsx
sbn-main-h7pd.vercel.app,Phishing,mock_Mock_Data_31_07_2025.xlsx
mediumpurple-vacant-conferences-rdeemrwrd.replit.app,Phishing,mock_Mock_Data_31_07_2025.xlsx
limping-cluttered-procedurallanguage-rdeemrwrd.replit.app,Phishing,mock_Mock_Data_31_07_2025.xlsx
bgytrdde.pages.dev,Phishing,mock_Mock_Data_31_07_2025.xlsx
pra-2h.pages.dev,Phishing,mock_Mock_Data_31_07_2025.xlsx
k-1499.pages.dev,Phishing,mock_Mock_Data_31_07_2025.xlsx
uneven-preemptive-qbasic-rdeemrwrd.replit.app,Phishing,mock_Mock_Data_31_07_2025.xlsx
sbn-main-roex.vercel.app,Phishing,mock_Mock_Data_31_07_2025.xlsx
hinsyt.pages.dev,Phishing,mock_Mock_Data_31_07_2025.xlsx
nimble-huge-cryptocurrency-rdeemrwrd.replit.app,Phishing,mock_Mock_Data_31_07_2025.xlsx
fc0fac5b-bbaf-4f03-a0d2-743b1c9fb66d-00-3bp3rri86nd9a.pike.replit.dev,Phishing,mock_Mock_Data_31_07_2025.xlsx
sbn-main-fg67.vercel.app,Phishing,mock_Mock_Data_31_07_2025.xlsx
048bbf22-030f-4c20-b498-97522b94a09e-00-2pf1xy4cidex6.sisko.replit.dev,Phishing,mock_Mock_Data_31_07_2025.xlsx
chocolate-rectangular-applicationserver-rdeemrwrd.replit.app,Phishing,mock_Mock_Data_31_07_2025.xlsx
sbn-main-esuq.vercel.app,Phishing,mock_Mock_Data_31_07_2025.xlsx
eada594a-55bd-4f89-8e51-44c7859c85be-00-aubelet62qx2.pike.replit.dev,Phishing,mock_Mock_Data_31_07_2025.xlsx
sbn-main-v4ap.vercel.app,Phishing,mock_Mock_Data_31_07_2025.xlsx
goldendevil046-001-site1.otempurl.com,Phishing,mock_Mock_Data_31_07_2025.xlsx
slushy-portly-computergames-rdeemrwrd.replit.app,Phishing,mock_Mock_Data_31_07_2025.xlsx
mam-unlawful-lemonchiffon-website.replit.app,Phishing,mock_Mock_Data_31_07_2025.xlsx
srtjvhk.vercel.app,Phishing,mock_Mock_Data_31_07_2025.xlsx
f8b36500-0f99-44f2-8149-a8de8561970e-00-28ffszxxis0vl.pike.replit.dev,Phishing,mock_Mock_Data_31_07_2025.xlsx
axlwfmvkrs.replit.app,Phishing,mock_Mock_Data_31_07_2025.xlsx
cooperative-enormous-outcomes.replit.app,Phishing,mock_Mock_Data_31_07_2025.xlsx
373d897a-eaa9-46a1-859d-8df24f8cdee4-00-21kjv19gwa86o.pike.replit.dev,Phishing,mock_Mock_Data_31_07_2025.xlsx
alarming-sane-emulatorslksdkjflknxclvjdlfkfj.replit.app,Phishing,mock_Mock_Data_31_07_2025.xlsx
logn-sb-rwd.replit.app,Phishing,mock_Mock_Data_31_07_2025.xlsx
sbn-main-tcuc.vercel.app,Phishing,mock_Mock_Data_31_07_2025.xlsx
jis-129.pages.dev,Phishing,mock_Mock_Data_31_07_2025.xlsx
sbn-main-f97g.vercel.app,Phishing,mock_Mock_Data_31_07_2025.xlsx
sbn-main-igh3.vercel.app,Phishing,mock_Mock_Data_31_07_2025.xlsx
ioclrecruit.in,Phishing,mock_Mock_Data_31_07_2025.xlsx
finallyinertia.top,Phishing,mock_Mock_Data_31_07_2025.xlsx
www.indian-oils.com,Phishing,mock_Mock_Data_31_07_2025.xlsx
settlexlcp.com,Phishing,mock_Mock_Data_31_07_2025.xlsx
petrolpumpsdealerchyan.com,Phishing,mock_Mock_Data_31_07_2025.xlsx
petrolpumpdealerchayan.com,Phishing,mock_Mock_Data_31_07_2025.xlsx
indianoilcorporationsltd.com,Phishing,mock_Mock_Data_31_07_2025.xlsx
www.zoominfo.com,Phishing,mock_Mock_Data_31_07_2025.xlsx
blueimpactnetwork.top,Phishing,mock_Mock_Data_31_07_2025.xlsx
fitnessfanfare,Phishing,mock_Mock_Data_31_07_2025.xlsx
bluemetricsolutions.top,Phishing,mock_Mock_Data_31_07_2025.xlsx
marketingmedia.pro,Phishing,mock_Mock_Data_31_07_2025.xlsx
marketingmediawhite.pro,Phishing,mock_Mock_Data_31_07_2025.xlsx
blueorbitdigital.top,Phishing,mock_Mock_Data_31_07_2025.xlsx
m.facebook.com,Phishing,mock_Mock_Data_31_07_2025.xlsx
indianoilcorporations.in,Phishing,mock_Mock_Data_31_07_2025.xlsx
petrolpump-ksk.com,Phishing,mock_Mock_Data_31_07_2025.xlsx
info@petrolpumpsdealerschayan.com,Phishing,mock_Mock_Data_31_07_2025.xlsx
ioclapply.in,Phishing,mock_Mock_Data_31_07_2025.xlsx
iocludr.com,Phishing,mock_Mock_Data_31_07_2025.xlsx
petrolpumpdealervitrakchayan.in,Phishing,mock_Mock_Data_31_07_2025.xlsx
indianoiluxtw.top,Phishing,mock_Mock_Data_31_07_2025.xlsx
www.iocl-apply.in,Phishing,mock_Mock_Data_31_07_2025.xlsx
fadedfable.digital,Phishing,mock_Mock_Data_31_07_2025.xlsx
v1.mk,Phishing,mock_Mock_Data_31_07_2025.xlsx
petrolpumpvitrkdealerchayan.com,Phishing,mock_Mock_Data_31_07_2025.xlsx
liocl.com,Phishing,mock_Mock_Data_31_07_2025.xlsx
www.iiocl.com,Phishing,mock_Mock_Data_31_07_2025.xlsx
indanenearme.in,Phishing,mock_Mock_Data_31_07_2025.xlsx
iocl.com@indolj.cyou,Phishing,mock_Mock_Data_31_07_2025.xlsx
iolpoi.cyou,Phishing,mock_Mock_Data_31_07_2025.xlsx
indol0.cyou,Phishing,mock_Mock_Data_31_07_2025.xlsx
iolhah.cyou,Phishing,mock_Mock_Data_31_07_2025.xlsx
iolxxw.cyou,Phishing,mock_Mock_Data_31_07_2025.xlsx
iol68m.cyou,Phishing,mock_Mock_Data_31_07_2025.xlsx
iol3ax.cyou,Phishing,mock_Mock_Data_31_07_2025.xlsx
niclogin.co,Phishing,synthetic_v2
icici-banking.xyz,Phishing,synthetic_v2
hdfc-verify.net,Phishing,synthetic_v2
hdfclogin.net,Phishing,synthetic_v2
uidaiupdate.xyz,Phishing,synthetic_v2
bob-banking.net,Phishing,synthetic_v2
nic-secure.info,Phishing,synthetic_v2
irctcverify.xyz,Phishing,synthetic_v2
airtel-support.info,Phishing,synthetic_v2
irctcsecure.info,Phishing,synthetic_v2
sbiverify.org,Phishing,synthetic_v2
bobsecure.xyz,Phishing,synthetic_v2
sbi-help.net,Phishing,synthetic_v2
bobverify.org,Phishing,synthetic_v2
iocl-help.top,Phishing,synthetic_v2
hdfc-verify.xyz,Phishing,synthetic_v2
ioclupdate.info,Phishing,synthetic_v2
iocllogin.info,Phishing,synthetic_v2
pnb-support.org,Phishing,synthetic_v2
uidai-help.info,Phishing,synthetic_v2
nic-banking.net,Phishing,synthetic_v2
irctc-banking.top,Phishing,synthetic_v2
nic-support.in,Phishing,synthetic_v2
iciciupdate.org,Phishing,synthetic_v2
bobverify.in,Phishing,synthetic_v2
sbiupdate.top,Phishing,synthetic_v2
bob-support.xyz,Phishing,synthetic_v2
iciciupdate.top,Phishing,synthetic_v2
bobupdate.co,Phishing,synthetic_v2
irctc-online.in,Phishing,synthetic_v2
hdfc-secure.xyz,Phishing,synthetic_v2
uidai-verify.info,Phishing,synthetic_v2
pnbupdate.net,Phishing,synthetic_v2
irctc-verify.info,Phishing,synthetic_v2
irctcupdate.xyz,Phishing,synthetic_v2
sbiverify.net,Phishing,synthetic_v2
nicsecure.in,Phishing,synthetic_v2
sbiupdate.co,Phishing,synthetic_v2
uidai-online.info,Phishing,synthetic_v2
hdfc-login.net,Phishing,synthetic_v2
niclogin.info,Phishing,synthetic_v2
uidai-login.xyz,Phishing,synthetic_v2
iocl-support.info,Phishing,synthetic_v2
pnb-secure.in,Phishing,synthetic_v2
nic-online.info,Phishing,synthetic_v2
hdfc-verify.in,Phishing,synthetic_v2
iocl-support.net,Phishing,synthetic_v2
hdfc-help.info,Phishing,synthetic_v2
icici-secure.co,Phishing,synthetic_v2
pnbupdate.xyz,Phishing,synthetic_v2
nicsecure.xyz,Phishing,synthetic_v2
uidaiverify.co,Phishing,synthetic_v2
uidai-support.org,Phishing,synthetic_v2
uidai-login.top,Phishing,synthetic_v2
irctc-secure.org,Phishing,synthetic_v2
iciciupdate.in,Phishing,synthetic_v2
ioclsecure.co,Phishing,synthetic_v2
uidailogin.xyz,Phishing,synthetic_v2
sbi-online.in,Phishing,synthetic_v2
hdfc-banking.org,Phishing,synthetic_v2
sbi-login.info,Phishing,synthetic_v2
bobsecure.info,Phishing,synthetic_v2
icici-help.top,Phishing,synthetic_v2
bob-secure.in,Phishing,synthetic_v2
uidai-verify.xyz,Phishing,synthetic_v2
hdfclogin.org,Phishing,synthetic_v2
airtel-login.in,Phishing,synthetic_v2
iocl-online.in,Phishing,synthetic_v2
hdfc-online.co,Phishing,synthetic_v2
iocl-secure.top,Phishing,synthetic_v2
airtelupdate.info,Phishing,synthetic_v2
bob-login.xyz,Phishing,synthetic_v2
irctc-login.org,Phishing,synthetic_v2
irctclogin.co,Phishing,synthetic_v2
pnbsecure.org,Phishing,synthetic_v2
ioclverify.net,Phishing,synthetic_v2
pnb-online.info,Phishing,synthetic_v2
ioclverify.co,Phishing,synthetic_v2
icici-login.top,Phishing,synthetic_v2
sbi-secure.info,Phishing,synthetic_v2
pnb-secure.xyz,Phishing,synthetic_v2
iocl-banking.org,Phishing,synthetic_v2
irctcupdate.in,Phishing,synthetic_v2
hdfc-help.co,Phishing,synthetic_v2
sbi-support.xyz,Phishing,synthetic_v2
uidaiverify.xyz,Phishing,synthetic_v2
icici-login.co,Phishing,synthetic_v2
pnb-banking.org,Phishing,synthetic_v2
boblogin.top,Phishing,synthetic_v2
icici-support.top,Phishing,synthetic_v2
uidai-login.co,Phishing,synthetic_v2
hdfc-update.info,Phishing,synthetic_v2
sbiupdate.org,Phishing,synthetic_v2
hdfc.secure--update.net,Phishing,synthetic_v2
iocl.service--banking.top,Phishing,synthetic_v2
sbi.secure-secure.xyz,Phishing,synthetic_v2
irctc.service--online.in,Phishing,synthetic_v2
nic.service--login.co,Phishing,synthetic_v2
bob.service--login.co,Phishing,synthetic_v2
uidai.check--verify.org,Phishing,synthetic_v2
irctc.portal--support.co,Phishing,synthetic_v2
uidai.portal--support.in,Phishing,synthetic_v2
bob.secure--secure.org,Phishing,synthetic_v2
sbi.service--banking.info,Phishing,synthetic_v2
bob.service--update.co,Phishing,synthetic_v2
bob.check--support.top,Phishing,synthetic_v2
irctc.secure-secure.in,Phishing,synthetic_v2
pnb.secure-verify.net,Phishing,synthetic_v2
airtel.secure--help.in,Phishing,synthetic_v2
irctc.service-login.net,Phishing,synthetic_v2
airtel.secure-verify.net,Phishing,synthetic_v2
bob.secure--secure.xyz,Phishing,synthetic_v2
bob.service--online.org,Phishing,synthetic_v2
pnb.check--update.xyz,Phishing,synthetic_v2
uidai.secure--help.org,Phishing,synthetic_v2
pnb.portal-update.top,Phishing,synthetic_v2
hdfc.secure-update.net,Phishing,synthetic_v2
sbi.service-verify.xyz,Phishing,synthetic_v2
iocl.portal--online.xyz,Phishing,synthetic_v2
bob.secure-secure.net,Phishing,synthetic_v2
icici.secure-verify.info,Phishing,synthetic_v2
irctc.portal--update.xyz,Phishing,synthetic_v2
sbi.secure--update.xyz,Phishing,synthetic_v2
icici.service--update.org,Phishing,synthetic_v2
icici.secure-verify.co,Phishing,synthetic_v2
irctc.service--support.top,Phishing,synthetic_v2
icici.check--secure.net,Phishing,synthetic_v2
sbi.secure--verify.info,Phishing,synthetic_v2
irctc.check--help.net,Phishing,synthetic_v2
irctc.secure--secure.in,Phishing,synthetic_v2
hdfc.portal-update.co,Phishing,synthetic_v2
pnb.secure--update.net,Phishing,synthetic_v2
irctc.portal-verify.top,Phishing,synthetic_v2
icici.service--secure.top,Phishing,synthetic_v2
nic.portal--help.xyz,Phishing,synthetic_v2
icici.check--online.co,Phishing,synthetic_v2
hdfc.service--banking.net,Phishing,synthetic_v2
hdfc.secure-secure.info,Phishing,synthetic_v2
pnb.portal--update.info,Phishing,synthetic_v2
icici.secure--support.top,Phishing,synthetic_v2
sbi.check--banking.net,Phishing,synthetic_v2
hdfc.check--online.xyz,Phishing,synthetic_v2
sbi.service-login.net,Phishing,synthetic_v2
iocl.check--update.co,Phishing,synthetic_v2
hdfc.check--update.info,Phishing,synthetic_v2
icici.portal--help.info,Phishing,synthetic_v2
pnb.check--login.co,Phishing,synthetic_v2
pnb.portal--banking.top,Phishing,synthetic_v2
bob.check--help.info,Phishing,synthetic_v2
uidai.secure-secure.co,Phishing,synthetic_v2
hdfc.check--login.in,Phishing,synthetic_v2
irctc.service--support.xyz,Phishing,synthetic_v2
bob.portal--update.co,Phishing,synthetic_v2
uidai.portal-update.info,Phishing,synthetic_v2
irctc.check--update.net,Phishing,synthetic_v2
hdfc.secure--support.top,Phishing,synthetic_v2
icici.portal--online.org,Phishing,synthetic_v2
nic.service--secure.net,Phishing,synthetic_v2
bob.check-update.xyz,Phishing,synthetic_v2
sbi.secure--secure.co,Phishing,synthetic_v2
sbi.check-update.net,Phishing,synthetic_v2
sbi.check--login.xyz,Phishing,synthetic_v2
uidai.secure--banking.net,Phishing,synthetic_v2
iocl.check--online.xyz,Phishing,synthetic_v2
sbi.check--online.in,Phishing,synthetic_v2
hdfc.check--login.info,Phishing,synthetic_v2
nic.service-update.org,Phishing,synthetic_v2
nic.service--help.info,Phishing,synthetic_v2
airtel.secure--support.info,Phishing,synthetic_v2
iocl.service-secure.net,Phishing,synthetic_v2
icici.check-login.co,Phishing,synthetic_v2
uidai.service--support.co,Phishing,synthetic_v2
uidai.secure--online.co,Phishing,synthetic_v2
bob.portal--verify.org,Phishing,synthetic_v2
iocl.secure--banking.top,Phishing,synthetic_v2
iocl.secure--help.xyz,Phishing,synthetic_v2
icici.check-secure.xyz,Phishing,synthetic_v2
bob.portal-login.xyz,Phishing,synthetic_v2
bob.check-login.top,Phishing,synthetic_v2
bob.secure--login.top,Phishing,synthetic_v2
pnb.service--login.net,Phishing,synthetic_v2
airtel.service--secure.org,Phishing,synthetic_v2
icici.service-secure.in,Phishing,synthetic_v2
bob.portal--secure.top,Phishing,synthetic_v2
pnb.check-update.info,Phishing,synthetic_v2
airtel.secure--secure.net,Phishing,synthetic_v2
uidai.service-secure.info,Phishing,synthetic_v2
uidai.portal--banking.co,Phishing,synthetic_v2
pnb.secure--online.co,Phishing,synthetic_v2
sbi.secure--support.org,Phishing,synthetic_v2
airtel.secure--update.net,Phishing,synthetic_v2
nic.service--banking.xyz,Phishing,synthetic_v2
pnb.check-secure.xyz,Phishing,synthetic_v2
acceso-al-correo-electronico.webflow.io,Phishing,phishtank
login.marineelectronicscheap.com,Phishing,phishtank
pay.promoativadalinha.top,Phishing,phishtank
ineffable-unicorn-195997.framer.app,Phishing,phishtank
pay.pagamento-desconto-aprovado.com,Phishing,phishtank
pay.paypagementoseguroltda.site,Phishing,phishtank
finalizar-pendencia.vercel.app,Phishing,phishtank
storage.googleapis.com,Phishing,phishtank
docs.google.com,Phishing,phishtank
portalsemanafeirao.vercel.app,Phishing,phishtank
v0-pagina-inicial-com-imagens.vercel.app,Phishing,phishtank
pub-f73adf40cab64201b704a66989da48e2.r2.dev,Phishing,phishtank
kemmler-electronic.com,Phishing,phishtank
unicampbr2.ukit.me,Phishing,phishtank
organic-grammar-461746.framer.app,Phishing,phishtank
nic-uniza-sk.weebly.com,Phishing,phishtank
tbaytelcommunicationservicemember.weebly.com,Phishing,phishtank
rackingindia.com,Phishing,phishtank
loginprincipalinicios.pages.dev,Phishing,phishtank
loginprincipalinicioyaas.pages.dev,Phishing,phishtank
app.bonuspromocao.pro,Phishing,phishtank
ofertasfinanceirasbr.vercel.app,Phishing,phishtank
pay.finalize-aqui-seu-pedido.shop,Phishing,phishtank
bt-communications-100923.weeblysite.com,Phishing,phishtank
allegrolokalnie.pl-576183681.cfd,Phishing,phishtank
suportenetpjempresa.digital,Phishing,phishtank
loginprincipalinicioya.pages.dev,Phishing,phishtank
austria-bank-login--hshssh2737.replit.app,Phishing,phishtank
doc-exodusweb3.nicepage.io,Phishing,phishtank
exodus-web.nicepage.io,Phishing,phishtank
www.venicecanoe.com,Phishing,phishtank
venicecanoe.com,Phishing,phishtank
seguniao.pro,Phishing,phishtank
organic-darling-060049.framer.app,Phishing,phishtank
myportal.qmagnaindia.com,Phishing,phishtank
nodry-owa-ozu.matt770555.workers.dev,Phishing,phishtank
www.excitonicpair.cfd,Phishing,phishtank
recepcioncfdisimm-fkhudhe6a7bzdeau.southcentralus-01.azurewebsites.net,Phishing,phishtank
technical-world-186128.framer.app,Phishing,phishtank
indianplacements.co.in,Phishing,phishtank
iniciodesesionuniversidadcentraldelecuador.weebly.com,Phishing,phishtank
webappsecureaccontswdtifdhger.nicguymosadpcu.biz.id,Phishing,phishtank
mailservercommunication.weebly.com,Phishing,phishtank
bricksmasons.org,Phishing,phishtank
organicshop99.com,Phishing,phishtank
iniciodesesion.framer.ai,Phishing,phishtank
organic-line-084152.framer.app,Phishing,phishtank
monicabrose.shop,Phishing,phishtank
acceclientnickel.cloudaccess.host,Phishing,phishtank
clinicaroua.ro,Phishing,phishtank
val1dardatosbio.webcindario.com,Phishing,phishtank
pay.promojanlinha.top,Phishing,phishtank
dry-owa-ozu.matt770555.workers.dev,Phishing,phishtank
communicative-selfies-758414.framer.app,Phishing,phishtank
mechanicsbank-business.co.com,Phishing,phishtank
clinicanewlifeprime.com.br,Phishing,phishtank
serviciosbilbao.cl,Phishing,phishtank
metrixor.com,Phishing,phishtank
app.maispromos.online,Phishing,phishtank
app.biapontosmax.pro,Phishing,phishtank
newcrystoprbjmanagementindia.com,Phishing,phishtank
pronicardevserv.webcindario.com,Phishing,phishtank
is.gd,Phishing,phishtank
seg-social.at,Phishing,phishtank
portaldeinicio.webcindario.com,Phishing,phishtank
15253055.solarmonkey.sk,Phishing,phishtank
canal-digital-web.vercel.app,Phishing,phishtank
fqyuanmo.com,Phishing,phishtank
a-comunicacion.com,Phishing,phishtank
loteriascaixaonlline-gov-l1.vercel.app,Phishing,phishtank
bnicrflre.com,Phishing,phishtank
iniciio-pr0duban.webcindario.com,Phishing,phishtank
peeldsb-rnicrosoft-login.work.gd,Phishing,phishtank
statsf-tm.everesttech.net,Phishing,phishtank
produ-inici0.webcindario.com,Phishing,phishtank
inicio-pr0du.webcindario.com,Phishing,phishtank
produinicio.webcindario.com,Phishing,phishtank
nickmacdonald111.wixsite.com,Phishing,phishtank
nickrushbrooke2.wixsite.com,Phishing,phishtank
ecuadordainicio.webcindario.com,Phishing,phishtank
finichdeliv.wpenginepowered.com,Phishing,phishtank
inicioprodu.webcindario.com,Phishing,phishtank
alimentiumconnectwebapi.azurewebsites.net,Phishing,phishtank
www.musical.gr,Phishing,phishtank
tbaytelcommunications.weebly.com,Phishing,phishtank
isonic.weebly.com,Phishing,phishtank
nichole-martins-074jk45-access-now.weebly.com,Phishing,phishtank
united-internet-d.openx.net,Phishing,phishtank
iniciobienvenido.webcindario.com,Phishing,phishtank
csbim-connect.web.app,Phishing,phishtank
csbim-connect.firebaseapp.com,Phishing,phishtank
dagroupindia.com,Phishing,phishtank
www.dropbox.com,Phishing,phishtank
pt.seg-social.at,Phishing,phishtank
iniciar-credito.webcindario.com,Phishing,phishtank
2fkcz7.share-eu1.hsforms.com,Phishing,phishtank
1my65.trk.elasticemail.com,Phishing,phishtank
nonenforceable976.cyltra.onl,Phishing,phishtank
incometaxrefund.wixstudio.com,Phishing,phishtank
nickygile330.mvt.so,Phishing,phishtank
s-cas-unicaen-fr.weebly.com,Phishing,phishtank
whitepinecl.com,Phishing,phishtank
usbitt.weebly.com,Phishing,phishtank
itsbio.link,Phishing,phishtank
flagcollection.com,Phishing,phishtank
osm.hlidskjalf.is,Phishing,phishtank
www.flagcollection.com,Phishing,phishtank
en.schlosshotel-zdikov.de,Phishing,phishtank
www.amiga68k.de,Phishing,phishtank
aplitaworld.com,Phishing,phishtank
amiga68k.de,Phishing,phishtank
app.cronogramaresgate.click,Phishing,phishtank
indiapost-in-govin.click,Phishing,phishtank
bafkreicjbo6ztthldlxtmc4sd4hmtqyjt7gysfknij5qtobvxe3wllrsbi.ipfs.dweb.link,Phishing,phishtank
inicio-promerica.webcindario.com,Phishing,phishtank
bafkreidrnxoveikateiqzhnpnb5fzdegpjpspbm3htagn3574amwuzzjkq.ipfs.dweb.link,Phishing,phishtank
bafkreibc53h7prboy5niccdnegrk54tj37bo3dnv4qywissdth7t5cv2qa.ipfs.dweb.link,Phishing,phishtank
bafkreic5d4mm5f3gg4qzvy3jezgwmgo2qzc7wyfy7iunicqyuxvgg5kmje.ipfs.dweb.link,Phishing,phishtank
bafkreibffjyduvy7m3v6x7bkfxgtyl6xrrx7zzfexamxhuhxmnic4g6llu.ipfs.dweb.link,Phishing,phishtank
bafkreifr6zy62mctuccuqfxrhi5suueyhza35h44qqpm6oq7r3pnb7iur4.ipfs.dweb.link,Phishing,phishtank
bafkreif5txdxel3kelxzpnbjeg4pdp5exkwi2ciwgbeed53pwqsoykj2qm.ipfs.dweb.link,Phishing,phishtank
href.li,Phishing,phishtank
notifyingtelekommunications.weebly.com,Phishing,phishtank
iniciar-sesion12.webcindario.com,Phishing,phishtank
iniciar-authbn.webcindario.com,Phishing,phishtank
1meqo.trk.elasticemail.com,Phishing,phishtank
sbisec-jp.games258.com,Phishing,phishtank
verificacfdi.facturaelectronica.sat.gob.mx.sisems.es.validaciondelicencia.com,Phishing,phishtank
unicaen0.weebly.com,Phishing,phishtank
kutt.it,Phishing,phishtank
mailchoiceindia.weebly.com,Phishing,phishtank
networkingtelekomunication.weebly.com,Phishing,phishtank
autocommunication.weebly.com,Phishing,phishtank
xn--actualitzacidecorreuelectrnicdegencatweb-k3d1a.weebly.com,Phishing,phishtank
rainbowcommunication.com.bd,Phishing,phishtank
mypnbkewane.weebly.com,Phishing,phishtank
tienda.reduxclinica.com.ec,Phishing,phishtank
hrbt1e6567m8-pages-dev.translate.goog,Phishing,phishtank
qa0sb4mjucd7-pages-dev.translate.goog,Phishing,phishtank
l2xh2ov6ux3un-pages-dev.translate.goog,Phishing,phishtank
540qkoz4qdqpx-pages-dev.translate.goog,Phishing,phishtank
o505lyw4d0okd-pages-dev.translate.goog,Phishing,phishtank
vdlvz5eh08yw1-pages-dev.translate.goog,Phishing,phishtank
kxgs92v9o27q8-pages-dev.translate.goog,Phishing,phishtank
bp3458eyjeik3h-pages-dev.translate.goog,Phishing,phishtank
nn5dd0yfca0os-pages-dev.translate.goog,Phishing,phishtank
ema4jz0bkzvsj-pages-dev.translate.goog,Phishing,phishtank
gn31mm483m8eu-pages-dev.translate.goog,Phishing,phishtank
h1cfjr47pth218.pages.dev,Phishing,phishtank
ek7n2cbxnbvngz-pages-dev.translate.goog,Phishing,phishtank
dcg7wx0jdvlnn-pages-dev.translate.goog,Phishing,phishtank
pqzhgfx8qww11g-pages-dev.translate.goog,Phishing,phishtank
zjda2nhrhy8mrf-pages-dev.translate.goog,Phishing,phishtank
bs6lum61rjw5co-pages-dev.translate.goog,Phishing,phishtank
h1cfjr47pth218-pages-dev.translate.goog,Phishing,phishtank
iszmzjsildwe.blogspot.com,Phishing,phishtank
vevqfe243-pages-dev.translate.goog,Phishing,phishtank
wvv2v224-pages-dev.translate.goog,Phishing,phishtank
9h3evw7i1f6d-pages-dev.translate.goog,Phishing,phishtank
xdl82h0t2swf-pages-dev.translate.goog,Phishing,phishtank
wtx0v4wp17yh-pages-dev.translate.goog,Phishing,phishtank
yj728x7pu3o4-pages-dev.translate.goog,Phishing,phishtank
sonicalerexzm.weebly.com,Phishing,phishtank
sonic-secure1.weebly.com,Phishing,phishtank
xn--soporteporcorreoelectrnicodelauniversidaduct0909-wve.weebly.com,Phishing,phishtank
ant.com.vn,Phishing,phishtank
netzerolinkwebcommunicationservice.weebly.com,Phishing,phishtank
sonic999.weebly.com,Phishing,phishtank
imagemcisp.com.br,Phishing,phishtank
shentelcommunicatiionsserverupgrade.weebly.com,Phishing,phishtank
l0ginsecion.webcindario.com,Phishing,phishtank
attcomunicationsupport.weebly.com,Phishing,phishtank
l.wl.co,Phishing,phishtank
iniciar-correo-web.weebly.com,Phishing,phishtank
nicoleclark332144.github.io,Phishing,phishtank
hasgoodtools.com,Phishing,phishtank
forcarorbike.com,Phishing,phishtank
iniciosecurity1.webcindario.com,Phishing,phishtank
url.emailprotection.link,Phishing,phishtank
bellrushhoursbills.weebly.com,Phishing,phishtank
marketplace-item-details-87452610.zya.me,Phishing,phishtank
niconbvmvvnmx.weebly.com,Phishing,phishtank
auburn-unicu-acc-sc.weebly.com,Phishing,phishtank
tbaytellcommunication.weebly.com,Phishing,phishtank
qrco.de,Phishing,phishtank
bizasvanicar.webcindario.com,Phishing,phishtank
vm02.viptronica.com,Phishing,phishtank
scientific-calculator-canicomp.web.app,Phishing,phishtank
scientific-calculator-canicomp.firebaseapp.com,Phishing,phishtank
bttelecomunication.w3spaces.com,Phishing,phishtank
spikenow.com,Phishing,phishtank
thecapitalindian.co.uk,Phishing,phishtank
britishtelecommunicationbil.w3spaces.com,Phishing,phishtank
britishtelecommunicationbill.w3spaces.com,Phishing,phishtank
sunpasstollsbill.com,Phishing,phishtank
b-t-coomunicationspage.w3spaces.com,Phishing,phishtank
website6275565.nicepage.io,Phishing,phishtank
connecticuttechnicalupdate4422.ukit.me,Phishing,phishtank
www.dakshcommunication.in,Phishing,phishtank
notedefraisbist.web.app,Phishing,phishtank
notedefraisbist.firebaseapp.com,Phishing,phishtank
usebiolink.com,Phishing,phishtank
gatewaytechnicalcollege.ukit.me,Phishing,phishtank
nicheuniversal.ukit.me,Phishing,phishtank
linknbio.com,Phishing,phishtank
inicio-decompras.webcindario.com,Phishing,phishtank
anular-ahora.webcindario.com,Phishing,phishtank
provicomprascom.webcindario.com,Phishing,phishtank
provicomprass.webcindario.com,Phishing,phishtank
cancelaciones-ar.webcindario.com,Phishing,phishtank
inicio-inicio.webcindario.com,Phishing,phishtank
provinciatoken24.webcindario.com,Phishing,phishtank
bipcompras-ar.webcindario.com,Phishing,phishtank
anular-compras.webcindario.com,Phishing,phishtank
ply-cfbindiana.web.app,Phishing,phishtank
ply-cfbindiana.firebaseapp.com,Phishing,phishtank
iniciarcuscatlan.webcindario.com,Phishing,phishtank
indianastateuniverityaccountupdate.ukit.me,Phishing,phishtank
comprastokenar.webcindario.com,Phishing,phishtank
comprastokenbip.webcindario.com,Phishing,phishtank
bipcancelarnett.webcindario.com,Phishing,phishtank
biptokencompra.webcindario.com,Phishing,phishtank
bipcancelarnet.webcindario.com,Phishing,phishtank
bipcancelarr.webcindario.com,Phishing,phishtank
ingresa-inicio.webcindario.com,Phishing,phishtank
provincia-compra.webcindario.com,Phishing,phishtank
luxurytechnical.com,Phishing,phishtank
bancoprovinciaar.webcindario.com,Phishing,phishtank
www.flowcode.com,Phishing,phishtank
pub-c7b916d0f569445e8ba4fd1d8b062375.r2.dev,Phishing,phishtank
viuonicoiscienic.web.app,Phishing,phishtank
viuonicoiscienic.firebaseapp.com,Phishing,phishtank
comunicadto0.webcindario.com,Phishing,phishtank
rpovmxxbh.webcindario.com,Phishing,phishtank
sibecotechnics.ru,Phishing,phishtank
provomsdl.webcindario.com,Phishing,phishtank
web-lnicio-rural.biz.site,Phishing,phishtank
provinclasbip.webcindario.com,Phishing,phishtank
provindkj.webcindario.com,Phishing,phishtank
provincml.webcindario.com,Phishing,phishtank
imusicantibavaresi.de,Phishing,phishtank
iniciobrural.webcindario.com,Phishing,phishtank
authjgxszcloxpnassocl.web.app,Phishing,phishtank
authjgxszcloxpnassocl.firebaseapp.com,Phishing,phishtank
jauniceverattisbannars.web.app,Phishing,phishtank
jauniceverattisbannars.firebaseapp.com,Phishing,phishtank
provinciashjk.webcindario.com,Phishing,phishtank
inicidaaavihn.webcindario.com,Phishing,phishtank
vanicadaranebanistercaris.web.app,Phishing,phishtank
vanicadaranebanistercaris.firebaseapp.com,Phishing,phishtank
provincikhome.webcindario.com,Phishing,phishtank
biprovinciahex.webcindario.com,Phishing,phishtank
yandex.ru,Phishing,phishtank
msbistorage.com,Phishing,phishtank
bietdoipokemonicefr.firebaseapp.com,Phishing,phishtank
allianceswisspass.live.itonicsit.de,Phishing,phishtank
karresults-nic-in.in,Phishing,phishtank
micronicsolutions.com,Phishing,phishtank
loyaltygateway.com,Phishing,phishtank
43.156.0.130,Phishing,phishtank
www.bookmarkindia.in,Phishing,phishtank
brounicaro.web.app,Phishing,phishtank
brounicaro.firebaseapp.com,Phishing,phishtank
salonandspaindia.com,Phishing,phishtank
engineersclubindia.com,Phishing,phishtank
samsunmechanical.myportfolio.com,Phishing,phishtank
iniciobanesconline.web.app,Phishing,phishtank
iniciobanesconline.firebaseapp.com,Phishing,phishtank
indianna-uplink.web.app,Phishing,phishtank
indianna-uplink.firebaseapp.com,Phishing,phishtank
apoyosbienestar.com,Phishing,phishtank
districtchronicles.com,Phishing,phishtank
servertechnicalnoticeimmestae-reconecting.pages.dev,Phishing,phishtank
ersfilter-my.sharepoint.com,Phishing,phishtank
vedomosti.ru,Legitimate,tranco_external
metoffice.gov.uk,Legitimate,tranco_external
samsungmdec.com,Legitimate,tranco_external
modal.host,Legitimate,tranco_external
gzone.ph,Legitimate,tranco_external
partner.co.il,Legitimate,tranco_external
jecontacte.com,Legitimate,tranco_external
a-yz.com,Legitimate,tranco_external
loo3laej.com,Legitimate,tranco_external
netcraze.net,Legitimate,tranco_external
pixlates.com,Legitimate,tranco_external
nobroker.in,Legitimate,tranco_external
zdusercontent.com,Legitimate,tranco_external
withbuddies.com,Legitimate,tranco_external
163jiasu.com,Legitimate,tranco_external
mollie.com,Legitimate,tranco_external
chromeexperiments.com,Legitimate,tranco_external
truoptik.com,Legitimate,tranco_external
susercontent.com,Legitimate,tranco_external
getadblock.com,Legitimate,tranco_external
google.cat,Legitimate,tranco_external
kingofshojo.com,Legitimate,tranco_external
centene.com,Legitimate,tranco_external
walmart.ca,Legitimate,tranco_external
isna.ir,Legitimate,tranco_external
scmp.com,Legitimate,tranco_external
google.md,Legitimate,tranco_external
volcgtm.com,Legitimate,tranco_external
jquery.org,Legitimate,tranco_external
typepad.com,Legitimate,tranco_external
boursorama.com,Legitimate,tranco_external
awsdns-25.net,Legitimate,tranco_external
targetimg1.com,Legitimate,tranco_external
anywhereworks.com,Legitimate,tranco_external
soha.vn,Legitimate,tranco_external
nextcloud.com,Legitimate,tranco_external
home.blog,Legitimate,tranco_external
plyr.io,Legitimate,tranco_external
rynekzdrowia.pl,Legitimate,tranco_external
clicktale.net,Legitimate,tranco_external
nc0.co,Legitimate,tranco_external
gearupportal.com,Legitimate,tranco_external
capgemini.com,Legitimate,tranco_external
complianz.io,Legitimate,tranco_external
makeuseof.com,Legitimate,tranco_external
lpsnmedia.net,Legitimate,tranco_external
mtsbank.ru,Legitimate,tranco_external
gotowebinar.com,Legitimate,tranco_external
howstuffworks.com,Legitimate,tranco_external
usa.gov,Legitimate,tranco_external
moviead55.ru,Legitimate,tranco_external
constantcontactpages.com,Legitimate,tranco_external
sugarcrm.com,Legitimate,tranco_external
pubeasy.io,Legitimate,tranco_external
astm.org,Legitimate,tranco_external
fbi.com,Legitimate,tranco_external
huqindustries.co.uk,Legitimate,tranco_external
pepsico.com,Legitimate,tranco_external
manuals.plus,Legitimate,tranco_external
mimecastprotect.com,Legitimate,tranco_external
app-us1.com,Legitimate,tranco_external
labour.gov.za,Legitimate,tranco_external
utoon.net,Legitimate,tranco_external
rlp.de,Legitimate,tranco_external
trafficjunky.net,Legitimate,tranco_external
mixcloud.com,Legitimate,tranco_external
carrierzone.com,Legitimate,tranco_external
aditude.cloud,Legitimate,tranco_external
immunet.com,Legitimate,tranco_external
xhsocial.com,Legitimate,tranco_external
xhopen.com,Legitimate,tranco_external
mskcc.org,Legitimate,tranco_external
2k.com,Legitimate,tranco_external
ada.gov,Legitimate,tranco_external
amazon.se,Legitimate,tranco_external
google.com.my,Legitimate,tranco_external
rubika.ir,Legitimate,tranco_external
cleveland.com,Legitimate,tranco_external
inquirer.com,Legitimate,tranco_external
parallels.com,Legitimate,tranco_external
servicecdn.ru,Legitimate,tranco_external
runsignup.com,Legitimate,tranco_external
monash.edu.au,Legitimate,tranco_external
telenor.se,Legitimate,tranco_external
grist.org,Legitimate,tranco_external
termsfeed.com,Legitimate,tranco_external
awsdns-10.net,Legitimate,tranco_external
serveriai.lt,Legitimate,tranco_external
google.eu,Legitimate,tranco_external
red-gate.com,Legitimate,tranco_external
sc.com,Legitimate,tranco_external
uefa.com,Legitimate,tranco_external
funmora.com,Legitimate,tranco_external
clinch.co,Legitimate,tranco_external
xhamster.desi,Legitimate,tranco_external
awsdns-01.com,Legitimate,tranco_external
freedesktop.org,Legitimate,tranco_external
allianz.com,Legitimate,tranco_external
device9.com,Legitimate,tranco_external
polskieradio24.pl,Legitimate,tranco_external
unirioja.es,Legitimate,tranco_external
skokka.com.pe,Legitimate,tranco_external
itv.com,Legitimate,tranco_external
lendingtree.com,Legitimate,tranco_external
blahlivedsnowdrop.com,Legitimate,tranco_external
kino-teatr.ru,Legitimate,tranco_external
xvideo.vlog.br,Legitimate,tranco_external
spanishdict.com,Legitimate,tranco_external
uidapi.com,Legitimate,tranco_external
mdstrm.com,Legitimate,tranco_external
tver.jp,Legitimate,tranco_external
mxporn.net,Legitimate,tranco_external
ns247.net,Legitimate,tranco_external
state.gov,Legitimate,tranco_external
agenziaentrateriscossione.gov.it,Legitimate,tranco_external
smbcnikko.co.jp,Legitimate,tranco_external
netshort.com,Legitimate,tranco_external
runnersworld.com,Legitimate,tranco_external
clienttons.com,Legitimate,tranco_external
uncutmaza.com.co,Legitimate,tranco_external
astronautlividlyreformer.com,Legitimate,tranco_external
stellantis.com,Legitimate,tranco_external
audacityteam.org,Legitimate,tranco_external
yoti.com,Legitimate,tranco_external
3ds.com,Legitimate,tranco_external
starkgames.app,Legitimate,tranco_external
awsdns-40.net,Legitimate,tranco_external
drpc.org,Legitimate,tranco_external
ltguevmavv.com,Legitimate,tranco_external
powerplatform.com,Legitimate,tranco_external
bcvcdn.com,Legitimate,tranco_external
facct.ru,Legitimate,tranco_external
apptimize.com,Legitimate,tranco_external
samsungdive.com,Legitimate,tranco_external
blippington.com,Legitimate,tranco_external
now.gg,Legitimate,tranco_external
thescore.com,Legitimate,tranco_external
webaim.org,Legitimate,tranco_external
dnspod.com,Legitimate,tranco_external
ivideon.com,Legitimate,tranco_external
escapefromtarkov.com,Legitimate,tranco_external
tinypng.com,Legitimate,tranco_external
google.cf,Legitimate,tranco_external
smugmug.com,Legitimate,tranco_external
theblaze.com,Legitimate,tranco_external
arm-msedge.net,Legitimate,tranco_external
jreast.co.jp,Legitimate,tranco_external
onlydesiporn.com,Legitimate,tranco_external
fuq.com,Legitimate,tranco_external
rosszlanyok.hu,Legitimate,tranco_external
trustedstack.com,Legitimate,tranco_external
bezeq.co.il,Legitimate,tranco_external
restream-media.net,Legitimate,tranco_external
euro-football.ru,Legitimate,tranco_external
doxygen.org,Legitimate,tranco_external
mhanational.org,Legitimate,tranco_external
gpcloudservice.com,Legitimate,tranco_external
telcel.com,Legitimate,tranco_external
pemsrv.com,Legitimate,tranco_external
packet8.net,Legitimate,tranco_external
postimages.org,Legitimate,tranco_external
resultadofacil.com.br,Legitimate,tranco_external
lotoven.com,Legitimate,tranco_external
em.com.br,Legitimate,tranco_external
mynavi.jp,Legitimate,tranco_external
parliament.uk,Legitimate,tranco_external
amperwave.net,Legitimate,tranco_external
rdstation.com.br,Legitimate,tranco_external
rtactivate.com,Legitimate,tranco_external
pastelink.net,Legitimate,tranco_external
aliyuncsslb.com,Legitimate,tranco_external
cygwin.com,Legitimate,tranco_external
awsdns-40.co.uk,Legitimate,tranco_external
animeflv.net,Legitimate,tranco_external
uw.edu,Legitimate,tranco_external
ge.movie,Legitimate,tranco_external
numbeo.com,Legitimate,tranco_external
blender.org,Legitimate,tranco_external
statesman.com,Legitimate,tranco_external
ivcsmrt.com,Legitimate,tranco_external
zencdn.net,Legitimate,tranco_external
cnn.gr,Legitimate,tranco_external
iranintl.com,Legitimate,tranco_external
pfizer.com,Legitimate,tranco_external
smart.car,Legitimate,tranco_external
seek.com,Legitimate,tranco_external
mattermost.com,Legitimate,tranco_external
solana.com,Legitimate,tranco_external
france24.com,Legitimate,tranco_external
ctlcdn.cn,Legitimate,tranco_external
16personalities.com,Legitimate,tranco_external
eprocure.gov.bd,Legitimate,tranco_external
gs.com,Legitimate,tranco_external
awsdns-26.net,Legitimate,tranco_external
helpguide.org,Legitimate,tranco_external
eufylife.com,Legitimate,tranco_external
a47b.com,Legitimate,tranco_external
yubico.com,Legitimate,tranco_external
sciencefocus.com,Legitimate,tranco_external
xmdh.link,Legitimate,tranco_external
tide.co,Legitimate,tranco_external
kurir.rs,Legitimate,tranco_external
comfrt.com,Legitimate,tranco_external
share-dns.net,Legitimate,tranco_external
novofon.com,Legitimate,tranco_external
uni-freiburg.de,Legitimate,tranco_external
gelderlander.nl,Legitimate,tranco_external
blick.ch,Legitimate,tranco_external
aniwatchtv.to,Legitimate,tranco_external
cdnhwc10.cn,Legitimate,tranco_external
optimole.com,Legitimate,tranco_external
admaster.cc,Legitimate,tranco_external
bambuser.com,Legitimate,tranco_external
99taxis.mobi,Legitimate,tranco_external
usercontent.goog,Legitimate,tranco_external
haxx.se,Legitimate,tranco_external
v2z.ru,Legitimate,tranco_external
superhosting.bg,Legitimate,tranco_external
reverso.net,Legitimate,tranco_external
jimdo.systems,Legitimate,tranco_external
tenor.co,Legitimate,tranco_external
eb.mil.br,Legitimate,tranco_external
slackb.com,Legitimate,tranco_external
lesoir.be,Legitimate,tranco_external
exelator.com,Legitimate,tranco_external
pku.edu.cn,Legitimate,tranco_external
nic.xyz,Legitimate,tranco_external
antena3.com,Legitimate,tranco_external
docomo.ne.jp,Legitimate,tranco_external
asuracomic.net,Legitimate,tranco_external
lastwarapp.com,Legitimate,tranco_external
filmyfiy.mov,Legitimate,tranco_external
google.ch,Legitimate,tranco_external
cisf.gov.in,Legitimate,tranco_external
principal.com,Legitimate,tranco_external
cbr.ru,Legitimate,tranco_external
avlyun.com,Legitimate,tranco_external
uiscom.ru,Legitimate,tranco_external
9ffyu1g9c.com,Legitimate,tranco_external
maurices.com,Legitimate,tranco_external
anlian.co,Legitimate,tranco_external
piratbit.fun,Legitimate,tranco_external
imhentai.xxx,Legitimate,tranco_external
fingerhi.net,Legitimate,tranco_external
zoomdev.us,Legitimate,tranco_external
spigotmc.org,Legitimate,tranco_external
cnc.cn,Legitimate,tranco_external
onmicrosoft.com,Legitimate,tranco_external
kooora.com,Legitimate,tranco_external
blogspot.co.uk,Legitimate,tranco_external
google.com.ly,Legitimate,tranco_external
zblogcn.com,Legitimate,tranco_external
app-ads-services.com,Legitimate,tranco_external
163img.com,Legitimate,tranco_external
megoplan.ru,Legitimate,tranco_external
namebay.com,Legitimate,tranco_external
jthedots.com,Legitimate,tranco_external
2ksports.com,Legitimate,tranco_external
spglobal.com,Legitimate,tranco_external
kreativmedia.ch,Legitimate,tranco_external
bose.io,Legitimate,tranco_external
pch.net,Legitimate,tranco_external
tracktor.in,Legitimate,tranco_external
iberia.com,Legitimate,tranco_external
grubhub.com,Legitimate,tranco_external
gorgias.help,Legitimate,tranco_external
1e100.net,Legitimate,tranco_external
akadns88.net,Legitimate,tranco_external
33win.com,Legitimate,tranco_external
awsdns-38.com,Legitimate,tranco_external
nfcube.com,Legitimate,tranco_external
kustomerapp.com,Legitimate,tranco_external
pangolin-sdk-toutiao.com,Legitimate,tranco_external
xn--42c5ab1a9aq9hqb5dud.cc,Legitimate,tranco_external
qu.ax,Legitimate,tranco_external
freedom1.ru,Legitimate,tranco_external
allevents.in,Legitimate,tranco_external
pravda.sk,Legitimate,tranco_external
google.mn,Legitimate,tranco_external
baggyrepackingrocky.com,Legitimate,tranco_external
rtcloud.ru,Legitimate,tranco_external
ovhcloud.com,Legitimate,tranco_external
photopea.com,Legitimate,tranco_external
proofdns.net,Legitimate,tranco_external
footmercato.net,Legitimate,tranco_external
openoffice.org,Legitimate,tranco_external
beeg.com,Legitimate,tranco_external
huaweicloud-dns.com,Legitimate,tranco_external
1and1.com,Legitimate,tranco_external
filmboom.top,Legitimate,tranco_external
itzmx.com,Legitimate,tranco_external
offers1st.com,Legitimate,tranco_external
letu.ru,Legitimate,tranco_external
jsonline.com,Legitimate,tranco_external
hef.co.ke,Legitimate,tranco_external
userpilot.io,Legitimate,tranco_external
thewrap.com,Legitimate,tranco_external
nationalpost.com,Legitimate,tranco_external
currys.co.uk,Legitimate,tranco_external
app-analytics-services-att.com,Legitimate,tranco_external
dramaboxdb.com,Legitimate,tranco_external
linkplay.com,Legitimate,tranco_external
sex-studentki.games,Legitimate,tranco_external
de-tencentclb.cloud,Legitimate,tranco_external
ucr.edu,Legitimate,tranco_external
dstud.io,Legitimate,tranco_external
104.com.tw,Legitimate,tranco_external
outlook.cn,Legitimate,tranco_external
uisp.com,Legitimate,tranco_external
wordstream.com,Legitimate,tranco_external
misspark.com,Legitimate,tranco_external
feishu.cn,Legitimate,tranco_external
mercadolibre.com.mx,Legitimate,tranco_external
datezone.com,Legitimate,tranco_external
betswiz.in,Legitimate,tranco_external
audioeye.com,Legitimate,tranco_external
verizon.net,Legitimate,tranco_external
fotmob.com,Legitimate,tranco_external
r01.ru,Legitimate,tranco_external
zemanta.com,Legitimate,tranco_external
unimelb.edu.au,Legitimate,tranco_external
generatepress.com,Legitimate,tranco_external
disney.com,Legitimate,tranco_external
google.bg,Legitimate,tranco_external
phosagro.ru,Legitimate,tranco_external
proxibid.com,Legitimate,tranco_external
therarbg.to,Legitimate,tranco_external
nutrition.org,Legitimate,tranco_external
interactgo.com,Legitimate,tranco_external
zentrick.com,Legitimate,tranco_external
doviz.com,Legitimate,tranco_external
uni-muenster.de,Legitimate,tranco_external
myhentaicomics.com,Legitimate,tranco_external
poetryfoundation.org,Legitimate,tranco_external
electrodepot.fr,Legitimate,tranco_external
xn----ztbcbceder.net,Legitimate,tranco_external
shipstation.com,Legitimate,tranco_external
supaghost.cc,Legitimate,tranco_external
gmx.net,Legitimate,tranco_external
acmeaom.com,Legitimate,tranco_external
boxcdn.net,Legitimate,tranco_external
sportschau.de,Legitimate,tranco_external
hgrtb.com,Legitimate,tranco_external
sefan.ru,Legitimate,tranco_external
elong.com,Legitimate,tranco_external
awsdns-21.com,Legitimate,tranco_external
auth0app.com,Legitimate,tranco_external
melia.com,Legitimate,tranco_external
bi.zone,Legitimate,tranco_external
rxnvg.com,Legitimate,tranco_external
transfermarkt.es,Legitimate,tranco_external
pinayot.com,Legitimate,tranco_external
hik-connect.com,Legitimate,tranco_external
finanzen.net,Legitimate,tranco_external
shueisha.co.jp,Legitimate,tranco_external
awsdns-60.com,Legitimate,tranco_external
tv3.lt,Legitimate,tranco_external
thrillist.com,Legitimate,tranco_external
nettiauto.com,Legitimate,tranco_external
globalprivacycontrol.org,Legitimate,tranco_external
gotomeet.me,Legitimate,tranco_external
dynu.com,Legitimate,tranco_external
ns1p.net,Legitimate,tranco_external
vigo.ru,Legitimate,tranco_external
zdnscloud.net,Legitimate,tranco_external
cloudflareok.com,Legitimate,tranco_external
aditude.io,Legitimate,tranco_external
queniuyk.com,Legitimate,tranco_external
faqs.org,Legitimate,tranco_external
vonedge.com,Legitimate,tranco_external
vdiey.net,Legitimate,tranco_external
bdurl.net,Legitimate,tranco_external
pie.org,Legitimate,tranco_external
inkscape.org,Legitimate,tranco_external
karte.io,Legitimate,tranco_external
sedoparking.com,Legitimate,tranco_external
porsche.cloud,Legitimate,tranco_external
nic.my,Legitimate,tranco_external
gucci.com,Legitimate,tranco_external
catonetworks.com,Legitimate,tranco_external
mongodb.net,Legitimate,tranco_external
ceros.com,Legitimate,tranco_external
podtrac.com,Legitimate,tranco_external
1x1x5.com,Legitimate,tranco_external
samba.tv,Legitimate,tranco_external
google.co.za,Legitimate,tranco_external
stickyadstv.com,Legitimate,tranco_external
madisoft.it,Legitimate,tranco_external
hentaila.tv,Legitimate,tranco_external
wanadoo.fr,Legitimate,tranco_external
campaign-archive.com,Legitimate,tranco_external
manta.com,Legitimate,tranco_external
arstechnica.com,Legitimate,tranco_external
yieldlove-ad-serving.net,Legitimate,tranco_external
zenon.net,Legitimate,tranco_external
yottaa.com,Legitimate,tranco_external
clean.gg,Legitimate,tranco_external
cloudflaressl.com,Legitimate,tranco_external
getyourguide.com,Legitimate,tranco_external
ceneo.pl,Legitimate,tranco_external
w3techs.com,Legitimate,tranco_external
oem.com.mx,Legitimate,tranco_external
bobaedream.co.kr,Legitimate,tranco_external
kidshealth.org,Legitimate,tranco_external
jcrew.com,Legitimate,tranco_external
rspamd.com,Legitimate,tranco_external
studentaid.gov,Legitimate,tranco_external
pstatp.com,Legitimate,tranco_external
jkanime.net,Legitimate,tranco_external
railyatri.in,Legitimate,tranco_external
quovadisglobal.com,Legitimate,tranco_external
bonappetit.com,Legitimate,tranco_external
procyclingstats.com,Legitimate,tranco_external
fool.com,Legitimate,tranco_external
fujitsu.com,Legitimate,tranco_external
tasteofhome.com,Legitimate,tranco_external
motherjones.com,Legitimate,tranco_external
nettvservices.com,Legitimate,tranco_external
jobbmintatv.pro,Legitimate,tranco_external
blackmagicdesign.com,Legitimate,tranco_external
google.gg,Legitimate,tranco_external
zazzle.com,Legitimate,tranco_external
openstax.org,Legitimate,tranco_external
zeno.fm,Legitimate,tranco_external
freebit.net,Legitimate,tranco_external
ixxx.com,Legitimate,tranco_external
rajabotak104.xyz,Legitimate,tranco_external
sweetwater.com,Legitimate,tranco_external
sante.fr,Legitimate,tranco_external
google.us,Legitimate,tranco_external
keenetic.ru,Legitimate,tranco_external
ruijie.com.cn,Legitimate,tranco_external
google.cv,Legitimate,tranco_external
cloud-xip.com,Legitimate,tranco_external
mangalib.me,Legitimate,tranco_external
smi2.ru,Legitimate,tranco_external
ikiru.wtf,Legitimate,tranco_external
tsa.gov,Legitimate,tranco_external
mwscdn.ru,Legitimate,tranco_external
ndmdhs.com,Legitimate,tranco_external
bootstrapmade.com,Legitimate,tranco_external
nickfinder.com,Legitimate,tranco_external
nextdns.io,Legitimate,tranco_external
xs4all.nl,Legitimate,tranco_external
ngtv.io,Legitimate,tranco_external
romanticgolpo.com,Legitimate,tranco_external
climatempo.com.br,Legitimate,tranco_external
zbporn.com,Legitimate,tranco_external
xxxvideo.link,Legitimate,tranco_external
tobsnssdk.com,Legitimate,tranco_external
vinylone.co.uk,Legitimate,tranco_external
coinmarketcap.com,Legitimate,tranco_external
belka-games.com,Legitimate,tranco_external
adrush.space,Legitimate,tranco_external
sumup.com,Legitimate,tranco_external
matterport.com,Legitimate,tranco_external
videojs.org,Legitimate,tranco_external
kcl.ac.uk,Legitimate,tranco_external
google.lv,Legitimate,tranco_external
marieclaire.fr,Legitimate,tranco_external
ingentaconnect.com,Legitimate,tranco_external
dittoparty.com,Legitimate,tranco_external
zlib.net,Legitimate,tranco_external
pinterest.de,Legitimate,tranco_external
delfi.ee,Legitimate,tranco_external
aro.network,Legitimate,tranco_external
lsapp.eu,Legitimate,tranco_external
sezzle.com,Legitimate,tranco_external
depop.com,Legitimate,tranco_external
upbhulekh.gov.in,Legitimate,tranco_external
faberlic.com,Legitimate,tranco_external
maxon.net,Legitimate,tranco_external
trivago.com,Legitimate,tranco_external
eleadcrm.com,Legitimate,tranco_external
wildixin.com,Legitimate,tranco_external
bankrate.com,Legitimate,tranco_external
osha.gov,Legitimate,tranco_external
allabout.co.jp,Legitimate,tranco_external
admatic.com.tr,Legitimate,tranco_external
amd.online,Legitimate,tranco_external
doofinder.com,Legitimate,tranco_external
support-intelligence.net,Legitimate,tranco_external
eonline.com,Legitimate,tranco_external
dnsenable.com,Legitimate,tranco_external
dyn.com,Legitimate,tranco_external
trustarc.com,Legitimate,tranco_external
pornbomb.org,Legitimate,tranco_external
snapkit.com,Legitimate,tranco_external
bluewin.ch,Legitimate,tranco_external
feverup.com,Legitimate,tranco_external
syndicatedsearch.goog,Legitimate,tranco_external
simplisafe.com,Legitimate,tranco_external
zonaprop.com.ar,Legitimate,tranco_external
kamareels2.com,Legitimate,tranco_external
snaptube.app,Legitimate,tranco_external
vivawebhost.com,Legitimate,tranco_external
y8.com,Legitimate,tranco_external
mosreg.ru,Legitimate,tranco_external
cybersource.com,Legitimate,tranco_external
stream-balancer-allo-1.live,Legitimate,tranco_external
qustodio.com,Legitimate,tranco_external
awsdns-42.net,Legitimate,tranco_external
sexdep.blog,Legitimate,tranco_external
indianxxxvideos.link,Legitimate,tranco_external
betway.co.za,Legitimate,tranco_external
fordham.edu,Legitimate,tranco_external
prosv.ru,Legitimate,tranco_external
tange365.com,Legitimate,tranco_external
bcv.org.ve,Legitimate,tranco_external
apmex.com,Legitimate,tranco_external
snapcraft.io,Legitimate,tranco_external
tclking.com,Legitimate,tranco_external
uu.net,Legitimate,tranco_external
lesechos.fr,Legitimate,tranco_external
libbyshelf.com,Legitimate,tranco_external
vijesti.me,Legitimate,tranco_external
xbcs.net,Legitimate,tranco_external
devicetask.com,Legitimate,tranco_external
govinfo.gov,Legitimate,tranco_external
equant.net,Legitimate,tranco_external
dergipark.org.tr,Legitimate,tranco_external
roadsteam.net,Legitimate,tranco_external
diagrams.net,Legitimate,tranco_external
basedrust.fun,Legitimate,tranco_external
retailrocket.ru,Legitimate,tranco_external
strava.com,Legitimate,tranco_external
host-food.ru,Legitimate,tranco_external
alohaenterprise.com,Legitimate,tranco_external
vteximg.com.br,Legitimate,tranco_external
pingdom.com,Legitimate,tranco_external
xhamster44.desi,Legitimate,tranco_external
kmart.com.au,Legitimate,tranco_external
furbo.co,Legitimate,tranco_external
iti.br,Legitimate,tranco_external
igamecj.com,Legitimate,tranco_external
sbcglobal.net,Legitimate,tranco_external
bhaskar.com,Legitimate,tranco_external
proximabeta.com,Legitimate,tranco_external
poshvine.com,Legitimate,tranco_external
bricodepot.fr,Legitimate,tranco_external
pure.cloud,Legitimate,tranco_external
awsdns-50.com,Legitimate,tranco_external
consentframework.com,Legitimate,tranco_external
vewd.com,Legitimate,tranco_external
wikileaks.org,Legitimate,tranco_external
bestbuy.ca,Legitimate,tranco_external
yimg.jp,Legitimate,tranco_external
turboscribe.ai,Legitimate,tranco_external
gentoo.org,Legitimate,tranco_external
betterstackdata.com,Legitimate,tranco_external
missav.live,Legitimate,tranco_external
pubnub.com,Legitimate,tranco_external
rakuten.tv,Legitimate,tranco_external
lnkd.in,Legitimate,tranco_external
cellrebel.com,Legitimate,tranco_external
fhvfd.com,Legitimate,tranco_external
impactradius-event.com,Legitimate,tranco_external
pitchfork.com,Legitimate,tranco_external
guzelhosting.com,Legitimate,tranco_external
awsdns-22.net,Legitimate,tranco_external
grindr.mobi,Legitimate,tranco_external
wasabisys.com,Legitimate,tranco_external
grammy.com,Legitimate,tranco_external
madrasati.sa,Legitimate,tranco_external
moeblog.cn,Legitimate,tranco_external
dollargeneral.com,Legitimate,tranco_external
motorsport.com,Legitimate,tranco_external
al.com,Legitimate,tranco_external
split.io,Legitimate,tranco_external
semana.es,Legitimate,tranco_external
latribune.fr,Legitimate,tranco_external
wps.cn,Legitimate,tranco_external
trkcliq.com,Legitimate,tranco_external
nic.kz,Legitimate,tranco_external
huffingtonpost.jp,Legitimate,tranco_external
dexscreener.com,Legitimate,tranco_external
beastiality.tv,Legitimate,tranco_external
goo-net.com,Legitimate,tranco_external
coinmaster.com,Legitimate,tranco_external
waterstones.com,Legitimate,tranco_external
hashvault.pro,Legitimate,tranco_external
presseportal.de,Legitimate,tranco_external
dnsleaktest.com,Legitimate,tranco_external
likee.com,Legitimate,tranco_external
fortinet.com,Legitimate,tranco_external
vk.team,Legitimate,tranco_external
theiconic.com.au,Legitimate,tranco_external
vanityfair.it,Legitimate,tranco_external
geforce.com,Legitimate,tranco_external
awsdns-35.com,Legitimate,tranco_external
fwupd.org,Legitimate,tranco_external
tacticalrmm.io,Legitimate,tranco_external
rosneft.ru,Legitimate,tranco_external
jpmorgan.com,Legitimate,tranco_external
awsdns-27.net,Legitimate,tranco_external
tu-darmstadt.de,Legitimate,tranco_external
voeazul.com.br,Legitimate,tranco_external
glbimg.com,Legitimate,tranco_external
domestika.org,Legitimate,tranco_external
mob.com,Legitimate,tranco_external
cato.org,Legitimate,tranco_external
gsxt.gov.cn,Legitimate,tranco_external
wolfram.com,Legitimate,tranco_external
twinrdengine.com,Legitimate,tranco_external
systeme.io,Legitimate,tranco_external
adn.cloud,Legitimate,tranco_external
amzndns.co.uk,Legitimate,tranco_external
supersportbet.com,Legitimate,tranco_external
rfb.ac,Legitimate,tranco_external
imunify360.com,Legitimate,tranco_external
altium.com,Legitimate,tranco_external
eazypaytech.net,Legitimate,tranco_external
comscore.com,Legitimate,tranco_external
inria.fr,Legitimate,tranco_external
vak345.com,Legitimate,tranco_external
steamusercontent.com,Legitimate,tranco_external
signalfx.com,Legitimate,tranco_external
varonis.io,Legitimate,tranco_external
bethesda.net,Legitimate,tranco_external
buyee.jp,Legitimate,tranco_external
fornex.com,Legitimate,tranco_external
powerautomate.com,Legitimate,tranco_external
shopee.com,Legitimate,tranco_external
zjcdn.com,Legitimate,tranco_external
polsatnews.pl,Legitimate,tranco_external
altibbi.com,Legitimate,tranco_external
zadn.vn,Legitimate,tranco_external
novelfull.com,Legitimate,tranco_external
stuff.co.nz,Legitimate,tranco_external
fdownloader.net,Legitimate,tranco_external
krx18.com,Legitimate,tranco_external
shinyapps.io,Legitimate,tranco_external
payermax.com,Legitimate,tranco_external
sayouth.mobi,Legitimate,tranco_external
ap.org,Legitimate,tranco_external
pixieset.com,Legitimate,tranco_external
booksy.com,Legitimate,tranco_external
awsdns-00.co.uk,Legitimate,tranco_external
staseraintv.com,Legitimate,tranco_external
menulog.com.au,Legitimate,tranco_external
earn.fm,Legitimate,tranco_external
petco.com,Legitimate,tranco_external
gmlinteractive.com,Legitimate,tranco_external
sway-cdn.com,Legitimate,tranco_external
bravehost.com,Legitimate,tranco_external
lg.co.kr,Legitimate,tranco_external
artlist.io,Legitimate,tranco_external
34sp.com,Legitimate,tranco_external
tomorrowland.com,Legitimate,tranco_external
pbstck.com,Legitimate,tranco_external
tumadouga.jp,Legitimate,tranco_external
replevysquab.top,Legitimate,tranco_external
abgligarchan.com,Legitimate,tranco_external
speedostream1.com,Legitimate,tranco_external
123rf.com,Legitimate,tranco_external
terraform.io,Legitimate,tranco_external
toptal.com,Legitimate,tranco_external
zohocdn.com,Legitimate,tranco_external
jbzd.com.pl,Legitimate,tranco_external
sfndns.cn,Legitimate,tranco_external
podbean.com,Legitimate,tranco_external
mcw-casino.biz,Legitimate,tranco_external
exchbet365.live,Legitimate,tranco_external
wroc.pl,Legitimate,tranco_external
adsbynimbus.com,Legitimate,tranco_external
keralalotterytoday.com,Legitimate,tranco_external
speed-manga.net,Legitimate,tranco_external
winzip.com,Legitimate,tranco_external
vudu.com,Legitimate,tranco_external
vice.com,Legitimate,tranco_external
test.com,Legitimate,tranco_external
shopee.co.th,Legitimate,tranco_external
papercut.com,Legitimate,tranco_external
eskimi.com,Legitimate,tranco_external
motortrend.com,Legitimate,tranco_external
sproutgigs.com,Legitimate,tranco_external
sc-static.net,Legitimate,tranco_external
joinhoney.com,Legitimate,tranco_external
skyscanner.net,Legitimate,tranco_external
gnip.com,Legitimate,tranco_external
moneris.com,Legitimate,tranco_external
tripcdn.com,Legitimate,tranco_external
carview.co.jp,Legitimate,tranco_external
miacademy.co,Legitimate,tranco_external
uncn.jp,Legitimate,tranco_external
marca.com,Legitimate,tranco_external
baomoi.com,Legitimate,tranco_external
queniuak.com,Legitimate,tranco_external
smartcasttv.com,Legitimate,tranco_external
ardentnews.co.kr,Legitimate,tranco_external
copernicus.org,Legitimate,tranco_external
lidl.es,Legitimate,tranco_external
bancoestado.cl,Legitimate,tranco_external
livehindustan.com,Legitimate,tranco_external
mycloud.com,Legitimate,tranco_external
rabobank.nl,Legitimate,tranco_external
ctfassets.net,Legitimate,tranco_external
hihi2.com,Legitimate,tranco_external
userway.org,Legitimate,tranco_external
ic.ac.uk,Legitimate,tranco_external
emirates.com,Legitimate,tranco_external
iptv2022.com,Legitimate,tranco_external
sheknows.com,Legitimate,tranco_external
gree.jp,Legitimate,tranco_external
medallia.com,Legitimate,tranco_external
bytegecko.com,Legitimate,tranco_external
filmstarts.de,Legitimate,tranco_external
demilked.com,Legitimate,tranco_external
google.org,Legitimate,tranco_external
lotus-dsp.ru,Legitimate,tranco_external
shbet800.com,Legitimate,tranco_external
novelupdates.com,Legitimate,tranco_external
vpngate2.jp,Legitimate,tranco_external
dowjones.io,Legitimate,tranco_external
techsmith.com,Legitimate,tranco_external
minutemedia-prebid.com,Legitimate,tranco_external
lodz.pl,Legitimate,tranco_external
imovelweb.com.br,Legitimate,tranco_external
kion.ru,Legitimate,tranco_external
hosted-by-discourse.com,Legitimate,tranco_external
lu.ma,Legitimate,tranco_external
visma.net,Legitimate,tranco_external
komiku.asia,Legitimate,tranco_external
colostate.edu,Legitimate,tranco_external
pretty-fly4.com,Legitimate,tranco_external
cainet.ru,Legitimate,tranco_external
transcend.io,Legitimate,tranco_external
manhuaus.com,Legitimate,tranco_external
aemet.es,Legitimate,tranco_external
bio.site,Legitimate,tranco_external
cn.com,Legitimate,tranco_external
banggood.com,Legitimate,tranco_external
sfmc-marketing.com,Legitimate,tranco_external
ltn.com.tw,Legitimate,tranco_external
sexybluefilm.com,Legitimate,tranco_external
holy-push.com,Legitimate,tranco_external
myflorida.com,Legitimate,tranco_external
wnyc.org,Legitimate,tranco_external
very.co.uk,Legitimate,tranco_external
closeli.com,Legitimate,tranco_external
eurosport.de,Legitimate,tranco_external
gamestop.ca,Legitimate,tranco_external
mangabuddy.com,Legitimate,tranco_external
funplus.com,Legitimate,tranco_external
euractiv.com,Legitimate,tranco_external
unicode.org,Legitimate,tranco_external
classificadosx.net,Legitimate,tranco_external
explodie.org,Legitimate,tranco_external
skynewsarabia.com,Legitimate,tranco_external
idealmedia.io,Legitimate,tranco_external
eloqua.com,Legitimate,tranco_external
ebay.fr,Legitimate,tranco_external
fortinet.net,Legitimate,tranco_external
catonet.works,Legitimate,tranco_external
marketplace.org,Legitimate,tranco_external
att-idns.net,Legitimate,tranco_external
amazon.jobs,Legitimate,tranco_external
samsungmax.com,Legitimate,tranco_external
peatix.com,Legitimate,tranco_external
webhosting.dk,Legitimate,tranco_external
hindawi.com,Legitimate,tranco_external
groww.in,Legitimate,tranco_external
ip138.com,Legitimate,tranco_external
gastronom.ru,Legitimate,tranco_external
tourvisor.ru,Legitimate,tranco_external
cdngc.net,Legitimate,tranco_external
lieferando.de,Legitimate,tranco_external
hscollectedforms.net,Legitimate,tranco_external
payhip.com,Legitimate,tranco_external
inmotionhosting.com,Legitimate,tranco_external
findnovel.net,Legitimate,tranco_external
360qhcdn.com,Legitimate,tranco_external
liveinternet.ru,Legitimate,tranco_external
uchile.cl,Legitimate,tranco_external
amp-endpoint3.com,Legitimate,tranco_external
auspost.com.au,Legitimate,tranco_external
foxsports.com,Legitimate,tranco_external
maryland.gov,Legitimate,tranco_external
mariadb.org,Legitimate,tranco_external
rajabandotsuper74.com,Legitimate,tranco_external
analog.com,Legitimate,tranco_external
pantheon.io,Legitimate,tranco_external
presage.io,Legitimate,tranco_external
kxmp.cf,Legitimate,tranco_external
sexhqxxx.com,Legitimate,tranco_external
graficaromaweb.com,Legitimate,tranco_external
snyk.io,Legitimate,tranco_external
chalmers.se,Legitimate,tranco_external
advmusic.com,Legitimate,tranco_external
astro.com,Legitimate,tranco_external
rootsoc.com,Legitimate,tranco_external
leagueoflegends.com,Legitimate,tranco_external
amcrestcloud.com,Legitimate,tranco_external
jennymovies.com,Legitimate,tranco_external
wired.co.uk,Legitimate,tranco_external
buzzoola.com,Legitimate,tranco_external
crunchyrollcdn.com,Legitimate,tranco_external
ionos.fr,Legitimate,tranco_external
douban.com,Legitimate,tranco_external
fragrancenet.com,Legitimate,tranco_external
conversionsapigateway.com,Legitimate,tranco_external
mk.co.kr,Legitimate,tranco_external
workspaceone.com,Legitimate,tranco_external
foursquare.com,Legitimate,tranco_external
mxpnl.com,Legitimate,tranco_external
hyprmx.com,Legitimate,tranco_external
weathernews.jp,Legitimate,tranco_external
pinterest.co.uk,Legitimate,tranco_external
avid.com,Legitimate,tranco_external
amazon.ie,Legitimate,tranco_external
blogspot.de,Legitimate,tranco_external
deltaork.com,Legitimate,tranco_external
lcw.com,Legitimate,tranco_external
openwave.ai,Legitimate,tranco_external
luc.edu,Legitimate,tranco_external
videy.co,Legitimate,tranco_external
ultimatestsatapex.com,Legitimate,tranco_external
la.lv,Legitimate,tranco_external
ixbt.com,Legitimate,tranco_external
theregister.com,Legitimate,tranco_external
kif.tube,Legitimate,tranco_external
uclahealth.org,Legitimate,tranco_external
mundodeportivo.com,Legitimate,tranco_external
sexemodel.com,Legitimate,tranco_external
apkcombo.com,Legitimate,tranco_external
nexcess.net,Legitimate,tranco_external
taboolanews.com,Legitimate,tranco_external
pavietnam.net,Legitimate,tranco_external
xvideos.es,Legitimate,tranco_external
divvy.co,Legitimate,tranco_external
flashscore.sk,Legitimate,tranco_external
badambiz.com,Legitimate,tranco_external
databank.com,Legitimate,tranco_external
yomiuri.co.jp,Legitimate,tranco_external
betpawa.mw,Legitimate,tranco_external
nrf.com,Legitimate,tranco_external
swisscom.ch,Legitimate,tranco_external
jal.co.jp,Legitimate,tranco_external
thepure.app,Legitimate,tranco_external
su.se,Legitimate,tranco_external
geekwire.com,Legitimate,tranco_external
atsenergo.ru,Legitimate,tranco_external
amazon.co.za,Legitimate,tranco_external
fsf.org,Legitimate,tranco_external
csod.com,Legitimate,tranco_external
liputan6.com,Legitimate,tranco_external
ono.com,Legitimate,tranco_external
post-gazette.com,Legitimate,tranco_external
vidazoo.services,Legitimate,tranco_external
audienceexposure.com,Legitimate,tranco_external
alltrails.com,Legitimate,tranco_external
aktuality.sk,Legitimate,tranco_external
kanoon.ir,Legitimate,tranco_external
tdnsv5.com,Legitimate,tranco_external
correios.com.br,Legitimate,tranco_external
web.dev,Legitimate,tranco_external
wayground.com,Legitimate,tranco_external
fnyfeds.com,Legitimate,tranco_external
prosafe.bet,Legitimate,tranco_external
gvt3.com,Legitimate,tranco_external
sumologic.com,Legitimate,tranco_external
dpboss.boston,Legitimate,tranco_external
androidpolice.com,Legitimate,tranco_external
udemy.com,Legitimate,tranco_external
overdrive.com,Legitimate,tranco_external
atomex.net,Legitimate,tranco_external
appnexusgslb.com,Legitimate,tranco_external
codebig2.net,Legitimate,tranco_external
elperiodico.com,Legitimate,tranco_external
lvbp.com,Legitimate,tranco_external
myworkday.com,Legitimate,tranco_external
videoxxx.sex,Legitimate,tranco_external
whitepages.com,Legitimate,tranco_external
partsouq.com,Legitimate,tranco_external
zalando.de,Legitimate,tranco_external
ilovepdf.com,Legitimate,tranco_external
prmovies.delivery,Legitimate,tranco_external
unicomcdn.com.cn,Legitimate,tranco_external
crossthegame.com,Legitimate,tranco_external
sched.com,Legitimate,tranco_external
prevention.com,Legitimate,tranco_external
gmanetwork.com,Legitimate,tranco_external
awsdns-20.com,Legitimate,tranco_external
hostedemail.com,Legitimate,tranco_external
tvanouvelles.ca,Legitimate,tranco_external
fti.net,Legitimate,tranco_external
fujifilm.com,Legitimate,tranco_external
yksdks.com,Legitimate,tranco_external
cloudmark.com,Legitimate,tranco_external
apptracer.ru,Legitimate,tranco_external
pokepara.jp,Legitimate,tranco_external
expansion.com,Legitimate,tranco_external
schoology.com,Legitimate,tranco_external
google.tg,Legitimate,tranco_external
ladbrokes.com,Legitimate,tranco_external
minecraft.net,Legitimate,tranco_external
yximgs.com,Legitimate,tranco_external
houzz.com,Legitimate,tranco_external
flexwebhosting.nl,Legitimate,tranco_external
gslb.com,Legitimate,tranco_external
javsek.net,Legitimate,tranco_external
oregon.gov,Legitimate,tranco_external
dzinet.ru,Legitimate,tranco_external
61yes.com,Legitimate,tranco_external
socdm.com,Legitimate,tranco_external
mcpehub.org,Legitimate,tranco_external
korona.net,Legitimate,tranco_external
awwwards.com,Legitimate,tranco_external
prezi.com,Legitimate,tranco_external
hpe.com,Legitimate,tranco_external
twingate.com,Legitimate,tranco_external
muslima.com,Legitimate,tranco_external
brother.co.jp,Legitimate,tranco_external
saveclip.app,Legitimate,tranco_external
sendbird.com,Legitimate,tranco_external
n-able.com,Legitimate,tranco_external
ams.org,Legitimate,tranco_external
bihar.gov.in,Legitimate,tranco_external
brevo.com,Legitimate,tranco_external
outboundproxy.com,Legitimate,tranco_external
rainberrytv.com,Legitimate,tranco_external
starrydyn.com,Legitimate,tranco_external
mailbox.org,Legitimate,tranco_external
parcelsapp.com,Legitimate,tranco_external
z.com,Legitimate,tranco_external
movieffm.net,Legitimate,tranco_external
sexindrag.com,Legitimate,tranco_external
playit2019.com,Legitimate,tranco_external
restaurantguru.com,Legitimate,tranco_external
egihosting.com,Legitimate,tranco_external
broadwayworld.com,Legitimate,tranco_external
ecukwai.com,Legitimate,tranco_external
website-files.com,Legitimate,tranco_external
idolfap.com,Legitimate,tranco_external
searchenginewatch.com,Legitimate,tranco_external
xmission.com,Legitimate,tranco_external
relaysteering.com,Legitimate,tranco_external
cortana.ai,Legitimate,tranco_external
seiska.fi,Legitimate,tranco_external
autocrm.ru,Legitimate,tranco_external
about.me,Legitimate,tranco_external
doujindesu.tv,Legitimate,tranco_external
hdfilmizle.life,Legitimate,tranco_external
remove.bg,Legitimate,tranco_external
ottgoods.ru,Legitimate,tranco_external
keymachine.de,Legitimate,tranco_external
moeking.me,Legitimate,tranco_external
g2afse.com,Legitimate,tranco_external
mparticle.com,Legitimate,tranco_external
technoratimedia.com,Legitimate,tranco_external
betplay.com.co,Legitimate,tranco_external
avianca.com,Legitimate,tranco_external
xnxxvideos.in,Legitimate,tranco_external
nba.com,Legitimate,tranco_external
majordomo.ru,Legitimate,tranco_external
voltaxam.com,Legitimate,tranco_external
merit.net,Legitimate,tranco_external
nybooks.com,Legitimate,tranco_external
thanhnien.vn,Legitimate,tranco_external
myflixerz.to,Legitimate,tranco_external
moviesda16.com,Legitimate,tranco_external
hotukdeals.com,Legitimate,tranco_external
dnse0.com,Legitimate,tranco_external
gbnews.com,Legitimate,tranco_external
noodlemagazine.com,Legitimate,tranco_external
1clickvpn.net,Legitimate,tranco_external
allen.in,Legitimate,tranco_external
freeones.com,Legitimate,tranco_external
pnc.com,Legitimate,tranco_external
awsdns-55.com,Legitimate,tranco_external
gos-gsp.io,Legitimate,tranco_external
asos.com,Legitimate,tranco_external
hisavana.com,Legitimate,tranco_external
google.la,Legitimate,tranco_external
railway.app,Legitimate,tranco_external
etihad.com,Legitimate,tranco_external
pixlr.com,Legitimate,tranco_external
dnsimple.com,Legitimate,tranco_external
trilltrill.jp,Legitimate,tranco_external
ibytedtos.com,Legitimate,tranco_external
vercel.app,Legitimate,tranco_external
ethiolottery.et,Legitimate,tranco_external
allegro.com,Legitimate,tranco_external
lachainemeteo.com,Legitimate,tranco_external
netapp.com,Legitimate,tranco_external
kayak.com,Legitimate,tranco_external
targetads.io,Legitimate,tranco_external
dtscdn.com,Legitimate,tranco_external
polyspeak.ai,Legitimate,tranco_external
datart.cz,Legitimate,tranco_external
qorno.com,Legitimate,tranco_external
mcr-msedge.net,Legitimate,tranco_external
hotelscombined.com,Legitimate,tranco_external
google.co.mz,Legitimate,tranco_external
awsdns-61.co.uk,Legitimate,tranco_external
assoass.com,Legitimate,tranco_external
samsungpositioning.com,Legitimate,tranco_external
dnsv1.com,Legitimate,tranco_external
optonline.net,Legitimate,tranco_external
lexology.com,Legitimate,tranco_external
hrc.org,Legitimate,tranco_external
regions.com,Legitimate,tranco_external
clemson.edu,Legitimate,tranco_external
myinstants.com,Legitimate,tranco_external
osf.io,Legitimate,tranco_external
supercdn.ru,Legitimate,tranco_external
illinois.edu,Legitimate,tranco_external
speedsmart.net,Legitimate,tranco_external
esquire.com,Legitimate,tranco_external
apitd.net,Legitimate,tranco_external
temporary.site,Legitimate,tranco_external
ozonusercontent.com,Legitimate,tranco_external
goodreels.com,Legitimate,tranco_external
sc.edu,Legitimate,tranco_external
ovh.us,Legitimate,tranco_external
telegraphindia.com,Legitimate,tranco_external
scopely.io,Legitimate,tranco_external
supplyframe.com,Legitimate,tranco_external
computerworld.com,Legitimate,tranco_external
yellowpages.com,Legitimate,tranco_external
rentalcars.com,Legitimate,tranco_external
gta5-mods.com,Legitimate,tranco_external
correio24horas.com.br,Legitimate,tranco_external
r7.com,Legitimate,tranco_external
ghostery.net,Legitimate,tranco_external
pomorska.pl,Legitimate,tranco_external
trellix.com,Legitimate,tranco_external
sjv.io,Legitimate,tranco_external
leroymerlin.pl,Legitimate,tranco_external
bancopan.com.br,Legitimate,tranco_external
byjus.com,Legitimate,tranco_external
anime-planet.com,Legitimate,tranco_external
vidio.com,Legitimate,tranco_external
cdnjs.com,Legitimate,tranco_external
oasiszen.app,Legitimate,tranco_external
mat6tube.com,Legitimate,tranco_external
sankei.com,Legitimate,tranco_external
plos.org,Legitimate,tranco_external
udmserve.net,Legitimate,tranco_external
apicgate.com,Legitimate,tranco_external
ni.com,Legitimate,tranco_external
setlist.fm,Legitimate,tranco_external
securiti.ai,Legitimate,tranco_external
hilton.com,Legitimate,tranco_external
flashscore.com.ng,Legitimate,tranco_external
aafp.org,Legitimate,tranco_external
cloudscdn.net,Legitimate,tranco_external
awstrack.me,Legitimate,tranco_external
olx.ua,Legitimate,tranco_external
drikpanchang.com,Legitimate,tranco_external
14emeliaterracewestroxburyma02132.su,Legitimate,tranco_external
gonet-ads.com,Legitimate,tranco_external
digi24.ro,Legitimate,tranco_external
dc-telemetry.net,Legitimate,tranco_external
racejeet247.com,Legitimate,tranco_external
sonicsads.com,Legitimate,tranco_external
thenation.com,Legitimate,tranco_external
toasttab.com,Legitimate,tranco_external
ndash.net,Legitimate,tranco_external
15min.lt,Legitimate,tranco_external
mstea.ms,Legitimate,tranco_external
lesnumeriques.com,Legitimate,tranco_external
matchtv.ru,Legitimate,tranco_external
acer.com,Legitimate,tranco_external
awsdns-22.com,Legitimate,tranco_external
zscalertwo.net,Legitimate,tranco_external
name-servers.gr,Legitimate,tranco_external
rabobank.com,Legitimate,tranco_external
thisisdax.com,Legitimate,tranco_external
hbet.club,Legitimate,tranco_external
mybigcommerce.com,Legitimate,tranco_external
starbucks.com,Legitimate,tranco_external
muckrack.com,Legitimate,tranco_external
takarakuji-official.jp,Legitimate,tranco_external
finalfantasyxiv.com,Legitimate,tranco_external
bu.edu,Legitimate,tranco_external
kbs.co.kr,Legitimate,tranco_external
t.cn,Legitimate,tranco_external
traincdn.com,Legitimate,tranco_external
farnell.com,Legitimate,tranco_external
microchip.com,Legitimate,tranco_external
spaceweb.ru,Legitimate,tranco_external
topky.sk,Legitimate,tranco_external
aeon.co,Legitimate,tranco_external
coach.com,Legitimate,tranco_external
nseindia.com,Legitimate,tranco_external
eplus.jp,Legitimate,tranco_external
gendai.media,Legitimate,tranco_external
kanald.com.tr,Legitimate,tranco_external
doi.gov,Legitimate,tranco_external
indeed.net,Legitimate,tranco_external
personio-internal.de,Legitimate,tranco_external
bngf.ru,Legitimate,tranco_external
poringa.net,Legitimate,tranco_external
lmco.com,Legitimate,tranco_external
nongnu.org,Legitimate,tranco_external
otidapi.com,Legitimate,tranco_external
adobess.com,Legitimate,tranco_external
google.ci,Legitimate,tranco_external
eurowings.com,Legitimate,tranco_external
aliexpress.ru,Legitimate,tranco_external
helpshift.com,Legitimate,tranco_external
rakuten-card.co.jp,Legitimate,tranco_external
peers.tv,Legitimate,tranco_external
diy.com,Legitimate,tranco_external
delish.com,Legitimate,tranco_external
inmarsat.com,Legitimate,tranco_external
cariad.digital,Legitimate,tranco_external
gumtree.com.au,Legitimate,tranco_external
google.com.sa,Legitimate,tranco_external
files.fm,Legitimate,tranco_external
1capp.com,Legitimate,tranco_external
tfl.gov.uk,Legitimate,tranco_external
bitdrift.io,Legitimate,tranco_external
redcross.org,Legitimate,tranco_external
theiet.org,Legitimate,tranco_external
anker.com,Legitimate,tranco_external
nu.nl,Legitimate,tranco_external
hrw.org,Legitimate,tranco_external
jivox.com,Legitimate,tranco_external
cedock.com,Legitimate,tranco_external
pagalnew.com,Legitimate,tranco_external
hackmd.io,Legitimate,tranco_external
kunlunaq.com,Legitimate,tranco_external
impervasecuredns.net,Legitimate,tranco_external
bytedns3.com,Legitimate,tranco_external
alza.cz,Legitimate,tranco_external
manhwa-latino.com,Legitimate,tranco_external
s5qlfahupkra.com,Legitimate,tranco_external
mxtoolbox.com,Legitimate,tranco_external
xmeye.net,Legitimate,tranco_external
7-zip.org,Legitimate,tranco_external
scoalarutiera.ro,Legitimate,tranco_external
axios.com,Legitimate,tranco_external
salesforce-scrt.com,Legitimate,tranco_external
simply.com,Legitimate,tranco_external
shazam.com,Legitimate,tranco_external
mindbodygreen.com,Legitimate,tranco_external
stockbit.com,Legitimate,tranco_external
zebra.com,Legitimate,tranco_external
illuminateed.com,Legitimate,tranco_external
eitaa.ir,Legitimate,tranco_external
eum-appdynamics.com,Legitimate,tranco_external
cbs.com,Legitimate,tranco_external
redtube.com,Legitimate,tranco_external
myangular.life,Legitimate,tranco_external
warnermediacdn.com,Legitimate,tranco_external
foodnetwork.co.uk,Legitimate,tranco_external
awsdns-18.net,Legitimate,tranco_external
etherscan.io,Legitimate,tranco_external
xnxx-arabic.com,Legitimate,tranco_external
just.ro,Legitimate,tranco_external
tokyo-np.co.jp,Legitimate,tranco_external
inews.co.uk,Legitimate,tranco_external
hubcloud.foo,Legitimate,tranco_external
cognitoforms.com,Legitimate,tranco_external
narwaltech.com,Legitimate,tranco_external
ousaqb.tech,Legitimate,tranco_external
derwesten.de,Legitimate,tranco_external
dummies.com,Legitimate,tranco_external
e-jumbo.gr,Legitimate,tranco_external
ukg.net,Legitimate,tranco_external
razer.com,Legitimate,tranco_external
directv.com,Legitimate,tranco_external
deliveryhero.net,Legitimate,tranco_external
dafont.com,Legitimate,tranco_external
getgrass.io,Legitimate,tranco_external
s7.ru,Legitimate,tranco_external
182682.xyz,Legitimate,tranco_external
cardsmobile.ru,Legitimate,tranco_external
988lifeline.org,Legitimate,tranco_external
vodafone.co.uk,Legitimate,tranco_external
ksl.com,Legitimate,tranco_external
nvcam.net,Legitimate,tranco_external
zus.pl,Legitimate,tranco_external
gesoten.com,Legitimate,tranco_external
handelsblatt.com,Legitimate,tranco_external
xundns.com,Legitimate,tranco_external
iloveimg.com,Legitimate,tranco_external
ffmpeg.org,Legitimate,tranco_external
telkomsel.com,Legitimate,tranco_external
admob.com,Legitimate,tranco_external
newswire.ca,Legitimate,tranco_external
federalreserve.gov,Legitimate,tranco_external
mediafax.ro,Legitimate,tranco_external
suning.com,Legitimate,tranco_external
chochox.com,Legitimate,tranco_external
jugabet.cl,Legitimate,tranco_external
hikvision.com,Legitimate,tranco_external
yusercontent.com,Legitimate,tranco_external
mydesi2.net,Legitimate,tranco_external
schwab.tech,Legitimate,tranco_external
tiny.cc,Legitimate,tranco_external
snapp.autos,Legitimate,tranco_external
cargurus.com,Legitimate,tranco_external
cic.fr,Legitimate,tranco_external
kas-labs.com,Legitimate,tranco_external
google.co.ug,Legitimate,tranco_external
voltaxservices.io,Legitimate,tranco_external
sb.by,Legitimate,tranco_external
education.ne.jp,Legitimate,tranco_external
mashable.com,Legitimate,tranco_external
arm.com,Legitimate,tranco_external
moviesda15.com,Legitimate,tranco_external
snu.ac.kr,Legitimate,tranco_external
blogspot.ca,Legitimate,tranco_external
kumanga.com,Legitimate,tranco_external
bitmex.com,Legitimate,tranco_external
reverb.com,Legitimate,tranco_external
aqi.in,Legitimate,tranco_external
battle.net,Legitimate,tranco_external
wakelet.com,Legitimate,tranco_external
ngs.ru,Legitimate,tranco_external
delgarm.com,Legitimate,tranco_external
filmaffinity.com,Legitimate,tranco_external
ogury.io,Legitimate,tranco_external
createjs.com,Legitimate,tranco_external
vtb.ru,Legitimate,tranco_external
mine.nu,Legitimate,tranco_external
appboy.com,Legitimate,tranco_external
bokepnoz.in,Legitimate,tranco_external
newyorker.com,Legitimate,tranco_external
mmcdn.com,Legitimate,tranco_external
last.fm,Legitimate,tranco_external
dochii.xyz,Legitimate,tranco_external
fsc.org,Legitimate,tranco_external
tjk-njk.com,Legitimate,tranco_external
libramemoria.com,Legitimate,tranco_external
skymovieshd.mba,Legitimate,tranco_external
gallup.com,Legitimate,tranco_external
9animetv.to,Legitimate,tranco_external
pornpics.de,Legitimate,tranco_external
turkish123.to,Legitimate,tranco_external
iau.ir,Legitimate,tranco_external
spacex.com,Legitimate,tranco_external
egais.ru,Legitimate,tranco_external
chanel.com,Legitimate,tranco_external
gboxlab.com,Legitimate,tranco_external
matrix.org,Legitimate,tranco_external
act.org,Legitimate,tranco_external
ntvspor.net,Legitimate,tranco_external
infojobs.net,Legitimate,tranco_external
dlsite.com,Legitimate,tranco_external
ip.sb,Legitimate,tranco_external
geni.com,Legitimate,tranco_external
stumbleupon.com,Legitimate,tranco_external
designboom.com,Legitimate,tranco_external
samr.gov.cn,Legitimate,tranco_external
eurekacloud.io,Legitimate,tranco_external
island.io,Legitimate,tranco_external
rackspaceclouddb.com,Legitimate,tranco_external
tubi.video,Legitimate,tranco_external
mediawiki.org,Legitimate,tranco_external
fsiblog5.com,Legitimate,tranco_external
worldoftanks.eu,Legitimate,tranco_external
superbthemes.com,Legitimate,tranco_external
voegol.com.br,Legitimate,tranco_external
defense.gov,Legitimate,tranco_external
dnsitalia.net,Legitimate,tranco_external
miitbeian.gov.cn,Legitimate,tranco_external
fullstory.com,Legitimate,tranco_external
fotoscapes.com,Legitimate,tranco_external
hentaiz.bot,Legitimate,tranco_external
skysports.com,Legitimate,tranco_external
neu.edu.cn,Legitimate,tranco_external
wsj.net,Legitimate,tranco_external
kth.se,Legitimate,tranco_external
livenation.com,Legitimate,tranco_external
haberturk.com,Legitimate,tranco_external
sicredi.com.br,Legitimate,tranco_external
mawartotohijau.com,Legitimate,tranco_external
ome.tv,Legitimate,tranco_external
lexisnexisrisk.com,Legitimate,tranco_external
conectate.com.do,Legitimate,tranco_external
eukdns.com,Legitimate,tranco_external
tkc.co.jp,Legitimate,tranco_external
thumbzilla.com,Legitimate,tranco_external
dssedge.com,Legitimate,tranco_external
blog.gov.uk,Legitimate,tranco_external
fextralife.com,Legitimate,tranco_external
maff.go.jp,Legitimate,tranco_external
pasarbokep.com,Legitimate,tranco_external
google.td,Legitimate,tranco_external
testnav.com,Legitimate,tranco_external
phimxxx.ai,Legitimate,tranco_external
pozdravok.com,Legitimate,tranco_external
wallpapercave.com,Legitimate,tranco_external
porn-sex-site.com,Legitimate,tranco_external
evidon.com,Legitimate,tranco_external
speedrun.com,Legitimate,tranco_external
tinkoff.ru,Legitimate,tranco_external
edge.apple,Legitimate,tranco_external
salesmartly.com,Legitimate,tranco_external
arenabg.com,Legitimate,tranco_external
queniucf.com,Legitimate,tranco_external
awsdns-24.co.uk,Legitimate,tranco_external
officedepot.com,Legitimate,tranco_external
okex.org,Legitimate,tranco_external
monica.im,Legitimate,tranco_external
jedolo.com,Legitimate,tranco_external
openrouter.ai,Legitimate,tranco_external
kgns1.com,Legitimate,tranco_external
digitalturbine.com,Legitimate,tranco_external
uaserials.com,Legitimate,tranco_external
stylitics.com,Legitimate,tranco_external
usabracketing.com,Legitimate,tranco_external
ivicdn.tv,Legitimate,tranco_external
awsdns-49.co.uk,Legitimate,tranco_external
bk6bba-resources.com,Legitimate,tranco_external
pitc.com.pk,Legitimate,tranco_external
leadconnectorhq.com,Legitimate,tranco_external
gunbroker.com,Legitimate,tranco_external
locketcamera.com,Legitimate,tranco_external
uni-leipzig.de,Legitimate,tranco_external
mediawallahscript.com,Legitimate,tranco_external
hola.org,Legitimate,tranco_external
google.com.pk,Legitimate,tranco_external
sharepointonline.com,Legitimate,tranco_external
freenet.de,Legitimate,tranco_external
grofer.io,Legitimate,tranco_external
dapay2.com,Legitimate,tranco_external
servetraff.com,Legitimate,tranco_external
easytomessage.com,Legitimate,tranco_external
aa.com.tr,Legitimate,tranco_external
bankier.pl,Legitimate,tranco_external
nla.gov.au,Legitimate,tranco_external
google.fr,Legitimate,tranco_external
um.es,Legitimate,tranco_external
pi7.org,Legitimate,tranco_external
kiplinger.com,Legitimate,tranco_external
solopornoitaliani.xxx,Legitimate,tranco_external
abc7ny.com,Legitimate,tranco_external
volccdn.com,Legitimate,tranco_external
gr.com,Legitimate,tranco_external
uvm.edu,Legitimate,tranco_external
war.gov,Legitimate,tranco_external
sapphireonline.pk,Legitimate,tranco_external
badoocdn.com,Legitimate,tranco_external
aidemsrv.com,Legitimate,tranco_external
easy4ipcloud.com,Legitimate,tranco_external
ixigo.com,Legitimate,tranco_external
flashscore.com.br,Legitimate,tranco_external
tribuneindia.com,Legitimate,tranco_external
zhangmenglong.cn,Legitimate,tranco_external
liquidweb.com,Legitimate,tranco_external
ntt.net,Legitimate,tranco_external
px-cdn.net,Legitimate,tranco_external
host-vision.com,Legitimate,tranco_external
lifehacker.com,Legitimate,tranco_external
locaweb.com.br,Legitimate,tranco_external
skechers.com,Legitimate,tranco_external
tdnsvod1.cn,Legitimate,tranco_external
nd.edu,Legitimate,tranco_external
tawk.to,Legitimate,tranco_external
dallasnews.com,Legitimate,tranco_external
sbis.ru,Legitimate,tranco_external
usgs.gov,Legitimate,tranco_external
bfldr.com,Legitimate,tranco_external
jagex.com,Legitimate,tranco_external
resideo.com,Legitimate,tranco_external
sporza.be,Legitimate,tranco_external
kathimerini.gr,Legitimate,tranco_external
iana.org,Legitimate,tranco_external
tameteo.com,Legitimate,tranco_external
adjust.net.in,Legitimate,tranco_external
la.gov,Legitimate,tranco_external
xhcdn.com,Legitimate,tranco_external
marketo.net,Legitimate,tranco_external
dota2.com,Legitimate,tranco_external
yarnpkg.com,Legitimate,tranco_external
millipiyangoonline.com,Legitimate,tranco_external
megagroup.ru,Legitimate,tranco_external
rezka-ua.tv,Legitimate,tranco_external
joomcdn.net,Legitimate,tranco_external
bunkr.cr,Legitimate,tranco_external
bath.ac.uk,Legitimate,tranco_external
championat.asia,Legitimate,tranco_external
hihonorcdn.com,Legitimate,tranco_external
bytepluscdn.com,Legitimate,tranco_external
skypeforbusiness.com,Legitimate,tranco_external
atom.com,Legitimate,tranco_external
mijia.tech,Legitimate,tranco_external
centrum.cz,Legitimate,tranco_external
sexiveo.com,Legitimate,tranco_external
ces.tech,Legitimate,tranco_external
ny.gov,Legitimate,tranco_external
todoist.com,Legitimate,tranco_external
google.com.lb,Legitimate,tranco_external
military.com,Legitimate,tranco_external
ardmediathek.de,Legitimate,tranco_external
blueduckredapple.com,Legitimate,tranco_external
karger.com,Legitimate,tranco_external
quickstream-app.com,Legitimate,tranco_external
cam4.com,Legitimate,tranco_external
laredoute.fr,Legitimate,tranco_external
redcdn.pl,Legitimate,tranco_external
swisssign.net,Legitimate,tranco_external
farsnews.ir,Legitimate,tranco_external
livetex.ru,Legitimate,tranco_external
gamer-network.uk,Legitimate,tranco_external
monetixads.com,Legitimate,tranco_external
getcomposer.org,Legitimate,tranco_external
cri.cn,Legitimate,tranco_external
allyonostore.com,Legitimate,tranco_external
hubapi.com,Legitimate,tranco_external
af.mil,Legitimate,tranco_external
bato.si,Legitimate,tranco_external
ficbook.net,Legitimate,tranco_external
19fortyfive.com,Legitimate,tranco_external
freefiremobile.com,Legitimate,tranco_external
lettuceclub.net,Legitimate,tranco_external
devowl.io,Legitimate,tranco_external
windguru.cz,Legitimate,tranco_external
abc.net.au,Legitimate,tranco_external
cnews.fr,Legitimate,tranco_external
mac.com,Legitimate,tranco_external
softether-network.net,Legitimate,tranco_external
chron.com,Legitimate,tranco_external
fazenda.gov.br,Legitimate,tranco_external
shaalaa.com,Legitimate,tranco_external
hivebedrock.network,Legitimate,tranco_external
euid.eu,Legitimate,tranco_external
css-tricks.com,Legitimate,tranco_external
statnews.com,Legitimate,tranco_external
gama.ir,Legitimate,tranco_external
gazzetta.gr,Legitimate,tranco_external
huaweicloudwaf.com,Legitimate,tranco_external
doaj.org,Legitimate,tranco_external
creditmutuel.fr,Legitimate,tranco_external
parklogic.com,Legitimate,tranco_external
sharechat.com,Legitimate,tranco_external
disa.mil,Legitimate,tranco_external
vorwerk-digital.com,Legitimate,tranco_external
obi.de,Legitimate,tranco_external
xxbrits.com,Legitimate,tranco_external
google.lt,Legitimate,tranco_external
wpi.edu,Legitimate,tranco_external
evite.com,Legitimate,tranco_external
alibabacorp.com,Legitimate,tranco_external
gemius.pl,Legitimate,tranco_external
mynet.com,Legitimate,tranco_external
dalyfeds.com,Legitimate,tranco_external
rmsolutions.ch,Legitimate,tranco_external
solidworks.com,Legitimate,tranco_external
preply.com,Legitimate,tranco_external
ftc.ru,Legitimate,tranco_external
remitly.com,Legitimate,tranco_external
ge.com,Legitimate,tranco_external
cdnhwczba04.com,Legitimate,tranco_external
luticlip.com,Legitimate,tranco_external
mediav.com,Legitimate,tranco_external
permkrai.ru,Legitimate,tranco_external
volkswagen.de,Legitimate,tranco_external
viglink.com,Legitimate,tranco_external
xero.com,Legitimate,tranco_external
rackspace-cloud.com,Legitimate,tranco_external
synopsys.com,Legitimate,tranco_external
iata.org,Legitimate,tranco_external
amazon.sa,Legitimate,tranco_external
garmin.com,Legitimate,tranco_external
goodnotescloud.com,Legitimate,tranco_external
yottaa.net,Legitimate,tranco_external
mitchell1.com,Legitimate,tranco_external
prnt.sc,Legitimate,tranco_external
placed.com,Legitimate,tranco_external
pscube.jp,Legitimate,tranco_external
google.co.ve,Legitimate,tranco_external
bblmw.com,Legitimate,tranco_external
producthunt.com,Legitimate,tranco_external
ekstrabladet.dk,Legitimate,tranco_external
shopifyapps.com,Legitimate,tranco_external
okko.tv,Legitimate,tranco_external
keio.ac.jp,Legitimate,tranco_external
president.jp,Legitimate,tranco_external
travelandtourworld.com,Legitimate,tranco_external
t1chat.com,Legitimate,tranco_external
3cat.cat,Legitimate,tranco_external
aida.de,Legitimate,tranco_external
alternet.org,Legitimate,tranco_external
nbcuni.com,Legitimate,tranco_external
keralalotteries.net,Legitimate,tranco_external
operacdn.com,Legitimate,tranco_external
xgroovy.com,Legitimate,tranco_external
vercomicsporno.com,Legitimate,tranco_external
printercloud.com,Legitimate,tranco_external
powerbi.com,Legitimate,tranco_external
dpreview.com,Legitimate,tranco_external
toprecepty.cz,Legitimate,tranco_external
tmohentai.com,Legitimate,tranco_external
buymeacoffee.com,Legitimate,tranco_external
ojogodobicho.com,Legitimate,tranco_external
segmento.ru,Legitimate,tranco_external
comicbox.xyz,Legitimate,tranco_external
aizhantj.com,Legitimate,tranco_external
nguoiquansat.vn,Legitimate,tranco_external
kolesa.kz,Legitimate,tranco_external
onswingers.com,Legitimate,tranco_external
adventori.com,Legitimate,tranco_external
mordorintelligence.com,Legitimate,tranco_external
youngle.site,Legitimate,tranco_external
morganstanley.com,Legitimate,tranco_external
tableau.com,Legitimate,tranco_external
louisville.edu,Legitimate,tranco_external
slt.lk,Legitimate,tranco_external
programme-tv.net,Legitimate,tranco_external
anaconda.com,Legitimate,tranco_external
gotomeeting.com,Legitimate,tranco_external
krushmedia.com,Legitimate,tranco_external
sahibinden.com,Legitimate,tranco_external
boomplaymusic.com,Legitimate,tranco_external
spectrum.com,Legitimate,tranco_external
weplayapp.com,Legitimate,tranco_external
partslink24.com,Legitimate,tranco_external
virtualearth.net,Legitimate,tranco_external
minepi.com,Legitimate,tranco_external
arduino.cc,Legitimate,tranco_external
google.com.sb,Legitimate,tranco_external
glpals.com,Legitimate,tranco_external
meteofor.lt,Legitimate,tranco_external
arbada.com,Legitimate,tranco_external
uncen.org,Legitimate,tranco_external
gaymaletube.com,Legitimate,tranco_external
aade.gr,Legitimate,tranco_external
home-assistant.io,Legitimate,tranco_external
cash.app,Legitimate,tranco_external
steamrip.com,Legitimate,tranco_external
rule34.us,Legitimate,tranco_external
secop.gov.co,Legitimate,tranco_external
evri.com,Legitimate,tranco_external
t1-cloud.ru,Legitimate,tranco_external
digitalgov.gov,Legitimate,tranco_external
gearpatrol.com,Legitimate,tranco_external
saksfifthavenue.com,Legitimate,tranco_external
drogasil.com.br,Legitimate,tranco_external
novell.com,Legitimate,tranco_external
parivahan.gov.in,Legitimate,tranco_external
airtel.in,Legitimate,tranco_external
scirp.org,Legitimate,tranco_external
cbn.com,Legitimate,tranco_external
ibispaint.com,Legitimate,tranco_external
hubspotemail.net,Legitimate,tranco_external
jsmsat.com,Legitimate,tranco_external
exoscale.ch,Legitimate,tranco_external
bluebillywig.com,Legitimate,tranco_external
illusionblack.com,Legitimate,tranco_external
dns.lv,Legitimate,tranco_external
tkmaxx.com,Legitimate,tranco_external
nysc.org.ng,Legitimate,tranco_external
lenovo.com.cn,Legitimate,tranco_external
spboss.mobi,Legitimate,tranco_external
eset.systems,Legitimate,tranco_external
silvermob.com,Legitimate,tranco_external
heytapmobi.com,Legitimate,tranco_external
marphezis.com,Legitimate,tranco_external
dagospia.com,Legitimate,tranco_external
github.blog,Legitimate,tranco_external
yadongtv86.com,Legitimate,tranco_external
tubitv.com,Legitimate,tranco_external
n8n.io,Legitimate,tranco_external
planetminecraft.com,Legitimate,tranco_external
pureapk.com,Legitimate,tranco_external
zeotap.com,Legitimate,tranco_external
winner.bet,Legitimate,tranco_external
voisetech.com,Legitimate,tranco_external
pubmnet.com,Legitimate,tranco_external
kaptcha.com,Legitimate,tranco_external
playtika.com,Legitimate,tranco_external
up.pt,Legitimate,tranco_external
appcues.net,Legitimate,tranco_external
shopee.com.my,Legitimate,tranco_external
ruta1000.com.ar,Legitimate,tranco_external
popcap.com,Legitimate,tranco_external
sport.es,Legitimate,tranco_external
sinajs.cn,Legitimate,tranco_external
google.vu,Legitimate,tranco_external
telerik.com,Legitimate,tranco_external
folieporno.fr,Legitimate,tranco_external
harica.gr,Legitimate,tranco_external
mozgcp.net,Legitimate,tranco_external
grafana.net,Legitimate,tranco_external
byteintlapi.com,Legitimate,tranco_external
pstatic.net,Legitimate,tranco_external
sbermarketing.ru,Legitimate,tranco_external
monash.edu,Legitimate,tranco_external
jtexpress.com.cn,Legitimate,tranco_external
saser.tw,Legitimate,tranco_external
syncromsp.com,Legitimate,tranco_external
artillex-studios.com,Legitimate,tranco_external
cvut.cz,Legitimate,tranco_external
examinationservices.nic.in,Legitimate,tranco_external
zalando.com,Legitimate,tranco_external
ivancity.com,Legitimate,tranco_external
nirvam.it,Legitimate,tranco_external
wa.link,Legitimate,tranco_external
granify.com,Legitimate,tranco_external
unece.org,Legitimate,tranco_external
toolmatrix.plus,Legitimate,tranco_external
xhchannel.com,Legitimate,tranco_external
com.net,Legitimate,tranco_external
sae.org,Legitimate,tranco_external
ebaycdn.net,Legitimate,tranco_external
azure-apim.net,Legitimate,tranco_external
fresh8.co,Legitimate,tranco_external
glance.net,Legitimate,tranco_external
yektanet.com,Legitimate,tranco_external
sattamatkaresult.net,Legitimate,tranco_external
flipkart.net,Legitimate,tranco_external
bdydns.cn,Legitimate,tranco_external
admanmedia.com,Legitimate,tranco_external
doz.pl,Legitimate,tranco_external
elespanol.com,Legitimate,tranco_external
hereapi.com,Legitimate,tranco_external
mangaread.org,Legitimate,tranco_external
itglue.com,Legitimate,tranco_external
paginegialle.it,Legitimate,tranco_external
dhgate.com,Legitimate,tranco_external
camsoda.com,Legitimate,tranco_external
ponta.jp,Legitimate,tranco_external
nolo.com,Legitimate,tranco_external
vfsglobal.com,Legitimate,tranco_external
uts.edu.au,Legitimate,tranco_external
paykeeper.ru,Legitimate,tranco_external
siteground.net,Legitimate,tranco_external
axis.com,Legitimate,tranco_external
qatarairways.com,Legitimate,tranco_external
getpocket.com,Legitimate,tranco_external
redporn.porn,Legitimate,tranco_external
google.com.pr,Legitimate,tranco_external
trustindex.io,Legitimate,tranco_external
bluetrafficstream.com,Legitimate,tranco_external
iscorp.com,Legitimate,tranco_external
cvent.com,Legitimate,tranco_external
api.aws,Legitimate,tranco_external
telecomsvc.com,Legitimate,tranco_external
thains.co.th,Legitimate,tranco_external
telekom.com,Legitimate,tranco_external
careem-engineering.com,Legitimate,tranco_external
xhoz.world,Legitimate,tranco_external
milb.com,Legitimate,tranco_external
sandiegouniontribune.com,Legitimate,tranco_external
ltwebstatic.com,Legitimate,tranco_external
smtp2go.com,Legitimate,tranco_external
p6sai.com,Legitimate,tranco_external
maybank2u.com.my,Legitimate,tranco_external
elfinanciero.com.mx,Legitimate,tranco_external
networksolutions.com,Legitimate,tranco_external
frameo.net,Legitimate,tranco_external
rp-online.de,Legitimate,tranco_external
indianrail.gov.in,Legitimate,tranco_external
hotmart.com,Legitimate,tranco_external
zdnscloud.biz,Legitimate,tranco_external
onthemarket.com,Legitimate,tranco_external
nptel.ac.in,Legitimate,tranco_external
sexosur.cl,Legitimate,tranco_external
videocelebs.net,Legitimate,tranco_external
paadars.com,Legitimate,tranco_external
edmentum.com,Legitimate,tranco_external
blogspot.nl,Legitimate,tranco_external
liveramp.com,Legitimate,tranco_external
narod.ru,Legitimate,tranco_external
dropgame.jp,Legitimate,tranco_external
chartbeat.net,Legitimate,tranco_external
ifilo.net,Legitimate,tranco_external
google.lk,Legitimate,tranco_external
telecinco.es,Legitimate,tranco_external
investors.com,Legitimate,tranco_external
downdetector.com,Legitimate,tranco_external
beyondtrustcloud.com,Legitimate,tranco_external
tui.com,Legitimate,tranco_external
blibli.com,Legitimate,tranco_external
filgoal.com,Legitimate,tranco_external
privacymanager.io,Legitimate,tranco_external
unleash-hosted.com,Legitimate,tranco_external
snaptube.com,Legitimate,tranco_external
kit.com,Legitimate,tranco_external
russianfood.com,Legitimate,tranco_external
journaldemontreal.com,Legitimate,tranco_external
hessenschau.de,Legitimate,tranco_external
ipsos.com,Legitimate,tranco_external
geeksforgeeks.org,Legitimate,tranco_external
warp.dev,Legitimate,tranco_external
sorrisi.com,Legitimate,tranco_external
bocongan.gov.vn,Legitimate,tranco_external
origo.hu,Legitimate,tranco_external
nortonalto.com,Legitimate,tranco_external
natalie.mu,Legitimate,tranco_external
hostatom.com,Legitimate,tranco_external
imf.org,Legitimate,tranco_external
catawiki.com,Legitimate,tranco_external
goodsync.com,Legitimate,tranco_external
soundtrackyourbrand.com,Legitimate,tranco_external
wwstat.com,Legitimate,tranco_external
awsdns-45.co.uk,Legitimate,tranco_external
googlesource.com,Legitimate,tranco_external
natlawreview.com,Legitimate,tranco_external
screencastify.com,Legitimate,tranco_external
ispconfig.org,Legitimate,tranco_external
myfin.by,Legitimate,tranco_external
digicert.cn,Legitimate,tranco_external
active24.cz,Legitimate,tranco_external
spoonflower.com,Legitimate,tranco_external
wealthsimple.com,Legitimate,tranco_external
telefonica.com,Legitimate,tranco_external
com.be,Legitimate,tranco_external
apps.chrome,Legitimate,tranco_external
google.mv,Legitimate,tranco_external
sciencenews.org,Legitimate,tranco_external
tori.fi,Legitimate,tranco_external
ucf.edu,Legitimate,tranco_external
creditkarma.com,Legitimate,tranco_external
freshworks.com,Legitimate,tranco_external
chess-results.com,Legitimate,tranco_external
francetravail.fr,Legitimate,tranco_external
idaho.gov,Legitimate,tranco_external
ipwho.is,Legitimate,tranco_external
hornbach.de,Legitimate,tranco_external
anilife.live,Legitimate,tranco_external
ihg.com,Legitimate,tranco_external
rockwellautomation.com,Legitimate,tranco_external
trvdp.com,Legitimate,tranco_external
youtibao.com,Legitimate,tranco_external
nymag.com,Legitimate,tranco_external
etrain.info,Legitimate,tranco_external
bloomberglaw.com,Legitimate,tranco_external
ziprecruiter.com,Legitimate,tranco_external
91porny.com,Legitimate,tranco_external
dnse5.com,Legitimate,tranco_external
google.si,Legitimate,tranco_external
anrdoezrs.net,Legitimate,tranco_external
c-span.org,Legitimate,tranco_external
adorocinema.com,Legitimate,tranco_external
mta.info,Legitimate,tranco_external
playwekings.ru,Legitimate,tranco_external
paramount.com,Legitimate,tranco_external
saasexch.com,Legitimate,tranco_external
browser-intake-datadoghq.eu,Legitimate,tranco_external
bazaarvoice.com,Legitimate,tranco_external
gemidos.tv,Legitimate,tranco_external
yoomoney.ru,Legitimate,tranco_external
stamped.io,Legitimate,tranco_external
shorttv.live,Legitimate,tranco_external
timeappmarketing.com,Legitimate,tranco_external
thscore.mobi,Legitimate,tranco_external
codedish.co,Legitimate,tranco_external
ticketmaster.co.uk,Legitimate,tranco_external
ekino-tv.pl,Legitimate,tranco_external
chewy.com,Legitimate,tranco_external
nic.uk,Legitimate,tranco_external
tiktok-row.net,Legitimate,tranco_external
proofpoint.com,Legitimate,tranco_external
hudl.com,Legitimate,tranco_external
topuniversities.com,Legitimate,tranco_external
han-solo.net,Legitimate,tranco_external
boyfriendtv.com,Legitimate,tranco_external
rakuten-sec.co.jp,Legitimate,tranco_external
sfgate.com,Legitimate,tranco_external
foxbusiness.com,Legitimate,tranco_external
jqueryui.com,Legitimate,tranco_external
golux.com,Legitimate,tranco_external
cumhuriyet.com.tr,Legitimate,tranco_external
second-ns.com,Legitimate,tranco_external
terabox.app,Legitimate,tranco_external
toki.gov.tr,Legitimate,tranco_external
fireworktv.com,Legitimate,tranco_external
aryion.com,Legitimate,tranco_external
v-videoapp.com,Legitimate,tranco_external
bablosoft.com,Legitimate,tranco_external
e621.net,Legitimate,tranco_external
milfat.com,Legitimate,tranco_external
bravenet.com,Legitimate,tranco_external
andbeyond.media,Legitimate,tranco_external
uppcl.org,Legitimate,tranco_external
wantgoo.com,Legitimate,tranco_external
bac.com,Legitimate,tranco_external
tnh1.com.br,Legitimate,tranco_external
gala.fr,Legitimate,tranco_external
theyarehuge.com,Legitimate,tranco_external
rise-ai.com,Legitimate,tranco_external
cmbchina.com,Legitimate,tranco_external
openbittorrent.com,Legitimate,tranco_external
mdhv.io,Legitimate,tranco_external
mobygames.com,Legitimate,tranco_external
canadianwebhosting.com,Legitimate,tranco_external
setmore.com,Legitimate,tranco_external
nextdoor.com,Legitimate,tranco_external
sxsw.com,Legitimate,tranco_external
appnext.com,Legitimate,tranco_external
t.ly,Legitimate,tranco_external
moe.gov.my,Legitimate,tranco_external
starwars.com,Legitimate,tranco_external
voicemod.net,Legitimate,tranco_external
satta-king-fast.com,Legitimate,tranco_external
harpercollins.com,Legitimate,tranco_external
umbc.edu,Legitimate,tranco_external
relevant-digital.com,Legitimate,tranco_external
rfihub.net,Legitimate,tranco_external
orangedata.ru,Legitimate,tranco_external
miku-doujin.com,Legitimate,tranco_external
limetorrents.fun,Legitimate,tranco_external
linksys.com,Legitimate,tranco_external
contextweb.com,Legitimate,tranco_external
ekitan.com,Legitimate,tranco_external
aliexpress-media.com,Legitimate,tranco_external
ydmob.com,Legitimate,tranco_external
ztat.net,Legitimate,tranco_external
xrea.com,Legitimate,tranco_external
sanook.com,Legitimate,tranco_external
cnnx.link,Legitimate,tranco_external
acobt.tech,Legitimate,tranco_external
redbus1.org,Legitimate,tranco_external
ngpay88.com,Legitimate,tranco_external
inshot.cc,Legitimate,tranco_external
hdfcbank.com,Legitimate,tranco_external
here.com,Legitimate,tranco_external
jmu.edu,Legitimate,tranco_external
clamav.net,Legitimate,tranco_external
gamespot.com,Legitimate,tranco_external
xbanxia.cc,Legitimate,tranco_external
dotnxdomain.net,Legitimate,tranco_external
dyndns.biz,Legitimate,tranco_external
lahuashanbx.com,Legitimate,tranco_external
maynoe.com,Legitimate,tranco_external
sprinthost.ru,Legitimate,tranco_external
highwebmedia.com,Legitimate,tranco_external
wwd.com,Legitimate,tranco_external
boxofficemojo.com,Legitimate,tranco_external
zeasn.tv,Legitimate,tranco_external
imggaming.com,Legitimate,tranco_external
githubcopilot.com,Legitimate,tranco_external
segmentapis.com,Legitimate,tranco_external
google.com.sv,Legitimate,tranco_external
bx-dc-msedge.net,Legitimate,tranco_external
dnsv3.com,Legitimate,tranco_external
transsion.com,Legitimate,tranco_external
akamaitechnologies.com,Legitimate,tranco_external
mobirise.com,Legitimate,tranco_external
blockchain.com,Legitimate,tranco_external
txxx.me,Legitimate,tranco_external
ezviz7.com,Legitimate,tranco_external
adexchangeclear.com,Legitimate,tranco_external
altin.in,Legitimate,tranco_external
barbars.ru,Legitimate,tranco_external
romeo.com,Legitimate,tranco_external
d41.co,Legitimate,tranco_external
iql.ru,Legitimate,tranco_external
helpscout.net,Legitimate,tranco_external
azurecontainerapps.io,Legitimate,tranco_external
flashscore.com.ua,Legitimate,tranco_external
citi.com,Legitimate,tranco_external
wepzone.net,Legitimate,tranco_external
joins.com,Legitimate,tranco_external
bbci.co.uk,Legitimate,tranco_external
rent.com,Legitimate,tranco_external
faroutmagazine.co.uk,Legitimate,tranco_external
findarticles.com,Legitimate,tranco_external
tiqcdn.com,Legitimate,tranco_external
hsprotect.net,Legitimate,tranco_external
razerzone.com,Legitimate,tranco_external
yle.fi,Legitimate,tranco_external
besoccer.com,Legitimate,tranco_external
strato.de,Legitimate,tranco_external
refinery29.com,Legitimate,tranco_external
wsdvs.info,Legitimate,tranco_external
adup-tech.com,Legitimate,tranco_external
awsdns-59.com,Legitimate,tranco_external
mamastar.jp,Legitimate,tranco_external
vidazoo.com,Legitimate,tranco_external
themeisle.com,Legitimate,tranco_external
tencent-cloud.com,Legitimate,tranco_external
hottopic.com,Legitimate,tranco_external
morningstar.com,Legitimate,tranco_external
limo.media,Legitimate,tranco_external
tantora.jp,Legitimate,tranco_external
ringcentral.com,Legitimate,tranco_external
azazie.com,Legitimate,tranco_external
psnprofiles.com,Legitimate,tranco_external
wf.com,Legitimate,tranco_external
ninjarmm.com,Legitimate,tranco_external
dnsv5.com,Legitimate,tranco_external
tripod.com,Legitimate,tranco_external
gitlab.io,Legitimate,tranco_external
queniuum.com,Legitimate,tranco_external
indazn.com,Legitimate,tranco_external
doordash.com,Legitimate,tranco_external
awsdns-37.co.uk,Legitimate,tranco_external
s8ey.com,Legitimate,tranco_external
qiita.com,Legitimate,tranco_external
ademe.fr,Legitimate,tranco_external
siteprotect.com,Legitimate,tranco_external
khl.ru,Legitimate,tranco_external
imagemagick.com,Legitimate,tranco_external
pcgamer.com,Legitimate,tranco_external
forgeofempires.com,Legitimate,tranco_external
hotwire.com,Legitimate,tranco_external
rezairan.shop,Legitimate,tranco_external
oppo.com,Legitimate,tranco_external
zg-api.com,Legitimate,tranco_external
mackolik.com,Legitimate,tranco_external
palcloset.jp,Legitimate,tranco_external
baidu-itm.com,Legitimate,tranco_external
penguinrandomhouse.com,Legitimate,tranco_external
decathlon.es,Legitimate,tranco_external
ci-servers.net,Legitimate,tranco_external
uni-hamburg.de,Legitimate,tranco_external
opensource.org,Legitimate,tranco_external
khabaronline.ir,Legitimate,tranco_external
detyep.com,Legitimate,tranco_external
planethoster.net,Legitimate,tranco_external
repocket.com,Legitimate,tranco_external
rs-online.com,Legitimate,tranco_external
xsolla.com,Legitimate,tranco_external
nhk.jp,Legitimate,tranco_external
zimbra.com,Legitimate,tranco_external
jdoqocy.com,Legitimate,tranco_external
nic.zone,Legitimate,tranco_external
xham.live,Legitimate,tranco_external
gransy.com,Legitimate,tranco_external
vonage.com,Legitimate,tranco_external
poloptrex.com,Legitimate,tranco_external
acscdn.com,Legitimate,tranco_external
garotacomlocal.com,Legitimate,tranco_external
cnbcindonesia.com,Legitimate,tranco_external
king.com,Legitimate,tranco_external
auctollo.com,Legitimate,tranco_external
hostwindsdns.com,Legitimate,tranco_external
betfair.com,Legitimate,tranco_external
jetbrains.ai,Legitimate,tranco_external
nz14.com,Legitimate,tranco_external
vogue.co.uk,Legitimate,tranco_external
uhc.com,Legitimate,tranco_external
d-53.net,Legitimate,tranco_external
networkworld.com,Legitimate,tranco_external
ladepeche.fr,Legitimate,tranco_external
hackaday.com,Legitimate,tranco_external
lothar.com,Legitimate,tranco_external
meituan.net,Legitimate,tranco_external
aeroflot.ru,Legitimate,tranco_external
claveunica.gob.cl,Legitimate,tranco_external
ultradns2.com,Legitimate,tranco_external
deine-tierwelt.de,Legitimate,tranco_external
teenvogue.com,Legitimate,tranco_external
pagina12.com.ar,Legitimate,tranco_external
halara.com,Legitimate,tranco_external
autohome.com.cn,Legitimate,tranco_external
xvideos2.com,Legitimate,tranco_external
socialmediagirls.com,Legitimate,tranco_external
glamour.com,Legitimate,tranco_external
ub.edu,Legitimate,tranco_external
onliner.by,Legitimate,tranco_external
realizationnewestfangs.com,Legitimate,tranco_external
catchon.com,Legitimate,tranco_external
7tv.io,Legitimate,tranco_external
inquirer.net,Legitimate,tranco_external
viifwjox.com,Legitimate,tranco_external
dotloop.com,Legitimate,tranco_external
givefreely.com,Legitimate,tranco_external
idealista.pt,Legitimate,tranco_external
rsc.org,Legitimate,tranco_external
mtb.com,Legitimate,tranco_external
posthog.com,Legitimate,tranco_external
iqzone.com,Legitimate,tranco_external
federalregister.gov,Legitimate,tranco_external
advancedmd.com,Legitimate,tranco_external
lovable.app,Legitimate,tranco_external
xxvideos.video,Legitimate,tranco_external
bluebeam.com,Legitimate,tranco_external
advanced-web-analytics.com,Legitimate,tranco_external
adnxs.net,Legitimate,tranco_external
jnj.com,Legitimate,tranco_external
urbanoutfitters.com,Legitimate,tranco_external
siteimproveanalytics.com,Legitimate,tranco_external
snackvideo.com,Legitimate,tranco_external
awsdns-09.com,Legitimate,tranco_external
loudersound.com,Legitimate,tranco_external
winbuzz.org,Legitimate,tranco_external
sprinklr.com,Legitimate,tranco_external
ecombdimg.com,Legitimate,tranco_external
infolinks.com,Legitimate,tranco_external
escortsandbabes.com.au,Legitimate,tranco_external
yospace.com,Legitimate,tranco_external
about.google,Legitimate,tranco_external
linkis.ru,Legitimate,tranco_external
carnegieendowment.org,Legitimate,tranco_external
oxfordlearnersdictionaries.com,Legitimate,tranco_external
rzd.ru,Legitimate,tranco_external
kemendikdasmen.go.id,Legitimate,tranco_external
flurry.com,Legitimate,tranco_external
awsdns-31.net,Legitimate,tranco_external
futurism.com,Legitimate,tranco_external
popularmechanics.com,Legitimate,tranco_external
animeshentai.biz,Legitimate,tranco_external
extremetech.com,Legitimate,tranco_external
eurobet.it,Legitimate,tranco_external
1internet.tv,Legitimate,tranco_external
ping.cloud,Legitimate,tranco_external
inditex.com,Legitimate,tranco_external
coral.co.uk,Legitimate,tranco_external
justindianporn.info,Legitimate,tranco_external
fanatics.com,Legitimate,tranco_external
eiga.com,Legitimate,tranco_external
olxurl.com,Legitimate,tranco_external
momoshop.com.tw,Legitimate,tranco_external
hoster.kz,Legitimate,tranco_external
babu88.gold,Legitimate,tranco_external
google.com.na,Legitimate,tranco_external
agenciatributaria.gob.es,Legitimate,tranco_external
franceinfo.fr,Legitimate,tranco_external
slack-edge.com,Legitimate,tranco_external
aviasales.com,Legitimate,tranco_external
dutils.com,Legitimate,tranco_external
printix.net,Legitimate,tranco_external
ebayrtm.com,Legitimate,tranco_external
arubainstanton.com,Legitimate,tranco_external
hi2999.com,Legitimate,tranco_external
hwcdn.ru,Legitimate,tranco_external
gfycat.com,Legitimate,tranco_external
bitdefender.net,Legitimate,tranco_external
novartis.com,Legitimate,tranco_external
amur-cit.ru,Legitimate,tranco_external
destatis.de,Legitimate,tranco_external
name-servers.ch,Legitimate,tranco_external
upmc.com,Legitimate,tranco_external
zee5.com,Legitimate,tranco_external
mimecast.com,Legitimate,tranco_external
gnome.org,Legitimate,tranco_external
jit.si,Legitimate,tranco_external
resheba.top,Legitimate,tranco_external
watchhentai.net,Legitimate,tranco_external
bt.dk,Legitimate,tranco_external
newrepublic.com,Legitimate,tranco_external
uni-kl.de,Legitimate,tranco_external
awsdns-43.co.uk,Legitimate,tranco_external
villagevoice.com,Legitimate,tranco_external
manhwazone.to,Legitimate,tranco_external
ad-tech.ru,Legitimate,tranco_external
sportingnews.com,Legitimate,tranco_external
net-line.pro,Legitimate,tranco_external
xbato.com,Legitimate,tranco_external
hachettebookgroup.com,Legitimate,tranco_external
author.today,Legitimate,tranco_external
ksmobile.com,Legitimate,tranco_external
haremaltin.com,Legitimate,tranco_external
justservingfiles.net,Legitimate,tranco_external
nic.cz,Legitimate,tranco_external
bz-berlin.de,Legitimate,tranco_external
wikihow.com,Legitimate,tranco_external
awsdns-18.com,Legitimate,tranco_external
shopifycdn.com,Legitimate,tranco_external
37games.com,Legitimate,tranco_external
urbandictionary.com,Legitimate,tranco_external
vidmate-official.com,Legitimate,tranco_external
cityu.edu.hk,Legitimate,tranco_external
uvic.ca,Legitimate,tranco_external
tue.nl,Legitimate,tranco_external
pa.gov,Legitimate,tranco_external
bucoup.com,Legitimate,tranco_external
ballotpedia.org,Legitimate,tranco_external
twword.com,Legitimate,tranco_external
subito.it,Legitimate,tranco_external
venturebeat.com,Legitimate,tranco_external
hulu.com,Legitimate,tranco_external
google.com.mx,Legitimate,tranco_external
yuga.ru,Legitimate,tranco_external
diretta.it,Legitimate,tranco_external
goguardian.com,Legitimate,tranco_external
dsts.cloud,Legitimate,tranco_external
whatspos.com,Legitimate,tranco_external
awsdns-51.co.uk,Legitimate,tranco_external
eu-4-id5-sync.com,Legitimate,tranco_external
awsdns-26.com,Legitimate,tranco_external
zoho.in,Legitimate,tranco_external
ncsl.org,Legitimate,tranco_external
remax.com,Legitimate,tranco_external
languagetool.org,Legitimate,tranco_external
auto.ru,Legitimate,tranco_external
mawartotobest.com,Legitimate,tranco_external
ionos.com,Legitimate,tranco_external
wxlivecdn.com,Legitimate,tranco_external
car.gr,Legitimate,tranco_external
hotjar.io,Legitimate,tranco_external
omny.fm,Legitimate,tranco_external
google.com.do,Legitimate,tranco_external
roszdravnadzor.ru,Legitimate,tranco_external
tx88.top,Legitimate,tranco_external
formstack.com,Legitimate,tranco_external
link.me,Legitimate,tranco_external
jalbum.net,Legitimate,tranco_external
theobjective.com,Legitimate,tranco_external
comix.to,Legitimate,tranco_external
centralnic.net,Legitimate,tranco_external
simplecast.com,Legitimate,tranco_external
scribehow.com,Legitimate,tranco_external
dwcdn.net,Legitimate,tranco_external
atl-paas.net,Legitimate,tranco_external
lumtest.com,Legitimate,tranco_external
senat.fr,Legitimate,tranco_external
sovcombank.group,Legitimate,tranco_external
b92.net,Legitimate,tranco_external
onlinevkino.com,Legitimate,tranco_external
hr-link.ru,Legitimate,tranco_external
playblackdesert.com,Legitimate,tranco_external
questdiagnostics.com,Legitimate,tranco_external
edgecdn.co,Legitimate,tranco_external
cdnhwcbqs106.com,Legitimate,tranco_external
nflximg.net,Legitimate,tranco_external
priceline.com,Legitimate,tranco_external
rshb.ru,Legitimate,tranco_external
bezeqint.net,Legitimate,tranco_external
starfieldtech.com,Legitimate,tranco_external
smartasset.com,Legitimate,tranco_external
walgreens.com,Legitimate,tranco_external
pingone.com,Legitimate,tranco_external
lgeapi.com,Legitimate,tranco_external
mintegral.net,Legitimate,tranco_external
pracuj.pl,Legitimate,tranco_external
amazon.ae,Legitimate,tranco_external
plala.or.jp,Legitimate,tranco_external
hstgr.net,Legitimate,tranco_external
apachetoday.com,Legitimate,tranco_external
ukdevilz.com,Legitimate,tranco_external
sinoptik.ua,Legitimate,tranco_external
emxdgt.com,Legitimate,tranco_external
redwap.me,Legitimate,tranco_external
dillards.com,Legitimate,tranco_external
mailspike.net,Legitimate,tranco_external
thlotto.com,Legitimate,tranco_external
nytrng.com,Legitimate,tranco_external
akakce.com,Legitimate,tranco_external
veeam.com,Legitimate,tranco_external
google.cm,Legitimate,tranco_external
hyundai.com,Legitimate,tranco_external
standard.co.uk,Legitimate,tranco_external
buienradar.nl,Legitimate,tranco_external
lucidchart.com,Legitimate,tranco_external
elpais.com.uy,Legitimate,tranco_external
52shuku.net,Legitimate,tranco_external
foxit.com,Legitimate,tranco_external
queniusy.com,Legitimate,tranco_external
arbeitsagentur.de,Legitimate,tranco_external
computrabajo.com,Legitimate,tranco_external
ati.su,Legitimate,tranco_external
st.com,Legitimate,tranco_external
cdngtm.com,Legitimate,tranco_external
zhihu.com,Legitimate,tranco_external
e-monsite.com,Legitimate,tranco_external
bseindia.com,Legitimate,tranco_external
viator.com,Legitimate,tranco_external
nabu.casa,Legitimate,tranco_external
ks.works,Legitimate,tranco_external
tesla.services,Legitimate,tranco_external
geediting.com,Legitimate,tranco_external
star4live.com,Legitimate,tranco_external
porno666.nl,Legitimate,tranco_external
ecoticias.com,Legitimate,tranco_external
bt.cn,Legitimate,tranco_external
marktplaats.nl,Legitimate,tranco_external
dailytelegraph.com.au,Legitimate,tranco_external
usenix.org,Legitimate,tranco_external
chrome.com,Legitimate,tranco_external
spdns.de,Legitimate,tranco_external
eastmoney.com,Legitimate,tranco_external
gva.es,Legitimate,tranco_external
xsmn.mobi,Legitimate,tranco_external
paymaya.com,Legitimate,tranco_external
lpsg.com,Legitimate,tranco_external
bmw.de,Legitimate,tranco_external
aws.com,Legitimate,tranco_external
ebsco.com,Legitimate,tranco_external
pantone.com,Legitimate,tranco_external
volvocars.com,Legitimate,tranco_external
ml.com,Legitimate,tranco_external
site123.me,Legitimate,tranco_external
mindmeister.com,Legitimate,tranco_external
make.com,Legitimate,tranco_external
payoneer.com,Legitimate,tranco_external
awsdns-12.net,Legitimate,tranco_external
google.com.tr,Legitimate,tranco_external
returnyoutubedislikeapi.com,Legitimate,tranco_external
51job.com,Legitimate,tranco_external
upm.es,Legitimate,tranco_external
dynatracelabs.com,Legitimate,tranco_external
permutive.app,Legitimate,tranco_external
algolianet.com,Legitimate,tranco_external
cbslocal.com,Legitimate,tranco_external
wikia-services.com,Legitimate,tranco_external
syndigo.com,Legitimate,tranco_external
vkvideo.ru,Legitimate,tranco_external
apa.org,Legitimate,tranco_external
warau.jp,Legitimate,tranco_external
olm.vn,Legitimate,tranco_external
fb.me,Legitimate,tranco_external
tacdn.com,Legitimate,tranco_external
netgate.com,Legitimate,tranco_external
hexagon-analytics.com,Legitimate,tranco_external
rr.com,Legitimate,tranco_external
ocsp-certum.com,Legitimate,tranco_external
ucla.edu,Legitimate,tranco_external
wwsga.me,Legitimate,tranco_external
txlivecdn.com,Legitimate,tranco_external
boyfriend.tv,Legitimate,tranco_external
super.cz,Legitimate,tranco_external
pdscrb.com,Legitimate,tranco_external
hopkinsmedicine.org,Legitimate,tranco_external
octopus.energy,Legitimate,tranco_external
postimg.org,Legitimate,tranco_external
mosyle.com,Legitimate,tranco_external
quay.io,Legitimate,tranco_external
amazon.com.tr,Legitimate,tranco_external
adl.org,Legitimate,tranco_external
bestialitysextaboo.net,Legitimate,tranco_external
proxit.ru,Legitimate,tranco_external
smashingmagazine.com,Legitimate,tranco_external
stats.gov.cn,Legitimate,tranco_external
google.ps,Legitimate,tranco_external
weveryw.com,Legitimate,tranco_external
onrender.com,Legitimate,tranco_external
2kct.onl,Legitimate,tranco_external
cdn4image.com,Legitimate,tranco_external
naijared.com,Legitimate,tranco_external
kraken.com,Legitimate,tranco_external
joinindianarmy.nic.in,Legitimate,tranco_external
pornarabi.net,Legitimate,tranco_external
fastclick.net,Legitimate,tranco_external
flathub.org,Legitimate,tranco_external
si.com,Legitimate,tranco_external
globalsources.com,Legitimate,tranco_external
iconfinder.com,Legitimate,tranco_external
happy-porn.com,Legitimate,tranco_external
ziniao.com,Legitimate,tranco_external
cibc.com,Legitimate,tranco_external
volcfcdndvs1.com,Legitimate,tranco_external
xnxx.es,Legitimate,tranco_external
azet.sk,Legitimate,tranco_external
indianoil.in,Legitimate,tranco_external
sachsen.de,Legitimate,tranco_external
ensonhaber.com,Legitimate,tranco_external
javmost.com,Legitimate,tranco_external
exness.com,Legitimate,tranco_external
whoop.com,Legitimate,tranco_external
fhaccess.com,Legitimate,tranco_external
hostland.ru,Legitimate,tranco_external
capcutapi.us,Legitimate,tranco_external
whatmobile.com.pk,Legitimate,tranco_external
msnbc.com,Legitimate,tranco_external
alldatasheet.com,Legitimate,tranco_external
costcotravel.com,Legitimate,tranco_external
richardsw.club,Legitimate,tranco_external
steam-chat.com,Legitimate,tranco_external
netvision.net.il,Legitimate,tranco_external
vervegroup.cloud,Legitimate,tranco_external
google.com.pg,Legitimate,tranco_external
vegamovies.london,Legitimate,tranco_external
swiftkey.com,Legitimate,tranco_external
fedex.com,Legitimate,tranco_external
samsungelectronics.com,Legitimate,tranco_external
fogaonet.com,Legitimate,tranco_external
toto12atlanta.net,Legitimate,tranco_external
cleanbrowsing.org,Legitimate,tranco_external
okstate.edu,Legitimate,tranco_external
funpay.com,Legitimate,tranco_external
supabase.co,Legitimate,tranco_external
mind.org.uk,Legitimate,tranco_external
fonts.net,Legitimate,tranco_external
kombinat.digital,Legitimate,tranco_external
dotvndns.vn,Legitimate,tranco_external
bigo.tv,Legitimate,tranco_external
wondershare.com,Legitimate,tranco_external
mjedge.net,Legitimate,tranco_external
ahnlab.com,Legitimate,tranco_external
atrustdns.com,Legitimate,tranco_external
siteground.eu,Legitimate,tranco_external
sonnenbatterie.de,Legitimate,tranco_external
clustrmaps.com,Legitimate,tranco_external
talend.com,Legitimate,tranco_external
megaphone.fm,Legitimate,tranco_external
adevarul.ro,Legitimate,tranco_external
celtra.com,Legitimate,tranco_external
zellbury.com,Legitimate,tranco_external
sonobi.com,Legitimate,tranco_external
voodoo-gaming.io,Legitimate,tranco_external
lotterysambad.one,Legitimate,tranco_external
porno666.fo,Legitimate,tranco_external
ts.net,Legitimate,tranco_external
qznovelvod.com,Legitimate,tranco_external
geojs.io,Legitimate,tranco_external
sc.gov,Legitimate,tranco_external
dodois.io,Legitimate,tranco_external
realsimple.com,Legitimate,tranco_external
pusat-nonton.space,Legitimate,tranco_external
ninite.com,Legitimate,tranco_external
mountsinai.org,Legitimate,tranco_external
your-storageshare.de,Legitimate,tranco_external
kubiobuilder.com,Legitimate,tranco_external
ns.gov,Legitimate,tranco_external
hanime1.me,Legitimate,tranco_external
sibforms.com,Legitimate,tranco_external
gitee.com,Legitimate,tranco_external
incometax.gov.in,Legitimate,tranco_external
nielsen.com,Legitimate,tranco_external
umeng.com,Legitimate,tranco_external
gupy.io,Legitimate,tranco_external
uzmovi.tv,Legitimate,tranco_external
leroymerlin.es,Legitimate,tranco_external
hearstapps.com,Legitimate,tranco_external
coca-cola.com,Legitimate,tranco_external
tvwiki5.net,Legitimate,tranco_external
google.co.kr,Legitimate,tranco_external
ylilauta.org,Legitimate,tranco_external
fantia.jp,Legitimate,tranco_external
nag.kz,Legitimate,tranco_external
insidehighered.com,Legitimate,tranco_external
ketchcdn.com,Legitimate,tranco_external
energy.volyn.ua,Legitimate,tranco_external
rustore.ru,Legitimate,tranco_external
ycombinator.com,Legitimate,tranco_external
airbnb.com.br,Legitimate,tranco_external
balena-cloud.com,Legitimate,tranco_external
ttlivecdn.com,Legitimate,tranco_external
dagbladet.no,Legitimate,tranco_external
google.bs,Legitimate,tranco_external
awsdns-62.net,Legitimate,tranco_external
awsdns-53.com,Legitimate,tranco_external
btttag.com,Legitimate,tranco_external
clientgear.com,Legitimate,tranco_external
bodybuilding.com,Legitimate,tranco_external
ptsecurity.com,Legitimate,tranco_external
webpt.com,Legitimate,tranco_external
sitemaps.org,Legitimate,tranco_external
acuityscheduling.com,Legitimate,tranco_external
linke.ai,Legitimate,tranco_external
ericsson.com,Legitimate,tranco_external
carwale.com,Legitimate,tranco_external
tamildhool.tech,Legitimate,tranco_external
tecnomat.it,Legitimate,tranco_external
songsterr.com,Legitimate,tranco_external
google.ws,Legitimate,tranco_external
slate.com,Legitimate,tranco_external
moeys.gov.kh,Legitimate,tranco_external
oclc.org,Legitimate,tranco_external
websitewelcome.com,Legitimate,tranco_external
foodandwine.com,Legitimate,tranco_external
rospotrebnadzor.ru,Legitimate,tranco_external
ggpolarbear.com,Legitimate,tranco_external
activemetering.com,Legitimate,tranco_external
psdops.com,Legitimate,tranco_external
consumeraffairs.com,Legitimate,tranco_external
blockaway.net,Legitimate,tranco_external
rollingstone.com,Legitimate,tranco_external
tuya.com,Legitimate,tranco_external
gamesindustry.biz,Legitimate,tranco_external
justdial.com,Legitimate,tranco_external
google.gm,Legitimate,tranco_external
attacheatableoverlabor.com,Legitimate,tranco_external
joyclub.de,Legitimate,tranco_external
shaw.ca,Legitimate,tranco_external
bampt2.com,Legitimate,tranco_external
ov1o.com,Legitimate,tranco_external
kpn.com,Legitimate,tranco_external
mhrs.gov.tr,Legitimate,tranco_external
dnsyc.top,Legitimate,tranco_external
pb06e2-resources.com,Legitimate,tranco_external
iobit.com,Legitimate,tranco_external
lyft.com,Legitimate,tranco_external
checkout.com,Legitimate,tranco_external
doxygen.nl,Legitimate,tranco_external
mapbox.com,Legitimate,tranco_external
shahrekhabar.com,Legitimate,tranco_external
arabi-xnxx.my,Legitimate,tranco_external
gadgets360.com,Legitimate,tranco_external
zerogpt.com,Legitimate,tranco_external
yg5sjx5kzy.com,Legitimate,tranco_external
totalcasino.pl,Legitimate,tranco_external
pwc.com,Legitimate,tranco_external
win2day.at,Legitimate,tranco_external
mbl.is,Legitimate,tranco_external
classlink.com,Legitimate,tranco_external
vlr.gg,Legitimate,tranco_external
thinkwithgoogle.com,Legitimate,tranco_external
napps-1.com,Legitimate,tranco_external
hentaihaven.xxx,Legitimate,tranco_external
nh.gov,Legitimate,tranco_external
photoshelter.com,Legitimate,tranco_external
money.com,Legitimate,tranco_external
dolynkcloud.com,Legitimate,tranco_external
mavrtracktor.com,Legitimate,tranco_external
cocolog-nifty.com,Legitimate,tranco_external
beget.ru,Legitimate,tranco_external
statsig.com,Legitimate,tranco_external
driftt.com,Legitimate,tranco_external
openbsd.org,Legitimate,tranco_external
ngrok.com,Legitimate,tranco_external
archlinux.org,Legitimate,tranco_external
awsdns-23.net,Legitimate,tranco_external
at-o.net,Legitimate,tranco_external
wo3yu1sti.com,Legitimate,tranco_external
lekmanga.net,Legitimate,tranco_external
moviezwap.sarl,Legitimate,tranco_external
asclepiuswellness.com,Legitimate,tranco_external
adukwai.com,Legitimate,tranco_external
dynamicyield.com,Legitimate,tranco_external
ngl.link,Legitimate,tranco_external
alipay.com,Legitimate,tranco_external
airtable.com,Legitimate,tranco_external
omniroot.com,Legitimate,tranco_external
oreilly.com,Legitimate,tranco_external
bunny.net,Legitimate,tranco_external
ubc.ca,Legitimate,tranco_external
afthemes.com,Legitimate,tranco_external
uptodown.com,Legitimate,tranco_external
cwi.nl,Legitimate,tranco_external
anchor.fm,Legitimate,tranco_external
check24.de,Legitimate,tranco_external
zcvh.net,Legitimate,tranco_external
weerrhoop.cc,Legitimate,tranco_external
digikey.com,Legitimate,tranco_external
xoalt.com,Legitimate,tranco_external
ojp.gov,Legitimate,tranco_external
bradesco.com.br,Legitimate,tranco_external
awsdns-55.co.uk,Legitimate,tranco_external
bigrockservers.com,Legitimate,tranco_external
wow.xxx,Legitimate,tranco_external
samsungmobile.com,Legitimate,tranco_external
norton.com,Legitimate,tranco_external
accor.com,Legitimate,tranco_external
17u.cn,Legitimate,tranco_external
castlebet.com.na,Legitimate,tranco_external
salecars.ir,Legitimate,tranco_external
prismaaccess.com,Legitimate,tranco_external
inc.com,Legitimate,tranco_external
proxmox.com,Legitimate,tranco_external
netnod.se,Legitimate,tranco_external
eduquestzone.pro,Legitimate,tranco_external
towardsdatascience.com,Legitimate,tranco_external
coindesk.com,Legitimate,tranco_external
sudrf.ru,Legitimate,tranco_external
wustl.edu,Legitimate,tranco_external
lazada.com.my,Legitimate,tranco_external
nefisyemektarifleri.com,Legitimate,tranco_external
bridgeoos.com,Legitimate,tranco_external
mingky02.net,Legitimate,tranco_external
cars24.com,Legitimate,tranco_external
ah.nl,Legitimate,tranco_external
zdnet.com,Legitimate,tranco_external
conforama.fr,Legitimate,tranco_external
unisoc.com,Legitimate,tranco_external
globes.co.il,Legitimate,tranco_external
bannerflow.net,Legitimate,tranco_external
newsit.gr,Legitimate,tranco_external
topgirl.co,Legitimate,tranco_external
awsdns-00.com,Legitimate,tranco_external
cquotient.com,Legitimate,tranco_external
jet2holidays.com,Legitimate,tranco_external
streamrail.com,Legitimate,tranco_external
archive.ph,Legitimate,tranco_external
vinted.com,Legitimate,tranco_external
flirtify.com,Legitimate,tranco_external
kingdomtotox52.com,Legitimate,tranco_external
easydns.com,Legitimate,tranco_external
wcdnga.com,Legitimate,tranco_external
clvrads.com,Legitimate,tranco_external
autotrader.co.za,Legitimate,tranco_external
tagesanzeiger.ch,Legitimate,tranco_external
ubisoft.com,Legitimate,tranco_external
google.bj,Legitimate,tranco_external
amocrm.ru,Legitimate,tranco_external
vps-vids.com,Legitimate,tranco_external
uimz80fgj.com,Legitimate,tranco_external
spbtv.media,Legitimate,tranco_external
cafebazaar.ir,Legitimate,tranco_external
netlify.com,Legitimate,tranco_external
rolex.com,Legitimate,tranco_external
zuimeitianqi.com,Legitimate,tranco_external
miibeian.gov.cn,Legitimate,tranco_external
usbank.com,Legitimate,tranco_external
2dehands.be,Legitimate,tranco_external
outsideonline.com,Legitimate,tranco_external
darty.com,Legitimate,tranco_external
www.gov.cn,Legitimate,tranco_external
sattamatkano1.me,Legitimate,tranco_external
tripadvisor.fr,Legitimate,tranco_external
cloudflare-eth.com,Legitimate,tranco_external
centrastage.net,Legitimate,tranco_external
vogue.it,Legitimate,tranco_external
tubegalore.com,Legitimate,tranco_external
merlincdn.net,Legitimate,tranco_external
pron.click,Legitimate,tranco_external
five64dmv.com,Legitimate,tranco_external
coingecko.com,Legitimate,tranco_external
habeas.com,Legitimate,tranco_external
megapbx.ru,Legitimate,tranco_external
kasserver.com,Legitimate,tranco_external
aarnet.net.au,Legitimate,tranco_external
webengage.com,Legitimate,tranco_external
threatseeker.com,Legitimate,tranco_external
informer.com,Legitimate,tranco_external
cern.ch,Legitimate,tranco_external
infeng.site,Legitimate,tranco_external
blsp.at,Legitimate,tranco_external
xn--2-wxfax2bxc9bzguc.com,Legitimate,tranco_external
business.com,Legitimate,tranco_external
xprimehub.my,Legitimate,tranco_external
robertsspaceindustries.com,Legitimate,tranco_external
nofeu.com,Legitimate,tranco_external
acesso.gov.pt,Legitimate,tranco_external
coolblue.nl,Legitimate,tranco_external
hotpic.cc,Legitimate,tranco_external
clwweb.lat,Legitimate,tranco_external
tripledotapi.com,Legitimate,tranco_external
directadmin.com,Legitimate,tranco_external
awsdns-05.net,Legitimate,tranco_external
google.sc,Legitimate,tranco_external
pla3.com,Legitimate,tranco_external
nanit.com,Legitimate,tranco_external
toonblast.net,Legitimate,tranco_external
lectormangaa.com,Legitimate,tranco_external
magnit.ru,Legitimate,tranco_external
servogram.io,Legitimate,tranco_external
parastorage.com,Legitimate,tranco_external
fastpic.ru,Legitimate,tranco_external
lifo.gr,Legitimate,tranco_external
rugbyrama.fr,Legitimate,tranco_external
postimg.cc,Legitimate,tranco_external
worldcat.org,Legitimate,tranco_external
sdpay.co.in,Legitimate,tranco_external
google.bt,Legitimate,tranco_external
desivids.pro,Legitimate,tranco_external
noibu.com,Legitimate,tranco_external
apachetutor.org,Legitimate,tranco_external
nginx.net,Legitimate,tranco_external
animesonlinecc.to,Legitimate,tranco_external
google.ca,Legitimate,tranco_external
zoho.eu,Legitimate,tranco_external
bybit.biz,Legitimate,tranco_external
shawcable.net,Legitimate,tranco_external
digitallocker.gov.in,Legitimate,tranco_external
meoodata01.com,Legitimate,tranco_external
pnas.org,Legitimate,tranco_external
tistory.com,Legitimate,tranco_external
abbott.com,Legitimate,tranco_external
digicertdns.com,Legitimate,tranco_external
musang178mantap.com,Legitimate,tranco_external
pagesperso-orange.fr,Legitimate,tranco_external
moonactive.net,Legitimate,tranco_external
lidl.de,Legitimate,tranco_external
tu-berlin.de,Legitimate,tranco_external
aylanetworks.com,Legitimate,tranco_external
idmap.ai,Legitimate,tranco_external
bbvms.com,Legitimate,tranco_external
msappproxy.net,Legitimate,tranco_external
dtag.de,Legitimate,tranco_external
monster.com,Legitimate,tranco_external
billboard.com,Legitimate,tranco_external
awsdns-01.co.uk,Legitimate,tranco_external
ingos.ru,Legitimate,tranco_external
blackrussia.online,Legitimate,tranco_external
alfasense.net,Legitimate,tranco_external
lacuerda.net,Legitimate,tranco_external
tcl.com,Legitimate,tranco_external
dtic.mil,Legitimate,tranco_external
boxlikesedativespinach.com,Legitimate,tranco_external
ce.cn,Legitimate,tranco_external
hardened-php.net,Legitimate,tranco_external
ply.gg,Legitimate,tranco_external
skokka.in,Legitimate,tranco_external
congress.gov,Legitimate,tranco_external
onelogin.com,Legitimate,tranco_external
lgtvsdp.com,Legitimate,tranco_external
imo.org,Legitimate,tranco_external
violity.com,Legitimate,tranco_external
tilda.ws,Legitimate,tranco_external
topics1st.com,Legitimate,tranco_external
justpaste.it,Legitimate,tranco_external
aerdns.ru,Legitimate,tranco_external
stvidtest.net,Legitimate,tranco_external
aif.ru,Legitimate,tranco_external
boots.com,Legitimate,tranco_external
belfasttelegraph.co.uk,Legitimate,tranco_external
google.tm,Legitimate,tranco_external
devicetrust.com,Legitimate,tranco_external
iccku.com,Legitimate,tranco_external
ferrari.com,Legitimate,tranco_external
dbankedge.net,Legitimate,tranco_external
frontiernet.net,Legitimate,tranco_external
automattic.com,Legitimate,tranco_external
eltiempo.es,Legitimate,tranco_external
uni-mainz.de,Legitimate,tranco_external
bergfex.at,Legitimate,tranco_external
food.com,Legitimate,tranco_external
aptoide.com,Legitimate,tranco_external
c-msedge.net,Legitimate,tranco_external
photonengine.io,Legitimate,tranco_external
rule34.xyz,Legitimate,tranco_external
sozcu.com.tr,Legitimate,tranco_external
honeytoon.com,Legitimate,tranco_external
histats.com,Legitimate,tranco_external
desjardins.com,Legitimate,tranco_external
unfpa.org,Legitimate,tranco_external
optimonk.com,Legitimate,tranco_external
mempool.space,Legitimate,tranco_external
trustx.org,Legitimate,tranco_external
loilonote.app,Legitimate,tranco_external
dcloudstc.com,Legitimate,tranco_external
akadns99.net,Legitimate,tranco_external
intercom.com,Legitimate,tranco_external
hellofresh.com,Legitimate,tranco_external
bandsintown.com,Legitimate,tranco_external
xn--42cah7d0cxcvbbb9x.com,Legitimate,tranco_external
enabiz.gov.tr,Legitimate,tranco_external
divephotoguide.com,Legitimate,tranco_external
lacounty.gov,Legitimate,tranco_external
wav.tv,Legitimate,tranco_external
blm.gov,Legitimate,tranco_external
thepioneerwoman.com,Legitimate,tranco_external
hookspf.com,Legitimate,tranco_external
turfexpert.net,Legitimate,tranco_external
usabilla.com,Legitimate,tranco_external
smh.com.au,Legitimate,tranco_external
rijksoverheid.nl,Legitimate,tranco_external
paysafe.com,Legitimate,tranco_external
vercel-dns-016.com,Legitimate,tranco_external
geneanet.org,Legitimate,tranco_external
tns-counter.ru,Legitimate,tranco_external
uwo.ca,Legitimate,tranco_external
bitmoji.com,Legitimate,tranco_external
nowcoder.com,Legitimate,tranco_external
baishan-cloud.net,Legitimate,tranco_external
x7i0.com,Legitimate,tranco_external
rsasecurity.com,Legitimate,tranco_external
hoyoverse.com,Legitimate,tranco_external
shahvani.com,Legitimate,tranco_external
meetcircle-netgear.co,Legitimate,tranco_external
southernliving.com,Legitimate,tranco_external
twitpic.com,Legitimate,tranco_external
avito.st,Legitimate,tranco_external
hostpapa.com,Legitimate,tranco_external
moneycontrol.com,Legitimate,tranco_external
melbetegypt.com,Legitimate,tranco_external
de.net,Legitimate,tranco_external
slashgear.com,Legitimate,tranco_external
europepmc.org,Legitimate,tranco_external
dhnet.be,Legitimate,tranco_external
dw.com,Legitimate,tranco_external
electricitymaps.com,Legitimate,tranco_external
wfwf447.com,Legitimate,tranco_external
hvosting.ua,Legitimate,tranco_external
rajasthan.gov.in,Legitimate,tranco_external
goodhousekeeping.com,Legitimate,tranco_external
bsky.network,Legitimate,tranco_external
nokia.com,Legitimate,tranco_external
l-cdn.com,Legitimate,tranco_external
kobo.com,Legitimate,tranco_external
samregion.ru,Legitimate,tranco_external
hdslb.com,Legitimate,tranco_external
turkiye.gov.tr,Legitimate,tranco_external
jugandoonline.com.ar,Legitimate,tranco_external
rotowire.com,Legitimate,tranco_external
awsdns-28.com,Legitimate,tranco_external
edizdalkilic.com,Legitimate,tranco_external
bplslb.com,Legitimate,tranco_external
modland.net,Legitimate,tranco_external
fortiedr.com,Legitimate,tranco_external
tendawifi.com,Legitimate,tranco_external
dnews.gr,Legitimate,tranco_external
e.leclerc,Legitimate,tranco_external
plista.com,Legitimate,tranco_external
ortb.net,Legitimate,tranco_external
disney-plus.net,Legitimate,tranco_external
bestwestern.com,Legitimate,tranco_external
tubecup.net,Legitimate,tranco_external
effirst.com,Legitimate,tranco_external
ilo.org,Legitimate,tranco_external
supersport.hr,Legitimate,tranco_external
tagesschau.de,Legitimate,tranco_external
funko.com,Legitimate,tranco_external
itch.io,Legitimate,tranco_external
samsunghrm.com,Legitimate,tranco_external
tradedoubler.com,Legitimate,tranco_external
awsapps.com,Legitimate,tranco_external
qunaer.com,Legitimate,tranco_external
esecured.net,Legitimate,tranco_external
kabum.com.br,Legitimate,tranco_external
taxfoundation.org,Legitimate,tranco_external
fabswingers.com,Legitimate,tranco_external
hola.com,Legitimate,tranco_external
marketo.com,Legitimate,tranco_external
opendemocracy.net,Legitimate,tranco_external
amebaownd.com,Legitimate,tranco_external
gliacloud.com,Legitimate,tranco_external
jdsupra.com,Legitimate,tranco_external
blisspointmedia.com,Legitimate,tranco_external
google.jo,Legitimate,tranco_external
amazon.com.mx,Legitimate,tranco_external
megaupload.com,Legitimate,tranco_external
verizonwireless.com,Legitimate,tranco_external
ufanet.ru,Legitimate,tranco_external
blogspot.com.br,Legitimate,tranco_external
kinogo.media,Legitimate,tranco_external
lum-sdk.io,Legitimate,tranco_external
thedrive.com,Legitimate,tranco_external
convertexperiments.com,Legitimate,tranco_external
sport.cz,Legitimate,tranco_external
theringer.com,Legitimate,tranco_external
ib-ibi.com,Legitimate,tranco_external
pardot.com,Legitimate,tranco_external
zippia.com,Legitimate,tranco_external
5movierulz.voyage,Legitimate,tranco_external
zimperium.com,Legitimate,tranco_external
awmdm.com,Legitimate,tranco_external
klarna.net,Legitimate,tranco_external
voz.vn,Legitimate,tranco_external
netafraz.com,Legitimate,tranco_external
cutt.ly,Legitimate,tranco_external
orange.es,Legitimate,tranco_external
coppersurfer.tk,Legitimate,tranco_external
nhm.ac.uk,Legitimate,tranco_external
nexters.team,Legitimate,tranco_external
grserver.gr,Legitimate,tranco_external
clouddatahub.net,Legitimate,tranco_external
had.pm,Legitimate,tranco_external
saya.pk,Legitimate,tranco_external
tyler-brown.com,Legitimate,tranco_external
300624.com,Legitimate,tranco_external
splunk.com,Legitimate,tranco_external
cdbaby.com,Legitimate,tranco_external
bibliocommons.com,Legitimate,tranco_external
uab.cat,Legitimate,tranco_external
tvguide.com,Legitimate,tranco_external
ugr.es,Legitimate,tranco_external
wejoysg.com,Legitimate,tranco_external
jio.com,Legitimate,tranco_external
cookieadmin.net,Legitimate,tranco_external
xn--72cc3cj1fsbk9jtci.cc,Legitimate,tranco_external
hollisterco.com,Legitimate,tranco_external
nab.com.au,Legitimate,tranco_external
expo.dev,Legitimate,tranco_external
elte.hu,Legitimate,tranco_external
crossref.org,Legitimate,tranco_external
cosmicscans.asia,Legitimate,tranco_external
opendsp.ru,Legitimate,tranco_external
sdsu.edu,Legitimate,tranco_external
altema.jp,Legitimate,tranco_external
spamhaus.org,Legitimate,tranco_external
lush.com,Legitimate,tranco_external
etisalatdomains.ae,Legitimate,tranco_external
icann.org,Legitimate,tranco_external
lastampa.it,Legitimate,tranco_external
tplinkra.com,Legitimate,tranco_external
purestorage.com,Legitimate,tranco_external
naverncp.com,Legitimate,tranco_external
cancer.gov,Legitimate,tranco_external
vivaaerobus.com,Legitimate,tranco_external
nettavisen.no,Legitimate,tranco_external
canada.com,Legitimate,tranco_external
tvspielfilm.de,Legitimate,tranco_external
sunnypingdrink.com,Legitimate,tranco_external
miraheze.org,Legitimate,tranco_external
forrester.com,Legitimate,tranco_external
cdnhwcoem01.com,Legitimate,tranco_external
annunci69.it,Legitimate,tranco_external
athenahealth.com,Legitimate,tranco_external
kroger.com,Legitimate,tranco_external
nic.video,Legitimate,tranco_external
heroeswm.ru,Legitimate,tranco_external
nontonanimeid.boats,Legitimate,tranco_external
peplink.com,Legitimate,tranco_external
abebooks.com,Legitimate,tranco_external
tripadvisor.co.uk,Legitimate,tranco_external
ku.edu,Legitimate,tranco_external
brother.com,Legitimate,tranco_external
programmatica.com,Legitimate,tranco_external
tricolor.tv,Legitimate,tranco_external
anandtech.com,Legitimate,tranco_external
infoplease.com,Legitimate,tranco_external
lottopcso.com,Legitimate,tranco_external
thriftbooks.com,Legitimate,tranco_external
vhostgo.com,Legitimate,tranco_external
sxyprn.net,Legitimate,tranco_external
metricool.com,Legitimate,tranco_external
nishatlinen.com,Legitimate,tranco_external
skai.gr,Legitimate,tranco_external
cogentco.com,Legitimate,tranco_external
intensedebate.com,Legitimate,tranco_external
fcc.gov,Legitimate,tranco_external
viralize.tv,Legitimate,tranco_external
webinar.ru,Legitimate,tranco_external
palmpay.app,Legitimate,tranco_external
experian.com,Legitimate,tranco_external
365scores.com,Legitimate,tranco_external
rbb24.de,Legitimate,tranco_external
amap.com,Legitimate,tranco_external
tmweb.ru,Legitimate,tranco_external
greenend.org.uk,Legitimate,tranco_external
proofpoint.us,Legitimate,tranco_external
maxpreps.com,Legitimate,tranco_external
obozrevatel.com,Legitimate,tranco_external
1und1.de,Legitimate,tranco_external
tplinkcloud.com.cn,Legitimate,tranco_external
doppiostreams.com,Legitimate,tranco_external
invisioncic.com,Legitimate,tranco_external
p7cloud.net,Legitimate,tranco_external
fastlydns.net,Legitimate,tranco_external
collider.com,Legitimate,tranco_external
gladly.com,Legitimate,tranco_external
liveworksheets.com,Legitimate,tranco_external
hypernode.io,Legitimate,tranco_external
vzwfemto.com,Legitimate,tranco_external
sgsnssdk.com,Legitimate,tranco_external
wavebrowserbase.com,Legitimate,tranco_external
natrohost.com,Legitimate,tranco_external
temp-mail.org,Legitimate,tranco_external
classlink.io,Legitimate,tranco_external
squid-cache.org,Legitimate,tranco_external
pushalert.co,Legitimate,tranco_external
awsdns-09.net,Legitimate,tranco_external
signifyd.com,Legitimate,tranco_external
volcmcdn3.com,Legitimate,tranco_external
carmax.com,Legitimate,tranco_external
surrey.ac.uk,Legitimate,tranco_external
cvtapi.com,Legitimate,tranco_external
keepersecurity.com,Legitimate,tranco_external
getty.edu,Legitimate,tranco_external
crimejasoos.in,Legitimate,tranco_external
pegahtech.ir,Legitimate,tranco_external
kbz0pwvxmv.com,Legitimate,tranco_external
ttwstatic.com,Legitimate,tranco_external
freetds.org,Legitimate,tranco_external
teachoo.com,Legitimate,tranco_external
ewaitb.com,Legitimate,tranco_external
championat.com,Legitimate,tranco_external
keybase.io,Legitimate,tranco_external
wordwall.net,Legitimate,tranco_external
tractorsupply.com,Legitimate,tranco_external
adj.st,Legitimate,tranco_external
mailgun.net,Legitimate,tranco_external
denverpost.com,Legitimate,tranco_external
dish.com,Legitimate,tranco_external
tweakers.net,Legitimate,tranco_external
ctnsnet.com,Legitimate,tranco_external
hextom.com,Legitimate,tranco_external
hicloudcam.com,Legitimate,tranco_external
filmyzilla29.com,Legitimate,tranco_external
diepresse.com,Legitimate,tranco_external
elcorreo.com,Legitimate,tranco_external
sardinasystems.com,Legitimate,tranco_external
clutch.co,Legitimate,tranco_external
oaiusercontent.com,Legitimate,tranco_external
plex.tv,Legitimate,tranco_external
fgov.be,Legitimate,tranco_external
gmu.edu,Legitimate,tranco_external
shopee.io,Legitimate,tranco_external
nic.do,Legitimate,tranco_external
mercantilbanco.com,Legitimate,tranco_external
afterpay.com,Legitimate,tranco_external
xcoinsystem.com,Legitimate,tranco_external
ecouser.net,Legitimate,tranco_external
onclckbn.net,Legitimate,tranco_external
sondakika.com,Legitimate,tranco_external
wsbetting.co.mw,Legitimate,tranco_external
typing.com,Legitimate,tranco_external
psiphon.news,Legitimate,tranco_external
douyinpic.com,Legitimate,tranco_external
science.org,Legitimate,tranco_external
awsdns-37.net,Legitimate,tranco_external
washingtontimes.com,Legitimate,tranco_external
netbird.io,Legitimate,tranco_external
jst.go.jp,Legitimate,tranco_external
awsdns-39.com,Legitimate,tranco_external
senate.gov,Legitimate,tranco_external
cancerresearchuk.org,Legitimate,tranco_external
pastebin.com,Legitimate,tranco_external
ele.me,Legitimate,tranco_external
prebid.cloud,Legitimate,tranco_external
awsdns-54.com,Legitimate,tranco_external
justgiving.com,Legitimate,tranco_external
awsdns-58.net,Legitimate,tranco_external
awsdns-32.co.uk,Legitimate,tranco_external
robinhood.com,Legitimate,tranco_external
citizen.co.za,Legitimate,tranco_external
umanitoba.ca,Legitimate,tranco_external
imgbb.com,Legitimate,tranco_external
wunderground.com,Legitimate,tranco_external
beget.pro,Legitimate,tranco_external
hdpornfree.xxx,Legitimate,tranco_external
thomsonreuters.net,Legitimate,tranco_external
google.so,Legitimate,tranco_external
tw1.ru,Legitimate,tranco_external
espn.com.ve,Legitimate,tranco_external
bnf.fr,Legitimate,tranco_external
airbrake.io,Legitimate,tranco_external
onenote.net,Legitimate,tranco_external
startappelb.com,Legitimate,tranco_external
japanpost.jp,Legitimate,tranco_external
blog.google,Legitimate,tranco_external
hwg.org,Legitimate,tranco_external
sync-service.net,Legitimate,tranco_external
tsn.ua,Legitimate,tranco_external
autoscout24.de,Legitimate,tranco_external
htzq.com.cn,Legitimate,tranco_external
t-ipconnect.de,Legitimate,tranco_external
wixdns.net,Legitimate,tranco_external
bellemaison.jp,Legitimate,tranco_external
decolar.com,Legitimate,tranco_external
colorlib.com,Legitimate,tranco_external
lexisnexis.com,Legitimate,tranco_external
dictionary.com,Legitimate,tranco_external
apkmodjoy.net,Legitimate,tranco_external
boomtrain.com,Legitimate,tranco_external
advanseads.com,Legitimate,tranco_external
gayporntube.com,Legitimate,tranco_external
vesselfinder.com,Legitimate,tranco_external
ushmm.org,Legitimate,tranco_external
bysex.click,Legitimate,tranco_external
pewresearch.org,Legitimate,tranco_external
sonarr.tv,Legitimate,tranco_external
sciencedaily.com,Legitimate,tranco_external
geniex.com,Legitimate,tranco_external
psiphon.ca,Legitimate,tranco_external
crealitycloud.com,Legitimate,tranco_external
mastername.ru,Legitimate,tranco_external
dmxleo.com,Legitimate,tranco_external
renault.com,Legitimate,tranco_external
pythonhosted.org,Legitimate,tranco_external
cosme.net,Legitimate,tranco_external
bitcoin.com,Legitimate,tranco_external
peta.org,Legitimate,tranco_external
buzzarab.com,Legitimate,tranco_external
active.com,Legitimate,tranco_external
gamebanana.com,Legitimate,tranco_external
tripadvisor.it,Legitimate,tranco_external
pndsn.com,Legitimate,tranco_external
uquiz.com,Legitimate,tranco_external
jpmorganchase.com,Legitimate,tranco_external
8x8.com,Legitimate,tranco_external
sgnic.sg,Legitimate,tranco_external
googlepages.com,Legitimate,tranco_external
proboards.com,Legitimate,tranco_external
dal.ca,Legitimate,tranco_external
uab.edu,Legitimate,tranco_external
nvts.co,Legitimate,tranco_external
onenote.com,Legitimate,tranco_external
hltv.org,Legitimate,tranco_external
flashscore.ro,Legitimate,tranco_external
moneta.ru,Legitimate,tranco_external
cdnpf.com,Legitimate,tranco_external
rfi.fr,Legitimate,tranco_external
dg-datenschutz.de,Legitimate,tranco_external
awsdns-17.com,Legitimate,tranco_external
liquipedia.net,Legitimate,tranco_external
gkg.net,Legitimate,tranco_external
vivastreet.co.uk,Legitimate,tranco_external
zadns.vn,Legitimate,tranco_external
superporn.com,Legitimate,tranco_external
dizy.com,Legitimate,tranco_external
manualslib.com,Legitimate,tranco_external
onboardicafe.com,Legitimate,tranco_external
emojidb.org,Legitimate,tranco_external
yaoiscan.com,Legitimate,tranco_external
easeus.com,Legitimate,tranco_external
mangafreak.me,Legitimate,tranco_external
lego.com,Legitimate,tranco_external
bravesites.com,Legitimate,tranco_external
iqvia.com,Legitimate,tranco_external
arabam.com,Legitimate,tranco_external
threatdown.com,Legitimate,tranco_external
boc.cn,Legitimate,tranco_external
sinoptik.bg,Legitimate,tranco_external
org.ru,Legitimate,tranco_external
asda.com,Legitimate,tranco_external
qlikcloud.com,Legitimate,tranco_external
fcf.cat,Legitimate,tranco_external
poynter.org,Legitimate,tranco_external
openart.ai,Legitimate,tranco_external
fringster.com,Legitimate,tranco_external
medicare.gov,Legitimate,tranco_external
teacherspayteachers.com,Legitimate,tranco_external
europa.eu.int,Legitimate,tranco_external
attentivemobile.com,Legitimate,tranco_external
google.ad,Legitimate,tranco_external
pingtest.net,Legitimate,tranco_external
owasp.org,Legitimate,tranco_external
faphouse.tv,Legitimate,tranco_external
szn.cz,Legitimate,tranco_external
netmarble.com,Legitimate,tranco_external
logmein.com,Legitimate,tranco_external
browser-intake-us3-datadoghq.com,Legitimate,tranco_external
magazineluiza.com.br,Legitimate,tranco_external
javtiful.com,Legitimate,tranco_external
palm.tech,Legitimate,tranco_external
albumaty.com,Legitimate,tranco_external
hostmonster.com,Legitimate,tranco_external
intermarche.com,Legitimate,tranco_external
lgsmartplatform.com,Legitimate,tranco_external
tatum.io,Legitimate,tranco_external
zdn.vn,Legitimate,tranco_external
monetate.net,Legitimate,tranco_external
attdns.com,Legitimate,tranco_external
ringpublishing.com,Legitimate,tranco_external
rosenergo.com,Legitimate,tranco_external
awsdns-33.co.uk,Legitimate,tranco_external
bankofbaroda.bank.in,Legitimate,tranco_external
canarabank.com,Legitimate,tranco_external
economictimes.com,Legitimate,tranco_external
starhealth.in,Legitimate,tranco_external
email.gov.in,Legitimate,tranco_external
epfindia.gov.in,Legitimate,tranco_external
bankofbaroda.in,Legitimate,tranco_external
bsnl.co.in,Legitimate,tranco_external
phonepe.com,Legitimate,tranco_external
razorpay.com,Legitimate,tranco_external
hdfclife.com,Legitimate,tranco_external
uidai.gov.in,Legitimate,tranco_external
digilocker.gov.in,Legitimate,tranco_external
hdfcergo.com,Legitimate,tranco_external
onlinesbi.sbi.bank.in,Legitimate,tranco_external
indusind.com,Legitimate,tranco_external
axisbank.com,Legitimate,tranco_external
timesofindia.com,Legitimate,tranco_external
www.nic.gov.in,Legitimate,tranco_external
bajajfinserv.in,Legitimate,tranco_external
ndtv.com,Legitimate,tranco_external
idfcfirstbank.com,Legitimate,tranco_external
mygov.in,Legitimate,tranco_external
yesbank.in,Legitimate,tranco_external
unionbankofindia.co.in,Legitimate,tranco_external
cred.club,Legitimate,tranco_external
esic.in,Legitimate,tranco_external
gst.gov.in,Legitimate,tranco_external
iocl.com,Legitimate,tranco_external
indianrailways.gov.in,Legitimate,tranco_external
sbicard.com,Legitimate,tranco_external
iciciprulife.com,Legitimate,tranco_external
sbi.co.in,Legitimate,tranco_external
icicibank.com,Legitimate,tranco_external
india.gov.in,Legitimate,tranco_external
federalbank.co.in,Legitimate,tranco_external
pnbindia.in,Legitimate,tranco_external
licindia.in,Legitimate,tranco_external
nic.in,Legitimate,tranco_external
irctc.co.in,Legitimate,tranco_external
npci.org.in,Legitimate,tranco_external
kotakbank.com,Legitimate,tranco_external
bharatpe.com,Legitimate,tranco_external
thehindu.com,Legitimate,tranco_external
hindustantimes.com,Legitimate,tranco_external
paytm.com,Legitimate,tranco_external
dc.crsorgi.gov.in,Legitimate,tranco_external
hpcl.com,Legitimate,tranco_external
sbilife.co.in,Legitimate,tranco_external
bpcl.in,Legitimate,tranco_external
vi.in,Legitimate,tranco_external
passportindia.gov.in,Legitimate,tranco_external
zerodha.com,Legitimate,tranco_external
pnb.bank.in,Legitimate,tranco_external
mobikwik.com,Legitimate,tranco_external
